group,metric,mean,lo,hi,n,set,k
1,mixture_error,0.00833333333333331,0.0074166666666666495,0.009333333333333308,150,mixed_k10,10
1,kid_T,0.09087832066374726,0.06714055018768629,0.1165066371106007,150,mixed_k10,10
1,coverage_T,0.4483781445354678,0.4321841535404506,0.46445269986152626,150,mixed_k10,10
1,kid_S,-0.046496269026453936,-0.059687317865899404,-0.0335741662910835,150,mixed_k10,10
1,coverage_S,0.9840000000000003,0.9773166666666668,0.9906666666666668,150,mixed_k10,10
1,sim_S,0.2568589322765668,0.25210411641498404,0.2613797296434641,150,mixed_k10,10
1,sim_T,0.35213559369246167,0.345913590396444,0.3581815155893564,150,mixed_k10,10
1,sim_T_to_S,0.2464209454258283,0.24269225987792015,0.2503191954890887,150,mixed_k10,10
1,ratio_S,1.0440560921033224,1.0290761051774027,1.0591866955955824,150,mixed_k10,10
1,div_gen,0.22962015569210054,0.22367061736186344,0.2353030054345727,150,mixed_k10,10
1,div_T,0.23572496424118677,0.2301162949303786,0.24122138014435768,150,mixed_k10,10
1,div_ratio,0.9766681368140977,0.9619929689097251,0.9907561823345723,150,mixed_k10,10
1,hit,,,,150,mixed_k10,10
2,mixture_error,0.008333333333333316,0.007083333333333321,0.009444444444444425,90,mixed_k10,10
2,kid_T,0.018088427696428964,0.010977221545371722,0.024960374917864944,90,mixed_k10,10
2,coverage_T,0.49274915684240983,0.47323739151853006,0.5128722993799718,90,mixed_k10,10
2,kid_S,0.0008337533856565808,-0.012957721084265624,0.014256108101763572,90,mixed_k10,10
2,coverage_S,0.9711111111111111,0.9588888888888891,0.9822222222222223,90,mixed_k10,10
2,sim_S,0.24956228004561531,0.2439476238605049,0.2554971402842138,90,mixed_k10,10
2,sim_T,0.3625308937496609,0.3555843200369014,0.36971177208754746,90,mixed_k10,10
2,sim_T_to_S,0.24315957493252224,0.23990961510274145,0.24649130971481403,90,mixed_k10,10
2,ratio_S,1.0267912606398264,1.0069263155096109,1.047447355472379,90,mixed_k10,10
2,div_gen,0.2006669521331787,0.19687775291088555,0.20465334692349035,90,mixed_k10,10
2,div_T,0.21073042352994284,0.20794892384774155,0.21354168988350367,90,mixed_k10,10
2,div_ratio,0.9559604227347772,0.9333488237167674,0.9793655962782671,90,mixed_k10,10
2,hit,,,,90,mixed_k10,10
3,mixture_error,0.00833333333333331,0.007416666666666648,0.009333333333333308,150,mixed_k10,10
3,kid_T,0.103799555556844,0.0807885507675974,0.1296107911808542,150,mixed_k10,10
3,coverage_T,0.4355366641285737,0.417683061195082,0.4526786618583145,150,mixed_k10,10
3,kid_S,-0.04335438024869313,-0.056653873060953375,-0.029358361575377308,150,mixed_k10,10
3,coverage_S,0.9666666666666672,0.9546500000000001,0.9773333333333337,150,mixed_k10,10
3,sim_S,0.2533351074655851,0.24927930384129288,0.25754077797631425,150,mixed_k10,10
3,sim_T,0.34279772798220315,0.3387427112261454,0.34671615475912887,150,mixed_k10,10
3,sim_T_to_S,0.2443866036335627,0.24129023165752492,0.24725947027901807,150,mixed_k10,10
3,ratio_S,1.0380900565783182,1.0233167377710342,1.0539032012124856,150,mixed_k10,10
3,div_gen,0.23557738721370697,0.22941293034950894,0.2415883686641852,150,mixed_k10,10
3,div_T,0.2386136860648791,0.23255625864118337,0.24493147131055595,150,mixed_k10,10
3,div_ratio,0.992107906519706,0.9765798524808099,1.0063670031368217,150,mixed_k10,10
3,hit,,,,150,mixed_k10,10
4,mixture_error,0.00833333333333331,0.007333333333333316,0.009249999999999975,150,mixed_k10,10
4,kid_T,0.0799402479236068,0.06357249619445417,0.09638150917416898,150,mixed_k10,10
4,coverage_T,0.463120705574259,0.44614757303555713,0.48060769857126157,150,mixed_k10,10
4,kid_S,-0.0425910925452081,-0.05295393206432296,-0.03241776898448105,150,mixed_k10,10
4,coverage_S,0.9740000000000005,0.964666666666667,0.9826666666666671,150,mixed_k10,10
4,sim_S,0.2549454739689827,0.25085427983850245,0.25950233915199833,150,mixed_k10,10
4,sim_T,0.3510265976190567,0.34564022156596186,0.35719098168611524,150,mixed_k10,10
4,sim_T_to_S,0.24742548127969105,0.24458041226118804,0.2504071463122964,150,mixed_k10,10
4,ratio_S,1.0317675511042277,1.0164638649324576,1.0475978219409783,150,mixed_k10,10
4,div_gen,0.22384490430355072,0.21828682528932888,0.22905328023682037,150,mixed_k10,10
4,div_T,0.22420888314644496,0.22073429523656765,0.22739736162871121,150,mixed_k10,10
4,div_ratio,1.0025645797510239,0.9799673395553554,1.0247511200750459,150,mixed_k10,10
4,hit,,,,150,mixed_k10,10
5,mixture_error,0.00833333333333331,0.007416666666666648,0.009249999999999975,150,mixed_k10,10
5,kid_T,0.060721598531619576,0.04811258335163091,0.07407870595749538,150,mixed_k10,10
5,coverage_T,0.4494830408946134,0.43148428983183873,0.46790005750297287,150,mixed_k10,10
5,kid_S,-0.023854278652657872,-0.034013780550548295,-0.01182100003388606,150,mixed_k10,10
5,coverage_S,0.9833333333333335,0.9760000000000006,0.99,150,mixed_k10,10
5,sim_S,0.25580281098683677,0.2523598282635212,0.2591447969973087,150,mixed_k10,10
5,sim_T,0.3444686249891917,0.33969185045858225,0.34943287042776744,150,mixed_k10,10
5,sim_T_to_S,0.2471425414085388,0.24481110241264106,0.24969765368352334,150,mixed_k10,10
5,ratio_S,1.037841564019521,1.021935483207305,1.052871764153242,150,mixed_k10,10
5,div_gen,0.20035614142815272,0.19579752309123677,0.20538309162358445,150,mixed_k10,10
5,div_T,0.20690185199181238,0.20338705704609555,0.21043567318220935,150,mixed_k10,10
5,div_ratio,0.9702051764415626,0.9509868387357417,0.9899069214047121,150,mixed_k10,10
5,hit,,,,150,mixed_k10,10
6,mixture_error,0.008333333333333323,0.005000000000000001,0.010833333333333328,15,mixed_k10,10
6,kid_T,0.026365455375035533,-0.00707514107776003,0.07028151783782685,15,mixed_k10,10
6,coverage_T,0.47333333333333344,0.4088611111111112,0.5278055555555556,15,mixed_k10,10
6,kid_S,-0.012659944227625413,-0.03676476529561358,0.014457996204764125,15,mixed_k10,10
6,coverage_S,0.9600000000000001,0.9,1.0,15,mixed_k10,10
6,sim_S,0.23669707477092744,0.2263283391048511,0.24718626864254475,15,mixed_k10,10
6,sim_T,0.3457823574542999,0.3309647392729918,0.36303820634881656,15,mixed_k10,10
6,sim_T_to_S,0.22525735000769298,0.21974752786258858,0.23116050397356352,15,mixed_k10,10
6,ratio_S,1.0530660152435303,1.00492044121027,1.104357245961825,15,mixed_k10,10
6,div_gen,0.1924281309048335,0.18301854064067205,0.20201173717776935,15,mixed_k10,10
6,div_T,0.17108206351598104,0.169536677946647,0.17272242568433285,15,mixed_k10,10
6,div_ratio,1.1256972935844087,1.0660844901825262,1.185444784635841,15,mixed_k10,10
6,hit,,,,15,mixed_k10,10
7,mixture_error,0.008333333333333316,0.007083333333333323,0.009444444444444425,90,mixed_k10,10
7,kid_T,0.10499436147264542,0.07604267713009331,0.13304933209891107,90,mixed_k10,10
7,coverage_T,0.4894348186954044,0.47263791443479836,0.5059477869001261,90,mixed_k10,10
7,kid_S,-0.07919449420545521,-0.09375374314341837,-0.06531480509432544,90,mixed_k10,10
7,coverage_S,0.9877777777777776,0.9788888888888888,0.9955555555555555,90,mixed_k10,10
7,sim_S,0.2582947176363733,0.25333420073820484,0.26334738474753167,90,mixed_k10,10
7,sim_T,0.3637881530655755,0.35737271005080806,0.36982054663201175,90,mixed_k10,10
7,sim_T_to_S,0.23987821655140984,0.23677577131324343,0.24320834138741096,90,mixed_k10,10
7,ratio_S,1.0786684016386667,1.0587980042232408,1.0982960003283289,90,mixed_k10,10
7,div_gen,0.25784581949313484,0.25208086730291446,0.26365542296734124,90,mixed_k10,10
7,div_T,0.2643335594071282,0.2589109571857585,0.2692612500488758,90,mixed_k10,10
7,div_ratio,0.9795717982924348,0.9590629190851101,0.9995665726361449,90,mixed_k10,10
7,hit,,,,90,mixed_k10,10
8,mixture_error,0.008333333333333323,0.006666666666666657,0.009999999999999985,45,mixed_k10,10
8,kid_T,0.09510650865709257,0.0725686045168401,0.11848564821105,45,mixed_k10,10
8,coverage_T,0.3679969024540041,0.3447061763999038,0.3916884683169111,45,mixed_k10,10
8,kid_S,-0.0455384074767781,-0.06293930473280747,-0.02732115579199338,45,mixed_k10,10
8,coverage_S,0.9599999999999999,0.9332777777777775,0.98,45,mixed_k10,10
8,sim_S,0.25830914775530495,0.25173399252196155,0.26478054860399824,45,mixed_k10,10
8,sim_T,0.3379421783818139,0.33192392276393046,0.3433464159568151,45,mixed_k10,10
8,sim_T_to_S,0.24937493205070496,0.24615312564704153,0.2528286003404194,45,mixed_k10,10
8,ratio_S,1.0370839569303725,1.010184931755066,1.0629794618818496,45,mixed_k10,10
8,div_gen,0.2398722165160709,0.2335078198131588,0.24707617119782502,45,mixed_k10,10
8,div_T,0.22922230826483833,0.22650604421065912,0.2321502634137869,45,mixed_k10,10
8,div_ratio,1.0476449302236581,1.020443178683159,1.0786251973334555,45,mixed_k10,10
8,hit,,,,45,mixed_k10,10
9,mixture_error,0.00833333333333331,0.007416666666666648,0.009333333333333306,150,mixed_k10,10
9,kid_T,0.13298697524768827,0.10868252203017116,0.16028990569488372,150,mixed_k10,10
9,coverage_T,0.4495613885769233,0.4332674219356202,0.4677262929382041,150,mixed_k10,10
9,kid_S,-0.07427626574026924,-0.08602286022124409,-0.06186094511393893,150,mixed_k10,10
9,coverage_S,0.9873333333333335,0.980666666666667,0.9933333333333333,150,mixed_k10,10
9,sim_S,0.24965257008870442,0.24505227036525806,0.25461132307350637,150,mixed_k10,10
9,sim_T,0.33838021059830986,0.33389554191132387,0.34317862913012503,150,mixed_k10,10
9,sim_T_to_S,0.2419475563367208,0.23879354879260062,0.24528362386176983,150,mixed_k10,10
9,ratio_S,1.0326417195796966,1.017009973168373,1.0476134585936863,150,mixed_k10,10
9,div_gen,0.25273557831843696,0.2474567324568828,0.25803435441851613,150,mixed_k10,10
9,div_T,0.26495786259571713,0.26146860246360304,0.2686893387635549,150,mixed_k10,10
9,div_ratio,0.953433844061343,0.9395487466948093,0.9668460471780742,150,mixed_k10,10
9,hit,,,,150,mixed_k10,10
10,mixture_error,0.00833333333333331,0.007416666666666646,0.009249999999999975,150,mixed_k10,10
10,kid_T,0.13185393623880912,0.10817024410189649,0.15493660733981784,150,mixed_k10,10
10,coverage_T,0.424183129357322,0.4073320707400347,0.4398723903280712,150,mixed_k10,10
10,kid_S,-0.06853510073173874,-0.08162039127207692,-0.05445485539743099,150,mixed_k10,10
10,coverage_S,0.9766666666666669,0.9646666666666671,0.9853333333333336,150,mixed_k10,10
10,sim_S,0.24478516856829324,0.24116780079404512,0.24822733520468077,150,mixed_k10,10
10,sim_T,0.33340199013551075,0.3297645887533824,0.3372488358368476,150,mixed_k10,10
10,sim_T_to_S,0.2351805227001508,0.2331750119253993,0.23712304026385148,150,mixed_k10,10
10,ratio_S,1.0416295727094014,1.026503708779812,1.0556405835350353,150,mixed_k10,10
10,div_gen,0.26516650497913363,0.26138732221970956,0.26893770189583305,150,mixed_k10,10
10,div_T,0.2728016795714696,0.2698310671572884,0.27542195074260234,150,mixed_k10,10
10,div_ratio,0.9738684688202043,0.9605960366105393,0.9874530985612651,150,mixed_k10,10
10,hit,,,,150,mixed_k10,10
12,mixture_error,0.00833333333333331,0.007416666666666648,0.009249999999999975,150,mixed_k10,10
12,kid_T,0.1698525628585074,0.13861439460636427,0.20127889802364232,150,mixed_k10,10
12,coverage_T,0.34552652885586127,0.3295427909109354,0.36206011767278623,150,mixed_k10,10
12,kid_S,-0.07900836774276998,-0.09131354739586622,-0.06633544822152201,150,mixed_k10,10
12,coverage_S,0.9680000000000001,0.9546666666666668,0.9800166666666671,150,mixed_k10,10
12,sim_S,0.2499458036820094,0.24542497923970222,0.2540614303474625,150,mixed_k10,10
12,sim_T,0.3428020622332891,0.3377786944359541,0.34843331143260003,150,mixed_k10,10
12,sim_T_to_S,0.23936742017666499,0.23611707761635384,0.2423204258903861,150,mixed_k10,10
12,ratio_S,1.0466060010592142,1.0287285883923372,1.0626310603717963,150,mixed_k10,10
12,div_gen,0.25708035538593926,0.252354963089029,0.26198834778368474,150,mixed_k10,10
12,div_T,0.26169387380282083,0.2578465649758776,0.2653404799848795,150,mixed_k10,10
12,div_ratio,0.9854349104242958,0.969145704319889,1.0053655198381528,150,mixed_k10,10
12,hit,,,,150,mixed_k10,10
14,mixture_error,0.008333333333333323,0.004999999999999993,0.010833333333333328,15,mixed_k10,10
14,kid_T,0.1081000901506871,0.05659677597616791,0.15351338350001217,15,mixed_k10,10
14,coverage_T,0.5506666666666666,0.49200000000000005,0.612,15,mixed_k10,10
14,kid_S,-0.023074441799083564,-0.06326174661392699,0.021839716129880695,15,mixed_k10,10
14,coverage_S,0.9533333333333335,0.9066666666666666,0.9933333333333334,15,mixed_k10,10
14,sim_S,0.2708379507064819,0.25115452816088996,0.2885102670888106,15,mixed_k10,10
14,sim_T,0.3486670692761739,0.3323747487862905,0.3654363114138444,15,mixed_k10,10
14,sim_T_to_S,0.25716397960980736,0.24595837354660036,0.2670971412460009,15,mixed_k10,10
14,ratio_S,1.0674607872962951,0.9682826448480288,1.1696626860896746,15,mixed_k10,10
14,div_gen,0.20951500435670217,0.2018752086162567,0.21714327322940033,15,mixed_k10,10
14,div_T,0.20593933165073394,0.20406651144226393,0.20762463316321372,15,mixed_k10,10
14,div_ratio,1.0179210771719898,0.9780827133573231,1.0579081002681392,15,mixed_k10,10
14,hit,,,,15,mixed_k10,10
15,mixture_error,0.008333333333333316,0.007218749999999985,0.009583333333333314,90,mixed_k10,10
15,kid_T,0.037998792123445625,0.02425821887409001,0.052043745869114935,90,mixed_k10,10
15,coverage_T,0.4047068712800328,0.3829565882685345,0.425317388556692,90,mixed_k10,10
15,kid_S,-0.03688690179194622,-0.05115683688849704,-0.02283963371782794,90,mixed_k10,10
15,coverage_S,0.9611111111111111,0.9444444444444448,0.9777777777777777,90,mixed_k10,10
15,sim_S,0.2625378696454896,0.2559189862385392,0.2696313436412149,90,mixed_k10,10
15,sim_T,0.34737153980467056,0.3400360886173116,0.3545081634571155,90,mixed_k10,10
15,sim_T_to_S,0.25964906414349875,0.25630198007242544,0.2629780806394087,90,mixed_k10,10
15,ratio_S,1.0116424600283305,0.9887621895306641,1.0374202477269703,90,mixed_k10,10
15,div_gen,0.18782455258899264,0.1813380240648985,0.19425554395135905,90,mixed_k10,10
15,div_T,0.17462192906273735,0.17013251285586092,0.17949049836231604,90,mixed_k10,10
15,div_ratio,1.07913451127728,1.0501164654756172,1.1097056374789012,90,mixed_k10,10
15,hit,,,,90,mixed_k10,10
17,mixture_error,0.00833333333333331,0.007416666666666648,0.00933333333333331,150,mixed_k10,10
17,kid_T,0.1642092160126416,0.13707493547629232,0.1943106893804044,150,mixed_k10,10
17,coverage_T,0.4108131861472678,0.39212056898391506,0.4298711700534766,150,mixed_k10,10
17,kid_S,-0.08416419371529506,-0.09560608469051458,-0.07009795682528999,150,mixed_k10,10
17,coverage_S,0.9820000000000004,0.9740000000000003,0.9893333333333335,150,mixed_k10,10
17,sim_S,0.25691640804211296,0.25251052797337376,0.2618463056162,150,mixed_k10,10
17,sim_T,0.346202311317126,0.3423201355983813,0.35031320074697336,150,mixed_k10,10
17,sim_T_to_S,0.24534540325403215,0.242659110357364,0.2481200197612246,150,mixed_k10,10
17,ratio_S,1.0476447478930155,1.0318153446018696,1.0641225268344083,150,mixed_k10,10
17,div_gen,0.27447070290644965,0.2702417576784889,0.27871390090882775,150,mixed_k10,10
17,div_T,0.27840285380681357,0.2757565469543139,0.2809098692710201,150,mixed_k10,10
17,div_ratio,0.9883849859766332,0.9718283543071476,1.0042439366368592,150,mixed_k10,10
17,hit,,,,150,mixed_k10,10
18,mixture_error,0.00833333333333331,0.007249999999999985,0.009333333333333308,150,mixed_k10,10
18,kid_T,0.12470270552226556,0.09726704793458082,0.1570846084288446,150,mixed_k10,10
18,coverage_T,0.394800226586167,0.37957627451530906,0.41177236135885736,150,mixed_k10,10
18,kid_S,-0.06693236889944303,-0.07945646481571157,-0.05369746330731183,150,mixed_k10,10
18,coverage_S,0.9793333333333334,0.9673333333333337,0.9886833333333336,150,mixed_k10,10
18,sim_S,0.2600953232248624,0.25609529215842486,0.26408573197325075,150,mixed_k10,10
18,sim_T,0.3650162229935328,0.35996683440605803,0.37044972995917,150,mixed_k10,10
18,sim_T_to_S,0.254724507133166,0.25273857862750687,0.2566690847824017,150,mixed_k10,10
18,ratio_S,1.0221747068564098,1.0066937722861766,1.0368028407494227,150,mixed_k10,10
18,div_gen,0.2712523920337359,0.2670846319546302,0.27581789845476545,150,mixed_k10,10
18,div_T,0.26172430912653605,0.25937570678194366,0.2642338320215543,150,mixed_k10,10
18,div_ratio,1.038172356855687,1.0207284403483505,1.0549136379465285,150,mixed_k10,10
18,hit,,,,150,mixed_k10,10
20,mixture_error,0.008333333333333323,0.004999999999999997,0.010854166666666649,15,mixed_k10,10
20,kid_T,0.01996486043623354,-0.0004792309169790633,0.042361127961365395,15,mixed_k10,10
20,coverage_T,0.3934272300469484,0.3586854460093897,0.4262910798122066,15,mixed_k10,10
20,kid_S,-0.038414662423048425,-0.07484006705082244,0.005347333609133145,15,mixed_k10,10
20,coverage_S,0.9933333333333334,0.9800000000000001,1.0,15,mixed_k10,10
20,sim_S,0.27831624646981556,0.2656826761861642,0.2924703900516033,15,mixed_k10,10
20,sim_T,0.374891197681427,0.36318275436758996,0.38894540314873055,15,mixed_k10,10
20,sim_T_to_S,0.2729506770769755,0.26380782211820286,0.28280402859052023,15,mixed_k10,10
20,ratio_S,1.019295326868693,0.9858917694290479,1.0540679215391477,15,mixed_k10,10
20,div_gen,0.25768741170565285,0.24804802345732846,0.26875392061968645,15,mixed_k10,10
20,div_T,0.2333844482898712,0.23145948695639768,0.23512554744879405,15,mixed_k10,10
20,div_ratio,1.1052833864361267,1.0593724641994235,1.1592701107017018,15,mixed_k10,10
20,hit,,,,15,mixed_k10,10
21,mixture_error,0.008333333333333323,0.006666666666666654,0.009999999999999985,45,mixed_k10,10
21,kid_T,0.1333283953673715,0.08105881340661701,0.19207076962634556,45,mixed_k10,10
21,coverage_T,0.3090432650134142,0.2832517425474515,0.33494773958393353,45,mixed_k10,10
21,kid_S,-0.03662296795996786,-0.0610247355009787,-0.012715699567011365,45,mixed_k10,10
21,coverage_S,0.9688888888888888,0.9511111111111107,0.9866666666666665,45,mixed_k10,10
21,sim_S,0.2628563447131051,0.2566542400419712,0.26979963024457293,45,mixed_k10,10
21,sim_T,0.36484543085098264,0.3578044197625584,0.37262649888793625,45,mixed_k10,10
21,sim_T_to_S,0.2532482792933782,0.24947823712395295,0.2575302949547768,45,mixed_k10,10
21,ratio_S,1.0390744911299812,1.0133881880177393,1.065695914361212,45,mixed_k10,10
21,div_gen,0.2646875292062759,0.258171171206567,0.27147722525729073,45,mixed_k10,10
21,div_T,0.24625632796022628,0.2418731976631615,0.25039504735006224,45,mixed_k10,10
21,div_ratio,1.078330071058035,1.0466178606591172,1.1105284929200014,45,mixed_k10,10
21,hit,,,,45,mixed_k10,10
22,mixture_error,0.00833333333333331,0.007333333333333313,0.009249999999999975,150,mixed_k10,10
22,kid_T,0.13667395966536655,0.10997146193114794,0.16637397212846236,150,mixed_k10,10
22,coverage_T,0.40657992477310423,0.38975252334462074,0.4228851638681805,150,mixed_k10,10
22,kid_S,-0.051955629791924626,-0.06704789033701741,-0.037823233073649175,150,mixed_k10,10
22,coverage_S,0.9686666666666671,0.9553333333333336,0.9806666666666668,150,mixed_k10,10
22,sim_S,0.25171859403451285,0.24727577200283607,0.25610645217945177,150,mixed_k10,10
22,sim_T,0.33623983720938366,0.3318066439131896,0.34077631815274556,150,mixed_k10,10
22,sim_T_to_S,0.2428030855456988,0.23930884476999442,0.24571466589470706,150,mixed_k10,10
22,ratio_S,1.0394342017173768,1.0237513303856056,1.0564344247480235,150,mixed_k10,10
22,div_gen,0.266419403553009,0.2617644213686387,0.27083248933156334,150,mixed_k10,10
22,div_T,0.2676298407713572,0.2647828310628732,0.27039290298273166,150,mixed_k10,10
22,div_ratio,0.9975464022800916,0.9802948211767474,1.0132203825648167,150,mixed_k10,10
22,hit,,,,150,mixed_k10,10
23,mixture_error,0.008333333333333323,0.00499999999999999,0.010833333333333328,15,mixed_k10,10
23,kid_T,0.16054119790464202,0.06699033545571434,0.2370357350206786,15,mixed_k10,10
23,coverage_T,0.5178571428571429,0.4726190476190476,0.5666666666666667,15,mixed_k10,10
23,kid_S,-0.11022947404878304,-0.1423785677724901,-0.07617563994211539,15,mixed_k10,10
23,coverage_S,0.9933333333333334,0.9800000000000001,1.0,15,mixed_k10,10
23,sim_S,0.28188558518886564,0.2677571182946364,0.2953948585192362,15,mixed_k10,10
23,sim_T,0.3726337512334188,0.365299021601677,0.3791473712523778,15,mixed_k10,10
23,sim_T_to_S,0.27488074799378714,0.266376376748085,0.28261247518161936,15,mixed_k10,10
23,ratio_S,1.0259580810864766,0.9848192589481672,1.0688450806339582,15,mixed_k10,10
23,div_gen,0.23408541878064473,0.22587484116355577,0.24217336003979048,15,mixed_k10,10
23,div_T,0.24566261569658915,0.2442402437329292,0.24693189966181914,15,mixed_k10,10
23,div_ratio,0.9535215646792758,0.9165482870216977,0.9911818383636649,15,mixed_k10,10
23,hit,,,,15,mixed_k10,10
26,mixture_error,0.00833333333333331,0.007333333333333316,0.009249999999999975,150,mixed_k10,10
26,kid_T,0.053901452253673765,0.041361255479201116,0.0672159856440265,150,mixed_k10,10
26,coverage_T,0.4246438402074643,0.410875880449035,0.4375296511575622,150,mixed_k10,10
26,kid_S,-0.03684847596321299,-0.0499065814366841,-0.023835830569184806,150,mixed_k10,10
26,coverage_S,0.9920000000000002,0.9866666666666667,0.9966666666666667,150,mixed_k10,10
26,sim_S,0.25755439937114716,0.2538564470410347,0.2610293454378843,150,mixed_k10,10
26,sim_T,0.34477333863576254,0.34164227566619715,0.3480568301826716,150,mixed_k10,10
26,sim_T_to_S,0.24476632903019588,0.24232675896584988,0.24729388762762147,150,mixed_k10,10
26,ratio_S,1.053353180885315,1.0398601657251516,1.0664480334619681,150,mixed_k10,10
26,div_gen,0.22846817523241042,0.22503813076515994,0.23236541481067738,150,mixed_k10,10
26,div_T,0.23691353311141333,0.23420685870945454,0.23961920262128114,150,mixed_k10,10
26,div_ratio,0.967605332558825,0.951696992989765,0.9843953422980842,150,mixed_k10,10
26,hit,,,,150,mixed_k10,10
27,mixture_error,0.008333333333333316,0.0069444444444444345,0.009447916666666644,90,mixed_k10,10
27,kid_T,0.074103843962918,0.054974113205567825,0.09439454826612252,90,mixed_k10,10
27,coverage_T,0.43560744526469236,0.41371123150441613,0.45714946241425225,90,mixed_k10,10
27,kid_S,-0.011359443103419489,-0.026204069119076332,0.0034383064878366625,90,mixed_k10,10
27,coverage_S,0.9599999999999999,0.9433333333333334,0.9744444444444447,90,mixed_k10,10
27,sim_S,0.24060330357816484,0.23497416475580798,0.24635898332215017,90,mixed_k10,10
27,sim_T,0.32751287486818104,0.3229001911977927,0.33217942801614603,90,mixed_k10,10
27,sim_T_to_S,0.23936177028550043,0.2362571875626842,0.2424739196524024,90,mixed_k10,10
27,ratio_S,1.0058432512813145,0.9856736474070285,1.0267211921844217,90,mixed_k10,10
27,div_gen,0.21237364378240373,0.20663460097379155,0.21795835170894862,90,mixed_k10,10
27,div_T,0.21026127735773723,0.20684998674939076,0.2137654796573851,90,mixed_k10,10
27,div_ratio,1.0139234157532282,0.9850286333141333,1.0440731277441886,90,mixed_k10,10
27,hit,,,,90,mixed_k10,10
28,mixture_error,0.008333333333333323,0.004999999999999993,0.010833333333333322,15,mixed_k10,10
28,kid_T,0.05488348960761229,0.018132417399833508,0.09210873295127919,15,mixed_k10,10
28,coverage_T,0.49189189189189186,0.4495495495495495,0.5306531531531531,15,mixed_k10,10
28,kid_S,-0.04815783941087813,-0.07335625403968132,-0.01967566829653585,15,mixed_k10,10
28,coverage_S,1.0,1.0,1.0,15,mixed_k10,10
28,sim_S,0.24899519383907318,0.24086564804116883,0.2568786755949259,15,mixed_k10,10
28,sim_T,0.3426364799340566,0.33323018074035643,0.35313042938709255,15,mixed_k10,10
28,sim_T_to_S,0.23662098050117492,0.23118372740844886,0.24161116177837055,15,mixed_k10,10
28,ratio_S,1.0539950211842855,1.0191270538171133,1.0938722616434098,15,mixed_k10,10
28,div_gen,0.2085596332947413,0.19927543476223947,0.2178295678148667,15,mixed_k10,10
28,div_T,0.2246605823437373,0.22320682220160962,0.22612555359800657,15,mixed_k10,10
28,div_ratio,0.9285880351600788,0.8862824016563308,0.9720626720321707,15,mixed_k10,10
28,hit,,,,15,mixed_k10,10
34,mixture_error,0.00833333333333331,0.007416666666666648,0.009249999999999974,150,mixed_k10,10
34,kid_T,0.1314656043034445,0.10603769441950206,0.1578147643380581,150,mixed_k10,10
34,coverage_T,0.4190053146743148,0.403091524693429,0.43535000146385566,150,mixed_k10,10
34,kid_S,-0.07511410974768595,-0.08851960237368312,-0.061723269821275926,150,mixed_k10,10
34,coverage_S,0.9766666666666672,0.9660000000000004,0.9866666666666668,150,mixed_k10,10
34,sim_S,0.2488120214144389,0.24434044008205333,0.2532626358345151,150,mixed_k10,10
34,sim_T,0.3462378025054932,0.34179354915519555,0.3505957527210315,150,mixed_k10,10
34,sim_T_to_S,0.23904075364271798,0.23557386961082616,0.24234951447695494,150,mixed_k10,10
34,ratio_S,1.044415602684021,1.026595279365778,1.063721468468507,150,mixed_k10,10
34,div_gen,0.24806832114855448,0.24161571755508582,0.2548194212540984,150,mixed_k10,10
34,div_T,0.25909636199474334,0.2522628134886424,0.26586153820405406,150,mixed_k10,10
34,div_ratio,0.9653881603746567,0.9462637374129064,0.9840465750000749,150,mixed_k10,10
34,hit,,,,150,mixed_k10,10
36,mixture_error,0.008333333333333316,0.007083333333333325,0.009444444444444425,90,mixed_k10,10
36,kid_T,0.24707866040156495,0.19443181088049286,0.30421472052631343,90,mixed_k10,10
36,coverage_T,0.4014562297018435,0.38622898592635435,0.4183720767048619,90,mixed_k10,10
36,kid_S,-0.13752744943204662,-0.15285370972927295,-0.1225382063883307,90,mixed_k10,10
36,coverage_S,0.9755555555555558,0.9610833333333334,0.987777777777778,90,mixed_k10,10
36,sim_S,0.22687591811021168,0.2213585737802916,0.23221453576866125,90,mixed_k10,10
36,sim_T,0.3265820774767134,0.32099682082732517,0.33323244229786925,90,mixed_k10,10
36,sim_T_to_S,0.21072083827522065,0.2083797695239385,0.21326681963685484,90,mixed_k10,10
36,ratio_S,1.0780688563982646,1.0514429877863989,1.1045567395952014,90,mixed_k10,10
36,div_gen,0.3048199065857463,0.297324945392708,0.3118403540717231,90,mixed_k10,10
36,div_T,0.3257622328069475,0.3236299825625287,0.3281203544222646,90,mixed_k10,10
36,div_ratio,0.9359511589553832,0.9130233628588318,0.9572058928881241,90,mixed_k10,10
36,hit,,,,90,mixed_k10,10
40,mixture_error,0.008333333333333323,0.006666666666666657,0.009999999999999985,45,mixed_k10,10
40,kid_T,0.011747910197336293,0.0017885822415911771,0.0225668673190437,45,mixed_k10,10
40,coverage_T,0.5144843590457625,0.4884040193075279,0.5400756520931959,45,mixed_k10,10
40,kid_S,-0.018217250415254682,-0.03632955428783104,0.00030873195837142483,45,mixed_k10,10
40,coverage_S,0.9822222222222221,0.9688888888888888,0.9933333333333334,45,mixed_k10,10
40,sim_S,0.23135302397939894,0.22572659264836048,0.23727921767367255,45,mixed_k10,10
40,sim_T,0.3205089251200358,0.312527729852332,0.32793906630741226,45,mixed_k10,10
40,sim_T_to_S,0.23130687740114,0.2276488429059585,0.23520497683021757,45,mixed_k10,10
40,ratio_S,1.001667681005266,0.9772357297274802,1.026740554968516,45,mixed_k10,10
40,div_gen,0.1792603310611513,0.17470992546114655,0.18382721116145453,45,mixed_k10,10
40,div_T,0.18675543632772235,0.18425074944065675,0.18908815613223445,45,mixed_k10,10
40,div_ratio,0.9604046873618024,0.9380283907344128,0.9836743040613678,45,mixed_k10,10
40,hit,,,,45,mixed_k10,10
42,mixture_error,0.008333333333333323,0.004999999999999997,0.010833333333333322,15,mixed_k10,10
42,kid_T,0.01891012128082643,-0.00018550973659698899,0.039162467683706,15,mixed_k10,10
42,coverage_T,0.4720720720720721,0.4197972972972972,0.5216666666666666,15,mixed_k10,10
42,kid_S,-0.017720619723615865,-0.05112393755826149,0.018886677916784937,15,mixed_k10,10
42,coverage_S,0.9666666666666668,0.94,0.9933333333333334,15,mixed_k10,10
42,sim_S,0.2303642600774765,0.22279734569291273,0.23951239575942357,15,mixed_k10,10
42,sim_T,0.332029531399409,0.31739862804611524,0.3466259555021922,15,mixed_k10,10
42,sim_T_to_S,0.21415070394674937,0.20933525403340655,0.21867734966178734,15,mixed_k10,10
42,ratio_S,1.077736540635427,1.0369286169608434,1.1260127806663514,15,mixed_k10,10
42,div_gen,0.2543596883614858,0.24301210773487886,0.26496991982062656,15,mixed_k10,10
42,div_T,0.2632689833641052,0.2617962525784969,0.26482993478576344,15,mixed_k10,10
42,div_ratio,0.9658572035331566,0.9249794146049781,1.003819025569584,15,mixed_k10,10
42,hit,,,,15,mixed_k10,10
43,mixture_error,0.009861111111111091,0.007916666666666652,0.011944444444444426,90,mixed_k10,10
43,kid_T,0.05419636637272279,0.03829398294153694,0.07008290868602862,90,mixed_k10,10
43,coverage_T,0.4171926125821895,0.399852333694052,0.4345970944882839,90,mixed_k10,10
43,kid_S,-0.030359098112800947,-0.0473061209662245,-0.014055460408546829,90,mixed_k10,10
43,coverage_S,0.9666666666666667,0.9500000000000002,0.9811111111111113,90,mixed_k10,10
43,sim_S,0.22493686791923312,0.21927635300490592,0.23048769217812354,90,mixed_k10,10
43,sim_T,0.3095830404096179,0.3038219849848085,0.31494252186682486,90,mixed_k10,10
43,sim_T_to_S,0.22579409380753834,0.22279420752906137,0.22877977817836734,90,mixed_k10,10
43,ratio_S,0.9987082335684034,0.9742068654133214,1.0235946258571413,90,mixed_k10,10
43,div_gen,0.2861186396744516,0.28109713453799484,0.29161246651162703,90,mixed_k10,10
43,div_T,0.28061742782592775,0.2790105469773213,0.2822164291805691,90,mixed_k10,10
43,div_ratio,1.0203034744119281,1.001243190415301,1.0401125938782785,90,mixed_k10,10
43,hit,,,,90,mixed_k10,10
45,mixture_error,0.008333333333333316,0.007079861111111097,0.009444444444444425,90,mixed_k10,10
45,kid_T,0.11579022309824806,0.08605888520614847,0.14768417676974557,90,mixed_k10,10
45,coverage_T,0.46664027133571945,0.44541566116923076,0.4860498831089796,90,mixed_k10,10
45,kid_S,-0.036264109156030365,-0.05638241228220374,-0.015247066070783745,90,mixed_k10,10
45,coverage_S,0.98,0.9688888888888888,0.99,90,mixed_k10,10
45,sim_S,0.26484542373153896,0.2584898279400335,0.27118088053746353,90,mixed_k10,10
45,sim_T,0.355508757630984,0.34934952120814056,0.3614748239848349,90,mixed_k10,10
45,sim_T_to_S,0.26017916864818996,0.2565342366281483,0.26387794964429406,90,mixed_k10,10
45,ratio_S,1.01753398709827,0.9987924586402046,1.036359295397997,90,mixed_k10,10
45,div_gen,0.22560606135262384,0.21896821704175737,0.23165796043972176,90,mixed_k10,10
45,div_T,0.2371642670697636,0.2320941808488634,0.24182938802987336,90,mixed_k10,10
45,div_ratio,0.9535173338692903,0.9289660839700614,0.9763145640059604,90,mixed_k10,10
45,hit,,,,90,mixed_k10,10
46,mixture_error,0.008333333333333323,0.004999999999999993,0.010833333333333322,15,mixed_k10,10
46,kid_T,0.21194078626716858,0.09423819211768035,0.34045464806227166,15,mixed_k10,10
46,coverage_T,0.30468319559228646,0.2749173553719008,0.3349862258953168,15,mixed_k10,10
46,kid_S,-0.09678530271474474,-0.14035976003371928,-0.04875308646626147,15,mixed_k10,10
46,coverage_S,0.9866666666666667,0.9666666666666668,1.0,15,mixed_k10,10
46,sim_S,0.22020316024621328,0.20767431303858758,0.23513717249035834,15,mixed_k10,10
46,sim_T,0.3284620781739553,0.31905773406227433,0.3383220061659813,15,mixed_k10,10
46,sim_T_to_S,0.20494617223739625,0.19982677253584066,0.21013856758673985,15,mixed_k10,10
46,ratio_S,1.0744134108225505,1.0149056656161943,1.1432806990544002,15,mixed_k10,10
46,div_gen,0.29079619944095614,0.2778110887606939,0.3045639390995105,15,mixed_k10,10
46,div_T,0.2949024577935537,0.294105425576369,0.29569019928574564,15,mixed_k10,10
46,div_ratio,0.9861381092666571,0.9414401167047777,1.0333384821909657,15,mixed_k10,10
46,hit,,,,15,mixed_k10,10
47,mixture_error,0.008333333333333323,0.006388888888888883,0.009999999999999985,45,mixed_k10,10
47,kid_T,0.12807100568638533,0.09392982811325151,0.16044020723392904,45,mixed_k10,10
47,coverage_T,0.34898866477813856,0.3257800209115999,0.3725847963347964,45,mixed_k10,10
47,kid_S,-0.04618127240337431,-0.07446931130826825,-0.014424133273024688,45,mixed_k10,10
47,coverage_S,0.9577777777777776,0.9243888888888887,0.9822222222222221,45,mixed_k10,10
47,sim_S,0.23674734334150951,0.23060172841780716,0.2424732345590989,45,mixed_k10,10
47,sim_T,0.313546257548862,0.3077609563370545,0.3193817967838711,45,mixed_k10,10
47,sim_T_to_S,0.2356617553366555,0.22971401025851568,0.24123172116776306,45,mixed_k10,10
47,ratio_S,1.0102553791469997,0.9802727039323913,1.0402652214301957,45,mixed_k10,10
47,div_gen,0.25091800259219277,0.24469299784137144,0.25675032013820276,45,mixed_k10,10
47,div_T,0.2576722804043028,0.25229705585373774,0.26246269680559636,45,mixed_k10,10
47,div_ratio,0.9754743237091398,0.9531760605515943,0.99663267453078,45,mixed_k10,10
47,hit,,,,45,mixed_k10,10
macro,mixture_error,0.00838425925925924,0.008048124999999984,0.00868428240740739,30,mixed_k10,10
macro,kid_T,0.10007322102788599,0.09285407102468186,0.1072375260597996,30,mixed_k10,10
macro,coverage_T,0.4307954741255097,0.42557106853468213,0.43594532585371665,30,mixed_k10,10
macro,kid_S,-0.050583015260818306,-0.05440018679257881,-0.04626304193443359,30,mixed_k10,10
macro,coverage_S,0.9754370370370373,0.9719183333333334,0.9787705555555557,30,mixed_k10,10
macro,sim_S,0.25082147749596173,0.24944885616652948,0.2521698572152466,30,mixed_k10,10
macro,sim_T,0.34394349713237193,0.34256078956717695,0.3453366697601698,30,mixed_k10,10
macro,sim_T_to_S,0.24209521105554374,0.24124277682331974,0.2429067953470957,30,mixed_k10,10
macro,ratio_S,1.038563937973093,1.0326680395227892,1.0443169019500413,30,mixed_k10,10
macro,div_gen,0.24034950546754727,0.23911959642563707,0.24168446999680662,30,mixed_k10,10
macro,div_T,0.24236558842990127,0.24175622657214596,0.2430155450150094,30,mixed_k10,10
macro,div_ratio,0.9964867686118926,0.9912422632354313,1.0021461681994088,30,mixed_k10,10
macro,hit,,,,30,mixed_k10,10
0,mixture_error,,,,5,single_test_k1,1
0,kid_T,-0.004448426576572117,-0.02898759021966164,0.023734328294468553,5,single_test_k1,1
0,coverage_T,0.49767441860465117,0.44651162790697674,0.5443023255813952,5,single_test_k1,1
0,kid_S,,,,5,single_test_k1,1
0,coverage_S,,,,5,single_test_k1,1
0,sim_S,0.1886602520942688,0.15946215391159058,0.2345116674900055,5,single_test_k1,1
0,sim_T,0.36170384883880613,0.3474361777305603,0.37374414294958114,5,single_test_k1,1
0,sim_T_to_S,0.1857989698648453,0.15904319584369658,0.21875374317169188,5,single_test_k1,1
0,ratio_S,1.0114606857299804,0.9210508346557618,1.1018705368041992,5,single_test_k1,1
0,div_gen,0.2459169238805771,0.22835048735141755,0.2614197790622711,5,single_test_k1,1
0,div_T,0.24716389775276185,0.24599858716130257,0.24850841760635375,5,single_test_k1,1
0,div_ratio,0.994833830490719,0.9278332403442796,1.0574504908416986,5,single_test_k1,1
0,hit,1.0,1.0,1.0,5,single_test_k1,1
1,mixture_error,,,,30,single_test_k1,1
1,kid_T,0.00030233870092028305,-0.011358548647925414,0.01354233806745025,30,single_test_k1,1
1,coverage_T,0.6143750164713236,0.5669063353080149,0.6652688100806906,30,single_test_k1,1
1,kid_S,,,,30,single_test_k1,1
1,coverage_S,,,,30,single_test_k1,1
1,sim_S,0.13820897713303565,0.12160971820975344,0.15396224331731598,30,single_test_k1,1
1,sim_T,0.3553731173276901,0.34000633493065835,0.3716703423857689,30,single_test_k1,1
1,sim_T_to_S,0.1296538187811772,0.11627117176850638,0.1414381156830738,30,single_test_k1,1
1,ratio_S,1.0762684067090353,0.9979723126689592,1.1482945857942104,30,single_test_k1,1
1,div_gen,0.2058923621972402,0.19702607404440642,0.21388532379021247,30,single_test_k1,1
1,div_T,0.20301540344953536,0.19373578637838365,0.2118976062287887,30,single_test_k1,1
1,div_ratio,1.0225116567909265,0.9829369467179603,1.0630145750649072,30,single_test_k1,1
1,hit,1.0,1.0,1.0,30,single_test_k1,1
2,mixture_error,,,,20,single_test_k1,1
2,kid_T,0.007228388691851428,-0.01619923476868837,0.03310909438167908,20,single_test_k1,1
2,coverage_T,0.6991123225498226,0.6520712189462191,0.7459300458128583,20,single_test_k1,1
2,kid_S,,,,20,single_test_k1,1
2,coverage_S,,,,20,single_test_k1,1
2,sim_S,0.1393963153474033,0.11965239163720981,0.15957698234356937,20,single_test_k1,1
2,sim_T,0.3739009499549866,0.3525759277120233,0.3982987980172038,20,single_test_k1,1
2,sim_T_to_S,0.1240607725456357,0.10678504961542785,0.14071250532753765,20,single_test_k1,1
2,ratio_S,1.1246367245912552,1.029121347516775,1.2215653343498707,20,single_test_k1,1
2,div_gen,0.1879534862935543,0.18104460014030338,0.19395374398678542,20,single_test_k1,1
2,div_T,0.20217001289129258,0.19182078767567873,0.2120200598239899,20,single_test_k1,1
2,div_ratio,0.9476779118421129,0.8772692140782422,1.0178948421326395,20,single_test_k1,1
2,hit,1.0,1.0,1.0,20,single_test_k1,1
3,mixture_error,,,,65,single_test_k1,1
3,kid_T,-0.0016688995398686812,-0.011515080869370718,0.006941740524158224,65,single_test_k1,1
3,coverage_T,0.6632243235735604,0.6300735796361462,0.6983179122322878,65,single_test_k1,1
3,kid_S,,,,65,single_test_k1,1
3,coverage_S,,,,65,single_test_k1,1
3,sim_S,0.13529806515345208,0.12476440977878296,0.1449868422603378,65,single_test_k1,1
3,sim_T,0.34179256237470185,0.3336840238708716,0.3502000477566169,65,single_test_k1,1
3,sim_T_to_S,0.13342761615147958,0.12405214295650903,0.14308444718042246,65,single_test_k1,1
3,ratio_S,1.025275050676786,0.9787704945069093,1.0704329499373069,65,single_test_k1,1
3,div_gen,0.2007323689185656,0.19511791716974514,0.2062780691224795,65,single_test_k1,1
3,div_T,0.2026252588400474,0.1970934608292121,0.20796906381272354,65,single_test_k1,1
3,div_ratio,0.9943194316562721,0.9715708887212863,1.0167435577841677,65,single_test_k1,1
3,hit,1.0,1.0,1.0,65,single_test_k1,1
4,mixture_error,,,,65,single_test_k1,1
4,kid_T,0.008735434265742862,-0.0013947876690226237,0.018244516884516497,65,single_test_k1,1
4,coverage_T,0.6861522974653973,0.6526744125836969,0.7222706041935026,65,single_test_k1,1
4,kid_S,,,,65,single_test_k1,1
4,coverage_S,,,,65,single_test_k1,1
4,sim_S,0.13526474587046183,0.12547492590517953,0.14519624086956565,65,single_test_k1,1
4,sim_T,0.35173679223427406,0.3422596578643872,0.361629654788054,65,single_test_k1,1
4,sim_T_to_S,0.13456104609828728,0.1249290970626932,0.14435553779968846,65,single_test_k1,1
4,ratio_S,1.0205186165296114,0.9726751726636519,1.0717107438811888,65,single_test_k1,1
4,div_gen,0.19671790164250594,0.18859014150614922,0.20548152520106389,65,single_test_k1,1
4,div_T,0.19918474555015564,0.1934158546420244,0.20487202331996882,65,single_test_k1,1
4,div_ratio,0.9907505544342096,0.9557025130657548,1.0271768443620448,65,single_test_k1,1
4,hit,0.9971153846153846,0.9942307692307693,1.0,65,single_test_k1,1
5,mixture_error,,,,25,single_test_k1,1
5,kid_T,0.02104650427142907,0.006603425959050003,0.0351243139608805,25,single_test_k1,1
5,coverage_T,0.650818085938829,0.5992273126254551,0.7034203007518798,25,single_test_k1,1
5,kid_S,,,,25,single_test_k1,1
5,coverage_S,,,,25,single_test_k1,1
5,sim_S,0.13751920595765113,0.11520704577863217,0.15899033800512552,25,single_test_k1,1
5,sim_T,0.3326187443733215,0.3262733959555626,0.3389972211718559,25,single_test_k1,1
5,sim_T_to_S,0.12928787289187313,0.10785728787444532,0.14960213100165126,25,single_test_k1,1
5,ratio_S,1.256341049671173,1.0297151247859002,1.5786065184473992,25,single_test_k1,1
5,div_gen,0.1905323874950409,0.18004690623283387,0.2016152271479368,25,single_test_k1,1
5,div_T,0.19079020380973816,0.17952852246165274,0.20261614327132701,25,single_test_k1,1
5,div_ratio,1.011764455512715,0.9602448043037236,1.0623892415571505,25,single_test_k1,1
5,hit,1.0,1.0,1.0,25,single_test_k1,1
6,mixture_error,,,,10,single_test_k1,1
6,kid_T,0.005423058915770973,-0.018932601227389514,0.029255606275865403,10,single_test_k1,1
6,coverage_T,0.613262599469496,0.5255282935455349,0.6932161803713529,10,single_test_k1,1
6,kid_S,,,,10,single_test_k1,1
6,coverage_S,,,,10,single_test_k1,1
6,sim_S,0.12250403240323067,0.10119943223893643,0.14051389146596194,10,single_test_k1,1
6,sim_T,0.32195057570934293,0.3014715550839901,0.3430454960465431,10,single_test_k1,1
6,sim_T_to_S,0.14403499215841292,0.12072165187448264,0.16711623560637234,10,single_test_k1,1
6,ratio_S,0.8535920977592468,0.7771391618251801,0.9501415690779685,10,single_test_k1,1
6,div_gen,0.195982426404953,0.18434648532420397,0.20521960809826853,10,single_test_k1,1
6,div_T,0.16706955730915068,0.1545632939040661,0.17964830115437505,10,single_test_k1,1
6,div_ratio,1.1809958633285182,1.1287449332243535,1.2379329293473134,10,single_test_k1,1
6,hit,1.0,1.0,1.0,10,single_test_k1,1
7,mixture_error,,,,20,single_test_k1,1
7,kid_T,-0.01967053689148992,-0.02977819371295555,-0.00849271019229989,20,single_test_k1,1
7,coverage_T,0.732716745234679,0.697620593359295,0.7681542260196763,20,single_test_k1,1
7,kid_S,,,,20,single_test_k1,1
7,coverage_S,,,,20,single_test_k1,1
7,sim_S,0.1164126580581069,0.09703495328314603,0.13605151925701647,20,single_test_k1,1
7,sim_T,0.3723184034228325,0.3586857260763645,0.3876913061365485,20,single_test_k1,1
7,sim_T_to_S,0.10911010671406984,0.0894020190089941,0.12673340066336095,20,single_test_k1,1
7,ratio_S,1.2025006085634231,1.0306615881621837,1.4197961054742336,20,single_test_k1,1
7,div_gen,0.21899769678711892,0.2086450535804033,0.22979311157017945,20,single_test_k1,1
7,div_T,0.21796878874301912,0.2052895546518266,0.23154962807893753,20,single_test_k1,1
7,div_ratio,1.0131209614885583,0.9728434579524754,1.057217265529665,20,single_test_k1,1
7,hit,1.0,1.0,1.0,20,single_test_k1,1
8,mixture_error,,,,15,single_test_k1,1
8,kid_T,0.012397517017610582,-0.010203792340203428,0.03490193343753103,15,single_test_k1,1
8,coverage_T,0.6015031196823596,0.5370367508035546,0.6539415768576291,15,single_test_k1,1
8,kid_S,,,,15,single_test_k1,1
8,coverage_S,,,,15,single_test_k1,1
8,sim_S,0.1344106115400791,0.11220526648064454,0.1545323827738563,15,single_test_k1,1
8,sim_T,0.3326854189236959,0.3203472890953223,0.3447282574077447,15,single_test_k1,1
8,sim_T_to_S,0.1365432803829511,0.1172822706028819,0.15442170098423957,15,single_test_k1,1
8,ratio_S,0.9700979451338451,0.8713897484540939,1.0555674028396607,15,single_test_k1,1
8,div_gen,0.21490264932314554,0.20190430040160817,0.2269930445154508,15,single_test_k1,1
8,div_T,0.19931514263153077,0.18951091902951397,0.20971084222197534,15,single_test_k1,1
8,div_ratio,1.0809582512880358,1.0275743323589908,1.1362806530765603,15,single_test_k1,1
8,hit,1.0,1.0,1.0,15,single_test_k1,1
9,mixture_error,,,,110,single_test_k1,1
9,kid_T,0.002237847209226987,-0.005476342731002472,0.010890082808185741,110,single_test_k1,1
9,coverage_T,0.6865493064954686,0.6593563933398404,0.7144110718877097,110,single_test_k1,1
9,kid_S,,,,110,single_test_k1,1
9,coverage_S,,,,110,single_test_k1,1
9,sim_S,0.14083812577141958,0.13099684532054445,0.15018821806350555,110,single_test_k1,1
9,sim_T,0.3425158213485371,0.3355332124300978,0.3497975553572178,110,single_test_k1,1
9,sim_T_to_S,0.13936796472831206,0.12999766100875354,0.14796492135490882,110,single_test_k1,1
9,ratio_S,1.0376155896620316,0.9964839150147005,1.084463417055932,110,single_test_k1,1
9,div_gen,0.21093811609528282,0.206168547692624,0.21598857618868353,110,single_test_k1,1
9,div_T,0.21254055012356152,0.2079567470333793,0.21693892461332406,110,single_test_k1,1
9,div_ratio,0.998362836343742,0.9777405077142678,1.0197642507868312,110,single_test_k1,1
9,hit,1.0,1.0,1.0,110,single_test_k1,1
10,mixture_error,,,,30,single_test_k1,1
10,kid_T,0.004680650356837231,-0.016022433148567994,0.026548322439192078,30,single_test_k1,1
10,coverage_T,0.6522361011722713,0.6006365310221693,0.7000661611831825,30,single_test_k1,1
10,kid_S,,,,30,single_test_k1,1
10,coverage_S,,,,30,single_test_k1,1
10,sim_S,0.12913117570181687,0.11584416499050955,0.1424321609859665,30,single_test_k1,1
10,sim_T,0.34299428860346476,0.33546790284415084,0.35061872522036236,30,single_test_k1,1
10,sim_T_to_S,0.12015741256376107,0.1114826985883216,0.12846060101563733,30,single_test_k1,1
10,ratio_S,1.063608815272649,0.9892187836766243,1.1432854175070921,30,single_test_k1,1
10,div_gen,0.2272000143925349,0.21929472174495457,0.2341743379458785,30,single_test_k1,1
10,div_T,0.22358322391907373,0.2163348576053977,0.23112163388480741,30,single_test_k1,1
10,div_ratio,1.024162189004256,0.98040667513441,1.0717483159112764,30,single_test_k1,1
10,hit,1.0,1.0,1.0,30,single_test_k1,1
11,mixture_error,,,,5,single_test_k1,1
11,kid_T,0.04270906306906319,0.019651995215707273,0.07244249096405717,5,single_test_k1,1
11,coverage_T,0.4545454545454546,0.42727272727272725,0.4818181818181818,5,single_test_k1,1
11,kid_S,,,,5,single_test_k1,1
11,coverage_S,,,,5,single_test_k1,1
11,sim_S,0.12178457826375962,0.10888357907533645,0.13389252871274948,5,single_test_k1,1
11,sim_T,0.3108701705932617,0.3020992901921272,0.3194911599159241,5,single_test_k1,1
11,sim_T_to_S,0.1347181975841522,0.12036250270903111,0.1512570008635521,5,single_test_k1,1
11,ratio_S,0.9119084596633911,0.8138867735862731,1.0189927339553833,5,single_test_k1,1
11,div_gen,0.26576385498046873,0.2550168354809284,0.27710801362991333,5,single_test_k1,1
11,div_T,0.2519114911556244,0.2512050271034241,0.25236988067626953,5,single_test_k1,1
11,div_ratio,1.0550178730512012,1.0110525759081717,1.1001483955182323,5,single_test_k1,1
11,hit,1.0,1.0,1.0,5,single_test_k1,1
12,mixture_error,,,,65,single_test_k1,1
12,kid_T,-0.0012767212338226513,-0.01031326842778624,0.008251855024973047,65,single_test_k1,1
12,coverage_T,0.590236124551134,0.5551876856263284,0.6252545506632678,65,single_test_k1,1
12,kid_S,,,,65,single_test_k1,1
12,coverage_S,,,,65,single_test_k1,1
12,sim_S,0.13493141721074398,0.12383597922296478,0.1458725697547197,65,single_test_k1,1
12,sim_T,0.349128160568384,0.3413930396964917,0.35858611488571535,65,single_test_k1,1
12,sim_T_to_S,0.13679541065715828,0.12777591979990785,0.14531087403973708,65,single_test_k1,1
12,ratio_S,0.9886752321169927,0.9371255477116659,1.035971870307739,65,single_test_k1,1
12,div_gen,0.21410159537425408,0.2074912875546859,0.2210535022845635,65,single_test_k1,1
12,div_T,0.20974688277794765,0.2043307301402092,0.21491657305795414,65,single_test_k1,1
12,div_ratio,1.0271182834509383,0.9957053326369832,1.0579178928591548,65,single_test_k1,1
12,hit,1.0,1.0,1.0,65,single_test_k1,1
13,mixture_error,,,,5,single_test_k1,1
13,kid_T,-0.015428449474793738,-0.03587820746119554,0.0075436885003338,5,single_test_k1,1
13,coverage_T,0.7777777777777778,0.7333333333333334,0.8222222222222222,5,single_test_k1,1
13,kid_S,,,,5,single_test_k1,1
13,coverage_S,,,,5,single_test_k1,1
13,sim_S,0.1362687423825264,0.09742080867290497,0.16679412722587586,5,single_test_k1,1
13,sim_T,0.28451420068740846,0.27736656069755555,0.2918969035148621,5,single_test_k1,1
13,sim_T_to_S,0.12974123060703277,0.09812440276145935,0.15828870236873627,5,single_test_k1,1
13,ratio_S,1.046375608444214,0.9397772789001465,1.1535370111465455,5,single_test_k1,1
13,div_gen,0.20643691420555116,0.1964198350906372,0.21717790961265565,5,single_test_k1,1
13,div_T,0.2401108741760254,0.239124149531126,0.241027370095253,5,single_test_k1,1
13,div_ratio,0.859643379692432,0.8188182011674354,0.9032688995597032,5,single_test_k1,1
13,hit,1.0,1.0,1.0,5,single_test_k1,1
14,mixture_error,,,,10,single_test_k1,1
14,kid_T,0.018626636043620515,0.0018448717816546855,0.03553629321193851,10,single_test_k1,1
14,coverage_T,0.7865384615384615,0.7098076923076923,0.8550480769230768,10,single_test_k1,1
14,kid_S,,,,10,single_test_k1,1
14,coverage_S,,,,10,single_test_k1,1
14,sim_S,0.14586333110928534,0.11984826851636171,0.1697768560796976,10,single_test_k1,1
14,sim_T,0.3819998145103455,0.3666925527155399,0.39869113862514494,10,single_test_k1,1
14,sim_T_to_S,0.1700527213513851,0.13916202476248146,0.19659140944480896,10,single_test_k1,1
14,ratio_S,0.872275847196579,0.7876763215661049,0.9668691073358058,10,single_test_k1,1
14,div_gen,0.18310647904872895,0.1748056336119771,0.19241218838840723,10,single_test_k1,1
14,div_T,0.17239438444375993,0.16384736109524964,0.18055674791336057,10,single_test_k1,1
14,div_ratio,1.0680063918062301,1.0015919267124551,1.1340296168234607,10,single_test_k1,1
14,hit,1.0,1.0,1.0,10,single_test_k1,1
15,mixture_error,,,,20,single_test_k1,1
15,kid_T,0.0017632571892782778,-0.013324721243554254,0.01669180746286545,20,single_test_k1,1
15,coverage_T,0.6405016204117617,0.5766854561928375,0.6990894824912797,20,single_test_k1,1
15,kid_S,,,,20,single_test_k1,1
15,coverage_S,,,,20,single_test_k1,1
15,sim_S,0.12184802945703269,0.10233873068820686,0.14151257685385643,20,single_test_k1,1
15,sim_T,0.3515131682157516,0.3332723129913211,0.36948319468647245,20,single_test_k1,1
15,sim_T_to_S,0.13061979915946723,0.11206338381394744,0.14979520591907203,20,single_test_k1,1
15,ratio_S,0.9158651441335678,0.8352731731534003,0.9889351084828377,20,single_test_k1,1
15,div_gen,0.17536770440638066,0.16156511028297246,0.19205765870399774,20,single_test_k1,1
15,div_T,0.1594914361834526,0.1499637114815414,0.1704674650914967,20,single_test_k1,1
15,div_ratio,1.102209691284717,1.0316785314817318,1.1785471308609108,20,single_test_k1,1
15,hit,1.0,1.0,1.0,20,single_test_k1,1
16,mixture_error,,,,5,single_test_k1,1
16,kid_T,-0.013987451015556119,-0.03539200754372409,0.013279483661584735,5,single_test_k1,1
16,coverage_T,0.7142857142857143,0.6523809523809525,0.7571428571428571,5,single_test_k1,1
16,kid_S,,,,5,single_test_k1,1
16,coverage_S,,,,5,single_test_k1,1
16,sim_S,0.15983085930347443,0.1439570367336273,0.17570468187332153,5,single_test_k1,1
16,sim_T,0.3479730308055878,0.3261776089668274,0.36976845264434816,5,single_test_k1,1
16,sim_T_to_S,0.15054088979959487,0.12919923961162566,0.16883169412612914,5,single_test_k1,1
16,ratio_S,1.0749138951301576,0.9906195044517517,1.174713635444641,5,single_test_k1,1
16,div_gen,0.21626304984092712,0.20108164846897125,0.2337288647890091,5,single_test_k1,1
16,div_T,0.22130340337753296,0.22058695554733276,0.22201985120773315,5,single_test_k1,1
16,div_ratio,0.9772808336092252,0.9078910625894256,1.0566266048264916,5,single_test_k1,1
16,hit,1.0,1.0,1.0,5,single_test_k1,1
17,mixture_error,,,,55,single_test_k1,1
17,kid_T,-0.0037194238485785615,-0.014458821143114907,0.006454671832276806,55,single_test_k1,1
17,coverage_T,0.6201006864246177,0.5789676396341816,0.6590847309642754,55,single_test_k1,1
17,kid_S,,,,55,single_test_k1,1
17,coverage_S,,,,55,single_test_k1,1
17,sim_S,0.136622542752461,0.12434450186281042,0.1491842569427734,55,single_test_k1,1
17,sim_T,0.3393792217428034,0.32871857491406525,0.3496557241813703,55,single_test_k1,1
17,sim_T_to_S,0.14076235070824622,0.12898804700002076,0.15273305858739397,55,single_test_k1,1
17,ratio_S,0.9854920582337813,0.923120930628343,1.0515934687310997,55,single_test_k1,1
17,div_gen,0.2217518838969144,0.2153366481174122,0.22792307055809283,55,single_test_k1,1
17,div_T,0.21668405587022954,0.21156213643875987,0.22192985926839437,55,single_test_k1,1
17,div_ratio,1.0298159679156835,0.9957176097308356,1.0647361109303761,55,single_test_k1,1
17,hit,1.0,1.0,1.0,55,single_test_k1,1
18,mixture_error,,,,25,single_test_k1,1
18,kid_T,0.005450288996102515,-0.01048875886012587,0.02183077927338382,25,single_test_k1,1
18,coverage_T,0.5892783996250052,0.543954468711611,0.6342109803996703,25,single_test_k1,1
18,kid_S,,,,25,single_test_k1,1
18,coverage_S,,,,25,single_test_k1,1
18,sim_S,0.13485043480992318,0.11871816534921527,0.15143948585167527,25,single_test_k1,1
18,sim_T,0.3577320647239685,0.3458519066274166,0.37068163836002355,25,single_test_k1,1
18,sim_T_to_S,0.13636418104171752,0.12198966995626688,0.15185855381190774,25,single_test_k1,1
18,ratio_S,0.9758103775978089,0.924229686677456,1.0270405489206313,25,single_test_k1,1
18,div_gen,0.24200741887092592,0.23171523362398147,0.25172685329616074,25,single_test_k1,1
18,div_T,0.22075648188591004,0.2176440650820732,0.2237350275963545,25,single_test_k1,1
18,div_ratio,1.0946813881469657,1.0563570928816894,1.13096818435397,25,single_test_k1,1
18,hit,1.0,1.0,1.0,25,single_test_k1,1
19,mixture_error,,,,5,single_test_k1,1
19,kid_T,-0.030569934897463468,-0.04825511770096291,-0.01387530947534472,5,single_test_k1,1
19,coverage_T,0.7069767441860464,0.6511627906976745,0.7627906976744186,5,single_test_k1,1
19,kid_S,,,,5,single_test_k1,1
19,coverage_S,,,,5,single_test_k1,1
19,sim_S,0.18837715089321136,0.17678205370903016,0.19997224807739258,5,single_test_k1,1
19,sim_T,0.35767120122909546,0.34025991559028623,0.3750824868679047,5,single_test_k1,1
19,sim_T_to_S,0.18219172656536103,0.1736632317304611,0.18967614471912383,5,single_test_k1,1
19,ratio_S,1.0365132927894591,0.9539376854896545,1.1104969739913941,5,single_test_k1,1
19,div_gen,0.21025315821170806,0.20151225626468658,0.21872685551643373,5,single_test_k1,1
19,div_T,0.23582920730113982,0.23512858152389526,0.2365298330783844,5,single_test_k1,1
19,div_ratio,0.8914333635322057,0.8565242541855129,0.924387948400337,5,single_test_k1,1
19,hit,1.0,1.0,1.0,5,single_test_k1,1
20,mixture_error,,,,10,single_test_k1,1
20,kid_T,-0.012949995197321762,-0.028000741415571715,0.0006149337300254331,10,single_test_k1,1
20,coverage_T,0.6247111681643132,0.5557060333761232,0.699122272143774,10,single_test_k1,1
20,kid_S,,,,10,single_test_k1,1
20,coverage_S,,,,10,single_test_k1,1
20,sim_S,0.14400315284729004,0.11269721694290638,0.17245645953342317,10,single_test_k1,1
20,sim_T,0.34626703560352323,0.333228919506073,0.3607125632464886,10,single_test_k1,1
20,sim_T_to_S,0.14194482043385506,0.11570761734619736,0.16641719721257686,10,single_test_k1,1
20,ratio_S,0.9975102424621582,0.9415125086903573,1.0542066112160684,10,single_test_k1,1
20,div_gen,0.24815310090780257,0.23964717958122492,0.25684201259166,10,single_test_k1,1
20,div_T,0.22277718484401704,0.22197853125631808,0.22358107253909112,10,single_test_k1,1
20,div_ratio,1.11384923914802,1.0752699516663957,1.1528152692635965,10,single_test_k1,1
20,hit,1.0,1.0,1.0,10,single_test_k1,1
21,mixture_error,,,,15,single_test_k1,1
21,kid_T,0.009752692735543059,-0.015467734039225049,0.038594793649869945,15,single_test_k1,1
21,coverage_T,0.5074153742959904,0.4348086308387976,0.5826761613988829,15,single_test_k1,1
21,kid_S,,,,15,single_test_k1,1
21,coverage_S,,,,15,single_test_k1,1
21,sim_S,0.149774839480718,0.13889367738117775,0.1606942782923579,15,single_test_k1,1
21,sim_T,0.3640316327412923,0.3504934097826481,0.3794127735495567,15,single_test_k1,1
21,sim_T_to_S,0.15051669329404832,0.13764400575309993,0.1630783075839281,15,single_test_k1,1
21,ratio_S,1.0122200091679892,0.9301200965046883,1.09131720662117,15,single_test_k1,1
21,div_gen,0.23940531810124716,0.23006416703263918,0.2476031094044447,15,single_test_k1,1
21,div_T,0.21759504973888397,0.2166552019864321,0.21877404297391573,15,single_test_k1,1
21,div_ratio,1.1002214745193535,1.0580768895007502,1.1383114256784663,15,single_test_k1,1
21,hit,1.0,1.0,1.0,15,single_test_k1,1
22,mixture_error,,,,55,single_test_k1,1
22,kid_T,0.01901011333181825,0.006798052115312197,0.030766126374243547,55,single_test_k1,1
22,coverage_T,0.6196622762922926,0.5849059440784792,0.6510250741861764,55,single_test_k1,1
22,kid_S,,,,55,single_test_k1,1
22,coverage_S,,,,55,single_test_k1,1
22,sim_S,0.12207198894836686,0.10891130935908719,0.13448693301698023,55,single_test_k1,1
22,sim_T,0.3325324101881547,0.32593076138333843,0.3391863595626571,55,single_test_k1,1
22,sim_T_to_S,0.13056635158983143,0.11703537175093184,0.14354452063583514,55,single_test_k1,1
22,ratio_S,0.9475752548737959,0.8988600348884409,0.9949524019252171,55,single_test_k1,1
22,div_gen,0.23716114163398744,0.22826299746605483,0.24625561235980553,55,single_test_k1,1
22,div_T,0.2270604748617519,0.22147174699062652,0.23267902427776294,55,single_test_k1,1
22,div_ratio,1.0464593854041073,1.0151756271297978,1.0796447423459135,55,single_test_k1,1
22,hit,1.0,1.0,1.0,55,single_test_k1,1
23,mixture_error,,,,10,single_test_k1,1
23,kid_T,-0.038942796237847334,-0.05534433552962628,-0.022034437230831868,10,single_test_k1,1
23,coverage_T,0.7243401759530793,0.7007795698924733,0.7492668621700881,10,single_test_k1,1
23,kid_S,,,,10,single_test_k1,1
23,coverage_S,,,,10,single_test_k1,1
23,sim_S,0.15447340682148933,0.12831461649388073,0.17888109035789965,10,single_test_k1,1
23,sim_T,0.3783061772584915,0.364218919724226,0.3946433909237385,10,single_test_k1,1
23,sim_T_to_S,0.15879600904881955,0.1298944180086255,0.18608527313917875,10,single_test_k1,1
23,ratio_S,0.9913061499595642,0.9268057262897491,1.06276625007391,10,single_test_k1,1
23,div_gen,0.18822725117206573,0.17513676412403584,0.2017929545044899,10,single_test_k1,1
23,div_T,0.1865311324596405,0.1797409762442112,0.19329348813742397,10,single_test_k1,1
23,div_ratio,1.0059731882900766,0.9701956479332745,1.0456168383766777,10,single_test_k1,1
23,hit,1.0,1.0,1.0,10,single_test_k1,1
24,mixture_error,,,,5,single_test_k1,1
24,kid_T,-0.011587783575021859,-0.03360446633778622,0.011726156448928294,5,single_test_k1,1
24,coverage_T,0.676923076923077,0.5794871794871794,0.7384615384615385,5,single_test_k1,1
24,kid_S,,,,5,single_test_k1,1
24,coverage_S,,,,5,single_test_k1,1
24,sim_S,0.1552923783659935,0.11951296627521515,0.19123374968767165,5,single_test_k1,1
24,sim_T,0.3670768678188324,0.35473151728510854,0.3830232501029968,5,single_test_k1,1
24,sim_T_to_S,0.1743580624461174,0.1313994660973549,0.21596938669681548,5,single_test_k1,1
24,ratio_S,0.9081056118011475,0.7992495775222779,1.0300824284553527,5,single_test_k1,1
24,div_gen,0.23588902354240418,0.22319116741418837,0.24379084408283233,5,single_test_k1,1
24,div_T,0.20225865840911866,0.20185049176216124,0.20271051824092864,5,single_test_k1,1
24,div_ratio,1.1664062428595734,1.1019913743079535,1.207332157399919,5,single_test_k1,1
24,hit,1.0,1.0,1.0,5,single_test_k1,1
25,mixture_error,,,,5,single_test_k1,1
25,kid_T,0.0002245209154011718,-0.034279693667282986,0.030099813625887605,5,single_test_k1,1
25,coverage_T,0.5688888888888888,0.5066666666666666,0.6177777777777778,5,single_test_k1,1
25,kid_S,,,,5,single_test_k1,1
25,coverage_S,,,,5,single_test_k1,1
25,sim_S,0.08473447859287261,0.07694054245948792,0.09401148855686188,5,single_test_k1,1
25,sim_T,0.3402317643165588,0.3069853723049164,0.37222039699554443,5,single_test_k1,1
25,sim_T_to_S,0.09093513935804368,0.07726781517267227,0.10389532148838043,5,single_test_k1,1
25,ratio_S,0.9432826519012452,0.8767140185832977,1.0111807596683502,5,single_test_k1,1
25,div_gen,0.21371778845787048,0.19860275983810424,0.22842953503131866,5,single_test_k1,1
25,div_T,0.21702683269977568,0.2158813714981079,0.21799253523349763,5,single_test_k1,1
25,div_ratio,0.9849319170157902,0.9154128154966429,1.0571588629098425,5,single_test_k1,1
25,hit,1.0,1.0,1.0,5,single_test_k1,1
26,mixture_error,,,,25,single_test_k1,1
26,kid_T,-0.013435494591455353,-0.029699513418957494,0.003332807571792468,25,single_test_k1,1
26,coverage_T,0.6515415724377721,0.6132683706442923,0.6903504387935753,25,single_test_k1,1
26,kid_S,,,,25,single_test_k1,1
26,coverage_S,,,,25,single_test_k1,1
26,sim_S,0.12509594082832337,0.1079072247967124,0.14334240906685589,25,single_test_k1,1
26,sim_T,0.34094512701034546,0.33060376390814783,0.35146054267883303,25,single_test_k1,1
26,sim_T_to_S,0.1299795153737068,0.11508620815724135,0.14587664452195168,25,single_test_k1,1
26,ratio_S,0.9574979186058045,0.880132346212864,1.0366333716511726,25,single_test_k1,1
26,div_gen,0.21723980724811554,0.20899516083300115,0.2254694586545229,25,single_test_k1,1
26,div_T,0.21544365763664244,0.2077171963751316,0.22247506895661354,25,single_test_k1,1
26,div_ratio,1.0118291826852268,0.975726537281823,1.0509940067837473,25,single_test_k1,1
26,hit,1.0,1.0,1.0,25,single_test_k1,1
27,mixture_error,,,,20,single_test_k1,1
27,kid_T,0.006221989526016447,-0.010761227906828498,0.023802680692262247,20,single_test_k1,1
27,coverage_T,0.6862738583805614,0.6219284004299394,0.7608078708227475,20,single_test_k1,1
27,kid_S,,,,20,single_test_k1,1
27,coverage_S,,,,20,single_test_k1,1
27,sim_S,0.12344114445149898,0.10392357407137752,0.14181533157825468,20,single_test_k1,1
27,sim_T,0.33713081777095794,0.32448061380535365,0.3501451485231519,20,single_test_k1,1
27,sim_T_to_S,0.13081037644296883,0.11158635850530117,0.14952737839892505,20,single_test_k1,1
27,ratio_S,0.9418034762144089,0.887155599668622,0.9974690683931112,20,single_test_k1,1
27,div_gen,0.19355984255671502,0.18197094997391106,0.20499642321839928,20,single_test_k1,1
27,div_T,0.19072549641132355,0.1811069994047284,0.20024681203067304,20,single_test_k1,1
27,div_ratio,1.0317763805264542,0.9414695217660767,1.118835014873585,20,single_test_k1,1
27,hit,1.0,1.0,1.0,20,single_test_k1,1
28,mixture_error,,,,10,single_test_k1,1
28,kid_T,-0.007191136231377548,-0.018588326345822075,0.005750568595334258,10,single_test_k1,1
28,coverage_T,0.7365853658536585,0.6828658536585365,0.7829268292682926,10,single_test_k1,1
28,kid_S,,,,10,single_test_k1,1
28,coverage_S,,,,10,single_test_k1,1
28,sim_S,0.11919806702062488,0.07386666242266074,0.15931563803926108,10,single_test_k1,1
28,sim_T,0.33755608201026915,0.32747197039425374,0.3474439610540867,10,single_test_k1,1
28,sim_T_to_S,0.11848457530140877,0.08801882646977902,0.1480859328433871,10,single_test_k1,1
28,ratio_S,0.8907561913132668,0.632892409749329,1.137017329223454,10,single_test_k1,1
28,div_gen,0.18963167518377305,0.17662864755839108,0.2034820580482483,10,single_test_k1,1
28,div_T,0.20699736028909682,0.19644909027963875,0.21761305928230287,10,single_test_k1,1
28,div_ratio,0.9150324352473584,0.8831070110238121,0.9509133049903199,10,single_test_k1,1
28,hit,1.0,1.0,1.0,10,single_test_k1,1
29,mixture_error,,,,5,single_test_k1,1
29,kid_T,0.07303017038735966,0.05811723766469044,0.09002417877172171,5,single_test_k1,1
29,coverage_T,0.7,0.6578947368421053,0.7421052631578948,5,single_test_k1,1
29,kid_S,,,,5,single_test_k1,1
29,coverage_S,,,,5,single_test_k1,1
29,sim_S,0.11471899822354317,0.0842767171561718,0.13735345602035523,5,single_test_k1,1
29,sim_T,0.31738780736923217,0.3055606961250305,0.32674984335899354,5,single_test_k1,1
29,sim_T_to_S,0.12667983174324035,0.11607098877429962,0.13459774553775788,5,single_test_k1,1
29,ratio_S,0.8939128279685974,0.6994614958763122,1.047052252292633,5,single_test_k1,1
29,div_gen,0.2231410712003708,0.21178062856197358,0.23348982036113738,5,single_test_k1,1
29,div_T,0.2287053197622299,0.22825682163238525,0.22898539006710053,5,single_test_k1,1
29,div_ratio,0.9756715412630028,0.9255858603462663,1.0200192537882573,5,single_test_k1,1
29,hit,1.0,1.0,1.0,5,single_test_k1,1
30,mixture_error,,,,5,single_test_k1,1
30,kid_T,-0.039230768177316834,-0.0545162127105268,-0.02373588396287012,5,single_test_k1,1
30,coverage_T,0.6171428571428572,0.5657142857142856,0.6685714285714286,5,single_test_k1,1
30,kid_S,,,,5,single_test_k1,1
30,coverage_S,,,,5,single_test_k1,1
30,sim_S,0.1828925222158432,0.14819631576538086,0.2197383463382721,5,single_test_k1,1
30,sim_T,0.4005377769470215,0.37976338863372805,0.41482656449079514,5,single_test_k1,1
30,sim_T_to_S,0.18228119909763335,0.15701760016381738,0.20928518772125243,5,single_test_k1,1
30,ratio_S,0.9947701573371888,0.9187852621078492,1.0705950736999512,5,single_test_k1,1
30,div_gen,0.2029343843460083,0.19833037555217742,0.20752065479755402,5,single_test_k1,1
30,div_T,0.16877408623695372,0.16789821088314055,0.16992986798286439,5,single_test_k1,1
30,div_ratio,1.2025688287132386,1.171729346047958,1.2343014765090659,5,single_test_k1,1
30,hit,1.0,1.0,1.0,5,single_test_k1,1
31,mixture_error,,,,5,single_test_k1,1
31,kid_T,-0.02879761329215178,-0.05115423493296767,-0.004776308768865014,5,single_test_k1,1
31,coverage_T,0.9214285714285714,0.8642857142857142,0.9714285714285715,5,single_test_k1,1
31,kid_S,,,,5,single_test_k1,1
31,coverage_S,,,,5,single_test_k1,1
31,sim_S,0.13616524934768676,0.09290305972099304,0.1794274389743805,5,single_test_k1,1
31,sim_T,0.3885179400444031,0.36755200028419494,0.409152752161026,5,single_test_k1,1
31,sim_T_to_S,0.13759591355919837,0.09297528438270093,0.17744228541851043,5,single_test_k1,1
31,ratio_S,1.0125310301780701,0.8397979855537414,1.2026129961013794,5,single_test_k1,1
31,div_gen,0.2178318202495575,0.21199963390827178,0.22181667983531952,5,single_test_k1,1
31,div_T,0.23625852465629577,0.23354542642831802,0.2390304535627365,5,single_test_k1,1
31,div_ratio,0.9224425279411921,0.8863688799678601,0.948159157065397,5,single_test_k1,1
31,hit,1.0,1.0,1.0,5,single_test_k1,1
32,mixture_error,,,,5,single_test_k1,1
32,kid_T,-0.03859337134412577,-0.06310896607548884,-0.008160258128905085,5,single_test_k1,1
32,coverage_T,0.7257142857142858,0.64,0.8,5,single_test_k1,1
32,kid_S,,,,5,single_test_k1,1
32,coverage_S,,,,5,single_test_k1,1
32,sim_S,0.1495647668838501,0.1226544737815857,0.17983879148960114,5,single_test_k1,1
32,sim_T,0.383485871553421,0.3743686616420746,0.39130234718322754,5,single_test_k1,1
32,sim_T_to_S,0.15305230319499968,0.10958386063575745,0.19809876870363943,5,single_test_k1,1
32,ratio_S,1.0380348563194275,0.8459168910980225,1.3018616557121276,5,single_test_k1,1
32,div_gen,0.22021803855895997,0.20357982516288758,0.23525238633155823,5,single_test_k1,1
32,div_T,0.20476897954940795,0.2031281590461731,0.20639670975506305,5,single_test_k1,1
32,div_ratio,1.0752477246877457,1.0001475185541917,1.1437793331729742,5,single_test_k1,1
32,hit,1.0,1.0,1.0,5,single_test_k1,1
33,mixture_error,,,,5,single_test_k1,1
33,kid_T,-0.03778764163228878,-0.05705283428931942,-0.018020055834195504,5,single_test_k1,1
33,coverage_T,0.530232558139535,0.4651162790697675,0.5955813953488373,5,single_test_k1,1
33,kid_S,,,,5,single_test_k1,1
33,coverage_S,,,,5,single_test_k1,1
33,sim_S,0.15862162709236144,0.13177407681941986,0.1780605747550726,5,single_test_k1,1
33,sim_T,0.3499141693115234,0.3346676820516586,0.363648796081543,5,single_test_k1,1
33,sim_T_to_S,0.1681147813796997,0.14713783860206603,0.18078433573246003,5,single_test_k1,1
33,ratio_S,0.9396500945091247,0.8738240838050843,1.0129040241241456,5,single_test_k1,1
33,div_gen,0.18441108465194703,0.17217929363250734,0.19394842386245728,5,single_test_k1,1
33,div_T,0.17760969400405885,0.17638349533081055,0.17858186960220337,5,single_test_k1,1
33,div_ratio,1.0379831265222743,0.9746851729917315,1.091354024485088,5,single_test_k1,1
33,hit,1.0,1.0,1.0,5,single_test_k1,1
34,mixture_error,,,,30,single_test_k1,1
34,kid_T,0.004100229463842453,-0.00859942516286576,0.015210944126791089,30,single_test_k1,1
34,coverage_T,0.5974923449193613,0.5521165290534413,0.6446657458010131,30,single_test_k1,1
34,kid_S,,,,30,single_test_k1,1
34,coverage_S,,,,30,single_test_k1,1
34,sim_S,0.13519343187411625,0.11841254743436973,0.15164249218379458,30,single_test_k1,1
34,sim_T,0.34139761527379353,0.3280945385992527,0.35427953268090884,30,single_test_k1,1
34,sim_T_to_S,0.13689766600728034,0.11926011074334382,0.1523363007356723,30,single_test_k1,1
34,ratio_S,1.0225251416365306,0.961418737868468,1.0910979306697846,30,single_test_k1,1
34,div_gen,0.21126080403725306,0.20234102522333464,0.22071623921394348,30,single_test_k1,1
34,div_T,0.20815774748722712,0.19812871769070625,0.21843970247854788,30,single_test_k1,1
34,div_ratio,1.0271546877714028,0.9757408567136685,1.0720121335399335,30,single_test_k1,1
34,hit,1.0,1.0,1.0,30,single_test_k1,1
35,mixture_error,,,,5,single_test_k1,1
35,kid_T,-0.03995377875880131,-0.061093201317342506,-0.015424734064934498,5,single_test_k1,1
35,coverage_T,0.7043478260869565,0.5955434782608696,0.791304347826087,5,single_test_k1,1
35,kid_S,,,,5,single_test_k1,1
35,coverage_S,,,,5,single_test_k1,1
35,sim_S,0.10307132601737976,0.0810747742652893,0.1217026874423027,5,single_test_k1,1
35,sim_T,0.30068973898887635,0.28685672879219054,0.3138104924559593,5,single_test_k1,1
35,sim_T_to_S,0.1171474277973175,0.08823775947093963,0.14500868916511536,5,single_test_k1,1
35,ratio_S,0.9152361035346985,0.7149717330932617,1.1229054093360902,5,single_test_k1,1
35,div_gen,0.2384513348340988,0.22070780992507935,0.25836885869503023,5,single_test_k1,1
35,div_T,0.24415354132652284,0.24382721215486525,0.24449031949043273,5,single_test_k1,1
35,div_ratio,0.9765657609641455,0.9041533761555774,1.0568653106913877,5,single_test_k1,1
35,hit,1.0,1.0,1.0,5,single_test_k1,1
36,mixture_error,,,,20,single_test_k1,1
36,kid_T,-0.01284154367576571,-0.029188916331696048,0.004831851268889883,20,single_test_k1,1
36,coverage_T,0.612773885626977,0.5539332364128168,0.6732549920879475,20,single_test_k1,1
36,kid_S,,,,20,single_test_k1,1
36,coverage_S,,,,20,single_test_k1,1
36,sim_S,0.08869730138685554,0.07090714453370311,0.10567045171745121,20,single_test_k1,1
36,sim_T,0.33203831911087034,0.31450061671435836,0.3518618900328875,20,single_test_k1,1
36,sim_T_to_S,0.0954792320728302,0.0819134356919676,0.10732495929580181,20,single_test_k1,1
36,ratio_S,0.884795792400837,0.7595218227803707,0.9959835477545856,20,single_test_k1,1
36,div_gen,0.2368697166442871,0.21469023458659647,0.25835190864279867,20,single_test_k1,1
36,div_T,0.228110271692276,0.2118837471306324,0.2448690365254879,20,single_test_k1,1
36,div_ratio,1.0377950591667524,0.9721831223246323,1.0933163499825096,20,single_test_k1,1
36,hit,1.0,1.0,1.0,20,single_test_k1,1
37,mixture_error,,,,5,single_test_k1,1
37,kid_T,0.02307321143500296,-0.0062929256131593865,0.05201535504897223,5,single_test_k1,1
37,coverage_T,0.49767441860465117,0.43255813953488376,0.5488372093023256,5,single_test_k1,1
37,kid_S,,,,5,single_test_k1,1
37,coverage_S,,,,5,single_test_k1,1
37,sim_S,0.1312861770391464,0.10044869184494018,0.15966904163360596,5,single_test_k1,1
37,sim_T,0.31254093050956727,0.2990917801856995,0.3247722864151001,5,single_test_k1,1
37,sim_T_to_S,0.13614966720342636,0.100510473549366,0.16575769186019898,5,single_test_k1,1
37,ratio_S,0.9746032238006592,0.8769328832626343,1.0526084899902344,5,single_test_k1,1
37,div_gen,0.23574058413505555,0.21899862587451935,0.2540448009967804,5,single_test_k1,1
37,div_T,0.22835970520973206,0.22790580689907075,0.2288973569869995,5,single_test_k1,1
37,div_ratio,1.032470631973292,0.9565716090093259,1.1139672108938028,5,single_test_k1,1
37,hit,1.0,1.0,1.0,5,single_test_k1,1
38,mixture_error,,,,5,single_test_k1,1
38,kid_T,0.02911360199502866,-0.0008256446969578372,0.05626081542689647,5,single_test_k1,1
38,coverage_T,0.6380952380952382,0.5523809523809524,0.7238095238095237,5,single_test_k1,1
38,kid_S,,,,5,single_test_k1,1
38,coverage_S,,,,5,single_test_k1,1
38,sim_S,0.0943743024021387,0.05457569472491741,0.12703328281641008,5,single_test_k1,1
38,sim_T,0.30272606015205383,0.2843340776860714,0.3177924692630768,5,single_test_k1,1
38,sim_T_to_S,0.07016641646623611,0.046473684906959536,0.09385914802551269,5,single_test_k1,1
38,ratio_S,1.3369430661201478,1.0044765543937682,1.7135464906692506,5,single_test_k1,1
38,div_gen,0.18775286078453063,0.17735399901866913,0.19895188510417938,5,single_test_k1,1
38,div_T,0.19147611558437347,0.1906040668487549,0.19234816431999208,5,single_test_k1,1
38,div_ratio,0.9804082062418796,0.9276493242452825,1.0376105500521755,5,single_test_k1,1
38,hit,1.0,1.0,1.0,5,single_test_k1,1
39,mixture_error,,,,5,single_test_k1,1
39,kid_T,0.05184887383462637,0.030416872902759094,0.07306117887706023,5,single_test_k1,1
39,coverage_T,0.6153846153846154,0.5378205128205128,0.717948717948718,5,single_test_k1,1
39,kid_S,,,,5,single_test_k1,1
39,coverage_S,,,,5,single_test_k1,1
39,sim_S,0.1591877043247223,0.12200727164745331,0.19546388089656827,5,single_test_k1,1
39,sim_T,0.4198318302631378,0.4097741663455963,0.4304516911506653,5,single_test_k1,1
39,sim_T_to_S,0.16319332271814346,0.12660837918519974,0.18841072916984558,5,single_test_k1,1
39,ratio_S,0.982038152217865,0.850711715221405,1.0910624623298646,5,single_test_k1,1
39,div_gen,0.2656394124031067,0.24720945954322815,0.2820082664489746,5,single_test_k1,1
39,div_T,0.22705104053020478,0.22497182190418244,0.22834542125463486,5,single_test_k1,1
39,div_ratio,1.1705758595565299,1.0839189557919044,1.2543621354954317,5,single_test_k1,1
39,hit,1.0,1.0,1.0,5,single_test_k1,1
40,mixture_error,,,,15,single_test_k1,1
40,kid_T,0.011490045854761514,-0.01748639294325119,0.04202898789644103,15,single_test_k1,1
40,coverage_T,0.7349662470352124,0.6721170862981208,0.7912338076993252,15,single_test_k1,1
40,kid_S,,,,15,single_test_k1,1
40,coverage_S,,,,15,single_test_k1,1
40,sim_S,0.1169060856103897,0.0977611845980088,0.13651118079821267,15,single_test_k1,1
40,sim_T,0.3110214501619339,0.2949978937705358,0.32405304282903674,15,single_test_k1,1
40,sim_T_to_S,0.11646307905515035,0.10143399958809216,0.12955725419024627,15,single_test_k1,1
40,ratio_S,1.0033959031105042,0.9154443583885828,1.1022324615716934,15,single_test_k1,1
40,div_gen,0.17206727464993796,0.1655414208273093,0.17990640334784982,15,single_test_k1,1
40,div_T,0.17832755943139394,0.1712068273872137,0.184807451069355,15,single_test_k1,1
40,div_ratio,0.9669806273314643,0.9308762421683819,0.9999759514287053,15,single_test_k1,1
40,hit,1.0,1.0,1.0,15,single_test_k1,1
41,mixture_error,,,,5,single_test_k1,1
41,kid_T,-0.05802395602527923,-0.0701767238796041,-0.04589039735562401,5,single_test_k1,1
41,coverage_T,0.825,0.73,0.905125,5,single_test_k1,1
41,kid_S,,,,5,single_test_k1,1
41,coverage_S,,,,5,single_test_k1,1
41,sim_S,0.0822343535721302,0.05527872741222382,0.10686264634132385,5,single_test_k1,1
41,sim_T,0.3452398419380188,0.3251133322715759,0.36099212065339087,5,single_test_k1,1
41,sim_T_to_S,0.09587662518024445,0.07052801102399826,0.12122523933649063,5,single_test_k1,1
41,ratio_S,0.8497238159179688,0.7022689342498779,0.9670160430669784,5,single_test_k1,1
41,div_gen,0.2564775347709656,0.24215713143348694,0.2702032443881035,5,single_test_k1,1
41,div_T,0.26363025307655336,0.26252488493919374,0.26481770277023314,5,single_test_k1,1
41,div_ratio,0.9730642922442531,0.9187411064909142,1.026568288537392,5,single_test_k1,1
41,hit,1.0,1.0,1.0,5,single_test_k1,1
42,mixture_error,,,,10,single_test_k1,1
42,kid_T,-0.0001529235361989123,-0.01994083434473882,0.02005237422380483,10,single_test_k1,1
42,coverage_T,0.782170542635659,0.6813968395945139,0.8787522361359569,10,single_test_k1,1
42,kid_S,,,,10,single_test_k1,1
42,coverage_S,,,,10,single_test_k1,1
42,sim_S,0.12294927760958671,0.09488460978493095,0.14704385098069908,10,single_test_k1,1
42,sim_T,0.3168468356132507,0.29946606867015363,0.33695306606590747,10,single_test_k1,1
42,sim_T_to_S,0.1063473753631115,0.08203082342632115,0.12947317249141632,10,single_test_k1,1
42,ratio_S,1.1817514777183533,1.07040084451437,1.2964648616313934,10,single_test_k1,1
42,div_gen,0.24268054813146592,0.23058489371091126,0.2556189912930131,10,single_test_k1,1
42,div_T,0.2594589084386826,0.25698308922350405,0.2616143525391817,10,single_test_k1,1
42,div_ratio,0.9362139602530914,0.8840627969046859,0.9924023287806504,10,single_test_k1,1
42,hit,1.0,1.0,1.0,10,single_test_k1,1
43,mixture_error,,,,20,single_test_k1,1
43,kid_T,0.01662428026697125,0.003273297546377596,0.029491293492420585,20,single_test_k1,1
43,coverage_T,0.5930171447244618,0.5380245325062399,0.6498393322966493,20,single_test_k1,1
43,kid_S,,,,20,single_test_k1,1
43,coverage_S,,,,20,single_test_k1,1
43,sim_S,0.09372533543501049,0.0746840144007001,0.11254275401122868,20,single_test_k1,1
43,sim_T,0.29181665927171707,0.27896041572093966,0.30500714022666214,20,single_test_k1,1
43,sim_T_to_S,0.09637859766371548,0.07706245887558907,0.11489292869577185,20,single_test_k1,1
43,ratio_S,0.9390867121517659,0.7781353165023029,1.0967710160464048,20,single_test_k1,1
43,div_gen,0.2667504273355007,0.2580797455273569,0.2756822548620403,20,single_test_k1,1
43,div_T,0.2595393694937229,0.25405839627608656,0.26571009386330846,20,single_test_k1,1
43,div_ratio,1.0299889451729582,0.9916282309818523,1.0742095103516938,20,single_test_k1,1
43,hit,0.99375,0.984375,1.0,20,single_test_k1,1
44,mixture_error,,,,5,single_test_k1,1
44,kid_T,0.0014615814477746624,-0.016320722525485463,0.021629535361023855,5,single_test_k1,1
44,coverage_T,0.5675675675675675,0.48108108108108105,0.654054054054054,5,single_test_k1,1
44,kid_S,,,,5,single_test_k1,1
44,coverage_S,,,,5,single_test_k1,1
44,sim_S,0.17118262648582458,0.154540354013443,0.19326332509517669,5,single_test_k1,1
44,sim_T,0.35553207993507385,0.34680100083351134,0.3639693558216095,5,single_test_k1,1
44,sim_T_to_S,0.162046480178833,0.14572306871414184,0.18081084191799163,5,single_test_k1,1
44,ratio_S,1.0635854601860046,0.955636179447174,1.1810916304588317,5,single_test_k1,1
44,div_gen,0.1354478344321251,0.12256556898355483,0.1445693904161453,5,single_test_k1,1
44,div_T,0.12409590184688568,0.12241600453853607,0.12534733414649962,5,single_test_k1,1
44,div_ratio,1.0919952112119709,0.9786896426877446,1.1766827575125367,5,single_test_k1,1
44,hit,1.0,1.0,1.0,5,single_test_k1,1
45,mixture_error,,,,20,single_test_k1,1
45,kid_T,-0.017429548896554438,-0.033180543759887327,-0.0006503162283241063,20,single_test_k1,1
45,coverage_T,0.7027408460174827,0.6552148855370132,0.7528615619332885,20,single_test_k1,1
45,kid_S,,,,20,single_test_k1,1
45,coverage_S,,,,20,single_test_k1,1
45,sim_S,0.14584760814905168,0.1273091280180961,0.1654956407751888,20,single_test_k1,1
45,sim_T,0.3512366831302643,0.33443845532834526,0.36846777666360137,20,single_test_k1,1
45,sim_T_to_S,0.14895851872861385,0.1366871155425906,0.1606631655804813,20,single_test_k1,1
45,ratio_S,0.9762903213500976,0.8972105411440134,1.0563865921646356,20,single_test_k1,1
45,div_gen,0.1937023751437664,0.17956487013027073,0.20797268681228162,20,single_test_k1,1
45,div_T,0.19944766014814377,0.1911865073814988,0.2070531772635877,20,single_test_k1,1
45,div_ratio,0.972083202928158,0.9099676783815288,1.0346964541705956,20,single_test_k1,1
45,hit,1.0,1.0,1.0,20,single_test_k1,1
46,mixture_error,,,,10,single_test_k1,1
46,kid_T,-0.034885526182339886,-0.05519342791475694,-0.009714867449601983,10,single_test_k1,1
46,coverage_T,0.5901330376940133,0.5451635254988912,0.6366421840354767,10,single_test_k1,1
46,kid_S,,,,10,single_test_k1,1
46,coverage_S,,,,10,single_test_k1,1
46,sim_S,0.10273871910758317,0.06776950547238812,0.13476554488763212,10,single_test_k1,1
46,sim_T,0.32167371809482576,0.3126293510198593,0.33041714802384375,10,single_test_k1,1
46,sim_T_to_S,0.10315160043537616,0.07405040418729186,0.12955045230686665,10,single_test_k1,1
46,ratio_S,0.8864727571606636,0.7070437484234571,1.045454644113779,10,single_test_k1,1
46,div_gen,0.25598506182432174,0.23809014663100242,0.2769618437439203,10,single_test_k1,1
46,div_T,0.23874293714761735,0.21737963858991863,0.2603919007256627,10,single_test_k1,1
46,div_ratio,1.0781993748062715,1.0344105637440566,1.1185847602232655,10,single_test_k1,1
46,hit,1.0,1.0,1.0,10,single_test_k1,1
47,mixture_error,,,,15,single_test_k1,1
47,kid_T,0.0011828734501076355,-0.01606520673997081,0.02021336428724517,15,single_test_k1,1
47,coverage_T,0.6076262626262626,0.5523306277056277,0.6638703102453102,15,single_test_k1,1
47,kid_S,,,,15,single_test_k1,1
47,coverage_S,,,,15,single_test_k1,1
47,sim_S,0.11678788214921951,0.0992804095397393,0.13791980625440675,15,single_test_k1,1
47,sim_T,0.3224024673302968,0.3155154625078042,0.3293432309726874,15,single_test_k1,1
47,sim_T_to_S,0.1246632936100165,0.10325913844009241,0.14723978526269393,15,single_test_k1,1
47,ratio_S,0.9742954889933269,0.8697812053561211,1.0907313867410022,15,single_test_k1,1
47,div_gen,0.21945965985457103,0.21244784702857336,0.22672575968007247,15,single_test_k1,1
47,div_T,0.21124192873636882,0.19954545776049296,0.22122587256133555,15,single_test_k1,1
47,div_ratio,1.0466172418083561,1.0004423347275848,1.1001729041924386,15,single_test_k1,1
47,hit,1.0,1.0,1.0,15,single_test_k1,1
48,mixture_error,,,,5,single_test_k1,1
48,kid_T,-0.030031134339212073,-0.0541315793027796,-0.005195081584466266,5,single_test_k1,1
48,coverage_T,0.6410256410256411,0.6051282051282052,0.6923076923076923,5,single_test_k1,1
48,kid_S,,,,5,single_test_k1,1
48,coverage_S,,,,5,single_test_k1,1
48,sim_S,0.12041464298963547,0.0955471619963646,0.1464644491672516,5,single_test_k1,1
48,sim_T,0.3265230357646942,0.30535335540771485,0.34119555220007897,5,single_test_k1,1
48,sim_T_to_S,0.11565941870212555,0.08172773569822311,0.15361135601997375,5,single_test_k1,1
48,ratio_S,1.1339462280273438,0.8107362031936646,1.4256358802318572,5,single_test_k1,1
48,div_gen,0.20816959142684938,0.19394815467298032,0.2222251921892166,5,single_test_k1,1
48,div_T,0.19811268746852875,0.1973257599025965,0.19888010919094085,5,single_test_k1,1
48,div_ratio,1.0510410307605067,0.9750498356723888,1.123978595625156,5,single_test_k1,1
48,hit,1.0,1.0,1.0,5,single_test_k1,1
macro,mixture_error,,,,49,single_test_k1,1
macro,kid_T,-0.0027524425673366507,-0.005744527756553891,9.383389509528318e-05,49,single_test_k1,1
macro,coverage_T,0.6526273666869963,0.6440657732618089,0.6614499162645561,49,single_test_k1,1
macro,kid_S,,,,49,single_test_k1,1
macro,coverage_S,,,,49,single_test_k1,1
macro,sim_S,0.13270748135686933,0.12920606987647903,0.13620398232165415,49,single_test_k1,1
macro,sim_T,0.3437920469728707,0.3416385635436998,0.3459474274974131,49,single_test_k1,1
macro,sim_T_to_S,0.13429560517961048,0.13119678579521302,0.13766831148572026,49,single_test_k1,1
macro,ratio_S,1.000885543317215,0.981699265468386,1.0196014403944316,49,single_test_k1,1
macro,div_gen,0.21568968898949062,0.2140671205443361,0.21731012957677653,49,single_test_k1,1
macro,div_T,0.211348838395284,0.21024970446924623,0.21236389986342138,49,single_test_k1,1
macro,div_ratio,1.0270655592180435,1.018774879956837,1.034939571718004,49,single_test_k1,1
macro,hit,0.999813579277865,0.9996218848116168,0.9999607535321821,49,single_test_k1,1
0,mixture_error,,,,5,single_test_k10,10
0,kid_T,0.00881106874597819,-0.028312868807703832,0.04072919626675535,5,single_test_k10,10
0,coverage_T,0.5882352941176471,0.4764705882352941,0.6764705882352942,5,single_test_k10,10
0,kid_S,-9.125257088626881e-06,-0.058577913671737036,0.05781345619619813,5,single_test_k10,10
0,coverage_S,0.9400000000000001,0.8799999999999999,1.0,5,single_test_k10,10
0,sim_S,0.297844272851944,0.2791532896459103,0.3156839606165886,5,single_test_k10,10
0,sim_T,0.3464284598827362,0.3368815779685974,0.355975341796875,5,single_test_k10,10
0,sim_T_to_S,0.30409650802612304,0.29752195790410046,0.30891786217689515,5,single_test_k10,10
0,ratio_S,0.9801520466804504,0.9126438856124878,1.0469380617141724,5,single_test_k10,10
0,div_gen,0.24103820323944092,0.23723458327353,0.24475846588611602,5,single_test_k10,10
0,div_T,0.24580129086971284,0.23984937369823456,0.2511760205030441,5,single_test_k10,10
0,div_ratio,0.9817030999181846,0.9513065836146906,1.0204444622002107,5,single_test_k10,10
0,hit,1.0,1.0,1.0,5,single_test_k10,10
1,mixture_error,,,,30,single_test_k10,10
1,kid_T,0.012851048608715547,-0.0012689210785666678,0.02886126083420057,30,single_test_k10,10
1,coverage_T,0.7419261495018165,0.6912004423165115,0.7905192457121358,30,single_test_k10,10
1,kid_S,-0.012023755247022016,-0.04076545169160349,0.02000621296053702,30,single_test_k10,10
1,coverage_S,0.9566666666666667,0.9099999999999999,0.9866666666666666,30,single_test_k10,10
1,sim_S,0.27495320737361906,0.2631642554203669,0.28709635290006796,30,single_test_k10,10
1,sim_T,0.32799438883860904,0.3157759970674912,0.34107039734721184,30,single_test_k10,10
1,sim_T_to_S,0.2688556000590324,0.25713824334243934,0.28102687423427897,30,single_test_k10,10
1,ratio_S,1.0282367825508119,0.9884705174962679,1.0714965951442719,30,single_test_k10,10
1,div_gen,0.2067739297946294,0.1989316171904405,0.21431399387617908,30,single_test_k10,10
1,div_T,0.20460245509942374,0.19513695678363244,0.21334652697046597,30,single_test_k10,10
1,div_ratio,1.0184174646573139,0.9796996207140023,1.056776068674379,30,single_test_k10,10
1,hit,1.0,1.0,1.0,30,single_test_k10,10
2,mixture_error,,,,20,single_test_k10,10
2,kid_T,0.0005372169786174829,-0.023232339578851496,0.023249462037900695,20,single_test_k10,10
2,coverage_T,0.7683528870485392,0.7018888601334254,0.829551601679319,20,single_test_k10,10
2,kid_S,-0.020136059122192674,-0.04488151379953583,0.004210197872930189,20,single_test_k10,10
2,coverage_S,0.985,0.9600000000000002,1.0,20,single_test_k10,10
2,sim_S,0.27525719702243806,0.2594697349704802,0.2911673947237432,20,single_test_k10,10
2,sim_T,0.34204029887914655,0.325905259847641,0.36081293888390065,20,single_test_k10,10
2,sim_T_to_S,0.27500560507178307,0.2593190169893205,0.2921051884442568,20,single_test_k10,10
2,ratio_S,1.0080101877450942,0.9614958702027797,1.0631530698388814,20,single_test_k10,10
2,div_gen,0.19532462507486342,0.18856572544202208,0.20206472747027873,20,single_test_k10,10
2,div_T,0.20346166342496871,0.19277927324175836,0.21295936103910207,20,single_test_k10,10
2,div_ratio,0.9762997966799813,0.9058213980658552,1.0443466469847067,20,single_test_k10,10
2,hit,1.0,1.0,1.0,20,single_test_k10,10
3,mixture_error,,,,65,single_test_k10,10
3,kid_T,0.009536795923442434,-0.00046319069095169824,0.019939395432797585,65,single_test_k10,10
3,coverage_T,0.7235497279448676,0.6830788526214342,0.7609533294327293,65,single_test_k10,10
3,kid_S,-0.006261720682312754,-0.023634856591394728,0.015614888500491182,65,single_test_k10,10
3,coverage_S,0.9584615384615383,0.929230769230769,0.9799999999999999,65,single_test_k10,10
3,sim_S,0.276005708025052,0.2675159806242356,0.2843203646001907,65,single_test_k10,10
3,sim_T,0.3283349917485164,0.321121733796138,0.33547980770468716,65,single_test_k10,10
3,sim_T_to_S,0.2709758325265004,0.26231952851208357,0.2796206858181036,65,single_test_k10,10
3,ratio_S,1.0233134077145503,1.0032295443002994,1.0443068977044179,65,single_test_k10,10
3,div_gen,0.20001614093780518,0.1935402839516218,0.2070442285617957,65,single_test_k10,10
3,div_T,0.20269214602617117,0.1970217368751764,0.20828766012994143,65,single_test_k10,10
3,div_ratio,0.9925154379087233,0.9609538398642822,1.024235312016579,65,single_test_k10,10
3,hit,1.0,1.0,1.0,65,single_test_k10,10
4,mixture_error,,,,65,single_test_k10,10
4,kid_T,0.0030991953327980325,-0.005600744796575409,0.011951915404842363,65,single_test_k10,10
4,coverage_T,0.7628774356409802,0.7301847265623969,0.7977562794699465,65,single_test_k10,10
4,kid_S,-0.010148966144843011,-0.029851885577623832,0.009066830995045107,65,single_test_k10,10
4,coverage_S,0.9846153846153846,0.9723076923076922,0.9953846153846152,65,single_test_k10,10
4,sim_S,0.27454581008507656,0.2668921461529457,0.282778741596983,65,single_test_k10,10
4,sim_T,0.33307299889050995,0.32353323251008986,0.34260812896948595,65,single_test_k10,10
4,sim_T_to_S,0.273186647433501,0.2634003863311731,0.28305270160620033,65,single_test_k10,10
4,ratio_S,1.0149107657946073,0.9861397243463076,1.0440422285061617,65,single_test_k10,10
4,div_gen,0.19719193256818332,0.18876558545117195,0.20681157513306692,65,single_test_k10,10
4,div_T,0.19898515022717989,0.19259280191018033,0.2052509001527841,65,single_test_k10,10
4,div_ratio,0.9950917161299211,0.9583443364650919,1.034081744132444,65,single_test_k10,10
4,hit,1.0,1.0,1.0,65,single_test_k10,10
5,mixture_error,,,,25,single_test_k10,10
5,kid_T,0.016687075357530078,-0.0029726319951282696,0.03794613561798873,25,single_test_k10,10
5,coverage_T,0.7645180207099246,0.7065902614427051,0.8132335226093246,25,single_test_k10,10
5,kid_S,0.014642459610964949,-0.024546421571321204,0.05840169268078872,25,single_test_k10,10
5,coverage_S,0.9519999999999998,0.904,0.9839999999999999,25,single_test_k10,10
5,sim_S,0.266983802318573,0.258662504196167,0.27505602696537973,25,single_test_k10,10
5,sim_T,0.3285398197174072,0.31892461025714874,0.33902748668193816,25,single_test_k10,10
5,sim_T_to_S,0.2734628540277481,0.2614906570911408,0.2856025626659393,25,single_test_k10,10
5,ratio_S,0.9866096091270447,0.947111910879612,1.0272828395366669,25,single_test_k10,10
5,div_gen,0.1854995620250702,0.17539662346243856,0.19657877434790136,25,single_test_k10,10
5,div_T,0.19050842881202698,0.17949114367365837,0.2020963696539402,25,single_test_k10,10
5,div_ratio,0.9840174615438881,0.9407662407406348,1.0268037617837895,25,single_test_k10,10
5,hit,1.0,1.0,1.0,25,single_test_k10,10
6,mixture_error,,,,10,single_test_k10,10
6,kid_T,-0.009338203332774242,-0.040011641461079946,0.020654446793884198,10,single_test_k10,10
6,coverage_T,0.785,0.7166249999999998,0.8483333333333333,10,single_test_k10,10
6,kid_S,-0.018778909607693885,-0.06263840544758481,0.0426976904350674,10,single_test_k10,10
6,coverage_S,0.9800000000000001,0.9500000000000002,1.0,10,single_test_k10,10
6,sim_S,0.26548277884721755,0.24365128982812168,0.2879495470970869,10,single_test_k10,10
6,sim_T,0.28973930776119233,0.274054763764143,0.3060189477354288,10,single_test_k10,10
6,sim_T_to_S,0.2573881343007088,0.24641759634017946,0.26932094641029836,10,single_test_k10,10
6,ratio_S,1.0297243535518645,0.9723029977083206,1.0892110404372215,10,single_test_k10,10
6,div_gen,0.19057184755802153,0.17580682151019575,0.20543857287615536,10,single_test_k10,10
6,div_T,0.16744827777147292,0.15490195814520122,0.17982193812727928,10,single_test_k10,10
6,div_ratio,1.1424472719316514,1.080468397898831,1.2079165745954445,10,single_test_k10,10
6,hit,1.0,1.0,1.0,10,single_test_k10,10
7,mixture_error,,,,20,single_test_k10,10
7,kid_T,-0.02411653321402065,-0.04363825379841443,-0.0005614008002752663,20,single_test_k10,10
7,coverage_T,0.7974354838709676,0.7621283266129032,0.8324334793734491,20,single_test_k10,10
7,kid_S,0.0024622358466247717,-0.03286404097154642,0.04260452405714319,20,single_test_k10,10
7,coverage_S,0.95,0.905,0.985,20,single_test_k10,10
7,sim_S,0.27669919058680537,0.2641959881596267,0.28961623199284076,20,single_test_k10,10
7,sim_T,0.34281451553106307,0.33041125163435936,0.35402080059051516,20,single_test_k10,10
7,sim_T_to_S,0.27178949639201166,0.26305567145347597,0.2802108057402074,20,single_test_k10,10
7,ratio_S,1.023204079270363,0.9680480496585369,1.0812492206692694,20,single_test_k10,10
7,div_gen,0.2186087876558304,0.21075187383219599,0.2258343362621963,20,single_test_k10,10
7,div_T,0.21676953956484796,0.2032811205089092,0.23051325296983124,20,single_test_k10,10
7,div_ratio,1.022371984251949,0.9743267929615416,1.070335679851743,20,single_test_k10,10
7,hit,1.0,1.0,1.0,20,single_test_k10,10
8,mixture_error,,,,15,single_test_k10,10
8,kid_T,0.02141975728303661,-0.005988723417221895,0.051675071526715036,15,single_test_k10,10
8,coverage_T,0.6542971220746363,0.5909926470588236,0.7139218651170144,15,single_test_k10,10
8,kid_S,0.0019129430049288725,-0.02998547509226824,0.036618587668675616,15,single_test_k10,10
8,coverage_S,0.9266666666666669,0.8733333333333333,0.9733333333333334,15,single_test_k10,10
8,sim_S,0.2737480978171031,0.264930453846852,0.28208495969573655,15,single_test_k10,10
8,sim_T,0.32444606026013695,0.3130105080207189,0.3355020675559839,15,single_test_k10,10
8,sim_T_to_S,0.26850566565990447,0.26105917995174727,0.27573228913048903,15,single_test_k10,10
8,ratio_S,1.0220926562945047,0.9791157812873522,1.0626941602428754,15,single_test_k10,10
8,div_gen,0.21740283370018004,0.2067965346823136,0.22769570777813594,15,single_test_k10,10
8,div_T,0.19839325646559397,0.18786764274040857,0.20987785456081232,15,single_test_k10,10
8,div_ratio,1.10047103136681,1.0550496627681727,1.1473833521268606,15,single_test_k10,10
8,hit,1.0,1.0,1.0,15,single_test_k10,10
9,mixture_error,,,,110,single_test_k10,10
9,kid_T,0.005880168587819041,-0.0045989498726319725,0.01693736502387972,110,single_test_k10,10
9,coverage_T,0.7536553882587798,0.7266450433726412,0.782138124016279,110,single_test_k10,10
9,kid_S,0.011908626476786583,-0.006272905538523193,0.030552971965276,110,single_test_k10,10
9,coverage_S,0.9618181818181825,0.9472727272727277,0.973636363636364,110,single_test_k10,10
9,sim_S,0.27235007692467084,0.26597261902283537,0.2785077133639292,110,single_test_k10,10
9,sim_T,0.3260579111901197,0.3199137159843336,0.33218737027861855,110,single_test_k10,10
9,sim_T_to_S,0.2733388199047609,0.2673821320283142,0.2794033471969041,110,single_test_k10,10
9,ratio_S,1.0004885185848582,0.9819558695229618,1.0184034956720742,110,single_test_k10,10
9,div_gen,0.21554791642860932,0.21036192520436917,0.22040656569667838,110,single_test_k10,10
9,div_T,0.21147807822986084,0.20672260086644778,0.21627677524631675,110,single_test_k10,10
9,div_ratio,1.0271866391758775,1.001362552123317,1.0495180456609379,110,single_test_k10,10
9,hit,1.0,1.0,1.0,110,single_test_k10,10
10,mixture_error,,,,30,single_test_k10,10
10,kid_T,-0.008896969468234595,-0.02767358032977994,0.012374193618468402,30,single_test_k10,10
10,coverage_T,0.7347135515556571,0.682214889074538,0.7832746386167441,30,single_test_k10,10
10,kid_S,-0.03282554617517744,-0.055802125478676155,-0.007080191163682224,30,single_test_k10,10
10,coverage_S,0.97,0.9499999999999998,0.9866666666666667,30,single_test_k10,10
10,sim_S,0.25361878673235577,0.24609733132024608,0.26026952703793843,30,single_test_k10,10
10,sim_T,0.3136482765277227,0.3053610809147358,0.3218960726757844,30,single_test_k10,10
10,sim_T_to_S,0.25379109581311543,0.2474897481749455,0.25961014845718944,30,single_test_k10,10
10,ratio_S,1.0017279088497162,0.973352784216404,1.030977548311154,30,single_test_k10,10
10,div_gen,0.23235628257195154,0.22654832463711502,0.2387214178343614,30,single_test_k10,10
10,div_T,0.22472885698080064,0.2174082523336013,0.23166644523541133,30,single_test_k10,10
10,div_ratio,1.0445428666317764,0.9962205577829646,1.0954406718843195,30,single_test_k10,10
10,hit,1.0,1.0,1.0,30,single_test_k10,10
11,mixture_error,,,,5,single_test_k10,10
11,kid_T,-0.008600230931008212,-0.023385402011227185,0.009642893422276444,5,single_test_k10,10
11,coverage_T,0.5028571428571429,0.4171428571428571,0.6057142857142856,5,single_test_k10,10
11,kid_S,0.025419330052456602,-0.037198039234658746,0.11096627956827866,5,single_test_k10,10
11,coverage_S,0.8800000000000001,0.82,0.96,5,single_test_k10,10
11,sim_S,0.2508928745985031,0.2370638207346201,0.26508405610919,5,single_test_k10,10
11,sim_T,0.2954511046409607,0.2810701370239258,0.3089851360023022,5,single_test_k10,10
11,sim_T_to_S,0.24793459475040436,0.24024257063865662,0.25563098296523096,5,single_test_k10,10
11,ratio_S,1.0138867378234864,0.9447510242462158,1.083022451400757,5,single_test_k10,10
11,div_gen,0.26983795166015623,0.26437588930130007,0.2736845605075359,5,single_test_k10,10
11,div_T,0.2563855588436127,0.25172073870897294,0.26104365587234496,5,single_test_k10,10
11,div_ratio,1.0527086433188189,1.0353995692825333,1.070422984804111,5,single_test_k10,10
11,hit,1.0,1.0,1.0,5,single_test_k10,10
12,mixture_error,,,,65,single_test_k10,10
12,kid_T,-0.00404327763358836,-0.012761163984326682,0.004511162690068815,65,single_test_k10,10
12,coverage_T,0.6734713125068421,0.6333560837631619,0.7114659209897114,65,single_test_k10,10
12,kid_S,0.002066656637748565,-0.015240511672327739,0.021330642391823258,65,single_test_k10,10
12,coverage_S,0.949230769230769,0.9292307692307687,0.9676923076923074,65,single_test_k10,10
12,sim_S,0.2732035932632593,0.26614442187433063,0.28089202971412586,65,single_test_k10,10
12,sim_T,0.3371422873093532,0.3308763637336401,0.3449139854311943,65,single_test_k10,10
12,sim_T_to_S,0.27006667164655834,0.26419713493723135,0.2765379534203273,65,single_test_k10,10
12,ratio_S,1.012491721373338,0.9920006958796428,1.0322977121976706,65,single_test_k10,10
12,div_gen,0.21086030762929184,0.20363660585994903,0.21781784328130577,65,single_test_k10,10
12,div_T,0.2082024592619676,0.2020495285380345,0.21419162054474536,65,single_test_k10,10
12,div_ratio,1.0213097735705958,0.9864525056585701,1.0567277909318993,65,single_test_k10,10
12,hit,1.0,1.0,1.0,65,single_test_k10,10
13,mixture_error,,,,5,single_test_k10,10
13,kid_T,0.004919618051792085,-0.02608566026706107,0.03592489637064524,5,single_test_k10,10
13,coverage_T,0.861111111111111,0.7333333333333333,0.9722222222222223,5,single_test_k10,10
13,kid_S,-0.058690179942414746,-0.08748839627368277,-0.02989196361114672,5,single_test_k10,10
13,coverage_S,0.9800000000000001,0.9400000000000001,1.0,5,single_test_k10,10
13,sim_S,0.23749543726444244,0.22935912609100342,0.24563174843788146,5,single_test_k10,10
13,sim_T,0.2691873013973236,0.26013887524604795,0.27821733951568606,5,single_test_k10,10
13,sim_T_to_S,0.22953925132751465,0.22148300111293792,0.23759550154209136,5,single_test_k10,10
13,ratio_S,1.0349652767181396,1.0151225566864013,1.0547636032104493,5,single_test_k10,10
13,div_gen,0.21085705161094664,0.20029740676283836,0.22223857641220093,5,single_test_k10,10
13,div_T,0.23825861811637877,0.23549543917179108,0.24137647747993468,5,single_test_k10,10
13,div_ratio,0.8846529827724219,0.8434624547079386,0.9258435108369051,5,single_test_k10,10
13,hit,1.0,1.0,1.0,5,single_test_k10,10
14,mixture_error,,,,10,single_test_k10,10
14,kid_T,0.01764509765682796,-0.006500169575989067,0.0434996399269051,10,single_test_k10,10
14,coverage_T,0.8222506393861894,0.7434462915601021,0.8977109974424552,10,single_test_k10,10
14,kid_S,0.022502195923433988,-0.01881426095480884,0.05619931849099991,10,single_test_k10,10
14,coverage_S,0.9099999999999999,0.8099999999999999,1.0,10,single_test_k10,10
14,sim_S,0.3093093246221542,0.29510374054312705,0.3260992199927568,10,single_test_k10,10
14,sim_T,0.35331478118896487,0.3405644575506449,0.3647413397580385,10,single_test_k10,10
14,sim_T_to_S,0.3127452224493027,0.3047234931588173,0.32150139793753624,10,single_test_k10,10
14,ratio_S,0.9913187801837922,0.936256332397461,1.0504343983530997,10,single_test_k10,10
14,div_gen,0.18332569301128387,0.17641278754919767,0.18989272113889455,10,single_test_k10,10
14,div_T,0.16854436844587325,0.15969077073037624,0.17807984959334136,10,single_test_k10,10
14,div_ratio,1.095847522787267,1.029626427408562,1.1693532761255685,10,single_test_k10,10
14,hit,1.0,1.0,1.0,10,single_test_k10,10
15,mixture_error,,,,20,single_test_k10,10
15,kid_T,-0.008548281737211828,-0.023473640159183348,0.007971156344817017,20,single_test_k10,10
15,coverage_T,0.7035519293924467,0.650102704228243,0.7554633107553367,20,single_test_k10,10
15,kid_S,-0.012163684687745402,-0.03709952221076028,0.013309388677905815,20,single_test_k10,10
15,coverage_S,0.9650000000000001,0.9099999999999999,1.0,20,single_test_k10,10
15,sim_S,0.2781794913113117,0.2618325141072273,0.29331716453656553,20,single_test_k10,10
15,sim_T,0.3337508201599121,0.31885567966848616,0.34938616428524255,20,single_test_k10,10
15,sim_T_to_S,0.2856355056166649,0.2761222446337342,0.2956857973709702,20,single_test_k10,10
15,ratio_S,0.9764466792345047,0.9200295129418373,1.0331468342989683,20,single_test_k10,10
15,div_gen,0.1797215074300766,0.16295783556997775,0.19929416758939622,20,single_test_k10,10
15,div_T,0.15955289267003536,0.1494348409026861,0.17056651283055543,20,single_test_k10,10
15,div_ratio,1.1278334783252748,1.0514056417611133,1.2035058458686523,20,single_test_k10,10
15,hit,1.0,1.0,1.0,20,single_test_k10,10
16,mixture_error,,,,5,single_test_k10,10
16,kid_T,-0.024284481570817817,-0.05329402414748686,0.00495523791239166,5,single_test_k10,10
16,coverage_T,0.7939393939393941,0.7212121212121212,0.8484848484848484,5,single_test_k10,10
16,kid_S,0.0004604476958643744,-0.06563898455426483,0.06655987994599358,5,single_test_k10,10
16,coverage_S,0.9800000000000001,0.9400000000000001,1.0,5,single_test_k10,10
16,sim_S,0.24653240144252778,0.23454542458057404,0.25849735736846924,5,single_test_k10,10
16,sim_T,0.31522220373153687,0.30613758563995364,0.3248091220855713,5,single_test_k10,10
16,sim_T_to_S,0.24801672995090485,0.24338773488998414,0.25232474975287916,5,single_test_k10,10
16,ratio_S,0.9946235299110413,0.9414901614189148,1.0483273267745972,5,single_test_k10,10
16,div_gen,0.2137284129858017,0.20114547610282899,0.22621118724346162,5,single_test_k10,10
16,div_T,0.219692599773407,0.21612912118434907,0.2224981427192688,5,single_test_k10,10
16,div_ratio,0.9724786952157297,0.9192034232881825,1.0271100996884008,5,single_test_k10,10
16,hit,1.0,1.0,1.0,5,single_test_k10,10
17,mixture_error,,,,55,single_test_k10,10
17,kid_T,-0.008753227628888282,-0.017896956545672534,0.0006742028248560135,55,single_test_k10,10
17,coverage_T,0.7014795523351677,0.6663310514384667,0.7337594261304152,55,single_test_k10,10
17,kid_S,-0.01436364337280913,-0.029650004247850872,0.0023152803530285646,55,single_test_k10,10
17,coverage_S,0.9563636363636361,0.9327272727272724,0.9763636363636362,55,single_test_k10,10
17,sim_S,0.26822824044661087,0.25716666472229094,0.27822661609812216,55,single_test_k10,10
17,sim_T,0.3268364760008725,0.3154065829515457,0.336568345928734,55,single_test_k10,10
17,sim_T_to_S,0.26455100259997627,0.2559284992041913,0.2731966731087728,55,single_test_k10,10
17,ratio_S,1.0137846697460522,0.9898192870345983,1.037896213260564,55,single_test_k10,10
17,div_gen,0.21576595794070852,0.20996942817487502,0.2224099296737801,55,single_test_k10,10
17,div_T,0.2170889131047509,0.21159175521270795,0.2227213681827892,55,single_test_k10,10
17,div_ratio,0.9994324915082629,0.9713506153450354,1.029628415817965,55,single_test_k10,10
17,hit,1.0,1.0,1.0,55,single_test_k10,10
18,mixture_error,,,,25,single_test_k10,10
18,kid_T,0.016557105573402352,-0.0033617289131961953,0.03908009912564352,25,single_test_k10,10
18,coverage_T,0.7043285022574101,0.6639372648531047,0.7434717414774585,25,single_test_k10,10
18,kid_S,0.007247935738898903,-0.019159075435249247,0.03666950380700546,25,single_test_k10,10
18,coverage_S,0.9760000000000001,0.9520000000000001,1.0,25,single_test_k10,10
18,sim_S,0.2768755304813385,0.26438902395963665,0.29034320047497747,25,single_test_k10,10
18,sim_T,0.35021633028984067,0.3336498631238937,0.36949937948584555,25,single_test_k10,10
18,sim_T_to_S,0.27682207226753236,0.27153943982720374,0.2825624136328697,25,single_test_k10,10
18,ratio_S,0.999912748336792,0.9602291534543038,1.0443135125041008,25,single_test_k10,10
18,div_gen,0.2379222458600998,0.22795551908016207,0.24762216483056543,25,single_test_k10,10
18,div_T,0.2213537347316742,0.2181015876531601,0.22470013058185578,25,single_test_k10,10
18,div_ratio,1.0750957851562994,1.0351471007214348,1.1167028747562875,25,single_test_k10,10
18,hit,1.0,1.0,1.0,25,single_test_k10,10
19,mixture_error,,,,5,single_test_k10,10
19,kid_T,-0.018536877982015552,-0.045313130805679336,0.0028064076103216707,5,single_test_k10,10
19,coverage_T,0.7176470588235294,0.6470588235294118,0.7823529411764705,5,single_test_k10,10
19,kid_S,-0.005296716601790053,-0.07753016052946507,0.06298130186985773,5,single_test_k10,10
19,coverage_S,1.0,1.0,1.0,5,single_test_k10,10
19,sim_S,0.29657967686653136,0.2727710008621216,0.3230361521244049,5,single_test_k10,10
19,sim_T,0.33876062631607057,0.3283149540424347,0.35332892537117006,5,single_test_k10,10
19,sim_T_to_S,0.27954426407814026,0.271700257062912,0.2850848972797394,5,single_test_k10,10
19,ratio_S,1.0628262042999268,0.9636162042617797,1.1620362043380736,5,single_test_k10,10
19,div_gen,0.21230958700180053,0.19828132174909116,0.22464859783649443,5,single_test_k10,10
19,div_T,0.23590303659439088,0.2271175503730774,0.2444376304000616,5,single_test_k10,10
19,div_ratio,0.90105135551877,0.8380413371427611,0.964061373894779,5,single_test_k10,10
19,hit,1.0,1.0,1.0,5,single_test_k10,10
20,mixture_error,,,,10,single_test_k10,10
20,kid_T,-0.013869075396289432,-0.04238353865703933,0.01743632936666643,10,single_test_k10,10
20,coverage_T,0.677801724137931,0.6072198275862069,0.7606761853448276,10,single_test_k10,10
20,kid_S,-0.0025000868850408864,-0.059368350344068815,0.08372305776750015,10,single_test_k10,10
20,coverage_S,0.93,0.8699999999999999,0.9800000000000001,10,single_test_k10,10
20,sim_S,0.28136237114667895,0.2671340236440301,0.2970560846477747,10,single_test_k10,10
20,sim_T,0.3313740253448486,0.31106917589902877,0.3544420427829027,10,single_test_k10,10
20,sim_T_to_S,0.28999252021312716,0.2816759139299393,0.29779038846492767,10,single_test_k10,10
20,ratio_S,0.9716650366783142,0.9200027774274349,1.0284345185756683,10,single_test_k10,10
20,div_gen,0.25722099244594576,0.24875114504247905,0.26551919478923086,10,single_test_k10,10
20,div_T,0.22435421198606492,0.21985952701419592,0.22907974638044834,10,single_test_k10,10
20,div_ratio,1.148639253464813,1.0934459666793144,1.2016652632578098,10,single_test_k10,10
20,hit,1.0,1.0,1.0,10,single_test_k10,10
21,mixture_error,,,,15,single_test_k10,10
21,kid_T,-0.0043809861641114145,-0.03161485135556671,0.02599828099515531,15,single_test_k10,10
21,coverage_T,0.6029342960613626,0.5142570348876442,0.6988204051105563,15,single_test_k10,10
21,kid_S,0.011185759549317827,-0.024199196522419586,0.05082722412211246,15,single_test_k10,10
21,coverage_S,0.9466666666666669,0.9133333333333336,0.9733333333333334,15,single_test_k10,10
21,sim_S,0.2797861933708191,0.2648825937509537,0.2944504753748576,15,single_test_k10,10
21,sim_T,0.34203516046206156,0.32647159313162166,0.359443563024203,15,single_test_k10,10
21,sim_T_to_S,0.27090469499429065,0.264687329630057,0.277589066773653,15,single_test_k10,10
21,ratio_S,1.0336642225583395,0.9823877754807473,1.0851417626937232,15,single_test_k10,10
21,div_gen,0.2372132291396459,0.2248310959090789,0.24822491799791654,15,single_test_k10,10
21,div_T,0.21970078945159913,0.21638948306441308,0.2228213831782341,15,single_test_k10,10
21,div_ratio,1.079270275665928,1.0277591400936164,1.127127484815931,15,single_test_k10,10
21,hit,1.0,1.0,1.0,15,single_test_k10,10
22,mixture_error,,,,55,single_test_k10,10
22,kid_T,0.03374695534125003,0.01622350896162466,0.05067865624289004,55,single_test_k10,10
22,coverage_T,0.6845602208892885,0.6506958421633482,0.7197811527436238,55,single_test_k10,10
22,kid_S,0.026626330188836984,-0.0011400333688215164,0.05539981591419152,55,single_test_k10,10
22,coverage_S,0.9509090909090908,0.9199999999999999,0.9781818181818182,55,single_test_k10,10
22,sim_S,0.2669819311662154,0.25918615685945207,0.2752142898941582,55,single_test_k10,10
22,sim_T,0.31632028167898,0.31019346162676814,0.3233430694856427,55,single_test_k10,10
22,sim_T_to_S,0.2682774248448285,0.2598000296273015,0.27681651910597627,55,single_test_k10,10
22,ratio_S,0.9998438390818509,0.9781002830646255,1.023896134116433,55,single_test_k10,10
22,div_gen,0.2351098141886971,0.22872140843759883,0.2411773349412463,55,single_test_k10,10
22,div_T,0.2266184302893552,0.2207686748220162,0.23266320760277184,55,single_test_k10,10
22,div_ratio,1.0431891887599436,1.0153784178513028,1.0757169933200033,55,single_test_k10,10
22,hit,1.0,1.0,1.0,55,single_test_k10,10
23,mixture_error,,,,10,single_test_k10,10
23,kid_T,-0.04591357490533845,-0.06415646116247455,-0.02537083958166248,10,single_test_k10,10
23,coverage_T,0.8272727272727274,0.7549147727272727,0.9000094696969697,10,single_test_k10,10
23,kid_S,-0.03746045232836561,-0.07250332659522005,-0.00870363686528572,10,single_test_k10,10
23,coverage_S,0.9700000000000001,0.9400000000000001,0.99,10,single_test_k10,10
23,sim_S,0.3150341182947159,0.30019384048879144,0.3315781475603581,10,single_test_k10,10
23,sim_T,0.3673659980297089,0.357863258048892,0.37856841661036017,10,single_test_k10,10
23,sim_T_to_S,0.3222980409860611,0.31379499308764935,0.32980437092483045,10,single_test_k10,10
23,ratio_S,0.9802792847156525,0.9214927145838737,1.0537160588800907,10,single_test_k10,10
23,div_gen,0.18575701713562012,0.1754355224967003,0.19750017631798983,10,single_test_k10,10
23,div_T,0.19055793434381485,0.18202065352350474,0.1992761370167136,10,single_test_k10,10
23,div_ratio,0.9743049519737083,0.9451927059731429,1.0115185910264572,10,single_test_k10,10
23,hit,1.0,1.0,1.0,10,single_test_k10,10
24,mixture_error,,,,5,single_test_k10,10
24,kid_T,0.009458619931189105,-0.01753079944919058,0.029432390940154107,5,single_test_k10,10
24,coverage_T,0.7066666666666668,0.5800000000000001,0.8266666666666665,5,single_test_k10,10
24,kid_S,0.03778513019080769,-0.03220666121229104,0.1220030135090738,5,single_test_k10,10
24,coverage_S,0.9400000000000001,0.82,1.0,5,single_test_k10,10
24,sim_S,0.2787977606058121,0.25837210394442084,0.29611440300941466,5,single_test_k10,10
24,sim_T,0.37330830097198486,0.3608816027641296,0.3889154613018036,5,single_test_k10,10
24,sim_T_to_S,0.30357210636138915,0.2891125977039337,0.3213553249835968,5,single_test_k10,10
24,ratio_S,0.9183632493019104,0.8765063524246216,0.9613980054855347,5,single_test_k10,10
24,div_gen,0.21768150329589844,0.20396962463855745,0.231513312458992,5,single_test_k10,10
24,div_T,0.1998088389635086,0.19623481035232543,0.20298287115991115,5,single_test_k10,10
24,div_ratio,1.0898089367175194,1.020065471978937,1.1653660476249414,5,single_test_k10,10
24,hit,1.0,1.0,1.0,5,single_test_k10,10
25,mixture_error,,,,5,single_test_k10,10
25,kid_T,-0.046202545049512975,-0.06439514206174482,-0.030429766107252475,5,single_test_k10,10
25,coverage_T,0.6555555555555556,0.6055555555555555,0.7055555555555556,5,single_test_k10,10
25,kid_S,0.005899201983909208,-0.049766738116537465,0.09539649586864592,5,single_test_k10,10
25,coverage_S,0.96,0.9199999999999999,1.0,5,single_test_k10,10
25,sim_S,0.2437595009803772,0.2211020529270172,0.27124964594841006,5,single_test_k10,10
25,sim_T,0.34921400547027587,0.3238027572631836,0.3754166603088379,5,single_test_k10,10
25,sim_T_to_S,0.21307675838470458,0.20331109441816808,0.22140136063098909,5,single_test_k10,10
25,ratio_S,1.143295907974243,1.0612366676330567,1.2605285167694091,5,single_test_k10,10
25,div_gen,0.22021600902080535,0.21174730658531188,0.2284010162949562,5,single_test_k10,10
25,div_T,0.21741766035556792,0.2130105823278427,0.22027629770338536,5,single_test_k10,10
25,div_ratio,1.0125547396644712,0.9865602467270121,1.0414835099030912,5,single_test_k10,10
25,hit,1.0,1.0,1.0,5,single_test_k10,10
26,mixture_error,,,,25,single_test_k10,10
26,kid_T,-0.00484200504141441,-0.021402922309656625,0.012299163898258154,25,single_test_k10,10
26,coverage_T,0.7553172268907565,0.7110859116373823,0.7997626878023939,25,single_test_k10,10
26,kid_S,-0.03208975738839783,-0.05822599741099814,-0.0010966289232372621,25,single_test_k10,10
26,coverage_S,0.972,0.94,0.996,25,single_test_k10,10
26,sim_S,0.2664948183298111,0.2555585094243288,0.2775242779701948,25,single_test_k10,10
26,sim_T,0.3375695633888245,0.3298979950249195,0.3454395137727261,25,single_test_k10,10
26,sim_T_to_S,0.2631159770488739,0.25054454465210435,0.2750414951443672,25,single_test_k10,10
26,ratio_S,1.0165064525604248,0.9885128771066666,1.0457249428629876,25,single_test_k10,10
26,div_gen,0.21275254607200622,0.20390902937948702,0.22119182142615318,25,single_test_k10,10
26,div_T,0.2144802063703537,0.20620499159395694,0.22238135431706904,25,single_test_k10,10
26,div_ratio,1.0038071832610165,0.944320812728086,1.0613057686311558,25,single_test_k10,10
26,hit,1.0,1.0,1.0,25,single_test_k10,10
27,mixture_error,,,,20,single_test_k10,10
27,kid_T,0.011296496097686414,-0.006536016707105523,0.029226941201801436,20,single_test_k10,10
27,coverage_T,0.7176277252159606,0.6532221993692582,0.778252029343206,20,single_test_k10,10
27,kid_S,0.014130254937479237,-0.011327953699455112,0.037735792868649344,20,single_test_k10,10
27,coverage_S,0.9349999999999999,0.885,0.9799999999999999,20,single_test_k10,10
27,sim_S,0.2612582594156265,0.2528241404891014,0.26971976848319174,20,single_test_k10,10
27,sim_T,0.31888852566480635,0.30844817832112315,0.3293376778811216,20,single_test_k10,10
27,sim_T_to_S,0.262488529086113,0.2556815235689282,0.2697694422118366,20,single_test_k10,10
27,ratio_S,0.9975000023841858,0.964418639242649,1.0335510927438736,20,single_test_k10,10
27,div_gen,0.19754479005932807,0.1842565041780472,0.20987675750628115,20,single_test_k10,10
27,div_T,0.18743437454104422,0.17703218659386039,0.19782945204526187,20,single_test_k10,10
27,div_ratio,1.0777395873325215,0.9721719350485643,1.1915189423575199,20,single_test_k10,10
27,hit,1.0,1.0,1.0,20,single_test_k10,10
28,mixture_error,,,,10,single_test_k10,10
28,kid_T,-0.004615551500790893,-0.022935397778304813,0.015405737076816958,10,single_test_k10,10
28,coverage_T,0.75,0.690546875,0.8,10,single_test_k10,10
28,kid_S,-0.04754974007294148,-0.07400404101415312,-0.017165644639116084,10,single_test_k10,10
28,coverage_S,0.9800000000000001,0.95,1.0,10,single_test_k10,10
28,sim_S,0.2593495026230812,0.2473893643543124,0.2732034114003181,10,single_test_k10,10
28,sim_T,0.3160185694694519,0.3092556385695934,0.32444004714488983,10,single_test_k10,10
28,sim_T_to_S,0.25345371216535567,0.24385890267789362,0.2616821641474962,10,single_test_k10,10
28,ratio_S,1.0261730611324311,0.9651754136383534,1.0848349824547767,10,single_test_k10,10
28,div_gen,0.19407528638839722,0.18074461746960876,0.20916453063488005,10,single_test_k10,10
28,div_T,0.20591549277305604,0.19544578772038224,0.21614915251731873,10,single_test_k10,10
28,div_ratio,0.9425170101774706,0.8973746630343641,0.9999896585841839,10,single_test_k10,10
28,hit,1.0,1.0,1.0,10,single_test_k10,10
29,mixture_error,,,,5,single_test_k10,10
29,kid_T,0.05489537719414237,0.00198740666197601,0.10142655063229826,5,single_test_k10,10
29,coverage_T,0.7172413793103447,0.6620689655172414,0.7655172413793103,5,single_test_k10,10
29,kid_S,0.03334066613687803,-0.01577793589172032,0.08038699529817173,5,single_test_k10,10
29,coverage_S,0.9400000000000001,0.86,1.0,5,single_test_k10,10
29,sim_S,0.25150527954101565,0.22876219153404237,0.26626771688461304,5,single_test_k10,10
29,sim_T,0.29185375571250916,0.27528605461120603,0.306160044670105,5,single_test_k10,10
29,sim_T_to_S,0.2669153094291687,0.26054779887199403,0.2771034240722656,5,single_test_k10,10
29,ratio_S,0.9431926965713501,0.8643032193183899,1.0094170093536377,5,single_test_k10,10
29,div_gen,0.2373720586299896,0.21961215734481812,0.2570054531097412,5,single_test_k10,10
29,div_T,0.22827751338481903,0.22160546481609344,0.23506705462932587,5,single_test_k10,10
29,div_ratio,1.0424193737517051,0.9459935371555627,1.1461581916457613,5,single_test_k10,10
29,hit,1.0,1.0,1.0,5,single_test_k10,10
30,mixture_error,,,,5,single_test_k10,10
30,kid_T,-0.019832643883260205,-0.028915463004724272,-0.010237684560694404,5,single_test_k10,10
30,coverage_T,0.6076923076923076,0.5538461538461538,0.6615384615384615,5,single_test_k10,10
30,kid_S,0.0036555827250271734,-0.029706966513752774,0.044372986039970995,5,single_test_k10,10
30,coverage_S,0.9200000000000002,0.86,0.9800000000000001,5,single_test_k10,10
30,sim_S,0.29178175926208494,0.2787622928619385,0.30388514101505276,5,single_test_k10,10
30,sim_T,0.3928519606590271,0.3742660701274872,0.4073865923285484,5,single_test_k10,10
30,sim_T_to_S,0.3118904173374176,0.29846325516700745,0.3247396409511566,5,single_test_k10,10
30,ratio_S,0.936638331413269,0.891107714176178,0.9744094610214233,5,single_test_k10,10
30,div_gen,0.19985025227069855,0.18295232057571412,0.2240946114063263,5,single_test_k10,10
30,div_T,0.16922503113746643,0.16553056836128235,0.1730898916721344,5,single_test_k10,10
30,div_ratio,1.1825351584040606,1.070870702051612,1.3402711818975654,5,single_test_k10,10
30,hit,1.0,1.0,1.0,5,single_test_k10,10
31,mixture_error,,,,5,single_test_k10,10
31,kid_T,-0.013135342782402405,-0.054708549698203865,0.03246191702225363,5,single_test_k10,10
31,coverage_T,0.9578947368421051,0.9473684210526315,0.9789473684210526,5,single_test_k10,10
31,kid_S,-0.05633368000528911,-0.09219760171021178,-0.019547370658771258,5,single_test_k10,10
31,coverage_S,1.0,1.0,1.0,5,single_test_k10,10
31,sim_S,0.3034766584634781,0.2709919609874487,0.3333295059204101,5,single_test_k10,10
31,sim_T,0.36334726214408875,0.34643877640366555,0.3798627436161041,5,single_test_k10,10
31,sim_T_to_S,0.30781554579734804,0.2904644548892975,0.32410101890563964,5,single_test_k10,10
31,ratio_S,0.9964280843734741,0.841580843925476,1.1360959845781324,5,single_test_k10,10
31,div_gen,0.20562171041965485,0.200431627035141,0.21047951579093932,5,single_test_k10,10
31,div_T,0.23827542066574098,0.2263430416584015,0.24529280975461004,5,single_test_k10,10
31,div_ratio,0.8658575071750306,0.825459135543413,0.9305842453068218,5,single_test_k10,10
31,hit,1.0,1.0,1.0,5,single_test_k10,10
32,mixture_error,,,,5,single_test_k10,10
32,kid_T,-0.01383186333470512,-0.056543842793398726,0.02569044703122323,5,single_test_k10,10
32,coverage_T,0.7615384615384615,0.630576923076923,0.876923076923077,5,single_test_k10,10
32,kid_S,0.011842914076444088,0.0012257362018210927,0.025144170744240312,5,single_test_k10,10
32,coverage_S,0.8800000000000001,0.78,0.9800000000000001,5,single_test_k10,10
32,sim_S,0.29237803220748904,0.2836780250072479,0.2980395257472992,5,single_test_k10,10
32,sim_T,0.3515665173530579,0.3309863030910492,0.3768943250179291,5,single_test_k10,10
32,sim_T_to_S,0.319774204492569,0.31029434204101564,0.3285643756389618,5,single_test_k10,10
32,ratio_S,0.9157788753509521,0.8749258279800415,0.9566319227218628,5,single_test_k10,10
32,div_gen,0.22465209364891053,0.21051157914102075,0.23446958661079406,5,single_test_k10,10
32,div_T,0.19857842922210694,0.1939523384720087,0.20322667360305785,5,single_test_k10,10
32,div_ratio,1.1323921607837397,1.0610008738763848,1.1993599065199483,5,single_test_k10,10
32,hit,1.0,1.0,1.0,5,single_test_k10,10
33,mixture_error,,,,5,single_test_k10,10
33,kid_T,-0.011841507843955056,-0.03431360380295736,0.02065549924046799,5,single_test_k10,10
33,coverage_T,0.5470588235294118,0.46441176470588236,0.6294117647058824,5,single_test_k10,10
33,kid_S,-0.04652214722820673,-0.09085286477392991,0.013102246776879411,5,single_test_k10,10
33,coverage_S,0.9800000000000001,0.9399999999999998,1.0,5,single_test_k10,10
33,sim_S,0.2638665348291397,0.2454858034849167,0.279609751701355,5,single_test_k10,10
33,sim_T,0.327365517616272,0.30717143416404724,0.34637145802378655,5,single_test_k10,10
33,sim_T_to_S,0.25034008324146273,0.2389317125082016,0.25759357213974,5,single_test_k10,10
33,ratio_S,1.0556361436843873,0.9726515293121338,1.1008518934249878,5,single_test_k10,10
33,div_gen,0.1946292370557785,0.18154248483479024,0.2081633985042572,5,single_test_k10,10
33,div_T,0.17120105028152466,0.16445786952972413,0.17581559121608734,5,single_test_k10,10
33,div_ratio,1.1368849635885987,1.0640567977246493,1.1915122861925984,5,single_test_k10,10
33,hit,1.0,1.0,1.0,5,single_test_k10,10
34,mixture_error,,,,30,single_test_k10,10
34,kid_T,0.008530603995398008,-0.005583729113242611,0.021545874205751426,30,single_test_k10,10
34,coverage_T,0.6791333296906054,0.6250455654596522,0.7295916983773022,30,single_test_k10,10
34,kid_S,0.0036242901401144206,-0.026116249440344817,0.03260963484432151,30,single_test_k10,10
34,coverage_S,0.9566666666666667,0.93,0.9833333333333332,30,single_test_k10,10
34,sim_S,0.2746634274721146,0.26215630256881317,0.2884183405339718,30,single_test_k10,10
34,sim_T,0.33606844743092856,0.32105613363285856,0.35126324236392975,30,single_test_k10,10
34,sim_T_to_S,0.2723521813750267,0.25933450629313787,0.2851808107892672,30,single_test_k10,10
34,ratio_S,1.015109121799469,0.9777303817371528,1.054038551201423,30,single_test_k10,10
34,div_gen,0.21153300007184347,0.203360977259775,0.22007777685920396,30,single_test_k10,10
34,div_T,0.2078101098537445,0.19797066734482846,0.21815139743189016,30,single_test_k10,10
34,div_ratio,1.0331005642108417,0.9799078639470807,1.084767294767695,30,single_test_k10,10
34,hit,1.0,1.0,1.0,30,single_test_k10,10
35,mixture_error,,,,5,single_test_k10,10
35,kid_T,0.021285639955103974,-0.01750958677076788,0.06008086668097583,5,single_test_k10,10
35,coverage_T,0.745945945945946,0.6378378378378379,0.8648648648648649,5,single_test_k10,10
35,kid_S,0.09307778286898163,0.04685703761386435,0.1426103821710489,5,single_test_k10,10
35,coverage_S,0.9200000000000002,0.8,1.0,5,single_test_k10,10
35,sim_S,0.2211687982082367,0.20899178802967072,0.2329615354537964,5,single_test_k10,10
35,sim_T,0.2956162691116333,0.2808287841081619,0.3092631220817566,5,single_test_k10,10
35,sim_T_to_S,0.2207361191511154,0.20992061197757722,0.23099201619625093,5,single_test_k10,10
35,ratio_S,1.0032329440116883,0.9464824080467225,1.0512919902801514,5,single_test_k10,10
35,div_gen,0.24936499893665315,0.23113755978643893,0.27040988206863403,5,single_test_k10,10
35,div_T,0.2395237535238266,0.22801333665847778,0.24667322933673858,5,single_test_k10,10
35,div_ratio,1.0443133498716595,0.9453069982816313,1.1404790492638577,5,single_test_k10,10
35,hit,1.0,1.0,1.0,5,single_test_k10,10
36,mixture_error,,,,20,single_test_k10,10
36,kid_T,0.009202856263677273,-0.0074417437735735505,0.025848276779701525,20,single_test_k10,10
36,coverage_T,0.6772671568627452,0.6154885183239963,0.7332092889239029,20,single_test_k10,10
36,kid_S,-0.017238363353798823,-0.058573433860147614,0.0280672664523703,20,single_test_k10,10
36,coverage_S,0.975,0.9549999999999998,0.99,20,single_test_k10,10
36,sim_S,0.2445856176316738,0.23301059681922198,0.2563355940394103,20,single_test_k10,10
36,sim_T,0.31101388335227964,0.296968827098608,0.32439423549920315,20,single_test_k10,10
36,sim_T_to_S,0.24502039924263955,0.2364420748874545,0.2534943030960858,20,single_test_k10,10
36,ratio_S,0.9988384425640107,0.9642201038450002,1.0344085212051868,20,single_test_k10,10
36,div_gen,0.23166786804795264,0.21124733472242951,0.25230893937870863,20,single_test_k10,10
36,div_T,0.2277132712304592,0.21023199951276184,0.24692922795191408,20,single_test_k10,10
36,div_ratio,1.0197616234429383,0.9703858843892788,1.0685542300282274,20,single_test_k10,10
36,hit,1.0,1.0,1.0,20,single_test_k10,10
37,mixture_error,,,,5,single_test_k10,10
37,kid_T,0.004803818665606485,-0.012324337259173035,0.026204700149436277,5,single_test_k10,10
37,coverage_T,0.5294117647058824,0.3588235294117647,0.6470588235294118,5,single_test_k10,10
37,kid_S,-0.06924544092130347,-0.10782625517293312,-0.03290457569341072,5,single_test_k10,10
37,coverage_S,0.96,0.9199999999999999,1.0,5,single_test_k10,10
37,sim_S,0.24020445048809053,0.2197137326002121,0.2552655977010727,5,single_test_k10,10
37,sim_T,0.2968366801738739,0.2902408242225647,0.3034325361251831,5,single_test_k10,10
37,sim_T_to_S,0.24168231785297395,0.2360955685377121,0.24803004264831544,5,single_test_k10,10
37,ratio_S,0.9941251277923584,0.9215422153472901,1.0638234734535217,5,single_test_k10,10
37,div_gen,0.2531579852104187,0.24143105745315552,0.2651659160852432,5,single_test_k10,10
37,div_T,0.22709793448448182,0.22077070772647858,0.23286124169826508,5,single_test_k10,10
37,div_ratio,1.117098101732778,1.0473763355028134,1.1999128175230223,5,single_test_k10,10
37,hit,1.0,1.0,1.0,5,single_test_k10,10
38,mixture_error,,,,5,single_test_k10,10
38,kid_T,0.0023740034840148637,-0.02849807882489621,0.025914856088546923,5,single_test_k10,10
38,coverage_T,0.7272727272727273,0.6363636363636364,0.793939393939394,5,single_test_k10,10
38,kid_S,-0.01327178255603485,-0.07852145258744656,0.060210333694551026,5,single_test_k10,10
38,coverage_S,0.9800000000000001,0.9399999999999998,1.0,5,single_test_k10,10
38,sim_S,0.23697006702423096,0.22403604984283448,0.24801035821437836,5,single_test_k10,10
38,sim_T,0.29886741638183595,0.2888863146305084,0.30884851813316344,5,single_test_k10,10
38,sim_T_to_S,0.21452792584896088,0.20732759833335876,0.22079704105854034,5,single_test_k10,10
38,ratio_S,1.107844877243042,1.0219865798950196,1.191527819633484,5,single_test_k10,10
38,div_gen,0.18279485404491425,0.1708008885383606,0.19989324510097503,5,single_test_k10,10
38,div_T,0.1922850102186203,0.1878150671720505,0.19646478891372682,5,single_test_k10,10
38,div_ratio,0.9528042602887427,0.8766676178376973,1.0618493108546005,5,single_test_k10,10
38,hit,1.0,1.0,1.0,5,single_test_k10,10
39,mixture_error,,,,5,single_test_k10,10
39,kid_T,0.059525323330301916,0.015953258352547905,0.10833475308679855,5,single_test_k10,10
39,coverage_T,0.5800000000000001,0.5066666666666666,0.66,5,single_test_k10,10
39,kid_S,0.0932834002465313,0.0018885536064129128,0.17462236215591992,5,single_test_k10,10
39,coverage_S,0.8800000000000001,0.78,0.9800000000000001,5,single_test_k10,10
39,sim_S,0.31656486392021177,0.30359126925468444,0.33017975091934204,5,single_test_k10,10
39,sim_T,0.4004249095916748,0.39127213358879087,0.4106630563735962,5,single_test_k10,10
39,sim_T_to_S,0.32384281754493716,0.3125210702419281,0.336407995223999,5,single_test_k10,10
39,ratio_S,0.978041696548462,0.9473121643066407,1.0130982756614686,5,single_test_k10,10
39,div_gen,0.2781310260295868,0.262542000412941,0.2949925996363163,5,single_test_k10,10
39,div_T,0.21986782252788545,0.21227536499500274,0.22632797956466674,5,single_test_k10,10
39,div_ratio,1.2655007039238761,1.1979822071355815,1.3333923136872643,5,single_test_k10,10
39,hit,1.0,1.0,1.0,5,single_test_k10,10
40,mixture_error,,,,15,single_test_k10,10
40,kid_T,0.010911162094537493,-0.008443952151057806,0.03168976011266818,15,single_test_k10,10
40,coverage_T,0.8430751964085296,0.7873254769921438,0.8992281144781143,15,single_test_k10,10
40,kid_S,0.031183038163045396,-0.009692737810805494,0.07666017249658423,15,single_test_k10,10
40,coverage_S,0.9666666666666668,0.9333333333333335,0.9933333333333334,15,single_test_k10,10
40,sim_S,0.25167950987815857,0.23709552933772404,0.2656949806213379,15,single_test_k10,10
40,sim_T,0.29682600100835166,0.2829854415853818,0.31084962194164595,15,single_test_k10,10
40,sim_T_to_S,0.24427383144696554,0.2350021231919527,0.25494282188514866,15,single_test_k10,10
40,ratio_S,1.031620724995931,0.9797299577792485,1.083487326602141,15,single_test_k10,10
40,div_gen,0.17091537018616995,0.16123579631249108,0.1812455060581366,15,single_test_k10,10
40,div_T,0.1779068301121394,0.17109940990805625,0.18423054700096447,15,single_test_k10,10
40,div_ratio,0.9679192371243843,0.8966576588775517,1.0446638276420568,15,single_test_k10,10
40,hit,1.0,1.0,1.0,15,single_test_k10,10
41,mixture_error,,,,5,single_test_k10,10
41,kid_T,-0.04654266769102193,-0.06441508535417348,-0.029655358034444034,5,single_test_k10,10
41,coverage_T,0.8709677419354838,0.8064516129032258,0.935483870967742,5,single_test_k10,10
41,kid_S,-0.023792143309266222,-0.06805763179071747,0.015270754989592081,5,single_test_k10,10
41,coverage_S,1.0,1.0,1.0,5,single_test_k10,10
41,sim_S,0.22427303493022918,0.21678869128227235,0.2324423760175705,5,single_test_k10,10
41,sim_T,0.32088435292243955,0.29292441949248316,0.3477302074432373,5,single_test_k10,10
41,sim_T_to_S,0.24002057909965516,0.23532356023788453,0.2447182359546423,5,single_test_k10,10
41,ratio_S,0.9353604316711426,0.8906610488891602,0.9851441740989685,5,single_test_k10,10
41,div_gen,0.27425195574760436,0.2634377539157867,0.281763619184494,5,single_test_k10,10
41,div_T,0.26776500344276427,0.25972544550895693,0.27547043561935425,5,single_test_k10,10
41,div_ratio,1.024590190836727,0.988290373006782,1.0544274235774418,5,single_test_k10,10
41,hit,1.0,1.0,1.0,5,single_test_k10,10
42,mixture_error,,,,10,single_test_k10,10
42,kid_T,0.007917445626901554,-0.03688661818938746,0.052794184869542043,10,single_test_k10,10
42,coverage_T,0.837843137254902,0.7895882352941176,0.8847107843137255,10,single_test_k10,10
42,kid_S,0.029571564174570675,-0.02816603955852434,0.0909213121643081,10,single_test_k10,10
42,coverage_S,0.95,0.9,1.0,10,single_test_k10,10
42,sim_S,0.23909525722265243,0.23064947724342347,0.24893270749598742,10,single_test_k10,10
42,sim_T,0.3211211204528809,0.299984166175127,0.34421545907855033,10,single_test_k10,10
42,sim_T_to_S,0.22923775315284728,0.21447742469608783,0.24362452324479816,10,single_test_k10,10
42,ratio_S,1.0524182975292207,0.9824558407068252,1.114759907722473,10,single_test_k10,10
42,div_gen,0.24168133437633516,0.22970109526067972,0.2525599765405059,10,single_test_k10,10
42,div_T,0.2624561548233032,0.25851769104599953,0.2661091665178537,10,single_test_k10,10
42,div_ratio,0.9216032565100983,0.8731762272663209,0.9667886075802148,10,single_test_k10,10
42,hit,1.0,1.0,1.0,10,single_test_k10,10
43,mixture_error,,,,20,single_test_k10,10
43,kid_T,0.030400571667737353,0.005585531710402565,0.05803993718358732,20,single_test_k10,10
43,coverage_T,0.6610168650793649,0.6016764632936507,0.7159289434523807,20,single_test_k10,10
43,kid_S,-0.010753024870059757,-0.049436987164928815,0.029703859941503236,20,single_test_k10,10
43,coverage_S,0.96,0.915,0.99,20,single_test_k10,10
43,sim_S,0.24341653138399125,0.22709984792396426,0.2589590779691935,20,single_test_k10,10
43,sim_T,0.2921086996793747,0.2811149257794023,0.3028682220727205,20,single_test_k10,10
43,sim_T_to_S,0.2423563204705715,0.2317615778371692,0.252513329628855,20,single_test_k10,10
43,ratio_S,1.0093612730503083,0.9486354450881481,1.0802064587920905,20,single_test_k10,10
43,div_gen,0.2689605116844177,0.2570503543503582,0.280964398663491,20,single_test_k10,10
43,div_T,0.25858831852674485,0.25159152198582885,0.26555072870105506,20,single_test_k10,10
43,div_ratio,1.0442328198182986,0.9890900490391489,1.1027672550292393,20,single_test_k10,10
43,hit,1.0,1.0,1.0,20,single_test_k10,10
44,mixture_error,,,,5,single_test_k10,10
44,kid_T,0.02361227643530981,-0.002217835497011933,0.05989236934886932,5,single_test_k10,10
44,coverage_T,0.6928571428571428,0.6285714285714286,0.7714285714285714,5,single_test_k10,10
44,kid_S,0.02271532599816233,-0.023159965936408254,0.07083985822609869,5,single_test_k10,10
44,coverage_S,0.96,0.8800000000000001,1.0,5,single_test_k10,10
44,sim_S,0.3235186576843262,0.31644384264945985,0.3310502111911774,5,single_test_k10,10
44,sim_T,0.36556875705718994,0.35434462189674376,0.3781579554080963,5,single_test_k10,10
44,sim_T_to_S,0.3297973573207855,0.31773974895477297,0.3415939748287201,5,single_test_k10,10
44,ratio_S,0.9831810235977173,0.9430550575256348,1.03496356010437,5,single_test_k10,10
44,div_gen,0.13899920582771302,0.13599704205989838,0.14280959963798523,5,single_test_k10,10
44,div_T,0.12660575807094573,0.12414400279521942,0.12990871369838713,5,single_test_k10,10
44,div_ratio,1.0978204741302555,1.0945937661640694,1.1010471820964418,5,single_test_k10,10
44,hit,1.0,1.0,1.0,5,single_test_k10,10
45,mixture_error,,,,20,single_test_k10,10
45,kid_T,5.7101903902978536e-05,-0.019266897134052434,0.019988437144269542,20,single_test_k10,10
45,coverage_T,0.7948948899918726,0.7364836856350864,0.8428739487185068,20,single_test_k10,10
45,kid_S,0.014441289586119233,-0.011534804465678257,0.04210114451307412,20,single_test_k10,10
45,coverage_S,0.9850000000000001,0.96,1.0,20,single_test_k10,10
45,sim_S,0.27936315461993216,0.2623415366373956,0.2969059494882822,20,single_test_k10,10
45,sim_T,0.3426785707473755,0.32587332896888255,0.35971654996275904,20,single_test_k10,10
45,sim_T_to_S,0.28417723029851916,0.27192008452489974,0.2970310006476939,20,single_test_k10,10
45,ratio_S,0.9808314651250839,0.9501061981916428,1.0132903407514093,20,single_test_k10,10
45,div_gen,0.19338237568736077,0.17984363297000527,0.2070984294079244,20,single_test_k10,10
45,div_T,0.19773219004273415,0.1895465516671538,0.20573736684396862,20,single_test_k10,10
45,div_ratio,0.9792256903728347,0.918511598189033,1.0470720702506366,20,single_test_k10,10
45,hit,1.0,1.0,1.0,20,single_test_k10,10
46,mixture_error,,,,10,single_test_k10,10
46,kid_T,-0.014642655268276883,-0.033725199117749606,0.006775166252658938,10,single_test_k10,10
46,coverage_T,0.6475870253164556,0.5477403085443039,0.7463508702531645,10,single_test_k10,10
46,kid_S,-0.03879217928470915,-0.07643853981305722,-0.000724154891013553,10,single_test_k10,10
46,coverage_S,0.95,0.9099999999999999,0.99,10,single_test_k10,10
46,sim_S,0.23244986534118653,0.21751517217606306,0.251523745469749,10,single_test_k10,10
46,sim_T,0.31626367568969727,0.3038615105301142,0.3282150924950838,10,single_test_k10,10
46,sim_T_to_S,0.22469645887613296,0.21498058080673219,0.23552858788520098,10,single_test_k10,10
46,ratio_S,1.0374382436275482,0.9694977264106274,1.1238952070474626,10,single_test_k10,10
46,div_gen,0.25943167954683305,0.24289003890007735,0.2770134241133928,10,single_test_k10,10
46,div_T,0.23803179562091828,0.21672219563275577,0.26079944990575316,10,single_test_k10,10
46,div_ratio,1.1015209108585524,1.035807287443896,1.1652708671450775,10,single_test_k10,10
46,hit,1.0,1.0,1.0,10,single_test_k10,10
47,mixture_error,,,,15,single_test_k10,10
47,kid_T,0.016068515693974206,-0.013772947010488854,0.050302600190405174,15,single_test_k10,10
47,coverage_T,0.6504976027556674,0.5968548154354607,0.7082076060140575,15,single_test_k10,10
47,kid_S,-0.017902337160996613,-0.06450229418207973,0.042288602364936825,15,single_test_k10,10
47,coverage_S,0.9600000000000001,0.8933333333333333,1.0,15,single_test_k10,10
47,sim_S,0.2544449895620346,0.24107600167393683,0.2681423232952754,15,single_test_k10,10
47,sim_T,0.31183525125185646,0.29640440046787264,0.32800973092516267,15,single_test_k10,10
47,sim_T_to_S,0.27263151705265043,0.25934844215710956,0.28652839961151283,15,single_test_k10,10
47,ratio_S,0.9361769159634908,0.8933128195007641,0.9799253473679225,15,single_test_k10,10
47,div_gen,0.21851640144983928,0.20892257978518802,0.2281544432292382,15,single_test_k10,10
47,div_T,0.21253971060117086,0.20043570617834727,0.22337220209340253,15,single_test_k10,10
47,div_ratio,1.036660817606345,0.9747902734562023,1.099838270531673,15,single_test_k10,10
47,hit,1.0,1.0,1.0,15,single_test_k10,10
48,mixture_error,,,,5,single_test_k10,10
48,kid_T,-0.01763699151469602,-0.0447131574401574,0.001331863592222149,5,single_test_k10,10
48,coverage_T,0.7133333333333333,0.6133333333333333,0.8200000000000001,5,single_test_k10,10
48,kid_S,0.024117449332725728,-0.02525686633999058,0.07349176500544204,5,single_test_k10,10
48,coverage_S,0.9800000000000001,0.9400000000000001,1.0,5,single_test_k10,10
48,sim_S,0.24186354875564575,0.22132425308227538,0.2624028444290161,5,single_test_k10,10
48,sim_T,0.3366825103759766,0.3218048334121704,0.3515601873397827,5,single_test_k10,10
48,sim_T_to_S,0.2519704431295395,0.24116953313350678,0.2622592210769653,5,single_test_k10,10
48,ratio_S,0.9593490123748779,0.8910078763961792,1.0289767742156983,5,single_test_k10,10
48,div_gen,0.19416675865650176,0.18738575279712677,0.20087122917175293,5,single_test_k10,10
48,div_T,0.19892845749855043,0.18864253163337708,0.20795424282550812,5,single_test_k10,10
48,div_ratio,0.9795872804513733,0.9184820685933424,1.0417596344759776,5,single_test_k10,10
48,hit,1.0,1.0,1.0,5,single_test_k10,10
macro,mixture_error,,,,49,single_test_k10,10
macro,kid_T,0.0010127637123746723,-0.002627047499224586,0.004720114130797827,49,single_test_k10,10
macro,coverage_T,0.7178666002927874,0.7074255698014673,0.7273524090467461,49,single_test_k10,10
macro,kid_S,-0.0012050332840579953,-0.007497416244445715,0.00510631465350793,49,single_test_k10,10
macro,coverage_S,0.9561169782598355,0.9492051186908328,0.9633381011845299,49,single_test_k10,10
macro,sim_S,0.26785469373960397,0.2659478839452168,0.2698620697943859,49,single_test_k10,10
macro,sim_T,0.3294872438664339,0.3274876114500093,0.3317070988517863,49,single_test_k10,10
macro,sim_T_to_S,0.2682957173499637,0.26687863594556094,0.2698131274122951,49,single_test_k10,10
macro,ratio_S,1.0036045193768588,0.9959600755424205,1.011861030316052,49,single_test_k10,10
macro,div_gen,0.21676148248898505,0.2150545034597537,0.21840159475360743,49,single_test_k10,10
macro,div_T,0.21094997610935629,0.20968453558590122,0.2121510442512434,49,single_test_k10,10
macro,div_ratio,1.035370103474893,1.0269855029063812,1.0443741711788532,49,single_test_k10,10
macro,hit,1.0,1.0,1.0,49,single_test_k10,10
0,mixture_error,,,,5,single_test_k5,5
0,kid_T,-0.010846024600122206,-0.05206080062258565,0.04416949261230805,5,single_test_k5,5
0,coverage_T,0.4666666666666667,0.3897435897435897,0.5435897435897437,5,single_test_k5,5
0,kid_S,-0.0018019965694438867,-0.07421222936514979,0.07220766648730396,5,single_test_k5,5
0,coverage_S,1.0,1.0,1.0,5,single_test_k5,5
0,sim_S,0.2700871676206589,0.2524936467409134,0.28846556834876536,5,single_test_k5,5
0,sim_T,0.3451398015022278,0.32928680777549746,0.36107211112976073,5,single_test_k5,5
0,sim_T_to_S,0.2642688453197479,0.2566011071205139,0.27186617255210876,5,single_test_k5,5
0,ratio_S,1.0251264452934266,0.9346729516983032,1.1157470148801802,5,single_test_k5,5
0,div_gen,0.24944366812705993,0.23159297406673432,0.2668162673711777,5,single_test_k5,5
0,div_T,0.2478111445903778,0.24520199298858641,0.2506022334098816,5,single_test_k5,5
0,div_ratio,1.0073119015613805,0.9277793502924487,1.0860465118984082,5,single_test_k5,5
0,hit,1.0,1.0,1.0,5,single_test_k5,5
1,mixture_error,,,,30,single_test_k5,5
1,kid_T,-0.0011574993877212947,-0.01414829861909321,0.012476097130396713,30,single_test_k5,5
1,coverage_T,0.6927623292329176,0.6468545468545468,0.7400811696877874,30,single_test_k5,5
1,kid_S,-0.0295704991001499,-0.06536651235309056,0.01189971704943997,30,single_test_k5,5
1,coverage_S,1.0,1.0,1.0,30,single_test_k5,5
1,sim_S,0.23641497641801834,0.22425390856961408,0.24947583047052224,30,single_test_k5,5
1,sim_T,0.3449738472700119,0.32986854744454225,0.35918722063302994,30,single_test_k5,5
1,sim_T_to_S,0.2296988939245542,0.2192606516554952,0.2398543943464756,30,single_test_k5,5
1,ratio_S,1.0345494151115417,0.9911891228953997,1.0813102102776369,30,single_test_k5,5
1,div_gen,0.20437611192464827,0.19496079854667187,0.2137371541559696,30,single_test_k5,5
1,div_T,0.20349883139133454,0.19404139692584674,0.21205401883771022,30,single_test_k5,5
1,div_ratio,1.0076160906623621,0.973937273228328,1.0416022154256999,30,single_test_k5,5
1,hit,1.0,1.0,1.0,30,single_test_k5,5
2,mixture_error,,,,20,single_test_k5,5
2,kid_T,0.004443330668273582,-0.01596762326753394,0.02533230354377337,20,single_test_k5,5
2,coverage_T,0.7191287878787879,0.6712007913961039,0.7715626691017315,20,single_test_k5,5
2,kid_S,0.030576417621437812,-0.027030674551962643,0.0899124550262709,20,single_test_k5,5
2,coverage_S,1.0,1.0,1.0,20,single_test_k5,5
2,sim_S,0.22300357967615128,0.206790166888386,0.2391966860741377,20,single_test_k5,5
2,sim_T,0.3482792317867279,0.3345690518990159,0.3639033559709787,20,single_test_k5,5
2,sim_T_to_S,0.21695258766412734,0.20354069489985704,0.2315964147076011,20,single_test_k5,5
2,ratio_S,1.0319030702114105,0.9797036509960889,1.0899052311480044,20,single_test_k5,5
2,div_gen,0.1988317273557186,0.1893816250562668,0.20797726964578034,20,single_test_k5,5
2,div_T,0.20135414600372314,0.19144990300759673,0.2110518287308514,20,single_test_k5,5
2,div_ratio,1.0058029481405308,0.920915517822028,1.0873661705576687,20,single_test_k5,5
2,hit,1.0,1.0,1.0,20,single_test_k5,5
3,mixture_error,,,,65,single_test_k5,5
3,kid_T,-0.00349164293211709,-0.012142319978578713,0.006716456572079564,65,single_test_k5,5
3,coverage_T,0.6841666881499234,0.6480783406538608,0.7189505753585363,65,single_test_k5,5
3,kid_S,0.01175606242494176,-0.020509124346129844,0.04700664901074312,65,single_test_k5,5
3,coverage_S,1.0,1.0,1.0,65,single_test_k5,5
3,sim_S,0.23614109708712652,0.2266398702447231,0.2454332960339693,65,single_test_k5,5
3,sim_T,0.33907402753829957,0.3322784943764026,0.3457234301475378,65,single_test_k5,5
3,sim_T_to_S,0.2295357699577625,0.22166047848761083,0.23852305909762017,65,single_test_k5,5
3,ratio_S,1.0316801465474643,1.0057257331334628,1.0612816358758852,65,single_test_k5,5
3,div_gen,0.2029915901330801,0.19748711839891397,0.20862834412318007,65,single_test_k5,5
3,div_T,0.20213799797571622,0.1969262894930748,0.20780743657396392,65,single_test_k5,5
3,div_ratio,1.0103344722957004,0.9780396403629544,1.0405235152484373,65,single_test_k5,5
3,hit,1.0,1.0,1.0,65,single_test_k5,5
4,mixture_error,,,,65,single_test_k5,5
4,kid_T,-0.0031158285680489848,-0.011778400669235165,0.005473736024712042,65,single_test_k5,5
4,coverage_T,0.7368941073934052,0.7085584120087162,0.7669264210815153,65,single_test_k5,5
4,kid_S,0.015095359352273838,-0.014811268162346729,0.047457555804130594,65,single_test_k5,5
4,coverage_S,0.9969230769230769,0.9907692307692306,1.0,65,single_test_k5,5
4,sim_S,0.23136853736180527,0.22325693047390535,0.2402264255342575,65,single_test_k5,5
4,sim_T,0.34862477825238153,0.33717617472777,0.36080676051286553,65,single_test_k5,5
4,sim_T_to_S,0.22924784261446732,0.22167868686410097,0.23748130740454562,65,single_test_k5,5
4,ratio_S,1.014902183642754,0.9850027378018086,1.046893801528674,65,single_test_k5,5
4,div_gen,0.19505257560656622,0.18721741120975752,0.20359371517713254,65,single_test_k5,5
4,div_T,0.19826435355039743,0.19246546110281576,0.20408003495862853,65,single_test_k5,5
4,div_ratio,0.9877988669732751,0.9520234743534661,1.0251199132917461,65,single_test_k5,5
4,hit,0.9961538461538462,0.9923076923076923,0.9990384615384615,65,single_test_k5,5
5,mixture_error,,,,25,single_test_k5,5
5,kid_T,0.017161372957598644,0.0031455947016593554,0.03279342909653987,25,single_test_k5,5
5,coverage_T,0.6989502403632035,0.6545143275903487,0.7412259767707386,25,single_test_k5,5
5,kid_S,-0.011006475454743309,-0.06174604402529808,0.04751652717874956,25,single_test_k5,5
5,coverage_S,1.0,1.0,1.0,25,single_test_k5,5
5,sim_S,0.23142554640769958,0.22258480325341226,0.2400079388618469,25,single_test_k5,5
5,sim_T,0.3381419849395752,0.3261337794959545,0.3509033349454403,25,single_test_k5,5
5,sim_T_to_S,0.23100622236728668,0.22105201192200183,0.24123485942184925,25,single_test_k5,5
5,ratio_S,1.0088757109642028,0.9689592406153679,1.0457367269992828,25,single_test_k5,5
5,div_gen,0.18494027435779573,0.17356419402360915,0.19778370912373067,25,single_test_k5,5
5,div_T,0.18992928981781007,0.17845165066421034,0.2020662582218647,25,single_test_k5,5
5,div_ratio,0.985108686696624,0.9332237856924007,1.0382071395387413,25,single_test_k5,5
5,hit,1.0,1.0,1.0,25,single_test_k5,5
6,mixture_error,,,,10,single_test_k5,5
6,kid_T,0.00690477804025118,-0.027919299839664243,0.047323581253492286,10,single_test_k5,5
6,coverage_T,0.706857142857143,0.6342571428571429,0.7765857142857142,10,single_test_k5,5
6,kid_S,-0.03714057710564252,-0.1014276376265202,0.03691182550537319,10,single_test_k5,5
6,coverage_S,1.0,1.0,1.0,10,single_test_k5,5
6,sim_S,0.21489874869585038,0.19712122496217488,0.2332957712933421,10,single_test_k5,5
6,sim_T,0.312352254986763,0.29245091013610364,0.33368383690714837,10,single_test_k5,5
6,sim_T_to_S,0.22016250044107438,0.20786529745906593,0.23275826316326856,10,single_test_k5,5
6,ratio_S,0.9746013343334198,0.9229205298423767,1.0261673580110073,10,single_test_k5,5
6,div_gen,0.18872406035661698,0.17473644003272057,0.20225070625543595,10,single_test_k5,5
6,div_T,0.16653009355068207,0.15395520523190498,0.17941551629453897,10,single_test_k5,5
6,div_ratio,1.1352503530356828,1.0981359199743463,1.175219797395077,10,single_test_k5,5
6,hit,1.0,1.0,1.0,10,single_test_k5,5
7,mixture_error,,,,20,single_test_k5,5
7,kid_T,-0.028621199494269688,-0.04116182008458255,-0.014937613117164527,20,single_test_k5,5
7,coverage_T,0.7433016080596726,0.707168973408893,0.7809685774484162,20,single_test_k5,5
7,kid_S,-0.0517124853640377,-0.0898666430640447,-0.007221933772123622,20,single_test_k5,5
7,coverage_S,1.0,1.0,1.0,20,single_test_k5,5
7,sim_S,0.2336852304637432,0.2229928401298821,0.24327873058617114,20,single_test_k5,5
7,sim_T,0.3609683945775032,0.34591976094990967,0.3764269033819437,20,single_test_k5,5
7,sim_T_to_S,0.22397904321551323,0.21441172724589705,0.23361419796943667,20,single_test_k5,5
7,ratio_S,1.0479129523038864,1.0021567573398351,1.096121399104595,20,single_test_k5,5
7,div_gen,0.22434448152780534,0.21616131996735932,0.2337818278931081,20,single_test_k5,5
7,div_T,0.21841986104846,0.20558646943420172,0.23238307915627957,20,single_test_k5,5
7,div_ratio,1.039906948188945,0.9924906803367094,1.0930079805007795,20,single_test_k5,5
7,hit,1.0,1.0,1.0,20,single_test_k5,5
8,mixture_error,,,,15,single_test_k5,5
8,kid_T,-0.0012658231819839235,-0.021807018902409214,0.01869314078002153,15,single_test_k5,5
8,coverage_T,0.5581889581889582,0.48622333872333884,0.6237578925078924,15,single_test_k5,5
8,kid_S,-0.010340335298469465,-0.07355193477631798,0.05926412304820566,15,single_test_k5,5
8,coverage_S,0.9600000000000001,0.8800000000000001,1.0,15,single_test_k5,5
8,sim_S,0.22378611465295156,0.21240289370218912,0.23312924747665723,15,single_test_k5,5
8,sim_T,0.32181265354156496,0.3135871503750483,0.3298881617188454,15,single_test_k5,5
8,sim_T_to_S,0.22115667263666788,0.21220772467553617,0.2301074354102214,15,single_test_k5,5
8,ratio_S,1.017469875017802,0.9627125272154808,1.0784276868899663,15,single_test_k5,5
8,div_gen,0.22148544987042745,0.20957813965777555,0.23553781958917774,15,single_test_k5,5
8,div_T,0.1967156211535136,0.18667305347820123,0.20707536324858666,15,single_test_k5,5
8,div_ratio,1.132466819262084,1.0646918088303672,1.205607763129521,15,single_test_k5,5
8,hit,1.0,1.0,1.0,15,single_test_k5,5
9,mixture_error,,,,110,single_test_k5,5
9,kid_T,0.0096838511174922,0.0020549281263934614,0.01704598672939155,110,single_test_k5,5
9,coverage_T,0.7233190219111879,0.696829055275165,0.7494162326082614,110,single_test_k5,5
9,kid_S,-0.009551835350186106,-0.032411388666582684,0.015803762927888577,110,single_test_k5,5
9,coverage_S,0.9909090909090907,0.978181818181818,1.0,110,single_test_k5,5
9,sim_S,0.24028875651684675,0.23281734047288244,0.2478156824206764,110,single_test_k5,5
9,sim_T,0.3362721651792526,0.33027673922479156,0.34275258931923996,110,single_test_k5,5
9,sim_T_to_S,0.2372472964904525,0.23001858111132276,0.24415053319524635,110,single_test_k5,5
9,ratio_S,1.0176187721165744,0.9957262982969934,1.0393598863482476,110,single_test_k5,5
9,div_gen,0.2098142305558378,0.20496538971296765,0.21538370645859023,110,single_test_k5,5
9,div_T,0.2122988133267923,0.20782558063214476,0.21698369959877295,110,single_test_k5,5
9,div_ratio,0.9963998497552125,0.9737383360624847,1.0219013446764478,110,single_test_k5,5
9,hit,1.0,1.0,1.0,110,single_test_k5,5
10,mixture_error,,,,30,single_test_k5,5
10,kid_T,-0.002493529390956972,-0.015763736405548418,0.012468350327508764,30,single_test_k5,5
10,coverage_T,0.7171797589904995,0.6755608579952788,0.7571145514585884,30,single_test_k5,5
10,kid_S,0.005414344147938089,-0.05381727311821626,0.0710241850421779,30,single_test_k5,5
10,coverage_S,1.0,1.0,1.0,30,single_test_k5,5
10,sim_S,0.22057685405015945,0.2117710837100943,0.22919450859228768,30,single_test_k5,5
10,sim_T,0.3369571179151535,0.3281859840204318,0.3456513430178165,30,single_test_k5,5
10,sim_T_to_S,0.21903006434440614,0.21169633227090043,0.2256799143428604,30,single_test_k5,5
10,ratio_S,1.008378521601359,0.9793606362243493,1.0336967627207438,30,single_test_k5,5
10,div_gen,0.2234960600733757,0.21446030993014575,0.23326436008016269,30,single_test_k5,5
10,div_T,0.2232524757583936,0.2162826693803072,0.23098607865472634,30,single_test_k5,5
10,div_ratio,1.007851669478008,0.9625688355330382,1.059938050287777,30,single_test_k5,5
10,hit,1.0,1.0,1.0,30,single_test_k5,5
11,mixture_error,,,,5,single_test_k5,5
11,kid_T,0.026316555557038157,-0.0036232243980609978,0.05644929816097991,5,single_test_k5,5
11,coverage_T,0.45499999999999996,0.385,0.5349999999999999,5,single_test_k5,5
11,kid_S,0.032413622244776265,-0.03890968507014942,0.13023953340675673,5,single_test_k5,5
11,coverage_S,1.0,1.0,1.0,5,single_test_k5,5
11,sim_S,0.20722022354602815,0.1900169461965561,0.22032606601715088,5,single_test_k5,5
11,sim_T,0.32165964841842654,0.31104942560195925,0.33118253573775286,5,single_test_k5,5
11,sim_T_to_S,0.21236529052257538,0.2065751224756241,0.21762875318527222,5,single_test_k5,5
11,ratio_S,0.9755776524543762,0.9136353850364685,1.0353354215621948,5,single_test_k5,5
11,div_gen,0.25365216434001925,0.24082488119602202,0.26560150980949404,5,single_test_k5,5
11,div_T,0.25234727561473846,0.24980830252170563,0.2547923505306244,5,single_test_k5,5
11,div_ratio,1.005395542879075,0.9528661647618014,1.05354663477473,5,single_test_k5,5
11,hit,1.0,1.0,1.0,5,single_test_k5,5
12,mixture_error,,,,65,single_test_k5,5
12,kid_T,0.004844409953569367,-0.0039597884174703436,0.014222565721595356,65,single_test_k5,5
12,coverage_T,0.6278814118263698,0.5916095302232944,0.6611172642663589,65,single_test_k5,5
12,kid_S,-0.01752225601968231,-0.04920111127163251,0.01599302223956046,65,single_test_k5,5
12,coverage_S,0.9876923076923075,0.9692307692307692,1.0,65,single_test_k5,5
12,sim_S,0.23481723712040828,0.22739000770335013,0.24318011853557364,65,single_test_k5,5
12,sim_T,0.3435727467903724,0.33519400981756353,0.3528725360104671,65,single_test_k5,5
12,sim_T_to_S,0.23302073960120862,0.2276668258412526,0.2385665961756156,65,single_test_k5,5
12,ratio_S,1.0078773388495812,0.9811234362538045,1.0352485411671493,65,single_test_k5,5
12,div_gen,0.21220588844556074,0.20525319160177158,0.2191389770175402,65,single_test_k5,5
12,div_T,0.20949240097632774,0.20427630382088513,0.21471516785713343,65,single_test_k5,5
12,div_ratio,1.019414351558055,0.98492027480336,1.0531513765009861,65,single_test_k5,5
12,hit,1.0,1.0,1.0,65,single_test_k5,5
13,mixture_error,,,,5,single_test_k5,5
13,kid_T,-0.0016180280130864589,-0.023890534892478187,0.014465003946814648,5,single_test_k5,5
13,coverage_T,0.7853658536585366,0.7169512195121951,0.853658536585366,5,single_test_k5,5
13,kid_S,0.032654223567939414,-0.051751883708474014,0.11459125038258655,5,single_test_k5,5
13,coverage_S,1.0,1.0,1.0,5,single_test_k5,5
13,sim_S,0.20380235314369202,0.19613285660743712,0.21054173707962037,5,single_test_k5,5
13,sim_T,0.2911403775215149,0.27903017997741697,0.30305925011634827,5,single_test_k5,5
13,sim_T_to_S,0.20302599370479585,0.19228354066610334,0.2123233526945114,5,single_test_k5,5
13,ratio_S,1.0069825172424316,0.9513607740402221,1.060464358329773,5,single_test_k5,5
13,div_gen,0.21067523658275605,0.19937992691993714,0.22465762197971345,5,single_test_k5,5
13,div_T,0.23696288764476775,0.23252853453159333,0.2409549057483673,5,single_test_k5,5
13,div_ratio,0.8888128749807926,0.8486308084767545,0.9419572571259547,5,single_test_k5,5
13,hit,1.0,1.0,1.0,5,single_test_k5,5
14,mixture_error,,,,10,single_test_k5,5
14,kid_T,-0.02137401685408591,-0.03960133857164054,-0.003603910256349936,10,single_test_k5,5
14,coverage_T,0.85487012987013,0.762012987012987,0.9376704545454547,10,single_test_k5,5
14,kid_S,0.02041901014814478,-0.041214889116862996,0.09116574506278097,10,single_test_k5,5
14,coverage_S,1.0,1.0,1.0,10,single_test_k5,5
14,sim_S,0.24305345565080644,0.21929046876728533,0.2659863355755806,10,single_test_k5,5
14,sim_T,0.3777232199907303,0.36235824406147005,0.3951264188438654,10,single_test_k5,5
14,sim_T_to_S,0.2652397945523262,0.248035948574543,0.27786115564405917,10,single_test_k5,5
14,ratio_S,0.9131574928760529,0.8736527103185654,0.9604141913354397,10,single_test_k5,5
14,div_gen,0.1839034378528595,0.17639240860939026,0.19113259803503752,10,single_test_k5,5
14,div_T,0.17365956604480742,0.16514964062720539,0.18235666435211895,10,single_test_k5,5
14,div_ratio,1.0638162309938906,1.0101587228291782,1.1213691160219132,10,single_test_k5,5
14,hit,1.0,1.0,1.0,10,single_test_k5,5
15,mixture_error,,,,20,single_test_k5,5
15,kid_T,-0.01196748872117892,-0.027252008260056172,0.0038744103654448302,20,single_test_k5,5
15,coverage_T,0.64069656363774,0.5532190293807943,0.7216528219395867,20,single_test_k5,5
15,kid_S,-0.08371327544664231,-0.12406510296865954,-0.039151442736117474,20,single_test_k5,5
15,coverage_S,1.0,1.0,1.0,20,single_test_k5,5
15,sim_S,0.2458517499268055,0.23108998591080307,0.2598224600404501,20,single_test_k5,5
15,sim_T,0.33899219036102296,0.3257974847778678,0.35326567880809306,20,single_test_k5,5
15,sim_T_to_S,0.24634307399392127,0.23483871098607778,0.25759190507233143,20,single_test_k5,5
15,ratio_S,1.000900337100029,0.9528905995935202,1.0498600713163613,20,single_test_k5,5
15,div_gen,0.18230779841542244,0.1705513009801507,0.19587775772437455,20,single_test_k5,5
15,div_T,0.15931466296315194,0.14902332438156007,0.17088115794584155,20,single_test_k5,5
15,div_ratio,1.1564233984486154,1.0796005322037405,1.2449751258272617,20,single_test_k5,5
15,hit,1.0,1.0,1.0,20,single_test_k5,5
16,mixture_error,,,,5,single_test_k5,5
16,kid_T,-0.0398938226921647,-0.04637759261719369,-0.031830142148243465,5,single_test_k5,5
16,coverage_T,0.8,0.7368421052631579,0.8631578947368421,5,single_test_k5,5
16,kid_S,-0.05468558174620668,-0.09718484349933725,-0.01724148604371791,5,single_test_k5,5
16,coverage_S,1.0,1.0,1.0,5,single_test_k5,5
16,sim_S,0.21379565596580505,0.18571208715438842,0.24311841130256653,5,single_test_k5,5
16,sim_T,0.31667048335075376,0.29900789856910703,0.3343330681324005,5,single_test_k5,5
16,sim_T_to_S,0.2103026419878006,0.1925918787717819,0.22999829053878784,5,single_test_k5,5
16,ratio_S,1.0123610854148866,0.9485315918922425,1.065349006652832,5,single_test_k5,5
16,div_gen,0.2203922152519226,0.20393270552158355,0.24387276470661162,5,single_test_k5,5
16,div_T,0.2207307368516922,0.21769809424877168,0.2245067834854126,5,single_test_k5,5
16,div_ratio,0.9999817159288312,0.9122880309665717,1.1191904691010222,5,single_test_k5,5
16,hit,1.0,1.0,1.0,5,single_test_k5,5
17,mixture_error,,,,55,single_test_k5,5
17,kid_T,-0.00906708344677379,-0.016816890253004136,-0.0006686765238730538,55,single_test_k5,5
17,coverage_T,0.6831123978476354,0.6470093940074283,0.7172539362689397,55,single_test_k5,5
17,kid_S,-0.009430039931515501,-0.04690729945620893,0.0336010998640082,55,single_test_k5,5
17,coverage_S,0.9927272727272726,0.9818181818181817,1.0,55,single_test_k5,5
17,sim_S,0.2228226363658905,0.21231811280954968,0.23222513297064737,55,single_test_k5,5
17,sim_T,0.34223464619029653,0.3306636827371337,0.3546878746151924,55,single_test_k5,5
17,sim_T_to_S,0.22815698710354892,0.21904166386886076,0.23694749748842284,55,single_test_k5,5
17,ratio_S,0.9785703160546043,0.9528018970381129,1.0060036657886071,55,single_test_k5,5
17,div_gen,0.21826598644256592,0.21189373904331163,0.22514093338088556,55,single_test_k5,5
17,div_T,0.2162187473340468,0.21102308963510125,0.221557119299065,55,single_test_k5,5
17,div_ratio,1.012596829995614,0.9848491969500117,1.0408762049379898,55,single_test_k5,5
17,hit,1.0,1.0,1.0,55,single_test_k5,5
18,mixture_error,,,,25,single_test_k5,5
18,kid_T,0.00472077574499906,-0.015133390960428933,0.028917415823511997,25,single_test_k5,5
18,coverage_T,0.6250178879590642,0.5815778092248681,0.6677221960163137,25,single_test_k5,5
18,kid_S,-0.01596266743177708,-0.07929013302593027,0.048478084853049,25,single_test_k5,5
18,coverage_S,1.0,1.0,1.0,25,single_test_k5,5
18,sim_S,0.24111654698848725,0.22994345228374005,0.2533640761524439,25,single_test_k5,5
18,sim_T,0.3497852873802185,0.3360651668012142,0.3631339199244976,25,single_test_k5,5
18,sim_T_to_S,0.23417019605636596,0.22784374283254144,0.24162315019965172,25,single_test_k5,5
18,ratio_S,1.0307129192352296,0.9876159095168114,1.0754675011038781,25,single_test_k5,5
18,div_gen,0.23703595757484436,0.2288715393692255,0.2452907583117485,25,single_test_k5,5
18,div_T,0.22058592677116395,0.21726604606211186,0.22397028435766697,25,single_test_k5,5
18,div_ratio,1.0747486132843127,1.042084037891176,1.1109844286130777,25,single_test_k5,5
18,hit,1.0,1.0,1.0,25,single_test_k5,5
19,mixture_error,,,,5,single_test_k5,5
19,kid_T,-0.0009156562619892838,-0.0266633816024344,0.030290350463526395,5,single_test_k5,5
19,coverage_T,0.5897435897435896,0.5282051282051282,0.6461538461538461,5,single_test_k5,5
19,kid_S,-0.055734784555945896,-0.10294714914604006,0.007054046741768616,5,single_test_k5,5
19,coverage_S,1.0,1.0,1.0,5,single_test_k5,5
19,sim_S,0.2531914383172989,0.24557164311408997,0.26163746416568756,5,single_test_k5,5
19,sim_T,0.35192800164222715,0.3444413781166077,0.35896830558776854,5,single_test_k5,5
19,sim_T_to_S,0.24840765297412873,0.23553676903247833,0.2585953623056412,5,single_test_k5,5
19,ratio_S,1.020720934867859,0.9917865753173828,1.05027996301651,5,single_test_k5,5
19,div_gen,0.2089036613702774,0.19931649759411812,0.2174771696329117,5,single_test_k5,5
19,div_T,0.23629975616931914,0.2335410922765732,0.23911987245082855,5,single_test_k5,5
19,div_ratio,0.884623325383021,0.8333431469885071,0.9300209907275697,5,single_test_k5,5
19,hit,1.0,1.0,1.0,5,single_test_k5,5
20,mixture_error,,,,10,single_test_k5,5
20,kid_T,0.011243563242165244,-0.016308988507437713,0.04248557929182239,10,single_test_k5,5
20,coverage_T,0.6631955484896661,0.5892448330683626,0.7364884737678856,10,single_test_k5,5
20,kid_S,0.00618999761351553,-0.06661820422876646,0.07834231370598266,10,single_test_k5,5
20,coverage_S,1.0,1.0,1.0,10,single_test_k5,5
20,sim_S,0.25098697543144227,0.23634574450552462,0.26555099736899135,10,single_test_k5,5
20,sim_T,0.3503234773874283,0.33423470713198183,0.3707158229500055,10,single_test_k5,5
20,sim_T_to_S,0.25655816197395326,0.24871716745197772,0.26321358889341356,10,single_test_k5,5
20,ratio_S,0.9765633940696716,0.9435098598897457,1.0119158521294593,10,single_test_k5,5
20,div_gen,0.2393884316086769,0.2327083446085453,0.2477028340473771,10,single_test_k5,5
20,div_T,0.22247542887926103,0.2197213715314865,0.22507795311510564,10,single_test_k5,5
20,div_ratio,1.0765723888042396,1.0418626505036597,1.1181390222432772,10,single_test_k5,5
20,hit,1.0,1.0,1.0,10,single_test_k5,5
21,mixture_error,,,,15,single_test_k5,5
21,kid_T,-0.0021554745375727434,-0.027049497185432175,0.0356916813401622,15,single_test_k5,5
21,coverage_T,0.503025732437497,0.4145211161387632,0.6066448420860184,15,single_test_k5,5
21,kid_S,0.01770460704529467,-0.06734890638842297,0.11630245158578656,15,single_test_k5,5
21,coverage_S,1.0,1.0,1.0,15,single_test_k5,5
21,sim_S,0.24142565925916035,0.2295888705799977,0.2532783738772074,15,single_test_k5,5
21,sim_T,0.359631202618281,0.3439348073800405,0.37781355500221253,15,single_test_k5,5
21,sim_T_to_S,0.23259639044602712,0.2239411461353302,0.2408977330724398,15,single_test_k5,5
21,ratio_S,1.0388952533404032,0.9979813812176387,1.0779097921649616,15,single_test_k5,5
21,div_gen,0.23497799932956695,0.22110500251253445,0.24723451408247155,15,single_test_k5,5
21,div_T,0.21800691882769266,0.2157849737505118,0.2203639479726553,15,single_test_k5,5
21,div_ratio,1.078543679789928,1.0138882232582522,1.1363029310067292,15,single_test_k5,5
21,hit,1.0,1.0,1.0,15,single_test_k5,5
22,mixture_error,,,,55,single_test_k5,5
22,kid_T,0.03535977571593217,0.01764470737337772,0.053290507726865485,55,single_test_k5,5
22,coverage_T,0.6539687248665577,0.6153825946086007,0.69263470302557,55,single_test_k5,5
22,kid_S,0.06203981394480006,0.022082350319035222,0.10954826774661229,55,single_test_k5,5
22,coverage_S,1.0,1.0,1.0,55,single_test_k5,5
22,sim_S,0.2279209559614008,0.21984224583614956,0.23631121331317856,55,single_test_k5,5
22,sim_T,0.3270875486460599,0.3203064441680908,0.33398973231965845,55,single_test_k5,5
22,sim_T_to_S,0.23467570678754288,0.2269137951393019,0.24254423627121882,55,single_test_k5,5
22,ratio_S,0.9747179768302224,0.9491869056224823,1.0010376252911306,55,single_test_k5,5
22,div_gen,0.23593457476659255,0.2270775661211122,0.2445997983691367,55,single_test_k5,5
22,div_T,0.22764839204874907,0.22158787279643796,0.23352971807799555,55,single_test_k5,5
22,div_ratio,1.0399881341091715,1.0078463931178598,1.0742372998342886,55,single_test_k5,5
22,hit,1.0,1.0,1.0,55,single_test_k5,5
23,mixture_error,,,,10,single_test_k5,5
23,kid_T,-0.024648629106506982,-0.054410602337677166,0.017701063479287706,10,single_test_k5,5
23,coverage_T,0.7432950191570882,0.6974457215836527,0.7817464878671774,10,single_test_k5,5
23,kid_S,-0.018006449544105508,-0.0871072116000895,0.07058352052491579,10,single_test_k5,5
23,coverage_S,1.0,1.0,1.0,10,single_test_k5,5
23,sim_S,0.25416785329580305,0.23527225892990827,0.27134418215602635,10,single_test_k5,5
23,sim_T,0.365670308470726,0.35489628762006764,0.37554767347872253,10,single_test_k5,5
23,sim_T_to_S,0.2560583144426346,0.24440683811903,0.26552711457014083,10,single_test_k5,5
23,ratio_S,0.99293754696846,0.9340611299872399,1.0522767333686354,10,single_test_k5,5
23,div_gen,0.18949733376502992,0.17863747179508208,0.20115831915289165,10,single_test_k5,5
23,div_T,0.1879711389541626,0.18041745699942113,0.1952131498232484,10,single_test_k5,5
23,div_ratio,1.006508903010489,0.9768659284841392,1.0417108021425086,10,single_test_k5,5
23,hit,1.0,1.0,1.0,10,single_test_k5,5
24,mixture_error,,,,5,single_test_k5,5
24,kid_T,0.03449187068822681,0.0003940980081701184,0.07041363646611565,5,single_test_k5,5
24,coverage_T,0.6971428571428572,0.5085714285714287,0.8057142857142858,5,single_test_k5,5
24,kid_S,-0.017238865925414258,-0.10301381708429938,0.11854796607167054,5,single_test_k5,5
24,coverage_S,1.0,1.0,1.0,5,single_test_k5,5
24,sim_S,0.23779579997062683,0.2233014602959156,0.24915874898433685,5,single_test_k5,5
24,sim_T,0.3756274402141571,0.35460460782051084,0.39507747888565065,5,single_test_k5,5
24,sim_T_to_S,0.2692177653312683,0.2574731528759003,0.27987475991249083,5,single_test_k5,5
24,ratio_S,0.8829949140548706,0.8569266384840012,0.9051492571830749,5,single_test_k5,5
24,div_gen,0.22274360954761505,0.21056576125323773,0.24050610065460204,5,single_test_k5,5
24,div_T,0.1993804007768631,0.19675381481647491,0.2015534487366676,5,single_test_k5,5
24,div_ratio,1.116743191373221,1.0580422766164015,1.1959649818317843,5,single_test_k5,5
24,hit,1.0,1.0,1.0,5,single_test_k5,5
25,mixture_error,,,,5,single_test_k5,5
25,kid_T,-0.02990616508047488,-0.053482809143660145,-0.0063295210172896075,5,single_test_k5,5
25,coverage_T,0.5951219512195123,0.5317073170731708,0.6585365853658537,5,single_test_k5,5
25,kid_S,-0.10693023888798585,-0.15923743667211845,-0.012371467101057122,5,single_test_k5,5
25,coverage_S,1.0,1.0,1.0,5,single_test_k5,5
25,sim_S,0.21253106296062468,0.18496258854866027,0.2429773300886154,5,single_test_k5,5
25,sim_T,0.31689435839653013,0.29416896104812623,0.33697586759924886,5,single_test_k5,5
25,sim_T_to_S,0.19505986869335173,0.18415513038635253,0.20750633776187896,5,single_test_k5,5
25,ratio_S,1.0963526844978333,0.9271802031993865,1.2750451803207397,5,single_test_k5,5
25,div_gen,0.21939571499824523,0.21114487051963807,0.2284650981426239,5,single_test_k5,5
25,div_T,0.2177273541688919,0.21383855521678924,0.22129361927509308,5,single_test_k5,5
25,div_ratio,1.0074772368848872,0.9781027313070341,1.0376136337180373,5,single_test_k5,5
25,hit,1.0,1.0,1.0,5,single_test_k5,5
26,mixture_error,,,,25,single_test_k5,5
26,kid_T,-0.006149849770605798,-0.025648483412749737,0.013615112457344253,25,single_test_k5,5
26,coverage_T,0.7074292956924536,0.669291263632053,0.7437037558813877,25,single_test_k5,5
26,kid_S,-0.01421135435208015,-0.07164936339301346,0.04870032125826453,25,single_test_k5,5
26,coverage_S,1.0,1.0,1.0,25,single_test_k5,5
26,sim_S,0.2362460035085678,0.22363323526084422,0.24869628161191942,25,single_test_k5,5
26,sim_T,0.3366761004924774,0.32643834957480433,0.34644556933641435,25,single_test_k5,5
26,sim_T_to_S,0.23101711571216582,0.21947371287643908,0.24148806908726692,25,single_test_k5,5
26,ratio_S,1.027352421283722,0.9812034894824029,1.0753454194068908,25,single_test_k5,5
26,div_gen,0.21350818634033203,0.20566912814974786,0.221852717012167,25,single_test_k5,5
26,div_T,0.21696715354919432,0.20958586876094343,0.22354753977060318,25,single_test_k5,5
26,div_ratio,0.9914197847003886,0.9447344628579442,1.0423330524621939,25,single_test_k5,5
26,hit,1.0,1.0,1.0,25,single_test_k5,5
27,mixture_error,,,,20,single_test_k5,5
27,kid_T,0.014485746431981639,-0.005191117863780461,0.03472434207683197,20,single_test_k5,5
27,coverage_T,0.6982081755256627,0.6385367038875105,0.7613366255278394,20,single_test_k5,5
27,kid_S,-0.010197669758082385,-0.05298405014316107,0.034586033353291544,20,single_test_k5,5
27,coverage_S,1.0,1.0,1.0,20,single_test_k5,5
27,sim_S,0.21451649814844131,0.2041934341005981,0.22473068622872233,20,single_test_k5,5
27,sim_T,0.3193728610873222,0.3101560013368726,0.32905531592667103,20,single_test_k5,5
27,sim_T_to_S,0.22843291833996773,0.21637819912284612,0.23998306173831224,20,single_test_k5,5
27,ratio_S,0.9445820897817612,0.9056296917051077,0.9858263271301985,20,single_test_k5,5
27,div_gen,0.19760585576295853,0.18494554011151193,0.20988760938867926,20,single_test_k5,5
27,div_T,0.19048779904842378,0.18045249501243232,0.20063722994178532,20,single_test_k5,5
27,div_ratio,1.056925882183302,0.9644104215781723,1.1513511035496264,20,single_test_k5,5
27,hit,1.0,1.0,1.0,20,single_test_k5,5
28,mixture_error,,,,10,single_test_k5,5
28,kid_T,-0.009771524948983057,-0.025199916490636413,0.005476603142670041,10,single_test_k5,5
28,coverage_T,0.7594594594594593,0.7189189189189189,0.7999999999999999,10,single_test_k5,5
28,kid_S,0.021138789030299067,-0.052876998477912406,0.08043999974654735,10,single_test_k5,5
28,coverage_S,1.0,1.0,1.0,10,single_test_k5,5
28,sim_S,0.2130904018878937,0.19996027521789075,0.2262197544798255,10,single_test_k5,5
28,sim_T,0.32343451380729676,0.3173708563297987,0.32931781373918056,10,single_test_k5,5
28,sim_T_to_S,0.2108820155262947,0.20003864478319885,0.22130970250815155,10,single_test_k5,5
28,ratio_S,1.0172915995121001,0.9398503389954567,1.1028764553368091,10,single_test_k5,5
28,div_gen,0.19557184278964995,0.1804660351201892,0.20951212912797929,10,single_test_k5,5
28,div_T,0.2084653228521347,0.19696369081735612,0.21922838520258667,10,single_test_k5,5
28,div_ratio,0.9360197481850179,0.9084530148774329,0.961998603544782,10,single_test_k5,5
28,hit,1.0,1.0,1.0,10,single_test_k5,5
29,mixture_error,,,,5,single_test_k5,5
29,kid_T,0.08774390377493972,0.06879391032130364,0.10416281046090119,5,single_test_k5,5
29,coverage_T,0.6882352941176471,0.6529411764705884,0.7058823529411765,5,single_test_k5,5
29,kid_S,0.17819657444351017,0.029144705300809905,0.31449277717319823,5,single_test_k5,5
29,coverage_S,1.0,1.0,1.0,5,single_test_k5,5
29,sim_S,0.2281658321619034,0.21902793645858765,0.23474808037281036,5,single_test_k5,5
29,sim_T,0.31311726570129395,0.3017905831336975,0.3264001965522766,5,single_test_k5,5
29,sim_T_to_S,0.22367607057094574,0.21514321565628053,0.23154661923646924,5,single_test_k5,5
29,ratio_S,1.020380711555481,1.0030292987823486,1.0404441356658936,5,single_test_k5,5
29,div_gen,0.22473211586475372,0.20817349798977375,0.23831386916339398,5,single_test_k5,5
29,div_T,0.22422218322753906,0.2202767822146416,0.22828605353832246,5,single_test_k5,5
29,div_ratio,1.0024939572420508,0.9293771469677036,1.0536539334789548,5,single_test_k5,5
29,hit,1.0,1.0,1.0,5,single_test_k5,5
30,mixture_error,,,,5,single_test_k5,5
30,kid_T,-0.019732372355138493,-0.04150599378147639,0.00871038581846335,5,single_test_k5,5
30,coverage_T,0.5870967741935483,0.4645161290322581,0.7032258064516128,5,single_test_k5,5
30,kid_S,-0.07745558596675757,-0.15036797650080444,0.003702528774211978,5,single_test_k5,5
30,coverage_S,1.0,1.0,1.0,5,single_test_k5,5
30,sim_S,0.2949082970619202,0.28289633214473725,0.3096332311630249,5,single_test_k5,5
30,sim_T,0.3858588695526123,0.3702701345086098,0.4027683734893799,5,single_test_k5,5
30,sim_T_to_S,0.28513447642326356,0.27433772683143615,0.29444133043289183,5,single_test_k5,5
30,ratio_S,1.036156690120697,0.977985680103302,1.1014155745506287,5,single_test_k5,5
30,div_gen,0.19712513089179992,0.18616538047790526,0.20818050503730773,5,single_test_k5,5
30,div_T,0.16875838339328766,0.165489661693573,0.17138974666595458,5,single_test_k5,5
30,div_ratio,1.1675151330592384,1.1129573514146571,1.2220729147038196,5,single_test_k5,5
30,hit,1.0,1.0,1.0,5,single_test_k5,5
31,mixture_error,,,,5,single_test_k5,5
31,kid_T,-0.035817632873821025,-0.04670474724052056,-0.024918730968130375,5,single_test_k5,5
31,coverage_T,0.9333333333333333,0.9166666666666666,0.95,5,single_test_k5,5
31,kid_S,-0.05513875748653021,-0.09191737344249189,-0.019154912603775952,5,single_test_k5,5
31,coverage_S,1.0,1.0,1.0,5,single_test_k5,5
31,sim_S,0.267940828204155,0.24809275865554808,0.28778889775276184,5,single_test_k5,5
31,sim_T,0.4017802655696869,0.38236881494522096,0.4176787042617798,5,single_test_k5,5
31,sim_T_to_S,0.29085169434547425,0.27539265155792236,0.30631073713302615,5,single_test_k5,5
31,ratio_S,0.9243818640708923,0.8438320875167846,1.008869433403015,5,single_test_k5,5
31,div_gen,0.2192562073469162,0.2100066900253296,0.22827947318553926,5,single_test_k5,5
31,div_T,0.23722582757472993,0.2326438071578741,0.24170728623867035,5,single_test_k5,5
31,div_ratio,0.9255569617632178,0.872995983904229,0.9794888616690388,5,single_test_k5,5
31,hit,1.0,1.0,1.0,5,single_test_k5,5
32,mixture_error,,,,5,single_test_k5,5
32,kid_T,-0.011210888886285275,-0.04093049718587416,0.015829124293325555,5,single_test_k5,5
32,coverage_T,0.703225806451613,0.6064516129032258,0.7806451612903226,5,single_test_k5,5
32,kid_S,-0.024720528098315243,-0.0925726809360082,0.043131624739377726,5,single_test_k5,5
32,coverage_S,0.96,0.8800000000000001,1.0,5,single_test_k5,5
32,sim_S,0.2705921471118927,0.2508355438709259,0.28796234667301174,5,single_test_k5,5
32,sim_T,0.3746228039264679,0.3614568293094635,0.3899446606636047,5,single_test_k5,5
32,sim_T_to_S,0.29155328273773196,0.2800655722618103,0.3044299753010273,5,single_test_k5,5
32,ratio_S,0.9283565521240235,0.8698608875274658,0.9918218395113945,5,single_test_k5,5
32,div_gen,0.2221874475479126,0.21116522796452045,0.23029527366161345,5,single_test_k5,5
32,div_T,0.20572662949562073,0.20058475732803344,0.20990505516529084,5,single_test_k5,5
32,div_ratio,1.0821318926523944,1.0144220176926655,1.1458002643376854,5,single_test_k5,5
32,hit,1.0,1.0,1.0,5,single_test_k5,5
33,mixture_error,,,,5,single_test_k5,5
33,kid_T,-0.0216396385265341,-0.036416810962959546,-0.009598206222216632,5,single_test_k5,5
33,coverage_T,0.5487179487179488,0.4769230769230769,0.6307692307692307,5,single_test_k5,5
33,kid_S,-0.06698936899279247,-0.16975903634698425,0.02964685093381263,5,single_test_k5,5
33,coverage_S,1.0,1.0,1.0,5,single_test_k5,5
33,sim_S,0.2406955689191818,0.22504443526268006,0.25595266819000245,5,single_test_k5,5
33,sim_T,0.3527170062065125,0.34080804586410524,0.36980944871902466,5,single_test_k5,5
33,sim_T_to_S,0.23530240654945372,0.22721038162708282,0.2434581309556961,5,single_test_k5,5
33,ratio_S,1.0214243888854981,0.9868740797042846,1.0529552936553954,5,single_test_k5,5
33,div_gen,0.19444122314453124,0.1811240702867508,0.20782661139965058,5,single_test_k5,5
33,div_T,0.1783001661300659,0.17489733695983886,0.18160676062107087,5,single_test_k5,5
33,div_ratio,1.0922802546544417,1.004605250244739,1.1846766988162662,5,single_test_k5,5
33,hit,1.0,1.0,1.0,5,single_test_k5,5
34,mixture_error,,,,30,single_test_k5,5
34,kid_T,0.005355322702972684,-0.008052982035511148,0.017795206115429035,30,single_test_k5,5
34,coverage_T,0.6490116180240355,0.6000395066775659,0.7022936297502174,30,single_test_k5,5
34,kid_S,0.010884459629213635,-0.0429921096197962,0.07041976345003506,30,single_test_k5,5
34,coverage_S,1.0,1.0,1.0,30,single_test_k5,5
34,sim_S,0.23043712774912517,0.21797478994975486,0.2434412368759513,30,single_test_k5,5
34,sim_T,0.33486838936805724,0.32185172858337563,0.3485787428418795,30,single_test_k5,5
34,sim_T_to_S,0.22889718860387803,0.21585209327439467,0.24147135169555745,30,single_test_k5,5
34,ratio_S,1.0187992990016936,0.9605533692240715,1.0731422389050325,30,single_test_k5,5
34,div_gen,0.21376237720251084,0.2035904345785578,0.22377098586410282,30,single_test_k5,5
34,div_T,0.20737201025088628,0.19769394014030695,0.21779244481275478,30,single_test_k5,5
34,div_ratio,1.0411232245154127,0.9916053695189867,1.0861203198301634,30,single_test_k5,5
34,hit,1.0,1.0,1.0,30,single_test_k5,5
35,mixture_error,,,,5,single_test_k5,5
35,kid_T,0.027934051778020573,-0.02902078879401344,0.08488889235005459,5,single_test_k5,5
35,coverage_T,0.6142857142857143,0.5380952380952382,0.680952380952381,5,single_test_k5,5
35,kid_S,-0.14386401114573885,-0.23910266754460566,-0.029462936813377284,5,single_test_k5,5
35,coverage_S,1.0,1.0,1.0,5,single_test_k5,5
35,sim_S,0.19003231823444366,0.16520899832248687,0.2186995267868042,5,single_test_k5,5
35,sim_T,0.30840517282485963,0.29109407067298887,0.3269858002662659,5,single_test_k5,5
35,sim_T_to_S,0.19089872539043426,0.18111596748232842,0.2033063918352127,5,single_test_k5,5
35,ratio_S,0.9920273184776306,0.8910872220993042,1.0896195888519287,5,single_test_k5,5
35,div_gen,0.2594731479883194,0.2511692225933075,0.2677770733833313,5,single_test_k5,5
35,div_T,0.23819943368434907,0.2356689989566803,0.24177342653274536,5,single_test_k5,5
35,div_ratio,1.089775151430935,1.0488116092028847,1.1308113920311578,5,single_test_k5,5
35,hit,1.0,1.0,1.0,5,single_test_k5,5
36,mixture_error,,,,20,single_test_k5,5
36,kid_T,-0.0027255678281669304,-0.017348235325672146,0.012413842386860073,20,single_test_k5,5
36,coverage_T,0.6636773905066586,0.6147118112057135,0.7127227839727841,20,single_test_k5,5
36,kid_S,-0.022101414517360585,-0.071042791518865,0.03415937244503227,20,single_test_k5,5
36,coverage_S,1.0,1.0,1.0,20,single_test_k5,5
36,sim_S,0.21525553688406945,0.20391464328393338,0.22617711413651703,20,single_test_k5,5
36,sim_T,0.3229133903980255,0.30675283446907997,0.33891750670969484,20,single_test_k5,5
36,sim_T_to_S,0.20392749458551407,0.19511941453441978,0.2131181500479579,20,single_test_k5,5
36,ratio_S,1.0661770820617675,0.9915975940972567,1.1409325966984034,20,single_test_k5,5
36,div_gen,0.22704143077135086,0.20607717430219052,0.2477905950322747,20,single_test_k5,5
36,div_T,0.228451406955719,0.21236239878460764,0.24476174291223288,20,single_test_k5,5
36,div_ratio,0.9926315491342697,0.9407059668490947,1.0450522809913796,20,single_test_k5,5
36,hit,1.0,1.0,1.0,20,single_test_k5,5
37,mixture_error,,,,5,single_test_k5,5
37,kid_T,-0.023056961368876472,-0.029126884528720254,-0.017145702304736686,5,single_test_k5,5
37,coverage_T,0.5384615384615384,0.5179487179487179,0.558974358974359,5,single_test_k5,5
37,kid_S,-0.08303467982844168,-0.1798838893875086,0.013814529730625224,5,single_test_k5,5
37,coverage_S,1.0,1.0,1.0,5,single_test_k5,5
37,sim_S,0.19467999339103698,0.18397714495658873,0.2088996524363756,5,single_test_k5,5
37,sim_T,0.30105674266815186,0.2948177510499954,0.3070820450782776,5,single_test_k5,5
37,sim_T_to_S,0.22328028380870818,0.21653628647327422,0.22981483794748783,5,single_test_k5,5
37,ratio_S,0.8743566036224365,0.8138442754745483,0.9610253259539604,5,single_test_k5,5
37,div_gen,0.2471598356962204,0.24088049530982972,0.25481896102428436,5,single_test_k5,5
37,div_T,0.22750212848186493,0.22616619765758514,0.22891835868358612,5,single_test_k5,5
37,div_ratio,1.0863981343589164,1.062299476499183,1.1188426663465918,5,single_test_k5,5
37,hit,1.0,1.0,1.0,5,single_test_k5,5
38,mixture_error,,,,5,single_test_k5,5
38,kid_T,0.014223427430702174,-0.014704482617218417,0.049343395480492803,5,single_test_k5,5
38,coverage_T,0.7052631578947368,0.5894736842105263,0.789736842105263,5,single_test_k5,5
38,kid_S,0.09298973486294955,-0.07790576035999379,0.355149467260771,5,single_test_k5,5
38,coverage_S,1.0,1.0,1.0,5,single_test_k5,5
38,sim_S,0.19964028000831605,0.18192821741104126,0.21711326241493226,5,single_test_k5,5
38,sim_T,0.28683736324310305,0.268575918674469,0.3109744668006897,5,single_test_k5,5
38,sim_T_to_S,0.1825050175189972,0.17898906767368317,0.18664558231830597,5,single_test_k5,5
38,ratio_S,1.0952237844467163,0.9943952941894532,1.1971721649169922,5,single_test_k5,5
38,div_gen,0.1884593039751053,0.18115855753421783,0.19350903928279878,5,single_test_k5,5
38,div_T,0.19332585036754607,0.19067807197570802,0.19597362875938415,5,single_test_k5,5
38,div_ratio,0.9746351257309526,0.948333053122868,0.9956253803953171,5,single_test_k5,5
38,hit,1.0,1.0,1.0,5,single_test_k5,5
39,mixture_error,,,,5,single_test_k5,5
39,kid_T,0.03852562644508097,0.009164469789898533,0.05765572114370556,5,single_test_k5,5
39,coverage_T,0.6742857142857144,0.52,0.7828571428571429,5,single_test_k5,5
39,kid_S,0.09870376008522648,-0.03978142517929051,0.23718894534974347,5,single_test_k5,5
39,coverage_S,1.0,1.0,1.0,5,single_test_k5,5
39,sim_S,0.28887186050415037,0.26526073217391966,0.31279362440109254,5,single_test_k5,5
39,sim_T,0.4092102646827698,0.40360690355300904,0.41523462533950806,5,single_test_k5,5
39,sim_T_to_S,0.2796213895082474,0.2619159072637558,0.2964047761261463,5,single_test_k5,5
39,ratio_S,1.0338845252990723,0.9853467005491258,1.1144010782241822,5,single_test_k5,5
39,div_gen,0.27538474202156066,0.26268362402915957,0.2880858600139618,5,single_test_k5,5
39,div_T,0.22646521627902985,0.22475681006908416,0.22817362248897552,5,single_test_k5,5
39,div_ratio,1.2157783366503072,1.1645119275748552,1.2670447457257592,5,single_test_k5,5
39,hit,1.0,1.0,1.0,5,single_test_k5,5
40,mixture_error,,,,15,single_test_k5,5
40,kid_T,0.004395943493906884,-0.016948652293401242,0.029066274230196705,15,single_test_k5,5
40,coverage_T,0.7540263157894737,0.6637702850877193,0.8399004385964911,15,single_test_k5,5
40,kid_S,0.046172037260755874,-0.021968798718680706,0.12269811865297969,15,single_test_k5,5
40,coverage_S,1.0,1.0,1.0,15,single_test_k5,5
40,sim_S,0.2130843073129654,0.19950218468904496,0.22793071933090686,15,single_test_k5,5
40,sim_T,0.30343087315559386,0.28888013953963915,0.3176222710808118,15,single_test_k5,5
40,sim_T_to_S,0.2126597930987676,0.2016888848443826,0.22361125695208708,15,single_test_k5,5
40,ratio_S,1.005695923169454,0.9422660151124,1.0657167810201644,15,single_test_k5,5
40,div_gen,0.17552021245161692,0.16360038310289382,0.18677382024625938,15,single_test_k5,5
40,div_T,0.179025799036026,0.17217134488125643,0.18571946548918883,15,single_test_k5,5
40,div_ratio,0.9807186237215506,0.9234852866157335,1.0380501333274283,15,single_test_k5,5
40,hit,1.0,1.0,1.0,15,single_test_k5,5
41,mixture_error,,,,5,single_test_k5,5
41,kid_T,-0.034625515296706766,-0.05998458224832888,-0.007561364592108077,5,single_test_k5,5
41,coverage_T,0.8444444444444444,0.8277777777777777,0.861111111111111,5,single_test_k5,5
41,kid_S,-0.11586554937080606,-0.1901725651432315,-0.03984156128311369,5,single_test_k5,5
41,coverage_S,1.0,1.0,1.0,5,single_test_k5,5
41,sim_S,0.1849867194890976,0.17722019255161287,0.19766997203230857,5,single_test_k5,5
41,sim_T,0.3074625015258789,0.2838941991329193,0.3299059927463531,5,single_test_k5,5
41,sim_T_to_S,0.1948259472846985,0.18984827101230622,0.19980362355709075,5,single_test_k5,5
41,ratio_S,0.9490378618240356,0.9103547215461731,0.996078372001648,5,single_test_k5,5
41,div_gen,0.24827503263950348,0.23798331320285798,0.2578569293022156,5,single_test_k5,5
41,div_T,0.2656122028827667,0.26156301498413087,0.26957370042800904,5,single_test_k5,5
41,div_ratio,0.9345048014311782,0.899915352986462,0.961117483664531,5,single_test_k5,5
41,hit,1.0,1.0,1.0,5,single_test_k5,5
42,mixture_error,,,,10,single_test_k5,5
42,kid_T,0.011350144397261452,-0.01290396443635153,0.03591167896116169,10,single_test_k5,5
42,coverage_T,0.7664468864468864,0.6863369963369962,0.8539578754578755,10,single_test_k5,5
42,kid_S,-0.04715547831124134,-0.1193004081663858,0.029521568027498092,10,single_test_k5,5
42,coverage_S,1.0,1.0,1.0,10,single_test_k5,5
42,sim_S,0.21767434626817703,0.19735565319657325,0.2400508750975132,10,single_test_k5,5
42,sim_T,0.3150372326374054,0.29915081448853015,0.33281614974141116,10,single_test_k5,5
42,sim_T_to_S,0.18798702359199523,0.1785264501348138,0.19807301841676236,10,single_test_k5,5
42,ratio_S,1.1529191613197327,1.0911426490545273,1.214555421769619,10,single_test_k5,5
42,div_gen,0.23631533831357956,0.22558084312826396,0.24717603623867035,10,single_test_k5,5
42,div_T,0.25741774290800096,0.25373601254075767,0.2614649400487542,10,single_test_k5,5
42,div_ratio,0.9189637124881609,0.8754028149451083,0.9707303275416629,10,single_test_k5,5
42,hit,1.0,1.0,1.0,10,single_test_k5,5
43,mixture_error,,,,20,single_test_k5,5
43,kid_T,0.01575350129604276,-0.003585728618938122,0.03704563540212421,20,single_test_k5,5
43,coverage_T,0.6502508368362026,0.5911971344959149,0.7071891149939928,20,single_test_k5,5
43,kid_S,0.007383780994833877,-0.04251058405348504,0.05694804629877691,20,single_test_k5,5
43,coverage_S,1.0,1.0,1.0,20,single_test_k5,5
43,sim_S,0.20121444761753082,0.19040926640853287,0.21157163864001632,20,single_test_k5,5
43,sim_T,0.29899669587612154,0.28304982457309963,0.314962618201971,20,single_test_k5,5
43,sim_T_to_S,0.20906385779380798,0.19982373766601086,0.21779626747593284,20,single_test_k5,5
43,ratio_S,0.9630152523517609,0.9263842982053756,1.0000990795344114,20,single_test_k5,5
43,div_gen,0.26879467666149137,0.2585467323102057,0.27976272845640776,20,single_test_k5,5
43,div_T,0.2602576598525047,0.2542723162099719,0.2668837246857584,20,single_test_k5,5
43,div_ratio,1.0352165992984421,0.9889262714586223,1.084345617044219,20,single_test_k5,5
43,hit,0.990625,0.98125,1.0,20,single_test_k5,5
44,mixture_error,,,,5,single_test_k5,5
44,kid_T,0.0029599406096547654,-0.013097632590421071,0.02007346588055512,5,single_test_k5,5
44,coverage_T,0.7090909090909092,0.6545454545454545,0.7454545454545455,5,single_test_k5,5
44,kid_S,-0.05779036289905761,-0.12002141644394726,0.018217588708688125,5,single_test_k5,5
44,coverage_S,1.0,1.0,1.0,5,single_test_k5,5
44,sim_S,0.25688575208187103,0.23873382806777954,0.2750376760959625,5,single_test_k5,5
44,sim_T,0.37785776853561404,0.35327844619750975,0.3978272318840027,5,single_test_k5,5
44,sim_T_to_S,0.2616598904132843,0.24118407368659972,0.27849277257919314,5,single_test_k5,5
44,ratio_S,0.993744146823883,0.8663626432418823,1.1338594630360603,5,single_test_k5,5
44,div_gen,0.12562599331140517,0.11983888000249862,0.13027803599834442,5,single_test_k5,5
44,div_T,0.12171478122472763,0.1166365161538124,0.12504225671291352,5,single_test_k5,5
44,div_ratio,1.0343413286226897,0.9741343667490823,1.094548290496297,5,single_test_k5,5
44,hit,1.0,1.0,1.0,5,single_test_k5,5
45,mixture_error,,,,20,single_test_k5,5
45,kid_T,-0.007924311294399456,-0.02603970652965682,0.011146452795701362,20,single_test_k5,5
45,coverage_T,0.742647712534516,0.6804822752803114,0.8023563927704795,20,single_test_k5,5
45,kid_S,-0.01950145353445647,-0.08127265070482623,0.053062558959685216,20,single_test_k5,5
45,coverage_S,1.0,1.0,1.0,20,single_test_k5,5
45,sim_S,0.2525276802480221,0.23559775188565255,0.2702562489919364,20,single_test_k5,5
45,sim_T,0.3534149184823036,0.33563379414379596,0.37104279547929764,20,single_test_k5,5
45,sim_T_to_S,0.24170055761933326,0.23165394641458986,0.2526571766100824,20,single_test_k5,5
45,ratio_S,1.040866157412529,1.005327308923006,1.0807592321187258,20,single_test_k5,5
45,div_gen,0.19545793384313584,0.1816661091707647,0.20790375251322984,20,single_test_k5,5
45,div_T,0.20032537579536439,0.19148801438510418,0.20877471847459675,20,single_test_k5,5
45,div_ratio,0.9794636474453865,0.918422196240539,1.04412086785006,20,single_test_k5,5
45,hit,1.0,1.0,1.0,20,single_test_k5,5
46,mixture_error,,,,10,single_test_k5,5
46,kid_T,-0.0013522512967581335,-0.03222618423945334,0.03726834766752902,10,single_test_k5,5
46,coverage_T,0.6105534105534105,0.5416521879021879,0.6813384813384813,10,single_test_k5,5
46,kid_S,0.006625117967819704,-0.13475338223724495,0.17701893574727492,10,single_test_k5,5
46,coverage_S,1.0,1.0,1.0,10,single_test_k5,5
46,sim_S,0.19940769374370576,0.18391242392361165,0.21292160402983426,10,single_test_k5,5
46,sim_T,0.3162775993347168,0.30442706882953646,0.33059179984033105,10,single_test_k5,5
46,sim_T_to_S,0.1934912845492363,0.1807918443530798,0.20521874394267797,10,single_test_k5,5
46,ratio_S,1.0329002678394317,0.9735991364717483,1.0959907719492914,10,single_test_k5,5
46,div_gen,0.2588239133358002,0.2420872125402093,0.277262984663248,10,single_test_k5,5
46,div_T,0.24037468135356904,0.21880918372422456,0.2622903674468398,10,single_test_k5,5
46,div_ratio,1.0883956960465606,1.0203416443176039,1.1601682458882794,10,single_test_k5,5
46,hit,1.0,1.0,1.0,10,single_test_k5,5
47,mixture_error,,,,15,single_test_k5,5
47,kid_T,0.015569859761183243,-0.006049934148694816,0.041322563936490087,15,single_test_k5,5
47,coverage_T,0.58,0.5210567738791423,0.6369529727095518,15,single_test_k5,5
47,kid_S,0.0489684460358454,-0.054685146018843556,0.16271283291634106,15,single_test_k5,5
47,coverage_S,1.0,1.0,1.0,15,single_test_k5,5
47,sim_S,0.22259329358736674,0.2108651710798343,0.23298043576379618,15,single_test_k5,5
47,sim_T,0.3178392986456553,0.3090720291932424,0.32810320014754935,15,single_test_k5,5
47,sim_T_to_S,0.22909916838010153,0.21753195931514102,0.24148462610940138,15,single_test_k5,5
47,ratio_S,0.9768090009689331,0.9288482293486595,1.0269059989849727,15,single_test_k5,5
47,div_gen,0.21632400751113892,0.20801448665559294,0.224390185897549,15,single_test_k5,5
47,div_T,0.2106194367011388,0.19806899080673854,0.22152632566789784,15,single_test_k5,5
47,div_ratio,1.0403224808293667,0.968726490920198,1.1235167573263503,15,single_test_k5,5
47,hit,1.0,1.0,1.0,15,single_test_k5,5
48,mixture_error,,,,5,single_test_k5,5
48,kid_T,-0.038304295667130006,-0.060704427002039096,-0.015724655284942192,5,single_test_k5,5
48,coverage_T,0.7142857142857142,0.6628571428571428,0.7657142857142858,5,single_test_k5,5
48,kid_S,0.02032880750018151,-0.06377365697330653,0.10538405706336249,5,single_test_k5,5
48,coverage_S,0.96,0.8799999999999999,1.0,5,single_test_k5,5
48,sim_S,0.2199760615825653,0.19512875594198703,0.24729362726211548,5,single_test_k5,5
48,sim_T,0.3188208878040314,0.30775933265686034,0.33017507791519163,5,single_test_k5,5
48,sim_T_to_S,0.2230490654706955,0.21627430617809296,0.2307851979881525,5,single_test_k5,5
48,ratio_S,0.9832060098648071,0.8870090484619141,1.0810442805290221,5,single_test_k5,5
48,div_gen,0.19637983441352844,0.18925023078918457,0.20367559790611267,5,single_test_k5,5
48,div_T,0.20166202783584594,0.19389065802097322,0.20687398910522461,5,single_test_k5,5
48,div_ratio,0.9759143679006804,0.9235868483876457,1.0419022884958486,5,single_test_k5,5
48,hit,1.0,1.0,1.0,5,single_test_k5,5
macro,mixture_error,,,,49,single_test_k5,5
macro,kid_T,-0.00023226470561563405,-0.0034542201662025604,0.0031842134851868278,49,single_test_k5,5
macro,coverage_T,0.6776998046628621,0.6675345646151797,0.6873919292252493,49,single_test_k5,5
macro,kid_S,-0.010259583919834926,-0.022157923663752115,0.001739737641255036,49,single_test_k5,5
macro,coverage_S,0.9969030969030969,0.9939000285428857,0.999215070643642,49,single_test_k5,5
macro,sim_S,0.23072651446044268,0.22860424514161748,0.23310210224115852,49,single_test_k5,5
macro,sim_T,0.3375825710284523,0.33563262954647893,0.33972215436877445,49,single_test_k5,5
macro,sim_T_to_S,0.23075512214225521,0.22930163008774446,0.23223928930512303,49,single_test_k5,5
macro,ratio_S,1.0045087653636413,0.9955582655971038,1.0135813358530645,49,single_test_k5,5
macro,div_gen,0.2157144087756328,0.21403260872150562,0.21720789726116654,49,single_test_k5,5
macro,div_T,0.2111737436953708,0.2100567515265386,0.2122309075370952,49,single_test_k5,5
macro,div_ratio,1.0283677840309962,1.0207748107779007,1.0360399762293941,49,single_test_k5,5
macro,hit,0.999730180533752,0.9994944564364207,0.9999215070643642,49,single_test_k5,5
