group,metric,mean,lo,hi,n,set,k
1,mixture_error,0.17383333333333303,0.15983124999999976,0.18708333333333307,150,mixed_k10,10
1,kid_T,0.41414258902238676,0.3537814470381492,0.4879843566636905,150,mixed_k10,10
1,coverage_T,0.4249107347272264,0.40863339299519413,0.4404993838681351,150,mixed_k10,10
1,kid_S,0.107164947939013,0.08547037336792986,0.13292502811719614,150,mixed_k10,10
1,coverage_S,0.9753333333333334,0.9626666666666671,0.986,150,mixed_k10,10
1,sim_S,0.2837142171462377,0.2783909370700518,0.28957491664836804,150,mixed_k10,10
1,sim_T,0.369391215244929,0.3632264145662387,0.3750892508427302,150,mixed_k10,10
1,sim_T_to_S,0.2464209454258283,0.24269225987792015,0.2503191954890887,150,mixed_k10,10
1,ratio_S,1.1544743212064108,1.1347143743435542,1.1776395235160988,150,mixed_k10,10
1,div_gen,0.17600312372048696,0.17082705740382273,0.18097771298636992,150,mixed_k10,10
1,div_T,0.23572496424118677,0.2301162949303786,0.24122138014435768,150,mixed_k10,10
1,div_ratio,0.7567643475031974,0.7341983416444566,0.7785716651101127,150,mixed_k10,10
1,hit,,,,150,mixed_k10,10
2,mixture_error,0.16069444444444458,0.13638541666666676,0.1834756944444446,90,mixed_k10,10
2,kid_T,0.15280867980569976,0.14099900643011448,0.16532606289913826,90,mixed_k10,10
2,coverage_T,0.5817471125812824,0.5658958413558488,0.5983229977562488,90,mixed_k10,10
2,kid_S,0.10311432204189326,0.08430199171399438,0.12300132383430819,90,mixed_k10,10
2,coverage_S,0.9933333333333334,0.987777777777778,0.9977777777777779,90,mixed_k10,10
2,sim_S,0.30842066092623605,0.30012452759676506,0.31686398449043435,90,mixed_k10,10
2,sim_T,0.42021589113606345,0.4102886697401603,0.43019791175921757,90,mixed_k10,10
2,sim_T_to_S,0.24315957493252224,0.23990961510274145,0.24649130971481403,90,mixed_k10,10
2,ratio_S,1.2669613030221727,1.2411003858182166,1.2928660481174787,90,mixed_k10,10
2,div_gen,0.1474131313463052,0.14522316911154323,0.1498415488211645,90,mixed_k10,10
2,div_T,0.21073042352994284,0.20794892384774155,0.21354168988350367,90,mixed_k10,10
2,div_ratio,0.7023520178584116,0.6881431676284343,0.7178789858243915,90,mixed_k10,10
2,hit,,,,90,mixed_k10,10
3,mixture_error,0.17716666666666653,0.15941041666666655,0.19508333333333316,150,mixed_k10,10
3,kid_T,0.2795357312921982,0.24543485328897782,0.31794152828393435,150,mixed_k10,10
3,coverage_T,0.4631470176631462,0.4453252730869846,0.48151931042065965,150,mixed_k10,10
3,kid_S,0.08461829336454896,0.06815247482350766,0.10312343992889753,150,mixed_k10,10
3,coverage_S,0.9780000000000001,0.9633333333333337,0.9893333333333335,150,mixed_k10,10
3,sim_S,0.2929368816812833,0.288061701151232,0.29801214378823837,150,mixed_k10,10
3,sim_T,0.3620279534657796,0.3584925189614296,0.36566192939877507,150,mixed_k10,10
3,sim_T_to_S,0.24957413464784622,0.2457909634485841,0.25361483843624594,150,mixed_k10,10
3,ratio_S,1.179047493537267,1.1604646761020025,1.1972725148002306,150,mixed_k10,10
3,div_gen,0.17015646715958913,0.16662969813992579,0.17366115755339465,150,mixed_k10,10
3,div_T,0.21861894210179647,0.21428479694823424,0.22332379842797914,150,mixed_k10,10
3,div_ratio,0.7820776092168431,0.7696150450412269,0.7949927418168274,150,mixed_k10,10
3,hit,,,,150,mixed_k10,10
4,mixture_error,0.19624999999999976,0.17991249999999978,0.21242291666666638,150,mixed_k10,10
4,kid_T,0.35526496654081696,0.31762968449304,0.3913339494423611,150,mixed_k10,10
4,coverage_T,0.4103313557177788,0.39239954934343124,0.4293250036264344,150,mixed_k10,10
4,kid_S,0.09184571539323377,0.07125284071817904,0.1111498775292624,150,mixed_k10,10
4,coverage_S,0.9740000000000005,0.9626666666666667,0.9840000000000003,150,mixed_k10,10
4,sim_S,0.2806190648674965,0.2752730467791359,0.28618597354739905,150,mixed_k10,10
4,sim_T,0.3585241804520289,0.3539126468052467,0.363094585681955,150,mixed_k10,10
4,sim_T_to_S,0.24557806720336278,0.24299350336690742,0.24848142141352098,150,mixed_k10,10
4,ratio_S,1.1426989396413167,1.1247767115732035,1.1610400260190168,150,mixed_k10,10
4,div_gen,0.16832300315300625,0.16382496519138418,0.1728282883030673,150,mixed_k10,10
4,div_T,0.22402194867531458,0.22051832772791385,0.2270353248367707,150,mixed_k10,10
4,div_ratio,0.7577738798008954,0.7358726474373501,0.7800107352467359,150,mixed_k10,10
4,hit,,,,150,mixed_k10,10
5,mixture_error,0.17174999999999982,0.15682916666666646,0.18742708333333316,150,mixed_k10,10
5,kid_T,0.2198751788150498,0.20000782167839629,0.24361408891157438,150,mixed_k10,10
5,coverage_T,0.49985734486540473,0.47944595696092307,0.5191199404487726,150,mixed_k10,10
5,kid_S,0.07441938164099685,0.05649279988414209,0.0944887765493675,150,mixed_k10,10
5,coverage_S,0.9900000000000002,0.984666666666667,0.9946666666666668,150,mixed_k10,10
5,sim_S,0.2789421425263087,0.2752693833435575,0.282804846778512,150,mixed_k10,10
5,sim_T,0.3474516379833221,0.34402467271188897,0.3508746340324481,150,mixed_k10,10
5,sim_T_to_S,0.24790455768505731,0.24542281368623176,0.2502934566562374,150,mixed_k10,10
5,ratio_S,1.1264586345354717,1.1129133052726585,1.139322441826264,150,mixed_k10,10
5,div_gen,0.14794956400990486,0.14411726229513686,0.15191975641250613,150,mixed_k10,10
5,div_T,0.20345276286204655,0.19954904932777087,0.2072072903116544,150,mixed_k10,10
5,div_ratio,0.7322241657381183,0.713152468352855,0.7514919943032445,150,mixed_k10,10
5,hit,,,,150,mixed_k10,10
6,mixture_error,0.2075,0.13414583333333335,0.285,15,mixed_k10,10
6,kid_T,0.059026025810333255,0.04836573015830342,0.06971144611030147,15,mixed_k10,10
6,coverage_T,0.6655555555555553,0.6322222222222222,0.6955555555555556,15,mixed_k10,10
6,kid_S,0.060881242803615974,0.011260008982512873,0.10936908577798593,15,mixed_k10,10
6,coverage_S,0.9866666666666667,0.9666666666666668,1.0,15,mixed_k10,10
6,sim_S,0.2714333415031433,0.25848954026897747,0.28403272862235707,15,mixed_k10,10
6,sim_T,0.38230684796969094,0.3712100461125374,0.39318199187517167,15,mixed_k10,10
6,sim_T_to_S,0.22647663156191508,0.2212850854297479,0.2323283017426729,15,mixed_k10,10
6,ratio_S,1.1983457565307618,1.152588232755661,1.2421178795893988,15,mixed_k10,10
6,div_gen,0.12818184942007066,0.12154307629913091,0.1354468518992265,15,mixed_k10,10
6,div_T,0.17189277907212575,0.16932326515515644,0.17427338746686777,15,mixed_k10,10
6,div_ratio,0.7457727494601215,0.707959119027095,0.7874490707414991,15,mixed_k10,10
6,hit,,,,15,mixed_k10,10
7,mixture_error,0.20208333333333314,0.18804861111111093,0.21625347222222197,90,mixed_k10,10
7,kid_T,0.5669105476415669,0.4984154352531401,0.6350327371483222,90,mixed_k10,10
7,coverage_T,0.4212678813778592,0.4009343942484109,0.4418609849323869,90,mixed_k10,10
7,kid_S,0.10090696685247952,0.0774238784648139,0.12547935444769112,90,mixed_k10,10
7,coverage_S,0.9755555555555555,0.9611111111111111,0.9888888888888889,90,mixed_k10,10
7,sim_S,0.2957534601291021,0.28908680733707215,0.3018619445876943,90,mixed_k10,10
7,sim_T,0.38253949681917826,0.375651987294356,0.38952642737991283,90,mixed_k10,10
7,sim_T_to_S,0.2428829065627522,0.2391845044700636,0.2466744034199251,90,mixed_k10,10
7,ratio_S,1.2208635568618775,1.1922219142648909,1.2481932389073902,90,mixed_k10,10
7,div_gen,0.1889519421590699,0.18293963248531023,0.19506023435542982,90,mixed_k10,10
7,div_T,0.2648868418402142,0.25927942271861765,0.27000578806218173,90,mixed_k10,10
7,div_ratio,0.7174178590046507,0.6951245602241749,0.7394361750456547,90,mixed_k10,10
7,hit,,,,90,mixed_k10,10
8,mixture_error,0.1916666666666667,0.1744444444444445,0.21167361111111108,45,mixed_k10,10
8,kid_T,0.35632090458299354,0.31360708571835505,0.39749691035056495,45,mixed_k10,10
8,coverage_T,0.35203717055195066,0.33502448530000795,0.3694919997863761,45,mixed_k10,10
8,kid_S,0.056205153101749276,0.029917332527018982,0.08695124868387366,45,mixed_k10,10
8,coverage_S,0.9777777777777776,0.9621666666666663,0.9933333333333333,45,mixed_k10,10
8,sim_S,0.27485475374592677,0.2688613987217347,0.2813691342704826,45,mixed_k10,10
8,sim_T,0.3455282860332065,0.33900287015570535,0.3527878490421507,45,mixed_k10,10
8,sim_T_to_S,0.2518921537531747,0.2486749895910422,0.2553069290932682,45,mixed_k10,10
8,ratio_S,1.0917809075779386,1.0679411881168683,1.1152988675898976,45,mixed_k10,10
8,div_gen,0.19190728929307727,0.18518698472115727,0.1981095332900683,45,mixed_k10,10
8,div_T,0.22962946792443592,0.226897515695956,0.23257544148299428,45,mixed_k10,10
8,div_ratio,0.835729246711573,0.809960262257286,0.8602294818181099,45,mixed_k10,10
8,hit,,,,45,mixed_k10,10
9,mixture_error,0.2358333333333332,0.21782916666666635,0.2551687500000002,150,mixed_k10,10
9,kid_T,0.5954087386658472,0.5473247386543937,0.6452603190891543,150,mixed_k10,10
9,coverage_T,0.374520161878413,0.359146350724746,0.39041724569888037,150,mixed_k10,10
9,kid_S,0.19143117883427455,0.16379587211498242,0.22306411602728438,150,mixed_k10,10
9,coverage_S,0.9413333333333337,0.9193333333333333,0.960666666666667,150,mixed_k10,10
9,sim_S,0.27888550887505215,0.2725882838542263,0.2852625178769231,150,mixed_k10,10
9,sim_T,0.3517641613880793,0.3455196437040965,0.35740631562471387,150,mixed_k10,10
9,sim_T_to_S,0.23921753317117692,0.2358481327717503,0.24248340015113354,150,mixed_k10,10
9,ratio_S,1.1691460235913596,1.1442570445537565,1.194719019641479,150,mixed_k10,10
9,div_gen,0.18797948638598125,0.18312178534517687,0.19293761473645765,150,mixed_k10,10
9,div_T,0.2645147900780042,0.26092876236389084,0.2682964445079366,150,mixed_k10,10
9,div_ratio,0.7132699822340254,0.6961889085265859,0.7309529815442405,150,mixed_k10,10
9,hit,,,,150,mixed_k10,10
10,mixture_error,0.22999999999999982,0.21341458333333302,0.2459208333333333,150,mixed_k10,10
10,kid_T,0.6007391187331644,0.5467081427963328,0.6504069804554685,150,mixed_k10,10
10,coverage_T,0.37505023507406376,0.360933740542872,0.3897486234066566,150,mixed_k10,10
10,kid_S,0.12877193544885357,0.10418268742039832,0.1522180429318366,150,mixed_k10,10
10,coverage_S,0.9493333333333337,0.934666666666667,0.9640000000000007,150,mixed_k10,10
10,sim_S,0.2743820094068845,0.27027543414384125,0.27830355764428777,150,mixed_k10,10
10,sim_T,0.3529492074251175,0.35033324018617473,0.35554496468106905,150,mixed_k10,10
10,sim_T_to_S,0.23486978570620218,0.23277868354320527,0.23686065572500228,150,mixed_k10,10
10,ratio_S,1.169395987590154,1.1524068728089334,1.1852218097448348,150,mixed_k10,10
10,div_gen,0.2024701816836993,0.19732583167403936,0.2075865160798033,150,mixed_k10,10
10,div_T,0.2734489557147026,0.2707261332819859,0.2758903861219684,150,mixed_k10,10
10,div_ratio,0.7413694917583428,0.723232014240996,0.7595106095643706,150,mixed_k10,10
10,hit,,,,150,mixed_k10,10
12,mixture_error,0.23583333333333314,0.2188333333333331,0.2535083333333334,150,mixed_k10,10
12,kid_T,0.6005028882811079,0.5483628174221662,0.6517315342634049,150,mixed_k10,10
12,coverage_T,0.35321052681646403,0.3417759028169355,0.3649514455159692,150,mixed_k10,10
12,kid_S,0.1343574209436192,0.10534239945715933,0.16519291068674272,150,mixed_k10,10
12,coverage_S,0.9553333333333338,0.9380000000000007,0.9700000000000005,150,mixed_k10,10
12,sim_S,0.2847032482425372,0.2795461109181245,0.29028967608263095,150,mixed_k10,10
12,sim_T,0.3522095972299576,0.3485719152192275,0.3558661624342203,150,mixed_k10,10
12,sim_T_to_S,0.2487440245350202,0.24594235699872177,0.25158980181316537,150,mixed_k10,10
12,ratio_S,1.1464195259412129,1.1268569183846313,1.1682223218282064,150,mixed_k10,10
12,div_gen,0.20225217829147973,0.19733265811204911,0.20750797503689924,150,mixed_k10,10
12,div_T,0.26668697863817215,0.2637472363859415,0.26972604425251484,150,mixed_k10,10
12,div_ratio,0.7616508740294188,0.7417480820179578,0.7817345355583669,150,mixed_k10,10
12,hit,,,,150,mixed_k10,10
14,mixture_error,0.14666666666666667,0.1016666666666667,0.1958541666666667,15,mixed_k10,10
14,kid_T,0.1449617814144177,0.09958306276343924,0.19433009587846892,15,mixed_k10,10
14,coverage_T,0.6320000000000001,0.5599666666666667,0.6920000000000001,15,mixed_k10,10
14,kid_S,-0.01332031014083969,-0.05761304417287638,0.0337035341698846,15,mixed_k10,10
14,coverage_S,1.0,1.0,1.0,15,mixed_k10,10
14,sim_S,0.3091970423857371,0.2932027656833331,0.3246377827723821,15,mixed_k10,10
14,sim_T,0.37903276284535725,0.36433565487464264,0.39311035340030986,15,mixed_k10,10
14,sim_T_to_S,0.2692563941081365,0.26381828772524996,0.2749335833887259,15,mixed_k10,10
14,ratio_S,1.1488987843195597,1.0911070666710536,1.2022376994291941,15,mixed_k10,10
14,div_gen,0.1822486658891042,0.17773074140151343,0.18684045794109502,15,mixed_k10,10
14,div_T,0.2056913862625758,0.20439191912611326,0.20694102202852568,15,mixed_k10,10
14,div_ratio,0.8863248185079494,0.8618998430250869,0.9102752928133926,15,mixed_k10,10
14,hit,,,,15,mixed_k10,10
15,mixture_error,0.20527777777777778,0.18166319444444443,0.23126388888888888,90,mixed_k10,10
15,kid_T,0.17869133099590392,0.15539061041681618,0.2047570518587705,90,mixed_k10,10
15,coverage_T,0.44926978988889005,0.4306568723576323,0.46845588489866263,90,mixed_k10,10
15,kid_S,0.06101331688456874,0.043009360129272776,0.08176483644412146,90,mixed_k10,10
15,coverage_S,0.9755555555555555,0.9622222222222223,0.9866666666666666,90,mixed_k10,10
15,sim_S,0.28828255848752127,0.2821000791548027,0.2941345331983434,90,mixed_k10,10
15,sim_T,0.3721299595303006,0.3664395642363363,0.3776491868330373,90,mixed_k10,10
15,sim_T_to_S,0.2617040165596538,0.2584901234259208,0.2649579397506184,90,mixed_k10,10
15,ratio_S,1.102931327952279,1.079714316709174,1.1249472512801488,90,mixed_k10,10
15,div_gen,0.14267785855465465,0.13807616929627128,0.148243617295391,90,mixed_k10,10
15,div_T,0.17453315986527337,0.17006277486681937,0.17934922804435094,90,mixed_k10,10
15,div_ratio,0.8265014362102933,0.7978678655798692,0.8591209518835325,90,mixed_k10,10
15,hit,,,,90,mixed_k10,10
17,mixture_error,0.24125,0.22432291666666634,0.2603333333333334,150,mixed_k10,10
17,kid_T,0.8328637787193458,0.7774866928560918,0.891328531911746,150,mixed_k10,10
17,coverage_T,0.346225523021953,0.33312164909932873,0.3579313066396552,150,mixed_k10,10
17,kid_S,0.23006641831131294,0.19496930106244842,0.2674462967266728,150,mixed_k10,10
17,coverage_S,0.9253333333333338,0.9020000000000002,0.9473333333333335,150,mixed_k10,10
17,sim_S,0.2702188890178998,0.2643135611762603,0.2765845027814309,150,mixed_k10,10
17,sim_T,0.34672113756338757,0.3403470958769321,0.3535967242519061,150,mixed_k10,10
17,sim_T_to_S,0.23250427414973576,0.2293126913458109,0.23546237298846245,150,mixed_k10,10
17,ratio_S,1.1622739712397256,1.1410125103592872,1.1886615482767422,150,mixed_k10,10
17,div_gen,0.1944281075398127,0.1892336578766505,0.19938541837781668,150,mixed_k10,10
17,div_T,0.29189051826794943,0.2883335168634852,0.2954304804603259,150,mixed_k10,10
17,div_ratio,0.6695961057733283,0.6512657505639103,0.6879476972141386,150,mixed_k10,10
17,hit,,,,150,mixed_k10,10
18,mixture_error,0.23624999999999996,0.2188291666666664,0.2536687500000001,150,mixed_k10,10
18,kid_T,0.5237188694704187,0.4675243062705937,0.5839678970981425,150,mixed_k10,10
18,coverage_T,0.36854370807917686,0.35356123810936996,0.3821538011606417,150,mixed_k10,10
18,kid_S,0.12030948760087345,0.09385617918612818,0.1453917158472851,150,mixed_k10,10
18,coverage_S,0.9646666666666668,0.9499833333333335,0.9793333333333336,150,mixed_k10,10
18,sim_S,0.2844334833820661,0.2804359184304873,0.2888106475844979,150,mixed_k10,10
18,sim_T,0.37100591460863747,0.36691324020922184,0.37500502570470173,150,mixed_k10,10
18,sim_T_to_S,0.2539270908633868,0.25184477943678696,0.25598177830129865,150,mixed_k10,10
18,ratio_S,1.1218710454305012,1.1057352341115476,1.1395698640247187,150,mixed_k10,10
18,div_gen,0.2152186076839765,0.2107352353458603,0.21984211268275974,150,mixed_k10,10
18,div_T,0.26172962933778765,0.25930044377346834,0.2641648823519548,150,mixed_k10,10
18,div_ratio,0.8265017215102598,0.805571057400545,0.8486326480367762,150,mixed_k10,10
18,hit,,,,150,mixed_k10,10
20,mixture_error,0.105,0.06666666666666667,0.14418749999999994,15,mixed_k10,10
20,kid_T,0.14068192041923322,0.09633920836912253,0.19081357354765363,15,mixed_k10,10
20,coverage_T,0.3727699530516432,0.33802816901408456,0.41220657276995304,15,mixed_k10,10
20,kid_S,-0.02833079043129795,-0.05446704889459853,6.217734338003118e-06,15,mixed_k10,10
20,coverage_S,0.9866666666666667,0.9666666666666667,1.0,15,mixed_k10,10
20,sim_S,0.30886604090531666,0.2933138582855463,0.3238880841930707,15,mixed_k10,10
20,sim_T,0.4053166349728902,0.3970570286611716,0.41435032382607456,15,mixed_k10,10
20,sim_T_to_S,0.2801197528839111,0.2744919062157472,0.28576847155888874,15,mixed_k10,10
20,ratio_S,1.102245525519053,1.056163143614928,1.1462543170650799,15,mixed_k10,10
20,div_gen,0.21127403676509857,0.2056745566179355,0.21619151396056016,15,mixed_k10,10
20,div_T,0.23366807599862416,0.232054857040445,0.23514736530681452,15,mixed_k10,10
20,div_ratio,0.9040907946830804,0.8833119154719083,0.9233629428880029,15,mixed_k10,10
20,hit,,,,15,mixed_k10,10
21,mixture_error,0.20124999999999982,0.18471874999999974,0.220003472222222,90,mixed_k10,10
21,kid_T,0.4064809953660103,0.34284692589285987,0.466556640841293,90,mixed_k10,10
21,coverage_T,0.3600059878629523,0.34034483172223656,0.3804868632453321,90,mixed_k10,10
21,kid_S,0.06436639042678276,0.041866553070386156,0.0884399752000728,90,mixed_k10,10
21,coverage_S,0.9644444444444441,0.9511111111111114,0.9777777777777777,90,mixed_k10,10
21,sim_S,0.28973865426248974,0.2839965800361501,0.295224379238983,90,mixed_k10,10
21,sim_T,0.37187865144676635,0.36697453942563796,0.377217785269022,90,mixed_k10,10
21,sim_T_to_S,0.25900234282016754,0.25578270308673384,0.26206933646980257,90,mixed_k10,10
21,ratio_S,1.120220418771108,1.099072863890065,1.1415097419752016,90,mixed_k10,10
21,div_gen,0.19680210931433573,0.18931809508138234,0.2045594111002154,90,mixed_k10,10
21,div_T,0.24879168189234205,0.24420633695605728,0.2531928561876218,90,mixed_k10,10
21,div_ratio,0.7959888244539466,0.7633778473861326,0.8300486901678374,90,mixed_k10,10
21,hit,,,,90,mixed_k10,10
22,mixture_error,0.23083333333333314,0.21424583333333297,0.25075625,150,mixed_k10,10
22,kid_T,0.5518624660092488,0.5065367816875301,0.5965529636120968,150,mixed_k10,10
22,coverage_T,0.35433970696729933,0.34198407699687433,0.36864771296740906,150,mixed_k10,10
22,kid_S,0.16507906988042895,0.14010144706673539,0.192333105022182,150,mixed_k10,10
22,coverage_S,0.9413333333333338,0.9246666666666675,0.9560000000000004,150,mixed_k10,10
22,sim_S,0.27285100569327675,0.26810326301058135,0.2776170633335909,150,mixed_k10,10
22,sim_T,0.3434558773040772,0.338815359244744,0.3484304117063681,150,mixed_k10,10
22,sim_T_to_S,0.24037390788396198,0.23706911727786065,0.24340475035210452,150,mixed_k10,10
22,ratio_S,1.1374448164304098,1.1195855683982372,1.1548422335187594,150,mixed_k10,10
22,div_gen,0.21256812741359074,0.2080192632029454,0.21678484131644168,150,mixed_k10,10
22,div_T,0.26727938334147133,0.2646836233610908,0.26992526742815975,150,mixed_k10,10
22,div_ratio,0.7976588466089806,0.779636508642673,0.8148541706300573,150,mixed_k10,10
22,hit,,,,150,mixed_k10,10
23,mixture_error,0.27916666666666673,0.22739583333333332,0.3433333333333334,15,mixed_k10,10
23,kid_T,0.8330144640579833,0.7351409028660444,0.9224691754804196,15,mixed_k10,10
23,coverage_T,0.35000000000000003,0.32497023809523806,0.375,15,mixed_k10,10
23,kid_S,0.22445076587137766,0.12371599803160097,0.3437279908160112,15,mixed_k10,10
23,coverage_S,0.9333333333333333,0.84,0.9933333333333334,15,mixed_k10,10
23,sim_S,0.2968831807374954,0.2847423016279936,0.30763049992422264,15,mixed_k10,10
23,sim_T,0.37569103837013246,0.36959724441170694,0.3820567091802756,15,mixed_k10,10
23,sim_T_to_S,0.2754546264807383,0.26900108153621355,0.2819663881758849,15,mixed_k10,10
23,ratio_S,1.0792343695958455,1.0365466393033664,1.1227834422389666,15,mixed_k10,10
23,div_gen,0.17711298366387684,0.16533250165482363,0.1904388429969549,15,mixed_k10,10
23,div_T,0.24489183525244396,0.24307322536905607,0.24693681493401526,15,mixed_k10,10
23,div_ratio,0.723852560444921,0.6727613771164943,0.780069498174794,15,mixed_k10,10
23,hit,,,,15,mixed_k10,10
26,mixture_error,0.20333333333333303,0.19099791666666638,0.2162499999999996,150,mixed_k10,10
26,kid_T,0.29113244219502593,0.26553141302989763,0.32016507990299065,150,mixed_k10,10
26,coverage_T,0.41213980590436294,0.39612745383900283,0.4273917747043095,150,mixed_k10,10
26,kid_S,0.06921496242558138,0.053116455795715424,0.08689227802335704,150,mixed_k10,10
26,coverage_S,0.9873333333333338,0.9820000000000003,0.9926666666666669,150,mixed_k10,10
26,sim_S,0.2905236706137657,0.28578050833195445,0.29501247019817434,150,mixed_k10,10
26,sim_T,0.37255199571450553,0.36849452102681,0.37614470941821737,150,mixed_k10,10
26,sim_T_to_S,0.243699325521787,0.24130673528462648,0.2458108410363396,150,mixed_k10,10
26,ratio_S,1.1919299670060475,1.1767429209152858,1.2069304409424464,150,mixed_k10,10
26,div_gen,0.180454672674338,0.17590205568323533,0.18564403184751668,150,mixed_k10,10
26,div_T,0.2370758370558421,0.23430348859975736,0.23972128736227752,150,mixed_k10,10
26,div_ratio,0.7611443570903578,0.7439072656050242,0.7790495315278002,150,mixed_k10,10
26,hit,,,,150,mixed_k10,10
27,mixture_error,0.16472222222222205,0.14555208333333325,0.1859791666666666,90,mixed_k10,10
27,kid_T,0.1967758791115444,0.16492593257763005,0.2299039386989474,90,mixed_k10,10
27,coverage_T,0.4880506701769963,0.46420200596167543,0.5111858963881888,90,mixed_k10,10
27,kid_S,0.04225630385801337,0.025956534177116245,0.05866692055954801,90,mixed_k10,10
27,coverage_S,0.9811111111111113,0.9711111111111115,0.9900000000000001,90,mixed_k10,10
27,sim_S,0.27217195199595556,0.2669809718595611,0.2778790270619922,90,mixed_k10,10
27,sim_T,0.3456175910101997,0.3410893097519874,0.3500774821556277,90,mixed_k10,10
27,sim_T_to_S,0.23879081043932174,0.23589817930840784,0.24202297077824672,90,mixed_k10,10
27,ratio_S,1.140689375003179,1.1199257556597393,1.1599431691235966,90,mixed_k10,10
27,div_gen,0.17568748113181856,0.1711792378582888,0.18061061357872352,90,mixed_k10,10
27,div_T,0.210976309577624,0.20746691146244606,0.21472568629516495,90,mixed_k10,10
27,div_ratio,0.8356757845816007,0.8144461899956195,0.8575142001227927,90,mixed_k10,10
27,hit,,,,90,mixed_k10,10
28,mixture_error,0.21250000000000005,0.175,0.2616666666666667,15,mixed_k10,10
28,kid_T,0.26869116991690933,0.19410836147151384,0.34074202538082693,15,mixed_k10,10
28,coverage_T,0.4603603603603604,0.4162162162162163,0.5036036036036037,15,mixed_k10,10
28,kid_S,0.07238626059701189,0.04228245019426572,0.10405582602498588,15,mixed_k10,10
28,coverage_S,1.0,1.0,1.0,15,mixed_k10,10
28,sim_S,0.2775193353494008,0.26837225308020907,0.28721216455101967,15,mixed_k10,10
28,sim_T,0.3688499828179677,0.36212315027912456,0.3761293458938598,15,mixed_k10,10
28,sim_T_to_S,0.23715724547704062,0.22981441063185534,0.24419301410516103,15,mixed_k10,10
28,ratio_S,1.1709256172180176,1.1411685758829118,1.19669213950634,15,mixed_k10,10
28,div_gen,0.1667167713244756,0.15692310574154059,0.17686992531021437,15,mixed_k10,10
28,div_T,0.2253239800532659,0.22399959127108257,0.22666082893808684,15,mixed_k10,10
28,div_ratio,0.7403652706171724,0.6946480915237139,0.7859238724180125,15,mixed_k10,10
28,hit,,,,15,mixed_k10,10
34,mixture_error,0.24583333333333332,0.22716458333333314,0.26583958333333335,150,mixed_k10,10
34,kid_T,0.5972676435991241,0.5348757748832538,0.6603596412528318,150,mixed_k10,10
34,coverage_T,0.37807622092107196,0.3662237004502761,0.39104538496303504,150,mixed_k10,10
34,kid_S,0.17275281113930036,0.1334500021105765,0.21461670218744602,150,mixed_k10,10
34,coverage_S,0.9366666666666669,0.9126666666666668,0.9580000000000001,150,mixed_k10,10
34,sim_S,0.2831872699658076,0.2768247986634572,0.2898422409171859,150,mixed_k10,10
34,sim_T,0.3633994535605113,0.3577282365659873,0.3698085491557916,150,mixed_k10,10
34,sim_T_to_S,0.2388631624976794,0.2350971064940095,0.24206991759439309,150,mixed_k10,10
34,ratio_S,1.1880029873053233,1.1637841471930346,1.2124468716681003,150,mixed_k10,10
34,div_gen,0.19265016565720242,0.188696830590566,0.19628994859506688,150,mixed_k10,10
34,div_T,0.25937055349349974,0.25256473776698113,0.26604335105915866,150,mixed_k10,10
34,div_ratio,0.7594734434717371,0.7370035630341921,0.7808772338016029,150,mixed_k10,10
34,hit,,,,150,mixed_k10,10
36,mixture_error,0.23611111111111088,0.21471874999999968,0.2595902777777775,90,mixed_k10,10
36,kid_T,1.0478986341646235,0.9480009943477679,1.1498156322517317,90,mixed_k10,10
36,coverage_T,0.3502758735214875,0.33634682899595175,0.3661192918325592,90,mixed_k10,10
36,kid_S,0.229329186606524,0.17422921331153376,0.29150256124836454,90,mixed_k10,10
36,coverage_S,0.9311111111111112,0.8999999999999998,0.957777777777778,90,mixed_k10,10
36,sim_S,0.2511198048790296,0.24458929021739298,0.25844395138323306,90,mixed_k10,10
36,sim_T,0.3401008105940289,0.33161594425638513,0.3485482691642311,90,mixed_k10,10
36,sim_T_to_S,0.2099267166521814,0.20717722484634982,0.2128692333938347,90,mixed_k10,10
36,ratio_S,1.198090277115504,1.1687487998770343,1.2315141642590364,90,mixed_k10,10
36,div_gen,0.21793807960218853,0.20618719251619444,0.22962897641791238,90,mixed_k10,10
36,div_T,0.32529197500811685,0.32328041144543224,0.3273914719372988,90,mixed_k10,10
36,div_ratio,0.6698173925824764,0.6336416869917856,0.7056280797661174,90,mixed_k10,10
36,hit,,,,90,mixed_k10,10
40,mixture_error,0.1275,0.10944444444444446,0.14583333333333331,45,mixed_k10,10
40,kid_T,0.07677526248228846,0.061417099983155615,0.09402147164284906,45,mixed_k10,10
40,coverage_T,0.6036015965840528,0.5813834122342895,0.6267636220180082,45,mixed_k10,10
40,kid_S,0.03895151309051397,0.020064333639969855,0.05876209376090899,45,mixed_k10,10
40,coverage_S,0.9822222222222221,0.9711111111111108,0.9933333333333333,45,mixed_k10,10
40,sim_S,0.2566230532195833,0.24902316206859218,0.2634112592455414,45,mixed_k10,10
40,sim_T,0.34276488886939155,0.3366431438922882,0.349244952980015,45,mixed_k10,10
40,sim_T_to_S,0.22792739239003923,0.22418152708146308,0.2318902317351765,45,mixed_k10,10
40,ratio_S,1.126523072189755,1.0994386435548464,1.1517733878559537,45,mixed_k10,10
40,div_gen,0.14113485200537576,0.138342422110339,0.1440773961154951,45,mixed_k10,10
40,div_T,0.18537497222423555,0.18299155354499816,0.18794830188983017,45,mixed_k10,10
40,div_ratio,0.7625471508458168,0.7467760700674684,0.7794302476399854,45,mixed_k10,10
40,hit,,,,45,mixed_k10,10
42,mixture_error,0.19250000000000006,0.13912500000000003,0.2516666666666667,15,mixed_k10,10
42,kid_T,0.17873929686388396,0.14765544792887458,0.21296755469016804,15,mixed_k10,10
42,coverage_T,0.5909909909909908,0.5477477477477478,0.6324549549549551,15,mixed_k10,10
42,kid_S,0.04622094585289259,0.00033507090770519874,0.09500690801101937,15,mixed_k10,10
42,coverage_S,0.9866666666666667,0.9666666666666667,1.0,15,mixed_k10,10
42,sim_S,0.2648281862338384,0.24762787632644176,0.2816060236096382,15,mixed_k10,10
42,sim_T,0.35994603435198463,0.34393279885252315,0.37692358990510305,15,mixed_k10,10
42,sim_T_to_S,0.21211494704087575,0.2034634746114413,0.22128374045093854,15,mixed_k10,10
42,ratio_S,1.2470799843470255,1.1971658245722452,1.30153178691864,15,mixed_k10,10
42,div_gen,0.19422538280487062,0.1890881785005331,0.19989630555113155,15,mixed_k10,10
42,div_T,0.2647563934326172,0.2634088875353336,0.2661831296483676,15,mixed_k10,10
42,div_ratio,0.7338103537486489,0.7127013945082943,0.7560932223007587,15,mixed_k10,10
42,hit,,,,15,mixed_k10,10
43,mixture_error,0.1930555555555554,0.17263541666666646,0.2145868055555554,90,mixed_k10,10
43,kid_T,0.33897654560398893,0.30547060577105795,0.3726582033184526,90,mixed_k10,10
43,coverage_T,0.36259782094663406,0.3455966443236179,0.3793642769446433,90,mixed_k10,10
43,kid_S,0.08768462424982701,0.06469333878509353,0.11143910382326397,90,mixed_k10,10
43,coverage_S,0.9777777777777777,0.9633333333333334,0.988888888888889,90,mixed_k10,10
43,sim_S,0.26600931187470755,0.25901899413102203,0.2728914176589913,90,mixed_k10,10
43,sim_T,0.3413131637705697,0.334188344122635,0.34847361701230206,90,mixed_k10,10
43,sim_T_to_S,0.22417021857367622,0.22115678220573398,0.22697702347404428,90,mixed_k10,10
43,ratio_S,1.1871802820099724,1.1575959914757146,1.216677042345206,90,mixed_k10,10
43,div_gen,0.22160552193721136,0.2157397092630466,0.22698325206422146,90,mixed_k10,10
43,div_T,0.28130002783404456,0.2796407961514261,0.2829524096101523,90,mixed_k10,10
43,div_ratio,0.7876428036624925,0.767343045017964,0.8075101131043603,90,mixed_k10,10
43,hit,,,,90,mixed_k10,10
45,mixture_error,0.22624999999999978,0.20346874999999978,0.2515381944444442,90,mixed_k10,10
45,kid_T,0.5400265114139742,0.46872438861401583,0.6120539336059505,90,mixed_k10,10
45,coverage_T,0.42727682485878044,0.4106631497347918,0.44474968894639466,90,mixed_k10,10
45,kid_S,0.14713813636441112,0.10985101974810614,0.18423532297839051,90,mixed_k10,10
45,coverage_S,0.9466666666666667,0.9233333333333335,0.9666666666666668,90,mixed_k10,10
45,sim_S,0.29852681424882677,0.29031564213335515,0.3069014588784841,90,mixed_k10,10
45,sim_T,0.3777166727516386,0.3695952721188466,0.3858391321284903,90,mixed_k10,10
45,sim_T_to_S,0.26269957472880684,0.2593955922250947,0.26594257716089487,90,mixed_k10,10
45,ratio_S,1.1355236404471927,1.1127265004482534,1.1620027597248554,90,mixed_k10,10
45,div_gen,0.16727149883906048,0.16017381341920958,0.1744265573223432,90,mixed_k10,10
45,div_T,0.23697745949029922,0.23212461218651798,0.24143859018882116,90,mixed_k10,10
45,div_ratio,0.7098051194308961,0.678227047661225,0.7397516923337842,90,mixed_k10,10
45,hit,,,,90,mixed_k10,10
46,mixture_error,0.23472222222222222,0.20805555555555558,0.2650069444444443,45,mixed_k10,10
46,kid_T,0.6404270402186214,0.5457757399724164,0.7319423297949991,45,mixed_k10,10
46,coverage_T,0.4092799596090736,0.3843998665656894,0.43502795629124735,45,mixed_k10,10
46,kid_S,0.10672359691573519,0.06550656414309416,0.15052490108606775,45,mixed_k10,10
46,coverage_S,0.9622222222222222,0.9333333333333331,0.9844444444444443,45,mixed_k10,10
46,sim_S,0.2606545269489288,0.2497348056650824,0.27208634930352366,45,mixed_k10,10
46,sim_T,0.3442895452181498,0.3335088336633312,0.35534687813785343,45,mixed_k10,10
46,sim_T_to_S,0.21109720634089577,0.2066549764242437,0.21548654321167204,45,mixed_k10,10
46,ratio_S,1.2356898811128405,1.1897500471605196,1.285923181010617,45,mixed_k10,10
46,div_gen,0.20636758936776056,0.19846282854676248,0.21541112718482813,45,mixed_k10,10
46,div_T,0.2746553977330526,0.2720803739461634,0.2773849040269852,45,mixed_k10,10
46,div_ratio,0.75286610146368,0.7222873410921701,0.7878980834137242,45,mixed_k10,10
46,hit,,,,45,mixed_k10,10
47,mixture_error,0.26527777777777767,0.23083333333333328,0.3039027777777776,45,mixed_k10,10
47,kid_T,0.5696298334431267,0.5058100777847935,0.6294758767986565,45,mixed_k10,10
47,coverage_T,0.29135795714743085,0.2730629364181997,0.3114683053498843,45,mixed_k10,10
47,kid_S,0.1323208152312208,0.08951139268219116,0.17834853071158752,45,mixed_k10,10
47,coverage_S,0.922222222222222,0.8844444444444444,0.953333333333333,45,mixed_k10,10
47,sim_S,0.26311593883567386,0.2561755820032623,0.26995870523154736,45,mixed_k10,10
47,sim_T,0.3236429108513726,0.3189829259779718,0.3282847081952625,45,mixed_k10,10
47,sim_T_to_S,0.2390039384365082,0.23363119306663674,0.24447095201247268,45,mixed_k10,10
47,ratio_S,1.107804728878869,1.068938280608919,1.1491536769270898,45,mixed_k10,10
47,div_gen,0.1898635831144121,0.18529990066256788,0.1949246094127496,45,mixed_k10,10
47,div_T,0.2584553254975213,0.2529806091884772,0.26348692146440345,45,mixed_k10,10
47,div_ratio,0.7388428884212925,0.7159783904979311,0.7644157972512514,45,mixed_k10,10
47,hit,,,,45,mixed_k10,10
macro,mixture_error,0.20433703703703696,0.1989494212962962,0.2102954166666666,30,mixed_k10,10
macro,kid_T,0.41863837448856134,0.40840351038693934,0.4283610688801538,30,mixed_k10,10
macro,coverage_T,0.43095992822341006,0.42640901592860575,0.43588201427921663,30,mixed_k10,10
macro,kid_S,0.10341100210328388,0.09600546437923742,0.11028488043951076,30,mixed_k10,10
macro,coverage_S,0.9667333333333336,0.9624512962962964,0.9705931481481483,30,mixed_k10,10
macro,sim_S,0.280979866936251,0.27944110928031585,0.2826586514765466,30,mixed_k10,10
macro,sim_T,0.3623444500433074,0.3610430237014537,0.3637591547144783,30,mixed_k10,10
macro,sim_T_to_S,0.2431504419677787,0.24244430913602316,0.24391741903349756,30,mixed_k10,10
macro,ratio_S,1.1590050840642716,1.15322967607975,1.1650396529365472,30,mixed_k10,10
macro,div_gen,0.18326114373019442,0.18218966177835785,0.1843691926120332,30,mixed_k10,10
macro,div_T,0.2417214252098843,0.2411337007193378,0.2423655053552654,30,mixed_k10,10
macro,div_ratio,0.7642969332474843,0.759624247127933,0.7692024543688918,30,mixed_k10,10
macro,hit,,,,30,mixed_k10,10
0,mixture_error,,,,5,single_test_k1,1
0,kid_T,0.021482112770807405,-0.0026144585813387524,0.04833412050948103,5,single_test_k1,1
0,coverage_T,0.4883720930232558,0.46976744186046504,0.5069767441860465,5,single_test_k1,1
0,kid_S,,,,5,single_test_k1,1
0,coverage_S,,,,5,single_test_k1,1
0,sim_S,0.23978763520717622,0.2067876011133194,0.2780942142009735,5,single_test_k1,1
0,sim_T,0.3715535461902618,0.3575028121471405,0.38560428023338317,5,single_test_k1,1
0,sim_T_to_S,0.1857987552881241,0.15904267728328705,0.2187536507844925,5,single_test_k1,1
0,ratio_S,1.2943493366241454,1.24464910030365,1.3509257793426515,5,single_test_k1,1
0,div_gen,0.24450836479663848,0.23827529460191726,0.24992019534111024,5,single_test_k1,1
0,div_T,0.24716389775276185,0.24599858716130257,0.24850841760635375,5,single_test_k1,1
0,div_ratio,0.9893896750870457,0.9621898827424308,1.0149864525553691,5,single_test_k1,1
0,hit,0.975,0.925,1.0,5,single_test_k1,1
1,mixture_error,,,,30,single_test_k1,1
1,kid_T,0.23599466360242408,0.1535924462545114,0.3368661708952138,30,single_test_k1,1
1,coverage_T,0.5518553764569079,0.4770894564920672,0.609936765497433,30,single_test_k1,1
1,kid_S,,,,30,single_test_k1,1
1,coverage_S,,,,30,single_test_k1,1
1,sim_S,0.16496819232900936,0.1503498559631407,0.178191056145976,30,single_test_k1,1
1,sim_T,0.3373371640841166,0.32124766988058884,0.35218818962574006,30,single_test_k1,1
1,sim_T_to_S,0.1296538187811772,0.11627117176850638,0.1414381156830738,30,single_test_k1,1
1,ratio_S,1.351207184791565,1.2225596222281456,1.4998097567260265,30,single_test_k1,1
1,div_gen,0.19629912823438644,0.18584477908909322,0.20782562950005135,30,single_test_k1,1
1,div_T,0.20301540344953536,0.19373578637838365,0.2118976062287887,30,single_test_k1,1
1,div_ratio,0.9760549840394376,0.9204450604313826,1.043418292362936,30,single_test_k1,1
1,hit,0.8333333333333334,0.7354166666666667,0.9166666666666666,30,single_test_k1,1
2,mixture_error,,,,20,single_test_k1,1
2,kid_T,0.23920929367910918,0.18187345832497176,0.30999304316898557,20,single_test_k1,1
2,coverage_T,0.5608671171171171,0.4707638355685231,0.6445736290267542,20,single_test_k1,1
2,kid_S,,,,20,single_test_k1,1
2,coverage_S,,,,20,single_test_k1,1
2,sim_S,0.1909141570329666,0.16756978008896112,0.21454612614586951,20,single_test_k1,1
2,sim_T,0.3482190027832985,0.3231862781569362,0.3721447854861617,20,single_test_k1,1
2,sim_T_to_S,0.1240607725456357,0.10678504961542785,0.14071250532753765,20,single_test_k1,1
2,ratio_S,1.6331330597400666,1.4692354087531567,1.803558906316757,20,single_test_k1,1
2,div_gen,0.177574348077178,0.1588614811655134,0.19833518374711276,20,single_test_k1,1
2,div_T,0.20217001289129258,0.19182078767567873,0.2120200598239899,20,single_test_k1,1
2,div_ratio,0.8864707142913744,0.7925727593472865,0.9853086740047241,20,single_test_k1,1
2,hit,0.503125,0.44375,0.559375,20,single_test_k1,1
3,mixture_error,,,,70,single_test_k1,1
3,kid_T,0.2247401462661088,0.18493274520547492,0.26265754375638733,70,single_test_k1,1
3,coverage_T,0.5706181368487868,0.5195595600072599,0.6259546616486855,70,single_test_k1,1
3,kid_S,,,,70,single_test_k1,1
3,coverage_S,,,,70,single_test_k1,1
3,sim_S,0.18510618135333062,0.1723614606341081,0.19866193580042038,70,single_test_k1,1
3,sim_T,0.33884000352450777,0.3310787106092487,0.3466404356275286,70,single_test_k1,1
3,sim_T_to_S,0.13204893083976849,0.12312572319060565,0.14131088537030986,70,single_test_k1,1
3,ratio_S,1.456946555205754,1.381439346075058,1.5442810325111662,70,single_test_k1,1
3,div_gen,0.18511165252753667,0.17850240622780153,0.19167880268501383,70,single_test_k1,1
3,div_T,0.20165411127465113,0.19694721542298793,0.20700048299240215,70,single_test_k1,1
3,div_ratio,0.9245396621576183,0.88604225047144,0.9603646981720018,70,single_test_k1,1
3,hit,0.5241071428571429,0.46875,0.5830357142857143,70,single_test_k1,1
4,mixture_error,,,,65,single_test_k1,1
4,kid_T,0.22975748993846562,0.18491902976970506,0.2812961110669901,65,single_test_k1,1
4,coverage_T,0.5726353303204232,0.5215981043998587,0.6197319224550197,65,single_test_k1,1
4,kid_S,,,,65,single_test_k1,1
4,coverage_S,,,,65,single_test_k1,1
4,sim_S,0.17306673457989327,0.15899008106153745,0.186510610824021,65,single_test_k1,1
4,sim_T,0.32963406053873207,0.31977285120349663,0.33877582893921776,65,single_test_k1,1
4,sim_T_to_S,0.13258894687661757,0.120752248947437,0.14354422335727857,65,single_test_k1,1
4,ratio_S,1.3649920234313377,1.2857680766628339,1.450116488796014,65,single_test_k1,1
4,div_gen,0.1778354062483861,0.1696534008303514,0.1863203820013083,65,single_test_k1,1
4,div_T,0.1983605403166551,0.19252135324936648,0.20388242841340026,65,single_test_k1,1
4,div_ratio,0.9001688339919398,0.8660953019168773,0.9400475068281907,65,single_test_k1,1
4,hit,0.6586538461538461,0.5990384615384615,0.7144471153846154,65,single_test_k1,1
5,mixture_error,,,,30,single_test_k1,1
5,kid_T,0.22352426964794941,0.14656859289028057,0.32016168863172395,30,single_test_k1,1
5,coverage_T,0.5966703608243054,0.5091195047286912,0.6760169168695911,30,single_test_k1,1
5,kid_S,,,,30,single_test_k1,1
5,coverage_S,,,,30,single_test_k1,1
5,sim_S,0.18356735929846763,0.16756319403648376,0.1998791916668415,30,single_test_k1,1
5,sim_T,0.31999443769454955,0.30574358721574146,0.3332745460420847,30,single_test_k1,1
5,sim_T_to_S,0.14931401535868644,0.13698513380562266,0.16147679230819145,30,single_test_k1,1
5,ratio_S,1.2479850073655447,1.1704934000968934,1.3250864520172276,30,single_test_k1,1
5,div_gen,0.17468474035461742,0.1591989712168773,0.19111873577659327,30,single_test_k1,1
5,div_T,0.18692686160405478,0.17538265869021416,0.19743562433868644,30,single_test_k1,1
5,div_ratio,0.9435227518444561,0.8701456102020967,1.0246179466435394,30,single_test_k1,1
5,hit,0.6520833333333333,0.5395833333333333,0.7520833333333333,30,single_test_k1,1
6,mixture_error,,,,10,single_test_k1,1
6,kid_T,0.22945149564417858,0.12248365584555905,0.3388068212823136,10,single_test_k1,1
6,coverage_T,0.5426171529619805,0.4211980548187445,0.6637709991158267,10,single_test_k1,1
6,kid_S,,,,10,single_test_k1,1
6,coverage_S,,,,10,single_test_k1,1
6,sim_S,0.13375857546925546,0.11607551753520966,0.14789414767175912,10,single_test_k1,1
6,sim_T,0.2951850533485413,0.27207057997584344,0.3166890349984169,10,single_test_k1,1
6,sim_T_to_S,0.12363148033618927,0.1067305151745677,0.14575507035478952,10,single_test_k1,1
6,ratio_S,1.12072634100914,0.9456238059699535,1.2860902580618858,10,single_test_k1,1
6,div_gen,0.18909526467323304,0.15328595202416181,0.22533333241939546,10,single_test_k1,1
6,div_T,0.16670484691858292,0.15445113494992257,0.1790731105953455,10,single_test_k1,1
6,div_ratio,1.1178626437976744,0.9683328201175398,1.2631304854806065,10,single_test_k1,1
6,hit,0.525,0.4,0.65625,10,single_test_k1,1
7,mixture_error,,,,20,single_test_k1,1
7,kid_T,0.1842349544882019,0.11893410827061099,0.262618330720447,20,single_test_k1,1
7,coverage_T,0.6137300163968026,0.5235466988624717,0.6955373091309694,20,single_test_k1,1
7,kid_S,,,,20,single_test_k1,1
7,coverage_S,,,,20,single_test_k1,1
7,sim_S,0.16262284889817238,0.14530672626569865,0.1812908683344722,20,single_test_k1,1
7,sim_T,0.3721266731619835,0.35316291484981777,0.3921059750765562,20,single_test_k1,1
7,sim_T_to_S,0.12537836264818908,0.11129749154206366,0.1419104985380545,20,single_test_k1,1
7,ratio_S,1.340988877415657,1.216624255552888,1.4726118883490562,20,single_test_k1,1
7,div_gen,0.19742731377482414,0.18378300769254566,0.21123415816575286,20,single_test_k1,1
7,div_T,0.21814935877919198,0.2055570082180202,0.2321727549098432,20,single_test_k1,1
7,div_ratio,0.909883115696515,0.8565032801088548,0.9703355050813434,20,single_test_k1,1
7,hit,0.85,0.75625,0.934375,20,single_test_k1,1
8,mixture_error,,,,15,single_test_k1,1
8,kid_T,0.14859686424732518,0.06917939768341255,0.23672600594460858,15,single_test_k1,1
8,coverage_T,0.5890971828322936,0.5357141709207789,0.6417235063339005,15,single_test_k1,1
8,kid_S,,,,15,single_test_k1,1
8,coverage_S,,,,15,single_test_k1,1
8,sim_S,0.1808846727013588,0.16463278671105702,0.1978243495275577,15,single_test_k1,1
8,sim_T,0.3310550689697266,0.318596990754207,0.34289208764831225,15,single_test_k1,1
8,sim_T_to_S,0.1378914992014567,0.12103298625598352,0.15615790308763583,15,single_test_k1,1
8,ratio_S,1.3892585992813111,1.1980402493476867,1.6347626398007076,15,single_test_k1,1
8,div_gen,0.1998987098534902,0.1843095972885688,0.2152267860621214,15,single_test_k1,1
8,div_T,0.19811546305815378,0.18854451529681682,0.20829784184694292,15,single_test_k1,1
8,div_ratio,1.0063457528999409,0.9623521516700358,1.0460938253183132,15,single_test_k1,1
8,hit,0.85,0.7041666666666667,0.9833333333333333,15,single_test_k1,1
9,mixture_error,,,,110,single_test_k1,1
9,kid_T,0.20646520274310862,0.17146001810893072,0.24575649924428344,110,single_test_k1,1
9,coverage_T,0.5644189256150103,0.5282679404221846,0.5989078754099806,110,single_test_k1,1
9,kid_S,,,,110,single_test_k1,1
9,coverage_S,,,,110,single_test_k1,1
9,sim_S,0.1872414891692725,0.1773358453302221,0.19812233790924605,110,single_test_k1,1
9,sim_T,0.33553550758145073,0.3277062628011812,0.3434155306998979,110,single_test_k1,1
9,sim_T_to_S,0.14088109816339883,0.13319390534169295,0.14810488237999378,110,single_test_k1,1
9,ratio_S,1.3719024669040334,1.3116379597512158,1.435602340481498,110,single_test_k1,1
9,div_gen,0.19240877750245008,0.18713897241787478,0.19759141134267502,110,single_test_k1,1
9,div_T,0.21281751746481115,0.20816449695690112,0.2172864185646176,110,single_test_k1,1
9,div_ratio,0.9101072534061971,0.8845664384893606,0.9370964914880721,110,single_test_k1,1
9,hit,0.6494318181818182,0.59203125,0.7051136363636363,110,single_test_k1,1
10,mixture_error,,,,30,single_test_k1,1
10,kid_T,0.17947836147787596,0.11096526384362465,0.2649773672866243,30,single_test_k1,1
10,coverage_T,0.5825348016837377,0.5173586731432477,0.6403654614691847,30,single_test_k1,1
10,kid_S,,,,30,single_test_k1,1
10,coverage_S,,,,30,single_test_k1,1
10,sim_S,0.1690972459812959,0.15364076759666204,0.18426771445820728,30,single_test_k1,1
10,sim_T,0.3338958332935969,0.3196132472157478,0.34709708934028943,30,single_test_k1,1
10,sim_T_to_S,0.12194909776250522,0.11075848358372847,0.1339521138370037,30,single_test_k1,1
10,ratio_S,1.4390606462955475,1.312903299878041,1.5928275167942048,30,single_test_k1,1
10,div_gen,0.21079684992631276,0.19775860962768396,0.22317685770491758,30,single_test_k1,1
10,div_T,0.2235257883866628,0.21644471000880003,0.2308897169182698,30,single_test_k1,1
10,div_ratio,0.9462449446072476,0.8899320942661286,0.9982820223988792,30,single_test_k1,1
10,hit,0.8375,0.7457812500000001,0.9166666666666666,30,single_test_k1,1
11,mixture_error,,,,5,single_test_k1,1
11,kid_T,0.2960627599981219,0.1447856748385771,0.5398811033116999,5,single_test_k1,1
11,coverage_T,0.36818181818181817,0.21818181818181817,0.47727272727272735,5,single_test_k1,1
11,kid_S,,,,5,single_test_k1,1
11,coverage_S,,,,5,single_test_k1,1
11,sim_S,0.14388534128665925,0.11339905008673669,0.16825292110443116,5,single_test_k1,1
11,sim_T,0.2891152143478394,0.26859794855117797,0.3001441955566406,5,single_test_k1,1
11,sim_T_to_S,0.12172626852989196,0.0957122027873993,0.14374067187309264,5,single_test_k1,1
11,ratio_S,1.2205894827842712,0.9218800124526024,1.539727008342743,5,single_test_k1,1
11,div_gen,0.24437035024166107,0.23610529601573943,0.2543938398361206,5,single_test_k1,1
11,div_T,0.2514394223690033,0.25016764402389524,0.2524472653865814,5,single_test_k1,1
11,div_ratio,0.9720858978282594,0.9367032251294285,1.0164904921776952,5,single_test_k1,1
11,hit,0.8,0.5,1.0,5,single_test_k1,1
12,mixture_error,,,,75,single_test_k1,1
12,kid_T,0.14001912886334564,0.10039009207639263,0.1941712072384105,75,single_test_k1,1
12,coverage_T,0.580281895113127,0.5440541412425632,0.6134914231589925,75,single_test_k1,1
12,kid_S,,,,75,single_test_k1,1
12,coverage_S,,,,75,single_test_k1,1
12,sim_S,0.17805254876613616,0.1675959252541264,0.18891343036542335,75,single_test_k1,1
12,sim_T,0.3430123313268026,0.3363243961930275,0.3495168372491995,75,single_test_k1,1
12,sim_T_to_S,0.1340099284549554,0.12629028359552225,0.14243433464194338,75,single_test_k1,1
12,ratio_S,1.360331731637319,1.3052440887490908,1.415273128926754,75,single_test_k1,1
12,div_gen,0.1923440154393514,0.1857535811762015,0.19888094773391882,75,single_test_k1,1
12,div_T,0.20877726634343466,0.204093806390961,0.21302219536403816,75,single_test_k1,1
12,div_ratio,0.9235773704381984,0.8964061130924325,0.951012025174833,75,single_test_k1,1
12,hit,0.8166666666666667,0.7616041666666667,0.8691666666666666,75,single_test_k1,1
13,mixture_error,,,,5,single_test_k1,1
13,kid_T,0.06340819916925718,0.03102899099009626,0.11249101408179599,5,single_test_k1,1
13,coverage_T,0.8444444444444443,0.7822222222222223,0.888888888888889,5,single_test_k1,1
13,kid_S,,,,5,single_test_k1,1
13,coverage_S,,,,5,single_test_k1,1
13,sim_S,0.16176652908325195,0.13557787239551544,0.18795518577098846,5,single_test_k1,1
13,sim_T,0.28402137756347656,0.27743071973323824,0.28761600852012636,5,single_test_k1,1
13,sim_T_to_S,0.12561283633112907,0.08267956748604774,0.15391160547733307,5,single_test_k1,1
13,ratio_S,1.4624832630157472,1.0766562938690185,2.0388874769210816,5,single_test_k1,1
13,div_gen,0.1795181006193161,0.1684223532676697,0.19061384797096254,5,single_test_k1,1
13,div_T,0.2405234009027481,0.23948563933372496,0.24123092591762543,5,single_test_k1,1
13,div_ratio,0.7462831627703894,0.7011271600986142,0.7914391654421647,5,single_test_k1,1
13,hit,1.0,1.0,1.0,5,single_test_k1,1
14,mixture_error,,,,10,single_test_k1,1
14,kid_T,0.25588584142802856,0.08357259305110733,0.48213607680389975,10,single_test_k1,1
14,coverage_T,0.7516826923076924,0.621875,0.8452223557692308,10,single_test_k1,1
14,kid_S,,,,10,single_test_k1,1
14,coverage_S,,,,10,single_test_k1,1
14,sim_S,0.16579836532473563,0.13027027724310755,0.20024080473929642,10,single_test_k1,1
14,sim_T,0.32562272995710373,0.2953613322228193,0.34651959665119647,10,single_test_k1,1
14,sim_T_to_S,0.159704527258873,0.14464074047282338,0.17336547277867795,10,single_test_k1,1
14,ratio_S,1.0200125217437743,0.8372087623178959,1.1998789457976817,10,single_test_k1,1
14,div_gen,0.17783089727163315,0.17098803605884313,0.1853277438506484,10,single_test_k1,1
14,div_T,0.172365303337574,0.1631991568952799,0.1813628140464425,10,single_test_k1,1
14,div_ratio,1.04146814150359,0.966822757236155,1.1282535319484246,10,single_test_k1,1
14,hit,0.7375,0.5625,0.875,10,single_test_k1,1
15,mixture_error,,,,20,single_test_k1,1
15,kid_T,0.17582980484726204,0.0528148184250009,0.3379035998925724,20,single_test_k1,1
15,coverage_T,0.5771003303095728,0.45518151069258267,0.688542220444499,20,single_test_k1,1
15,kid_S,,,,20,single_test_k1,1
15,coverage_S,,,,20,single_test_k1,1
15,sim_S,0.18651665672659873,0.16638976987451315,0.2053101122751832,20,single_test_k1,1
15,sim_T,0.35981463342905046,0.3354139684513211,0.382034321166575,20,single_test_k1,1
15,sim_T_to_S,0.151161827147007,0.13060725431889297,0.16809688944369555,20,single_test_k1,1
15,ratio_S,1.2973374247550964,1.1576648783683776,1.4850732915103435,20,single_test_k1,1
15,div_gen,0.15568527430295945,0.14189966600388287,0.17166241377592087,20,single_test_k1,1
15,div_T,0.16036096587777138,0.15036220932379363,0.1716468349471688,20,single_test_k1,1
15,div_ratio,0.9746392428945736,0.9018775102067599,1.0583068446863988,20,single_test_k1,1
15,hit,0.696875,0.5749218749999999,0.815703125,20,single_test_k1,1
16,mixture_error,,,,5,single_test_k1,1
16,kid_T,0.24238293843667086,0.10547108531349565,0.417043487096036,5,single_test_k1,1
16,coverage_T,0.49523809523809526,0.24761904761904763,0.7095238095238094,5,single_test_k1,1
16,kid_S,,,,5,single_test_k1,1
16,coverage_S,,,,5,single_test_k1,1
16,sim_S,0.15730937272310258,0.10412124544382095,0.20724784433841706,5,single_test_k1,1
16,sim_T,0.33691903948783875,0.30806478261947634,0.3637696446478367,5,single_test_k1,1
16,sim_T_to_S,0.1083072580397129,0.07648813202977181,0.13444603830575944,5,single_test_k1,1
16,ratio_S,1.4548064708709716,1.2328208446502686,1.6767920970916748,5,single_test_k1,1
16,div_gen,0.20442369282245637,0.1663565844297409,0.2424908012151718,5,single_test_k1,1
16,div_T,0.21981765627861022,0.21881462633609772,0.22106053829193115,5,single_test_k1,1
16,div_ratio,0.9304507445266017,0.7565401821320249,1.1043613069211786,5,single_test_k1,1
16,hit,0.8,0.5875,0.9875,5,single_test_k1,1
17,mixture_error,,,,60,single_test_k1,1
17,kid_T,0.1672140693345449,0.10344233905108495,0.24339790621100502,60,single_test_k1,1
17,coverage_T,0.6076672394064623,0.5549054516121837,0.6608921232709698,60,single_test_k1,1
17,kid_S,,,,60,single_test_k1,1
17,coverage_S,,,,60,single_test_k1,1
17,sim_S,0.16701969901720684,0.15550294493325056,0.17924118573156494,60,single_test_k1,1
17,sim_T,0.3417001066108545,0.33012995179121696,0.35489609363799296,60,single_test_k1,1
17,sim_T_to_S,0.12678176276385783,0.11623906419922908,0.1374700396663199,60,single_test_k1,1
17,ratio_S,1.3966541598240534,1.2854969460268815,1.5121664265791575,60,single_test_k1,1
17,div_gen,0.2036962034801642,0.1940753424478074,0.21361634851743777,60,single_test_k1,1
17,div_T,0.2138337589800358,0.20879249315708875,0.2189391642125944,60,single_test_k1,1
17,div_ratio,0.9580340020079333,0.9129389000838103,0.9984929163356718,60,single_test_k1,1
17,hit,0.875,0.8145833333333333,0.9291927083333333,60,single_test_k1,1
18,mixture_error,,,,25,single_test_k1,1
18,kid_T,0.23834745193227966,0.13771557505201817,0.34836763991438985,25,single_test_k1,1
18,coverage_T,0.5400173368165292,0.4603902319833499,0.6156358652077998,25,single_test_k1,1
18,kid_S,,,,25,single_test_k1,1
18,coverage_S,,,,25,single_test_k1,1
18,sim_S,0.1780021422356367,0.15353751901723445,0.20099894445762037,25,single_test_k1,1
18,sim_T,0.34926647067070005,0.3317306184768677,0.3657057916820049,25,single_test_k1,1
18,sim_T_to_S,0.127962164580822,0.11100288076326251,0.14411983270570636,25,single_test_k1,1
18,ratio_S,1.433658607006073,1.2581104981899263,1.5975501503348348,25,single_test_k1,1
18,div_gen,0.22164893567562102,0.2097246039658785,0.23222842706739902,25,single_test_k1,1
18,div_T,0.22101292371749878,0.21792178130149842,0.2238814194947481,25,single_test_k1,1
18,div_ratio,1.0017166103966415,0.9535854722130023,1.0480240723025411,25,single_test_k1,1
18,hit,0.775,0.6674375,0.8675625,25,single_test_k1,1
19,mixture_error,,,,5,single_test_k1,1
19,kid_T,0.11891953136427133,0.03592015847185899,0.20209498959005856,5,single_test_k1,1
19,coverage_T,0.6558139534883721,0.5813953488372092,0.7255813953488371,5,single_test_k1,1
19,kid_S,,,,5,single_test_k1,1
19,coverage_S,,,,5,single_test_k1,1
19,sim_S,0.17886675000190735,0.15821332335472107,0.20170124769210815,5,single_test_k1,1
19,sim_T,0.35798031091690063,0.338189971446991,0.37740473806858066,5,single_test_k1,1
19,sim_T_to_S,0.16081751883029938,0.15317904353141784,0.17222732901573182,5,single_test_k1,1
19,ratio_S,1.1158777832984925,0.9972291946411133,1.2529160737991334,5,single_test_k1,1
19,div_gen,0.17649351358413695,0.16093956463038922,0.19494600892066954,5,single_test_k1,1
19,div_T,0.23515938818454743,0.23274532556533814,0.23647460639476775,5,single_test_k1,1
19,div_ratio,0.7509206537299368,0.6807366670204473,0.8331474270731457,5,single_test_k1,1
19,hit,1.0,1.0,1.0,5,single_test_k1,1
20,mixture_error,,,,10,single_test_k1,1
20,kid_T,0.12812856986199767,0.03765621081206716,0.26531569887686507,10,single_test_k1,1
20,coverage_T,0.5437740693196406,0.4363189987163029,0.6418806161745828,10,single_test_k1,1
20,kid_S,,,,10,single_test_k1,1
20,coverage_S,,,,10,single_test_k1,1
20,sim_S,0.19074971303343774,0.16523837216198445,0.21944537818431856,10,single_test_k1,1
20,sim_T,0.36400101482868197,0.34352740876376625,0.38659793622791766,10,single_test_k1,1
20,sim_T_to_S,0.16418083906173705,0.1454353918135166,0.1845573598705232,10,single_test_k1,1
20,ratio_S,1.1589414536952973,1.0857952722907067,1.2365236312150956,10,single_test_k1,1
20,div_gen,0.21444078385829926,0.20367516506463287,0.2251280127465725,10,single_test_k1,1
20,div_T,0.22168073058128357,0.22009407669305803,0.22328840766102076,10,single_test_k1,1
20,div_ratio,0.9670337614128772,0.9216869508211388,1.013978462655197,10,single_test_k1,1
20,hit,0.73125,0.58125,0.81875,10,single_test_k1,1
21,mixture_error,,,,20,single_test_k1,1
21,kid_T,0.247816165533351,0.10862674116134861,0.42484489714908397,20,single_test_k1,1
21,coverage_T,0.560384848905388,0.46497568131353445,0.6596550183447247,20,single_test_k1,1
21,kid_S,,,,20,single_test_k1,1
21,coverage_S,,,,20,single_test_k1,1
21,sim_S,0.19727247692644595,0.18045445928350093,0.2153369115665555,20,single_test_k1,1
21,sim_T,0.3551735684275627,0.3382512426748872,0.37181184742599727,20,single_test_k1,1
21,sim_T_to_S,0.1512059595435858,0.13443299260921776,0.166863954635337,20,single_test_k1,1
21,ratio_S,1.359977087378502,1.2045709335058927,1.5327507983148099,20,single_test_k1,1
21,div_gen,0.19706686586141586,0.1821945808827877,0.21335221383720634,20,single_test_k1,1
21,div_T,0.2128737300634384,0.2075064441561699,0.21727080846205354,20,single_test_k1,1
21,div_ratio,0.9293888158361847,0.8583996777917492,1.020696376906811,20,single_test_k1,1
21,hit,0.815625,0.721796875,0.909375,20,single_test_k1,1
22,mixture_error,,,,55,single_test_k1,1
22,kid_T,0.250597339428967,0.18040608101253516,0.3268186353558342,55,single_test_k1,1
22,coverage_T,0.531034828829521,0.4763158434518403,0.5835958759646757,55,single_test_k1,1
22,kid_S,,,,55,single_test_k1,1
22,coverage_S,,,,55,single_test_k1,1
22,sim_S,0.16041128933429719,0.1473515607552095,0.1729947981577028,55,single_test_k1,1
22,sim_T,0.3292285282503475,0.31986872234805064,0.338624691516161,55,single_test_k1,1
22,sim_T_to_S,0.12840991670435126,0.11714917020702904,0.13966428538615053,55,single_test_k1,1
22,ratio_S,1.292399636181918,1.222986111288721,1.3669400710680266,55,single_test_k1,1
22,div_gen,0.2183721287684007,0.20985151618719103,0.22746540471234103,55,single_test_k1,1
22,div_T,0.22757020863619717,0.22176221525127238,0.2331879810243845,55,single_test_k1,1
22,div_ratio,0.9641147801350475,0.9262511985303924,1.002923101175462,55,single_test_k1,1
22,hit,0.8363636363636363,0.759090909090909,0.9011363636363636,55,single_test_k1,1
23,mixture_error,,,,10,single_test_k1,1
23,kid_T,0.2886970035311395,0.10405028783082448,0.5789430994453225,10,single_test_k1,1
23,coverage_T,0.5116324535679374,0.37178641251221894,0.6216080156402738,10,single_test_k1,1
23,kid_S,,,,10,single_test_k1,1
23,coverage_S,,,,10,single_test_k1,1
23,sim_S,0.17303594276309014,0.1446700437925756,0.1981330472230911,10,single_test_k1,1
23,sim_T,0.3536146074533463,0.328676129207015,0.37378503650426864,10,single_test_k1,1
23,sim_T_to_S,0.14593499191105366,0.11763691157102585,0.1729193684644997,10,single_test_k1,1
23,ratio_S,1.2285508215427399,1.1072477161884309,1.3720435917377471,10,single_test_k1,1
23,div_gen,0.19203261584043502,0.1793604203313589,0.20417817041277886,10,single_test_k1,1
23,div_T,0.18556004166603088,0.17895199187099936,0.19209245566278696,10,single_test_k1,1
23,div_ratio,1.0396291499846813,0.9568445287872233,1.123603081990266,10,single_test_k1,1
23,hit,0.74375,0.5498437500000001,0.89375,10,single_test_k1,1
24,mixture_error,,,,5,single_test_k1,1
24,kid_T,0.07794611657830366,0.06506982701665934,0.08994244088827713,5,single_test_k1,1
24,coverage_T,0.7076923076923076,0.6666666666666666,0.7435897435897436,5,single_test_k1,1
24,kid_S,,,,5,single_test_k1,1
24,coverage_S,,,,5,single_test_k1,1
24,sim_S,0.19128186106681824,0.15759791135787965,0.22496581077575684,5,single_test_k1,1
24,sim_T,0.390348881483078,0.3771234333515167,0.40024463534355165,5,single_test_k1,1
24,sim_T_to_S,0.17371186912059783,0.151304692029953,0.19611904621124268,5,single_test_k1,1
24,ratio_S,1.0922576665878296,1.0094125986099243,1.1715813660621643,5,single_test_k1,1
24,div_gen,0.17218318581581116,0.16460663378238677,0.18087734878063202,5,single_test_k1,1
24,div_T,0.20237367153167723,0.20210637018084526,0.202644744515419,5,single_test_k1,1
24,div_ratio,0.8508907923983523,0.8124705045840089,0.8947466736642019,5,single_test_k1,1
24,hit,1.0,1.0,1.0,5,single_test_k1,1
25,mixture_error,,,,5,single_test_k1,1
25,kid_T,0.36536411501796484,0.2641318873678607,0.5584467849557662,5,single_test_k1,1
25,coverage_T,0.4533333333333333,0.39544444444444443,0.5155555555555555,5,single_test_k1,1
25,kid_S,,,,5,single_test_k1,1
25,coverage_S,,,,5,single_test_k1,1
25,sim_S,0.13556274324655532,0.09748208038508892,0.16878186292946337,5,single_test_k1,1
25,sim_T,0.3302861571311951,0.2841610312461853,0.3643980145454407,5,single_test_k1,1
25,sim_T_to_S,0.09656529501080513,0.07136903513222932,0.11518993303179738,5,single_test_k1,1
25,ratio_S,1.4020182609558105,1.208430862426758,1.5956056594848633,5,single_test_k1,1
25,div_gen,0.19049110412597656,0.16131389737129212,0.222633558511734,5,single_test_k1,1
25,div_T,0.21724017858505248,0.2160416965186596,0.2184186339378357,5,single_test_k1,1
25,div_ratio,0.8778481135343373,0.7385744833934649,1.0307159686175211,5,single_test_k1,1
25,hit,0.775,0.5625,0.9875,5,single_test_k1,1
26,mixture_error,,,,25,single_test_k1,1
26,kid_T,0.18193299804218832,0.09090952091594358,0.3027128297091755,25,single_test_k1,1
26,coverage_T,0.5965132239664288,0.5275850546220655,0.6530162491129591,25,single_test_k1,1
26,kid_S,,,,25,single_test_k1,1
26,coverage_S,,,,25,single_test_k1,1
26,sim_S,0.17476525008678437,0.15241362718492746,0.20029266568273307,25,single_test_k1,1
26,sim_T,0.35619954228401185,0.33810535323619845,0.3736094568967819,25,single_test_k1,1
26,sim_T_to_S,0.13217244982719423,0.1126148823723197,0.15359182863682508,25,single_test_k1,1
26,ratio_S,1.3955385398864746,1.270561316370964,1.555815267086029,25,single_test_k1,1
26,div_gen,0.19090425252914428,0.1792716176062822,0.20338946637511252,25,single_test_k1,1
26,div_T,0.21639151096343995,0.2088200242072344,0.22311281645298003,25,single_test_k1,1
26,div_ratio,0.883143707954344,0.8373981856784983,0.9321857216258014,25,single_test_k1,1
26,hit,0.855,0.7549375,0.945,25,single_test_k1,1
27,mixture_error,,,,20,single_test_k1,1
27,kid_T,0.15019871272963706,0.10155364850331101,0.19891570992427737,20,single_test_k1,1
27,coverage_T,0.5470858575988533,0.4695721125659566,0.6323120236466678,20,single_test_k1,1
27,kid_S,,,,20,single_test_k1,1
27,coverage_S,,,,20,single_test_k1,1
27,sim_S,0.17634922433644534,0.1497689882805571,0.19941222854889928,20,single_test_k1,1
27,sim_T,0.3186721742153168,0.30737889613956215,0.3302077177166938,20,single_test_k1,1
27,sim_T_to_S,0.14049026165157558,0.12058352356776596,0.15829709781333803,20,single_test_k1,1
27,ratio_S,1.2439134627580644,1.1818823916465042,1.304342388883233,20,single_test_k1,1
27,div_gen,0.18814019858837128,0.1789267970249057,0.19690092043951155,20,single_test_k1,1
27,div_T,0.1910986013710499,0.1812292187474668,0.20142938401550053,20,single_test_k1,1
27,div_ratio,0.9987237382672486,0.9330325071873828,1.0694046193705737,20,single_test_k1,1
27,hit,0.684375,0.5875,0.78125,20,single_test_k1,1
28,mixture_error,,,,10,single_test_k1,1
28,kid_T,0.08784275268860017,0.038825765519585394,0.1429439193331174,10,single_test_k1,1
28,coverage_T,0.7048780487804878,0.6219512195121952,0.7585365853658536,10,single_test_k1,1
28,kid_S,,,,10,single_test_k1,1
28,coverage_S,,,,10,single_test_k1,1
28,sim_S,0.17131810411810874,0.13306627599522472,0.19860237585380672,10,single_test_k1,1
28,sim_T,0.35116972029209137,0.34298693113029005,0.35977063059806824,10,single_test_k1,1
28,sim_T_to_S,0.13221862353384495,0.10008032160811126,0.15634619725868107,10,single_test_k1,1
28,ratio_S,1.3331992983818055,1.2261687737703322,1.4870642182230949,10,single_test_k1,1
28,div_gen,0.1723033919930458,0.15807212822139263,0.18989023599773644,10,single_test_k1,1
28,div_T,0.20752596259117126,0.19713905651122332,0.2178117171674967,10,single_test_k1,1
28,div_ratio,0.8278393099998247,0.786326184200872,0.8800561349015392,10,single_test_k1,1
28,hit,0.9875,0.96875,1.0,10,single_test_k1,1
29,mixture_error,,,,5,single_test_k1,1
29,kid_T,0.22219786383484993,0.16817346679458645,0.2842404898117028,5,single_test_k1,1
29,coverage_T,0.43157894736842106,0.3157894736842105,0.5473684210526316,5,single_test_k1,1
29,kid_S,,,,5,single_test_k1,1
29,coverage_S,,,,5,single_test_k1,1
29,sim_S,0.1533562272787094,0.13074061572551726,0.1847661852836609,5,single_test_k1,1
29,sim_T,0.31055085062980653,0.29558990001678465,0.32510975494980815,5,single_test_k1,1
29,sim_T_to_S,0.12935688942670823,0.11164026409387588,0.14763625264167785,5,single_test_k1,1
29,ratio_S,1.1922980904579163,1.0349292278289794,1.3464063644409179,5,single_test_k1,1
29,div_gen,0.23892070949077607,0.21218838691711425,0.26565303206443786,5,single_test_k1,1
29,div_T,0.22834663093090057,0.2275685638189316,0.2290371149778366,5,single_test_k1,1
29,div_ratio,1.046117491240929,0.9309336447785451,1.161301337703313,5,single_test_k1,1
29,hit,0.75,0.575,0.925,5,single_test_k1,1
30,mixture_error,,,,5,single_test_k1,1
30,kid_T,0.2882300522148519,0.1432530129610111,0.5178771156978158,5,single_test_k1,1
30,coverage_T,0.48571428571428577,0.37142857142857144,0.5771428571428572,5,single_test_k1,1
30,kid_S,,,,5,single_test_k1,1
30,coverage_S,,,,5,single_test_k1,1
30,sim_S,0.20045430958271027,0.16600852608680725,0.24110262989997863,5,single_test_k1,1
30,sim_T,0.3676288425922394,0.31973588153719906,0.39833328127861023,5,single_test_k1,1
30,sim_T_to_S,0.1825857639312744,0.15688965618610382,0.21199885308742522,5,single_test_k1,1
30,ratio_S,1.0971119165420533,0.998054838180542,1.1836474418640137,5,single_test_k1,1
30,div_gen,0.18113414347171783,0.1415144234895706,0.24927253127098084,5,single_test_k1,1
30,div_T,0.17065289318561555,0.1696418434381485,0.1715560585260391,5,single_test_k1,1
30,div_ratio,1.063814471033234,0.8286380863672376,1.4716360218151712,5,single_test_k1,1
30,hit,0.875,0.625,1.0,5,single_test_k1,1
31,mixture_error,,,,5,single_test_k1,1
31,kid_T,0.09134983895175885,0.06390656774586959,0.11879311015764812,5,single_test_k1,1
31,coverage_T,0.8714285714285716,0.8571428571428571,0.8857142857142858,5,single_test_k1,1
31,kid_S,,,,5,single_test_k1,1
31,coverage_S,,,,5,single_test_k1,1
31,sim_S,0.15731315016746522,0.1262435346841812,0.1840304911136627,5,single_test_k1,1
31,sim_T,0.41058074235916137,0.3861820101737976,0.43376708030700684,5,single_test_k1,1
31,sim_T_to_S,0.15636890530586242,0.13017326295375825,0.17722825109958648,5,single_test_k1,1
31,ratio_S,1.0037044882774353,0.9213494420051574,1.1043219685554504,5,single_test_k1,1
31,div_gen,0.19626122415065766,0.18693085171282292,0.20754518061876298,5,single_test_k1,1
31,div_T,0.23741463720798492,0.23451786428689958,0.24030883908271788,5,single_test_k1,1
31,div_ratio,0.8271828527285112,0.7817669910485158,0.8764592532448781,5,single_test_k1,1
31,hit,0.675,0.5875,0.7625,5,single_test_k1,1
32,mixture_error,,,,5,single_test_k1,1
32,kid_T,0.30688388702385155,0.04527875453294143,0.7740819422613928,5,single_test_k1,1
32,coverage_T,0.5714285714285715,0.3085714285714286,0.7314285714285714,5,single_test_k1,1
32,kid_S,,,,5,single_test_k1,1
32,coverage_S,,,,5,single_test_k1,1
32,sim_S,0.1696673721075058,0.13055462539196014,0.2120317131280899,5,single_test_k1,1
32,sim_T,0.36201286911964414,0.32188775688409804,0.39642462521791455,5,single_test_k1,1
32,sim_T_to_S,0.15754390209913255,0.12516263861209154,0.1958384022116661,5,single_test_k1,1
32,ratio_S,1.073671853542328,0.9737223622202873,1.1750134989619254,5,single_test_k1,1
32,div_gen,0.20960620045661926,0.1949075222015381,0.22744981944561005,5,single_test_k1,1
32,div_T,0.20351698398590087,0.200137135386467,0.20566917061805726,5,single_test_k1,1
32,div_ratio,1.030043517490458,0.9573804887646883,1.1092262855478292,5,single_test_k1,1
32,hit,0.7875,0.3875,1.0,5,single_test_k1,1
33,mixture_error,,,,5,single_test_k1,1
33,kid_T,-0.009344658047714916,-0.016355236324367084,5.2206564252088585e-06,5,single_test_k1,1
33,coverage_T,0.6139534883720931,0.5906976744186047,0.6372093023255815,5,single_test_k1,1
33,kid_S,,,,5,single_test_k1,1
33,coverage_S,,,,5,single_test_k1,1
33,sim_S,0.1763740062713623,0.1620940536260605,0.18948664665222167,5,single_test_k1,1
33,sim_T,0.36103537678718567,0.35323367118835447,0.36883708238601687,5,single_test_k1,1
33,sim_T_to_S,0.14850519299507142,0.13475028276443482,0.16658739149570465,5,single_test_k1,1
33,ratio_S,1.1982308864593505,1.0863906860351562,1.3108516693115235,5,single_test_k1,1
33,div_gen,0.1632413685321808,0.159315887093544,0.16733957529067994,5,single_test_k1,1
33,div_T,0.17897439897060394,0.17812608778476716,0.17957397997379304,5,single_test_k1,1
33,div_ratio,0.9120920599676443,0.8904192861879446,0.9337648337473439,5,single_test_k1,1
33,hit,0.9625,0.9375,0.9875,5,single_test_k1,1
34,mixture_error,,,,30,single_test_k1,1
34,kid_T,0.16250434200038566,0.12052430311303788,0.2191989843570996,30,single_test_k1,1
34,coverage_T,0.5742393164040862,0.5204846149232593,0.6235715062536561,30,single_test_k1,1
34,kid_S,,,,30,single_test_k1,1
34,coverage_S,,,,30,single_test_k1,1
34,sim_S,0.1885792411863804,0.16770327168206373,0.2099491472604374,30,single_test_k1,1
34,sim_T,0.3491770068804423,0.3342400106042624,0.3651727164288362,30,single_test_k1,1
34,sim_T_to_S,0.14511447176337242,0.12864194459592304,0.1611292871894936,30,single_test_k1,1
34,ratio_S,1.3568474352359772,1.2426063348849614,1.4782495312889417,30,single_test_k1,1
34,div_gen,0.19464561492204666,0.18218070718149343,0.20690855395048857,30,single_test_k1,1
34,div_T,0.20910474061965942,0.1992438042288025,0.21923280316094557,30,single_test_k1,1
34,div_ratio,0.9373162514460825,0.8836657681330957,0.9888384392972198,30,single_test_k1,1
34,hit,0.8083333333333333,0.73328125,0.8791666666666667,30,single_test_k1,1
35,mixture_error,,,,5,single_test_k1,1
35,kid_T,0.422755031908477,0.08307039904514787,0.7624396647718061,5,single_test_k1,1
35,coverage_T,0.4608695652173913,0.20434782608695654,0.7173913043478259,5,single_test_k1,1
35,kid_S,,,,5,single_test_k1,1
35,coverage_S,,,,5,single_test_k1,1
35,sim_S,0.12165153324604035,0.0887844443321228,0.15414786338806152,5,single_test_k1,1
35,sim_T,0.294878214597702,0.27217586636543273,0.32609524130821227,5,single_test_k1,1
35,sim_T_to_S,0.09537150412797928,0.07040095329284668,0.12943519949913024,5,single_test_k1,1
35,ratio_S,1.3241239309310913,1.000627566576004,1.6488243818283081,5,single_test_k1,1
35,div_gen,0.24705442488193513,0.2129202127456665,0.28151019386947146,5,single_test_k1,1
35,div_T,0.24161575138568878,0.23909929990768433,0.24316252768039703,5,single_test_k1,1
35,div_ratio,1.0216949658598407,0.885882808820814,1.1605890901280782,5,single_test_k1,1
35,hit,0.7,0.4,1.0,5,single_test_k1,1
36,mixture_error,,,,20,single_test_k1,1
36,kid_T,0.16362371882879012,0.057444392278900074,0.3059290114606846,20,single_test_k1,1
36,coverage_T,0.5788485195348496,0.4924233842464131,0.6553540592492662,20,single_test_k1,1
36,kid_S,,,,20,single_test_k1,1
36,coverage_S,,,,20,single_test_k1,1
36,sim_S,0.13065712824463843,0.11089495318941772,0.15159788203425703,20,single_test_k1,1
36,sim_T,0.33606870472431183,0.3153856165707111,0.3584385556727648,20,single_test_k1,1
36,sim_T_to_S,0.10225021708756685,0.08297180420719087,0.12042562424903734,20,single_test_k1,1
36,ratio_S,1.4039689898490906,1.2204273457825183,1.6566836131364107,20,single_test_k1,1
36,div_gen,0.21525402888655662,0.19089504139497876,0.2385774078592658,20,single_test_k1,1
36,div_T,0.2286066986620426,0.2124354330264032,0.24613665264099835,20,single_test_k1,1
36,div_ratio,0.9428870919140966,0.8600586319531325,1.0437473766476555,20,single_test_k1,1
36,hit,0.90625,0.76875,1.0,20,single_test_k1,1
37,mixture_error,,,,5,single_test_k1,1
37,kid_T,0.06665442983674304,0.03037257681129617,0.10139387106003142,5,single_test_k1,1
37,coverage_T,0.5348837209302325,0.5116279069767442,0.5534883720930233,5,single_test_k1,1
37,kid_S,,,,5,single_test_k1,1
37,coverage_S,,,,5,single_test_k1,1
37,sim_S,0.13964418619871138,0.11115244328975678,0.168135929107666,5,single_test_k1,1
37,sim_T,0.3111425220966339,0.3063952088356018,0.318805068731308,5,single_test_k1,1
37,sim_T_to_S,0.12584466487169266,0.10257586538791656,0.15207134291529653,5,single_test_k1,1
37,ratio_S,1.1116387367248535,1.0054871559143066,1.2253346493840218,5,single_test_k1,1
37,div_gen,0.21630336344242096,0.20587702691555024,0.22744998842477798,5,single_test_k1,1
37,div_T,0.227427676320076,0.22682258486747742,0.22784451842308046,5,single_test_k1,1
37,div_ratio,0.951013163303838,0.9075829926186035,0.998898690055105,5,single_test_k1,1
37,hit,1.0,1.0,1.0,5,single_test_k1,1
38,mixture_error,,,,5,single_test_k1,1
38,kid_T,0.17543155276006636,0.11031252227036532,0.22488173810181564,5,single_test_k1,1
38,coverage_T,0.5047619047619047,0.4714285714285714,0.5428571428571429,5,single_test_k1,1
38,kid_S,,,,5,single_test_k1,1
38,coverage_S,,,,5,single_test_k1,1
38,sim_S,0.13521765917539597,0.10196049064397812,0.16851532474160189,5,single_test_k1,1
38,sim_T,0.29286900758743284,0.28850695729255676,0.2989878535270691,5,single_test_k1,1
38,sim_T_to_S,0.08849436491727829,0.07406015396118164,0.10376978665590286,5,single_test_k1,1
38,ratio_S,1.4972959756851196,1.328849768638611,1.6757966518402099,5,single_test_k1,1
38,div_gen,0.16649837791919708,0.15389797389507293,0.1889695405960083,5,single_test_k1,1
38,div_T,0.1922713726758957,0.19188683927059175,0.19275040030479432,5,single_test_k1,1
38,div_ratio,0.8657243125396775,0.8019796021835683,0.9804626116907462,5,single_test_k1,1
38,hit,0.975,0.925,1.0,5,single_test_k1,1
39,mixture_error,,,,5,single_test_k1,1
39,kid_T,0.24497425361864167,0.12107505280541453,0.4168735818691772,5,single_test_k1,1
39,coverage_T,0.4923076923076922,0.27692307692307694,0.6923076923076923,5,single_test_k1,1
39,kid_S,,,,5,single_test_k1,1
39,coverage_S,,,,5,single_test_k1,1
39,sim_S,0.21016892790794373,0.16890567451715469,0.24038240909576417,5,single_test_k1,1
39,sim_T,0.36573498249053954,0.3346615552902222,0.3852740843594074,5,single_test_k1,1
39,sim_T_to_S,0.16917075216770172,0.12869176462292672,0.20181311368942262,5,single_test_k1,1
39,ratio_S,1.2652106523513793,1.1588390588760376,1.365473465323448,5,single_test_k1,1
39,div_gen,0.21418036222457887,0.2063210815191269,0.22133632846176624,5,single_test_k1,1
39,div_T,0.2259706199169159,0.2247564435005188,0.2272436499595642,5,single_test_k1,1
39,div_ratio,0.9480676173084776,0.9085447400350695,0.980512756758549,5,single_test_k1,1
39,hit,0.5375,0.325,0.6875,5,single_test_k1,1
40,mixture_error,,,,15,single_test_k1,1
40,kid_T,0.11125020664347644,0.03732587229936179,0.19553427511131388,15,single_test_k1,1
40,coverage_T,0.7041233351578179,0.6119809341361064,0.7952134646962231,15,single_test_k1,1
40,kid_S,,,,15,single_test_k1,1
40,coverage_S,,,,15,single_test_k1,1
40,sim_S,0.14441274851560593,0.11891806879391273,0.1671720457325379,15,single_test_k1,1
40,sim_T,0.32094090183575946,0.31397043173511824,0.3280041153728962,15,single_test_k1,1
40,sim_T_to_S,0.10664599798619748,0.08627488736063242,0.12578357018840808,15,single_test_k1,1
40,ratio_S,1.4519908467928568,1.2910066853960356,1.6385490265488625,15,single_test_k1,1
40,div_gen,0.16579243143399555,0.15409520516792935,0.1811269123852253,15,single_test_k1,1
40,div_T,0.17780336836973826,0.17070155104001364,0.18458629488945008,15,single_test_k1,1
40,div_ratio,0.9341654654487359,0.8702136439271427,1.0114925889595647,15,single_test_k1,1
40,hit,0.6916666666666667,0.6041666666666666,0.775,15,single_test_k1,1
41,mixture_error,,,,5,single_test_k1,1
41,kid_T,0.16694302667906555,0.0323467028907853,0.36588910793761686,5,single_test_k1,1
41,coverage_T,0.685,0.525,0.8049999999999999,5,single_test_k1,1
41,kid_S,,,,5,single_test_k1,1
41,coverage_S,,,,5,single_test_k1,1
41,sim_S,0.1253593247383833,0.07574155665934086,0.15706199407577515,5,single_test_k1,1
41,sim_T,0.3176485478878021,0.3009428858757019,0.33014224767684935,5,single_test_k1,1
41,sim_T_to_S,0.10186104252934455,0.062290184944868085,0.12584937810897828,5,single_test_k1,1
41,ratio_S,1.2341836214065551,1.1482252597808837,1.324476385116577,5,single_test_k1,1
41,div_gen,0.2242986351251602,0.21068446934223176,0.24664303064346313,5,single_test_k1,1
41,div_T,0.2619558572769165,0.25856104493141174,0.26427767276763914,5,single_test_k1,1
41,div_ratio,0.8563184081301503,0.8018454185205752,0.9428309583225019,5,single_test_k1,1
41,hit,0.9125,0.7375,1.0,5,single_test_k1,1
42,mixture_error,,,,10,single_test_k1,1
42,kid_T,0.22023182044573328,0.14335093678634508,0.317479423927195,10,single_test_k1,1
42,coverage_T,0.6438878950506857,0.49109868813357177,0.7624478234943352,10,single_test_k1,1
42,kid_S,,,,10,single_test_k1,1
42,coverage_S,,,,10,single_test_k1,1
42,sim_S,0.12906959727406503,0.10308948148041963,0.15662991089746356,10,single_test_k1,1
42,sim_T,0.2983245223760605,0.26585517555475235,0.3292920577526092,10,single_test_k1,1
42,sim_T_to_S,0.09788635037839413,0.07788478882052005,0.11731762623414396,10,single_test_k1,1
42,ratio_S,1.3653189957141876,1.1616366712749004,1.5740006743371484,10,single_test_k1,1
42,div_gen,0.22719721794128417,0.20353153992444276,0.25803628291934727,10,single_test_k1,1
42,div_T,0.25894829630851746,0.25660605154931543,0.2608759967982769,10,single_test_k1,1
42,div_ratio,0.8789816549202503,0.7823197135692984,1.007027307021324,10,single_test_k1,1
42,hit,0.7375,0.525,0.90625,10,single_test_k1,1
43,mixture_error,,,,20,single_test_k1,1
43,kid_T,0.33577380832558756,0.2397800734861593,0.45409343115742606,20,single_test_k1,1
43,coverage_T,0.4422927054634373,0.37003857422150116,0.5158163956639567,20,single_test_k1,1
43,kid_S,,,,20,single_test_k1,1
43,coverage_S,,,,20,single_test_k1,1
43,sim_S,0.17392033748328686,0.159315966963768,0.188358068857342,20,single_test_k1,1
43,sim_T,0.3149968937039375,0.30031727973371747,0.32989858292043206,20,single_test_k1,1
43,sim_T_to_S,0.11735258996486664,0.10800624296069146,0.12821651281788946,20,single_test_k1,1
43,ratio_S,1.5128916651010513,1.3761536029726267,1.6396295595169066,20,single_test_k1,1
43,div_gen,0.23410425707697868,0.22610876435413957,0.2438551525399089,20,single_test_k1,1
43,div_T,0.259995611011982,0.2538947023637593,0.26624444803223013,20,single_test_k1,1
43,div_ratio,0.9018844591763118,0.8686612040398415,0.936663244528415,20,single_test_k1,1
43,hit,0.59375,0.478125,0.703125,20,single_test_k1,1
44,mixture_error,,,,5,single_test_k1,1
44,kid_T,0.06200616690994849,0.04929732542564693,0.07471500839425005,5,single_test_k1,1
44,coverage_T,0.6,0.572972972972973,0.6270270270270271,5,single_test_k1,1
44,kid_S,,,,5,single_test_k1,1
44,coverage_S,,,,5,single_test_k1,1
44,sim_S,0.21289704442024232,0.18757692262530326,0.2444147825241089,5,single_test_k1,1
44,sim_T,0.3660018563270569,0.3480037212371826,0.3841561794281006,5,single_test_k1,1
44,sim_T_to_S,0.1747868090867996,0.16453629732131958,0.18503732085227967,5,single_test_k1,1
44,ratio_S,1.2151218891143798,1.1111114645004274,1.3340667247772218,5,single_test_k1,1
44,div_gen,0.109016552567482,0.10059596002101898,0.11985336095094681,5,single_test_k1,1
44,div_T,0.12473156005144119,0.12442873418331146,0.12500496603548525,5,single_test_k1,1
44,div_ratio,0.8738385106327204,0.8080325207350235,0.9597303750843512,5,single_test_k1,1
44,hit,0.9875,0.9625,1.0,5,single_test_k1,1
45,mixture_error,,,,20,single_test_k1,1
45,kid_T,0.1877792911663331,0.08908797600774304,0.3021451631600129,20,single_test_k1,1
45,coverage_T,0.6574548668419016,0.570600911577725,0.739520332844306,20,single_test_k1,1
45,kid_S,,,,20,single_test_k1,1
45,coverage_S,,,,20,single_test_k1,1
45,sim_S,0.18961793854832648,0.16585077466443182,0.2142926904372871,20,single_test_k1,1
45,sim_T,0.35860228091478347,0.33545469991862775,0.38155277762562034,20,single_test_k1,1
45,sim_T_to_S,0.14581732861697674,0.13018842807039618,0.16151840560138225,20,single_test_k1,1
45,ratio_S,1.3038259118795394,1.1899390757828952,1.4213140015304089,20,single_test_k1,1
45,div_gen,0.17290069684386253,0.1552460859157145,0.18982318269088863,20,single_test_k1,1
45,div_T,0.19949851036071778,0.19131839744746684,0.20711873466148972,20,single_test_k1,1
45,div_ratio,0.8641976182054535,0.7880146729493548,0.9379754053334026,20,single_test_k1,1
45,hit,0.915625,0.83125,0.990625,20,single_test_k1,1
46,mixture_error,,,,15,single_test_k1,1
46,kid_T,0.0942063429676864,0.05297823401558386,0.14738565173622495,15,single_test_k1,1
46,coverage_T,0.6451387275777519,0.5715011614401858,0.700397728739192,15,single_test_k1,1
46,kid_S,,,,15,single_test_k1,1
46,coverage_S,,,,15,single_test_k1,1
46,sim_S,0.14831613302230834,0.12734384973843893,0.1649905473490556,15,single_test_k1,1
46,sim_T,0.3168651521205902,0.29781043211619057,0.3364825893938541,15,single_test_k1,1
46,sim_T_to_S,0.11716594199339549,0.09795391119395694,0.13611400110647082,15,single_test_k1,1
46,ratio_S,1.2982271631558737,1.2075878086686134,1.3804496769110361,15,single_test_k1,1
46,div_gen,0.22308681309223174,0.20828466139733792,0.24091427070399124,15,single_test_k1,1
46,div_T,0.2164423922697703,0.21140512332320213,0.22089438937604428,15,single_test_k1,1
46,div_ratio,1.0302250899032255,0.9666864083283722,1.0964419626040602,15,single_test_k1,1
46,hit,0.9125,0.8333333333333334,0.9667708333333332,15,single_test_k1,1
47,mixture_error,,,,15,single_test_k1,1
47,kid_T,0.22237154814991544,0.11336421313363941,0.3436188367800392,15,single_test_k1,1
47,coverage_T,0.48355699855699863,0.4263124098124098,0.5366266233766234,15,single_test_k1,1
47,kid_S,,,,15,single_test_k1,1
47,coverage_S,,,,15,single_test_k1,1
47,sim_S,0.18727593769629797,0.1666412713751197,0.20550050437450407,15,single_test_k1,1
47,sim_T,0.3268953581651052,0.31429505214095116,0.33893044432004293,15,single_test_k1,1
47,sim_T_to_S,0.1570948953429858,0.13451151474068562,0.176998745786647,15,single_test_k1,1
47,ratio_S,1.2267318805058798,1.1425163934628169,1.3156968863805136,15,single_test_k1,1
47,div_gen,0.19158804814020794,0.17653660679856936,0.2080744210630655,15,single_test_k1,1
47,div_T,0.2122111787398656,0.20080914403001468,0.22230911925435065,15,single_test_k1,1
47,div_ratio,0.9057410487557978,0.8444148250006601,0.9916433227115151,15,single_test_k1,1
47,hit,0.9375,0.8665625,0.9916666666666667,15,single_test_k1,1
48,mixture_error,,,,5,single_test_k1,1
48,kid_T,0.02387992407895929,0.013547641477250493,0.03583028943663358,5,single_test_k1,1
48,coverage_T,0.6820512820512821,0.6358974358974359,0.7282051282051282,5,single_test_k1,1
48,kid_S,,,,5,single_test_k1,1
48,coverage_S,,,,5,single_test_k1,1
48,sim_S,0.17149574160575867,0.1493164122104645,0.19367507100105286,5,single_test_k1,1
48,sim_T,0.3518736779689789,0.31830775141716006,0.38543960452079773,5,single_test_k1,1
48,sim_T_to_S,0.1475994646549225,0.1347808837890625,0.16041804552078248,5,single_test_k1,1
48,ratio_S,1.1569723606109619,1.0984566926956176,1.206862211227417,5,single_test_k1,1
48,div_gen,0.18076441586017608,0.1663734048604965,0.19515542685985565,5,single_test_k1,1
48,div_T,0.19942807853221894,0.1993100643157959,0.19953859746456146,5,single_test_k1,1
48,div_ratio,0.906395448049078,0.8345044283421826,0.9782864677559733,5,single_test_k1,1
48,hit,1.0,1.0,1.0,5,single_test_k1,1
macro,mixture_error,,,,49,single_test_k1,1
macro,kid_T,0.18692307758344678,0.16910035242367116,0.2044792879316937,49,single_test_k1,1
macro,coverage_T,0.5810957890928288,0.5676953545366802,0.5954002229644412,49,single_test_k1,1
macro,kid_S,,,,49,single_test_k1,1
macro,coverage_S,,,,49,single_test_k1,1
macro,sim_S,0.1698862785054807,0.16617573154326876,0.17377511224317635,49,single_test_k1,1
macro,sim_T,0.33843573614310485,0.335738254567737,0.34144288045390764,49,single_test_k1,1
macro,sim_T_to_S,0.13573445153776664,0.13300961138184736,0.13851021530659202,49,single_test_k1,1
macro,ratio_S,1.297315613483801,1.275548239937592,1.3204055318235401,49,single_test_k1,1
macro,div_gen,0.19611091741321063,0.19348380208915464,0.19886139669314698,49,single_test_k1,1
macro,div_T,0.21059440368692597,0.20963498226924582,0.21152193961421212,49,single_test_k1,1
macro,div_ratio,0.9356342821529181,0.9225257903108038,0.9487873715787906,49,single_test_k1,1
macro,hit,0.8051788729977506,0.787841683614005,0.823549052244524,49,single_test_k1,1
0,mixture_error,,,,5,single_test_k10,10
0,kid_T,-0.0027999697946988534,-0.0066248225418522825,0.00017184082098450822,5,single_test_k10,10
0,coverage_T,0.5823529411764706,0.5235294117647059,0.6411764705882353,5,single_test_k10,10
0,kid_S,-0.011225663008077192,-0.07324645293781842,0.06683697441690342,5,single_test_k10,10
0,coverage_S,0.9400000000000001,0.8799999999999999,1.0,5,single_test_k10,10
0,sim_S,0.33504112958908083,0.32532105445861814,0.3470846411585808,5,single_test_k10,10
0,sim_T,0.3880071580410004,0.3848920318484306,0.3917564809322357,5,single_test_k10,10
0,sim_T_to_S,0.3040970265865326,0.2975228835642338,0.30891816020011903,5,single_test_k10,10
0,ratio_S,1.1020297288894654,1.0674190521240234,1.1366404056549073,5,single_test_k10,10
0,div_gen,0.23293811976909637,0.22602299325168132,0.23822379410266875,5,single_test_k10,10
0,div_T,0.24580129086971284,0.23984937369823456,0.2511760205030441,5,single_test_k10,10
0,div_ratio,0.947682745885371,0.932364976877907,0.9624785393533564,5,single_test_k10,10
0,hit,1.0,1.0,1.0,5,single_test_k10,10
1,mixture_error,,,,30,single_test_k10,10
1,kid_T,0.08538883143580923,0.065599878288392,0.10774403083742656,30,single_test_k10,10
1,coverage_T,0.7872292050028451,0.7463939380003315,0.8284023071133005,30,single_test_k10,10
1,kid_S,0.029119174493949452,0.008344107472649425,0.048832277041835986,30,single_test_k10,10
1,coverage_S,0.9800000000000001,0.9599166666666664,0.9966666666666666,30,single_test_k10,10
1,sim_S,0.29279194126526514,0.27962617902706066,0.30657739074279866,30,single_test_k10,10
1,sim_T,0.345977176229159,0.33268767575422925,0.3606381662935018,30,single_test_k10,10
1,sim_T_to_S,0.2688556000590324,0.25713824334243934,0.28102687423427897,30,single_test_k10,10
1,ratio_S,1.0958893597126007,1.045813265989224,1.1467651603122553,30,single_test_k10,10
1,div_gen,0.17006419698397318,0.1607402275626858,0.17924957691381377,30,single_test_k10,10
1,div_T,0.20460245509942374,0.19513695678363244,0.21334652697046597,30,single_test_k10,10
1,div_ratio,0.8356013878762941,0.7942497936566232,0.8790363681679507,30,single_test_k10,10
1,hit,0.9645833333333333,0.9416666666666667,0.9833854166666666,30,single_test_k10,10
2,mixture_error,,,,20,single_test_k10,10
2,kid_T,0.1855433011688409,0.15922236009094282,0.21259734564677094,20,single_test_k10,10
2,coverage_T,0.769582470669427,0.7304867868645041,0.8148698096388315,20,single_test_k10,10
2,kid_S,0.10122617629670323,0.06787861351603126,0.1355976342249964,20,single_test_k10,10
2,coverage_S,0.9949999999999999,0.985,1.0,20,single_test_k10,10
2,sim_S,0.32445548474788666,0.30277038548141716,0.34811960238963363,20,single_test_k10,10
2,sim_T,0.3674378633499146,0.3484311674162745,0.3879181639477611,20,single_test_k10,10
2,sim_T_to_S,0.27500560507178307,0.2593190169893205,0.2921051884442568,20,single_test_k10,10
2,ratio_S,1.1881658494472505,1.1119294869154692,1.2640262138843534,20,single_test_k10,10
2,div_gen,0.15222303569316864,0.1475506451912224,0.15645618787035345,20,single_test_k10,10
2,div_T,0.20346166342496871,0.19277927324175836,0.21295936103910207,20,single_test_k10,10
2,div_ratio,0.7594060266478943,0.7129308661497111,0.8126831931449651,20,single_test_k10,10
2,hit,0.584375,0.54375,0.628203125,20,single_test_k10,10
3,mixture_error,,,,70,single_test_k10,10
3,kid_T,0.1015004775778932,0.08560651182924582,0.11772538527537534,70,single_test_k10,10
3,coverage_T,0.7806979630241984,0.7508303730752007,0.8081792539653373,70,single_test_k10,10
3,kid_S,0.03216650054127044,0.016986848994447194,0.048535808230874763,70,single_test_k10,10
3,coverage_S,0.9914285714285715,0.9828571428571428,0.9971785714285716,70,single_test_k10,10
3,sim_S,0.30260496586561203,0.2963388083609087,0.3089629316968577,70,single_test_k10,10
3,sim_T,0.34427350206034524,0.33883268303104813,0.3496802166849375,70,single_test_k10,10
3,sim_T_to_S,0.2686530398471015,0.2612278413985457,0.27667929301836663,70,single_test_k10,10
3,ratio_S,1.1354034202439445,1.1081321221164295,1.163462443309171,70,single_test_k10,10
3,div_gen,0.16901260635682513,0.16439626566533533,0.17419666210455553,70,single_test_k10,10
3,div_T,0.20185545257159643,0.19686246822455097,0.2070516772355352,70,single_test_k10,10
3,div_ratio,0.8408472557557849,0.8188818429778796,0.8623103955408846,70,single_test_k10,10
3,hit,0.6857142857142857,0.6330357142857143,0.7375223214285714,70,single_test_k10,10
4,mixture_error,,,,65,single_test_k10,10
4,kid_T,0.08710392006207207,0.06670064024439736,0.10943913390115462,65,single_test_k10,10
4,coverage_T,0.8045255724177238,0.773017140235062,0.8313654145871575,65,single_test_k10,10
4,kid_S,0.02170262192083455,0.0025805243708740856,0.040976678758849555,65,single_test_k10,10
4,coverage_S,0.9846153846153844,0.9753846153846152,0.9923076923076923,65,single_test_k10,10
4,sim_S,0.29254288765100334,0.28403355465485497,0.3011122159086741,65,single_test_k10,10
4,sim_T,0.33755194728191085,0.3279696511076047,0.34654757391947966,65,single_test_k10,10
4,sim_T_to_S,0.271911205465977,0.26360531410918786,0.27996425734689606,65,single_test_k10,10
4,ratio_S,1.0817334404358496,1.0563942544047649,1.107255727465336,65,single_test_k10,10
4,div_gen,0.15963591497678023,0.15369588459913547,0.16622932249536881,65,single_test_k10,10
4,div_T,0.19815163016319276,0.19219808370448077,0.20389893670494738,65,single_test_k10,10
4,div_ratio,0.8095255982679783,0.7837527640719786,0.8388033388180313,65,single_test_k10,10
4,hit,0.8817307692307692,0.8403846153846154,0.9182692307692307,65,single_test_k10,10
5,mixture_error,,,,30,single_test_k10,10
5,kid_T,0.0751198855342338,0.05006410840120931,0.10192209765233902,30,single_test_k10,10
5,coverage_T,0.8295034161241059,0.7900234131768615,0.8624126570747261,30,single_test_k10,10
5,kid_S,0.04745989986426835,0.02093542419373022,0.07616248018054096,30,single_test_k10,10
5,coverage_S,0.9933333333333333,0.9833333333333332,1.0,30,single_test_k10,10
5,sim_S,0.2935171956817309,0.28391085238506397,0.30267425263921416,30,single_test_k10,10
5,sim_T,0.3314010878403982,0.3256137921164433,0.33722871368130053,30,single_test_k10,10
5,sim_T_to_S,0.275147874156634,0.2643125744784872,0.2859508869672815,30,single_test_k10,10
5,ratio_S,1.0723372181256612,1.044938322901726,1.1005425395568211,30,single_test_k10,10
5,div_gen,0.14639702613155048,0.13798594632496436,0.1555941690566639,30,single_test_k10,10
5,div_T,0.18552495539188385,0.17363644022494557,0.1965128883595268,30,single_test_k10,10
5,div_ratio,0.7951729792842954,0.7596735340990054,0.8310800582737707,30,single_test_k10,10
5,hit,0.89375,0.85,0.9333333333333333,30,single_test_k10,10
6,mixture_error,,,,10,single_test_k10,10
6,kid_T,0.11751751796404868,0.053270800273002294,0.1842454137596696,10,single_test_k10,10
6,coverage_T,0.7566666666666666,0.6950000000000001,0.8117083333333334,10,single_test_k10,10
6,kid_S,0.07871694829966155,0.005791414935669434,0.147874899718547,10,single_test_k10,10
6,coverage_S,0.95,0.8800000000000001,1.0,10,single_test_k10,10
6,sim_S,0.2679158389568329,0.24994969725608826,0.2864861306548119,10,single_test_k10,10
6,sim_T,0.3204188525676727,0.30977058336138724,0.3302246294915676,10,single_test_k10,10
6,sim_T_to_S,0.25793121159076693,0.23930231273174288,0.27796220012009143,10,single_test_k10,10
6,ratio_S,1.0467852711677552,0.976070719063282,1.1236358113586902,10,single_test_k10,10
6,div_gen,0.13444704562425613,0.1277081087604165,0.14135739345103504,10,single_test_k10,10
6,div_T,0.16633433550596238,0.15352442376315595,0.17990196738392114,10,single_test_k10,10
6,div_ratio,0.8239101089346287,0.7364501128737065,0.9193978454912417,10,single_test_k10,10
6,hit,0.6375,0.53125,0.75,10,single_test_k10,10
7,mixture_error,,,,20,single_test_k10,10
7,kid_T,0.07575871483208578,0.04826155018577717,0.1021631980832272,20,single_test_k10,10
7,coverage_T,0.7798638337468982,0.7348098712779156,0.8265423309553349,20,single_test_k10,10
7,kid_S,0.03926420999621474,0.00581648164717778,0.07619780677721806,20,single_test_k10,10
7,coverage_S,0.99,0.97,1.0,20,single_test_k10,10
7,sim_S,0.30279861092567445,0.2915555045008659,0.31515790861099957,20,single_test_k10,10
7,sim_T,0.3711520090699196,0.35810452625155453,0.38462342459708454,20,single_test_k10,10
7,sim_T_to_S,0.26614210307598113,0.25884293735027314,0.2734359009191394,20,single_test_k10,10
7,ratio_S,1.1395992636680603,1.0981864045560359,1.1788658958673477,20,single_test_k10,10
7,div_gen,0.17364599630236627,0.16680096149444582,0.18106319520622494,20,single_test_k10,10
7,div_T,0.21849490329623222,0.2043540445715189,0.23372936906293035,20,single_test_k10,10
7,div_ratio,0.8031100543561983,0.7788916643718057,0.8286004809518255,20,single_test_k10,10
7,hit,0.990625,0.98125,1.0,20,single_test_k10,10
8,mixture_error,,,,15,single_test_k10,10
8,kid_T,0.07208658785482538,0.04374286943970131,0.10126380164599681,15,single_test_k10,10
8,coverage_T,0.6998932637571157,0.663364860056926,0.7396272137887413,15,single_test_k10,10
8,kid_S,0.04926357437706403,0.01944451434406973,0.07911763697062921,15,single_test_k10,10
8,coverage_S,0.9933333333333334,0.9800000000000001,1.0,15,single_test_k10,10
8,sim_S,0.2714339991410573,0.2631475052734216,0.2799732631444931,15,single_test_k10,10
8,sim_T,0.32627944747606913,0.31714372063676516,0.3351850967605909,15,single_test_k10,10
8,sim_T_to_S,0.26326043407122296,0.2566556592285633,0.27071595259010794,15,single_test_k10,10
8,ratio_S,1.0326394001642862,0.9973555489381154,1.0689566266536712,15,single_test_k10,10
8,div_gen,0.18672935962677,0.17967169950405756,0.19420111335814,15,single_test_k10,10
8,div_T,0.19611573020617168,0.18648851677775385,0.20604368490477404,15,single_test_k10,10
8,div_ratio,0.9593851655699093,0.9071962785606177,1.0088663438821135,15,single_test_k10,10
8,hit,0.9958333333333333,0.9875,1.0,15,single_test_k10,10
9,mixture_error,,,,110,single_test_k10,10
9,kid_T,0.10023066984810412,0.086861137711603,0.11241393469868767,110,single_test_k10,10
9,coverage_T,0.774247122581399,0.752931033543255,0.7962124111599514,110,single_test_k10,10
9,kid_S,0.06252708489602662,0.046094236269533524,0.08109399272946016,110,single_test_k10,10
9,coverage_S,0.9790909090909093,0.9663636363636366,0.9881818181818185,110,single_test_k10,10
9,sim_S,0.2944054445082491,0.2862696958231655,0.30269026373259045,110,single_test_k10,10
9,sim_T,0.34317407567392694,0.33676662755283443,0.3499590982462872,110,single_test_k10,10
9,sim_T_to_S,0.2732357390902259,0.2668499583378434,0.2798108884658326,110,single_test_k10,10
9,ratio_S,1.081538209590045,1.0608966990628026,1.1045172446695242,110,single_test_k10,10
9,div_gen,0.17821510136127472,0.17323694607920267,0.182979050275277,110,single_test_k10,10
9,div_T,0.21319769390604712,0.2087476067786867,0.21761154430495067,110,single_test_k10,10
9,div_ratio,0.8414269265707831,0.8172009921729143,0.8641773975039976,110,single_test_k10,10
9,hit,0.7715909090909091,0.7238494318181818,0.817059659090909,110,single_test_k10,10
10,mixture_error,,,,30,single_test_k10,10
10,kid_T,0.06369014877239151,0.04363117957594727,0.08425446842508796,30,single_test_k10,10
10,coverage_T,0.754540728926694,0.7227070707070709,0.7853105258938592,30,single_test_k10,10
10,kid_S,0.02895888170549566,0.0030593313549390684,0.054138333061448364,30,single_test_k10,10
10,coverage_S,0.9866666666666667,0.9699166666666666,1.0,30,single_test_k10,10
10,sim_S,0.28214950412511824,0.27299533431728684,0.29211661414553725,30,single_test_k10,10
10,sim_T,0.34400124549865724,0.336774845396479,0.35111348547041416,30,single_test_k10,10
10,sim_T_to_S,0.2531490042805672,0.24663122043013572,0.2591144414494435,30,single_test_k10,10
10,ratio_S,1.1190841277440389,1.0754548999667166,1.172548845311006,30,single_test_k10,10
10,div_gen,0.1921971266468366,0.18187712075809637,0.2028954636057218,30,single_test_k10,10
10,div_T,0.22370088895161946,0.21677043286462624,0.2307178376490871,30,single_test_k10,10
10,div_ratio,0.8554206042775037,0.8270288825633249,0.8849870196084054,30,single_test_k10,10
10,hit,0.9708333333333333,0.9479166666666666,0.9895833333333334,30,single_test_k10,10
11,mixture_error,,,,5,single_test_k10,10
11,kid_T,0.18225217691396942,0.1423821685263711,0.21224544104801205,5,single_test_k10,10
11,coverage_T,0.48571428571428565,0.45714285714285713,0.5199999999999999,5,single_test_k10,10
11,kid_S,0.05346702115704112,0.042515703987980304,0.06183501592327652,5,single_test_k10,10
11,coverage_S,0.9199999999999999,0.8400000000000001,1.0,5,single_test_k10,10
11,sim_S,0.25807408094406126,0.24782321453094483,0.2662773370742798,5,single_test_k10,10
11,sim_T,0.29183112382888793,0.28924247026443484,0.29423660039901733,5,single_test_k10,10
11,sim_T_to_S,0.2367257684469223,0.2318202316761017,0.24312972724437715,5,single_test_k10,10
11,ratio_S,1.0910332918167114,1.0458997011184692,1.1342508792877197,5,single_test_k10,10
11,div_gen,0.23437606990337373,0.22912372648715973,0.23963138610124587,5,single_test_k10,10
11,div_T,0.2546085864305496,0.2470566838979721,0.26026159480214117,5,single_test_k10,10
11,div_ratio,0.9214275382202471,0.8873089413435015,0.9514030363503859,5,single_test_k10,10
11,hit,1.0,1.0,1.0,5,single_test_k10,10
12,mixture_error,,,,75,single_test_k10,10
12,kid_T,0.06578704175239487,0.05065569198391115,0.08069744750551179,75,single_test_k10,10
12,coverage_T,0.7177638292658213,0.6904997818319527,0.7446253425568159,75,single_test_k10,10
12,kid_S,0.026744676568062217,0.008941784341413905,0.04646885262469353,75,single_test_k10,10
12,coverage_S,0.9826666666666667,0.9706666666666665,0.9919999999999999,75,single_test_k10,10
12,sim_S,0.29250452041625974,0.286611841827631,0.2984189750353495,75,single_test_k10,10
12,sim_T,0.342474266688029,0.3370088398059209,0.3478491423924764,75,single_test_k10,10
12,sim_T_to_S,0.27382349173227943,0.26868564335008466,0.27972340154647823,75,single_test_k10,10
12,ratio_S,1.0721269114812215,1.0504827661315599,1.0936466381947199,75,single_test_k10,10
12,div_gen,0.1830794717868169,0.17661315319438775,0.1892382741719484,75,single_test_k10,10
12,div_T,0.20822611967722574,0.2031080337961515,0.21284483569860457,75,single_test_k10,10
12,div_ratio,0.8801360881115301,0.859318556509976,0.9016118894237485,75,single_test_k10,10
12,hit,0.8933333333333333,0.8491666666666666,0.9358541666666667,75,single_test_k10,10
13,mixture_error,,,,5,single_test_k10,10
13,kid_T,0.08092697704717863,0.04719392582295008,0.1146600282714072,5,single_test_k10,10
13,coverage_T,0.7777777777777778,0.7166666666666666,0.85,5,single_test_k10,10
13,kid_S,0.11200319477301086,0.010296462303031717,0.2074587599598871,5,single_test_k10,10
13,coverage_S,0.96,0.9199999999999999,1.0,5,single_test_k10,10
13,sim_S,0.2309223532676697,0.22366960644721984,0.2381751000881195,5,single_test_k10,10
13,sim_T,0.2771206200122833,0.2638993144035339,0.2888089120388031,5,single_test_k10,10
13,sim_T_to_S,0.22080256044864655,0.2142098903656006,0.2273952305316925,5,single_test_k10,10
13,ratio_S,1.0469053030014037,1.0080253839492799,1.0858246088027954,5,single_test_k10,10
13,div_gen,0.18629956245422363,0.18118200600147247,0.19153773069381713,5,single_test_k10,10
13,div_T,0.24052229821681975,0.23650468207895756,0.2445331335067749,5,single_test_k10,10
13,div_ratio,0.7750315066285459,0.7461440674651748,0.8039189457919168,5,single_test_k10,10
13,hit,1.0,1.0,1.0,5,single_test_k10,10
14,mixture_error,,,,10,single_test_k10,10
14,kid_T,0.11889109277614232,0.06640101181443572,0.17353249002710905,10,single_test_k10,10
14,coverage_T,0.9196930946291559,0.8846547314578006,0.9519245524296676,10,single_test_k10,10
14,kid_S,0.12680180644439396,0.04431727918934364,0.2250147201350482,10,single_test_k10,10
14,coverage_S,0.97,0.9400000000000001,1.0,10,single_test_k10,10
14,sim_S,0.28012299090623854,0.2557060479745269,0.303168366253376,10,single_test_k10,10
14,sim_T,0.3215901404619217,0.3032212617248297,0.3376526475697756,10,single_test_k10,10
14,sim_T_to_S,0.3139313668012619,0.30187207587063314,0.32550640039145945,10,single_test_k10,10
14,ratio_S,0.8938745617866516,0.817630803734064,0.9670413972437382,10,single_test_k10,10
14,div_gen,0.17762371450662612,0.17436243139207364,0.18060986209660768,10,single_test_k10,10
14,div_T,0.17272652685642242,0.16071167711168527,0.18382755845785143,10,single_test_k10,10
14,div_ratio,1.0416645270046645,0.9584408570603832,1.127867158814015,10,single_test_k10,10
14,hit,0.86875,0.78125,0.95625,10,single_test_k10,10
15,mixture_error,,,,20,single_test_k10,10
15,kid_T,0.03087043079177878,0.012662610567448178,0.05200213296517287,20,single_test_k10,10
15,coverage_T,0.7841251026272577,0.7438845956486043,0.8249971905788177,20,single_test_k10,10
15,kid_S,0.016951406351350416,-0.011609946789762723,0.04528249971648359,20,single_test_k10,10
15,coverage_S,0.9799999999999999,0.9550000000000001,1.0,20,single_test_k10,10
15,sim_S,0.297765689343214,0.27961077678948637,0.3160866323672235,20,single_test_k10,10
15,sim_T,0.3491995811462402,0.3360282961651683,0.3631701436266303,20,single_test_k10,10
15,sim_T_to_S,0.28780796825885774,0.2766705521568656,0.3008048572018743,20,single_test_k10,10
15,ratio_S,1.0394042491912843,0.9750014383345842,1.1040349058806895,20,single_test_k10,10
15,div_gen,0.1461987763643265,0.13445966147817673,0.15925598504021762,20,single_test_k10,10
15,div_T,0.15789510048925876,0.14833285323344172,0.16834252490662038,20,single_test_k10,10
15,div_ratio,0.9295896803317649,0.8670080077022404,0.9896760459480366,20,single_test_k10,10
15,hit,0.825,0.749921875,0.903125,20,single_test_k10,10
16,mixture_error,,,,5,single_test_k10,10
16,kid_T,0.08242937079580095,0.06668836148686133,0.09747380699119076,5,single_test_k10,10
16,coverage_T,0.8969696969696971,0.8545454545454545,0.9393939393939394,5,single_test_k10,10
16,kid_S,0.046454420491645367,0.01125005416210385,0.08165878682118688,5,single_test_k10,10
16,coverage_S,1.0,1.0,1.0,5,single_test_k10,10
16,sim_S,0.31105061173439025,0.29226884841918943,0.3257535815238953,5,single_test_k10,10
16,sim_T,0.38473919630050657,0.37708152532577516,0.3924623563885689,5,single_test_k10,10
16,sim_T_to_S,0.24941833317279816,0.24217033982276917,0.257198691368103,5,single_test_k10,10
16,ratio_S,1.247323250770569,1.1862661600112916,1.301913046836853,5,single_test_k10,10
16,div_gen,0.15133481621742248,0.14534938633441924,0.1599675863981247,5,single_test_k10,10
16,div_T,0.2208637624979019,0.21600102484226227,0.22572650015354156,5,single_test_k10,10
16,div_ratio,0.6853533967487102,0.6519473020201343,0.7195629389344063,5,single_test_k10,10
16,hit,1.0,1.0,1.0,5,single_test_k10,10
17,mixture_error,,,,60,single_test_k10,10
17,kid_T,0.06759205202728029,0.0543183783857005,0.08151548035197011,60,single_test_k10,10
17,coverage_T,0.7759616260835824,0.7452139765013885,0.8035192147769824,60,single_test_k10,10
17,kid_S,0.043798491538158874,0.024868858019974054,0.06498188837583292,60,single_test_k10,10
17,coverage_S,0.9883333333333332,0.9799999999999998,0.9966666666666666,60,single_test_k10,10
17,sim_S,0.2949701639513175,0.28383271048466363,0.30556000551208856,60,single_test_k10,10
17,sim_T,0.3457965761423111,0.33566055963436764,0.35612625766545536,60,single_test_k10,10
17,sim_T_to_S,0.2698710078994433,0.2617432366373639,0.2781316556346913,60,single_test_k10,10
17,ratio_S,1.0931453297535578,1.0688583544890087,1.1187017697344224,60,single_test_k10,10
17,div_gen,0.1822049913307031,0.17741387092818817,0.18690505587185421,60,single_test_k10,10
17,div_T,0.21256131008267404,0.20740860365952055,0.2177787369117141,60,single_test_k10,10
17,div_ratio,0.868128589088511,0.8317113667225935,0.9021102861881194,60,single_test_k10,10
17,hit,1.0,1.0,1.0,60,single_test_k10,10
18,mixture_error,,,,25,single_test_k10,10
18,kid_T,0.08807120083741644,0.054841245603297915,0.12182571709219542,25,single_test_k10,10
18,coverage_T,0.7532812602237778,0.696880101665249,0.8058091834063991,25,single_test_k10,10
18,kid_S,0.008307744422396226,-0.023315932011098408,0.03991710107982806,25,single_test_k10,10
18,coverage_S,0.9840000000000001,0.9679999999999999,0.996,25,single_test_k10,10
18,sim_S,0.29887202084064485,0.28918879240751266,0.3084060722887516,25,single_test_k10,10
18,sim_T,0.3626800799369812,0.3537594660520553,0.37274764266610144,25,single_test_k10,10
18,sim_T_to_S,0.28044995546340945,0.27598659545183185,0.2850652264356613,25,single_test_k10,10
18,ratio_S,1.066139051914215,1.035406876564026,1.0977319944500923,25,single_test_k10,10
18,div_gen,0.20326290965080263,0.19456350415945053,0.21248734229803085,25,single_test_k10,10
18,div_T,0.2224799293279648,0.2186461852788925,0.22602928830683233,25,single_test_k10,10
18,div_ratio,0.9134591552624205,0.8785836187537419,0.9521350085596872,25,single_test_k10,10
18,hit,0.92,0.86,0.97,25,single_test_k10,10
19,mixture_error,,,,5,single_test_k10,10
19,kid_T,0.1296255933058564,0.06658484939858696,0.1882505434528241,5,single_test_k10,10
19,coverage_T,0.7294117647058823,0.6761764705882354,0.7941176470588236,5,single_test_k10,10
19,kid_S,0.14701889656261108,0.0978240706002353,0.19001840765928718,5,single_test_k10,10
19,coverage_S,0.96,0.9199999999999999,1.0,5,single_test_k10,10
19,sim_S,0.2819331556558609,0.25923570096492765,0.30100860595703127,5,single_test_k10,10
19,sim_T,0.3439815819263458,0.3351205885410309,0.35730738043785093,5,single_test_k10,10
19,sim_T_to_S,0.2764063537120819,0.26565834879875183,0.28745664954185485,5,single_test_k10,10
19,ratio_S,1.0201034545898438,0.9584251761436462,1.0869576615095136,5,single_test_k10,10
19,div_gen,0.1733104944229126,0.1624176472425461,0.1842033416032791,5,single_test_k10,10
19,div_T,0.22533719837665558,0.21980897188186646,0.23067781329154968,5,single_test_k10,10
19,div_ratio,0.7685629069114184,0.7278871876641004,0.804391206142854,5,single_test_k10,10
19,hit,1.0,1.0,1.0,5,single_test_k10,10
20,mixture_error,,,,10,single_test_k10,10
20,kid_T,0.03910119853642602,0.0073620773098902114,0.06882849413915315,10,single_test_k10,10
20,coverage_T,0.6639008620689655,0.6055980603448277,0.7130441810344826,10,single_test_k10,10
20,kid_S,-0.013403214712612587,-0.054077725236698945,0.03375740753854569,10,single_test_k10,10
20,coverage_S,0.97,0.9200000000000002,1.0,10,single_test_k10,10
20,sim_S,0.30299346148967743,0.286642684713006,0.31959861248731614,10,single_test_k10,10
20,sim_T,0.35976731181144717,0.3489638677239418,0.37155102923512456,10,single_test_k10,10
20,sim_T_to_S,0.2867187440395355,0.2810412136465311,0.29196520753204824,10,single_test_k10,10
20,ratio_S,1.0578347384929656,0.9970012681186199,1.125162360072136,10,single_test_k10,10
20,div_gen,0.2118164911866188,0.20666870433837176,0.21749935146421193,10,single_test_k10,10
20,div_T,0.22029351741075515,0.21678590912371873,0.22370480656623842,10,single_test_k10,10
20,div_ratio,0.9618681742415541,0.9374079374897496,0.9903993356136912,10,single_test_k10,10
20,hit,0.9,0.85625,0.9375,10,single_test_k10,10
21,mixture_error,,,,20,single_test_k10,10
21,kid_T,0.04435851084747107,0.025276213376724067,0.0672700645207841,20,single_test_k10,10
21,coverage_T,0.7047694362784047,0.6338615264480376,0.7722487846118702,20,single_test_k10,10
21,kid_S,0.0015822164387508052,-0.016401106557093675,0.019657886399051177,20,single_test_k10,10
21,coverage_S,0.9699999999999998,0.95,0.99,20,single_test_k10,10
21,sim_S,0.3062433660030365,0.29757763776928187,0.316142949052155,20,single_test_k10,10
21,sim_T,0.3576394096016884,0.3476986541971564,0.3681807245314121,20,single_test_k10,10
21,sim_T_to_S,0.27742169946432116,0.2703519767150283,0.28549417354166506,20,single_test_k10,10
21,ratio_S,1.10781187415123,1.063548127040267,1.1498251131922006,20,single_test_k10,10
21,div_gen,0.1874176673591137,0.1740874179638922,0.20031375039368868,20,single_test_k10,10
21,div_T,0.21055236384272574,0.20565084081143142,0.21510740524157881,20,single_test_k10,10
21,div_ratio,0.8897070507895688,0.8289971059480271,0.9482141544411921,20,single_test_k10,10
21,hit,0.990625,0.98125,1.0,20,single_test_k10,10
22,mixture_error,,,,55,single_test_k10,10
22,kid_T,0.11673089900928107,0.09147605113371735,0.14264438746526817,55,single_test_k10,10
22,coverage_T,0.7093609356060061,0.6739413785069133,0.7452944738641076,55,single_test_k10,10
22,kid_S,0.06781277695738992,0.03963901582457109,0.09428733848844167,55,single_test_k10,10
22,coverage_S,0.9654545454545452,0.9490454545454541,0.98,55,single_test_k10,10
22,sim_S,0.2852696665308692,0.27808646380901336,0.29262439452789046,55,single_test_k10,10
22,sim_T,0.3298444856296886,0.3222305566614324,0.33748014108701185,55,single_test_k10,10
22,sim_T_to_S,0.2688308677890084,0.2605286684564569,0.2767176946591247,55,single_test_k10,10
22,ratio_S,1.0689190832051363,1.0384019475633448,1.0968903399055654,55,single_test_k10,10
22,div_gen,0.2090372689745643,0.20378324063664133,0.21446717997843567,55,single_test_k10,10
22,div_T,0.22668449147181077,0.22061474724926733,0.23287283310158688,55,single_test_k10,10
22,div_ratio,0.9291066335664491,0.9030021573202874,0.9566888060892014,55,single_test_k10,10
22,hit,0.9715909090909091,0.9545454545454546,0.9875,55,single_test_k10,10
23,mixture_error,,,,10,single_test_k10,10
23,kid_T,0.06886384644345415,0.010803547629590415,0.12997733622851323,10,single_test_k10,10
23,coverage_T,0.7636363636363636,0.7231060606060606,0.814431818181818,10,single_test_k10,10
23,kid_S,-0.03014430520442186,-0.05115058299473321,-0.007743975902672425,10,single_test_k10,10
23,coverage_S,1.0,1.0,1.0,10,single_test_k10,10
23,sim_S,0.310208398103714,0.3004668677598238,0.3190013556927443,10,single_test_k10,10
23,sim_T,0.36409659385681153,0.35759049996733666,0.37053914964199064,10,single_test_k10,10
23,sim_T_to_S,0.30966181457042696,0.294849107414484,0.32269029185175896,10,single_test_k10,10
23,ratio_S,1.0065982341766357,0.959396646618843,1.064907448142767,10,single_test_k10,10
23,div_gen,0.16648307144641877,0.15369143623858691,0.17967329788953065,10,single_test_k10,10
23,div_T,0.185471548140049,0.1772270791977644,0.19452898014336825,10,single_test_k10,10
23,div_ratio,0.8954865866259839,0.8550519126474959,0.9399742101469328,10,single_test_k10,10
23,hit,1.0,1.0,1.0,10,single_test_k10,10
24,mixture_error,,,,5,single_test_k10,10
24,kid_T,0.09233489658417823,0.07716647255604628,0.1075033206123102,5,single_test_k10,10
24,coverage_T,0.8,0.76,0.8400000000000001,5,single_test_k10,10
24,kid_S,0.0024647933780212127,-0.04954188416794558,0.0591111540793328,5,single_test_k10,10
24,coverage_S,1.0,1.0,1.0,5,single_test_k10,10
24,sim_S,0.3203071355819702,0.30001838207244874,0.34410154819488525,5,single_test_k10,10
24,sim_T,0.37205984592437746,0.3631593489646912,0.3796984672546387,5,single_test_k10,10
24,sim_T_to_S,0.3090620219707489,0.288546976596117,0.322871949672699,5,single_test_k10,10
24,ratio_S,1.038487696647644,0.971761965751648,1.1063371056318283,5,single_test_k10,10
24,div_gen,0.1820257157087326,0.17947974793612959,0.18456896543502807,5,single_test_k10,10
24,div_T,0.20447667837142944,0.20110328495502472,0.20930969715118408,5,single_test_k10,10
24,div_ratio,0.8907312380102462,0.8682185776807344,0.9131015485845507,5,single_test_k10,10
24,hit,1.0,1.0,1.0,5,single_test_k10,10
25,mixture_error,,,,5,single_test_k10,10
25,kid_T,0.14556041410765203,0.06558439694730893,0.22553643126799514,5,single_test_k10,10
25,coverage_T,0.6222222222222221,0.5722222222222222,0.6555555555555554,5,single_test_k10,10
25,kid_S,0.041035742670464614,-0.03679230623836745,0.11886379157929668,5,single_test_k10,10
25,coverage_S,1.0,1.0,1.0,5,single_test_k10,10
25,sim_S,0.2528341203927994,0.24334408342838287,0.2693197846412659,5,single_test_k10,10
25,sim_T,0.32604480981826783,0.2912602961063385,0.3578502476215363,5,single_test_k10,10
25,sim_T_to_S,0.21770761609077455,0.21342907547950746,0.22284092009067535,5,single_test_k10,10
25,ratio_S,1.162833571434021,1.1009929895401,1.2516095638275146,5,single_test_k10,10
25,div_gen,0.18575283586978913,0.17192119657993316,0.20018546879291535,5,single_test_k10,10
25,div_T,0.2180299609899521,0.21640254259109498,0.21949773132801056,5,single_test_k10,10
25,div_ratio,0.851791724159544,0.7898995867755874,0.9151144385783369,5,single_test_k10,10
25,hit,0.9375,0.875,0.9875,5,single_test_k10,10
26,mixture_error,,,,25,single_test_k10,10
26,kid_T,0.07196838845462722,0.05245680159400311,0.09413315294210428,25,single_test_k10,10
26,coverage_T,0.7367667430608605,0.6960209590654443,0.7749066956327986,25,single_test_k10,10
26,kid_S,0.018978770093036203,0.0008796101086003568,0.040802967375950926,25,single_test_k10,10
26,coverage_S,0.9919999999999999,0.9799999999999999,1.0,25,single_test_k10,10
26,sim_S,0.3080188673734665,0.29501496826112267,0.32176245996356007,25,single_test_k10,10
26,sim_T,0.3625092601776123,0.35253789654374124,0.37357241851091383,25,single_test_k10,10
26,sim_T_to_S,0.26794940412044527,0.25755700284242633,0.2798965533673763,25,single_test_k10,10
26,ratio_S,1.1515352511405945,1.115217753112316,1.1891593467593193,25,single_test_k10,10
26,div_gen,0.1769651734828949,0.16839118963479996,0.18678065678477287,25,single_test_k10,10
26,div_T,0.21714819014072417,0.2088966548740864,0.2245680991709232,25,single_test_k10,10
26,div_ratio,0.8182530743682414,0.7796247590564181,0.8597046893126138,25,single_test_k10,10
26,hit,1.0,1.0,1.0,25,single_test_k10,10
27,mixture_error,,,,20,single_test_k10,10
27,kid_T,0.06548040528241854,0.04755923063926502,0.08784221607135546,20,single_test_k10,10
27,coverage_T,0.7963341560400385,0.769328033730975,0.8292479809406282,20,single_test_k10,10
27,kid_S,0.054403679990814344,0.02455547900215036,0.08850257359664432,20,single_test_k10,10
27,coverage_S,0.97,0.9400000000000001,0.9949999999999999,20,single_test_k10,10
27,sim_S,0.281379672139883,0.268412655107677,0.2953178248181939,20,single_test_k10,10
27,sim_T,0.327362148463726,0.3191440341249108,0.3358908688649535,20,single_test_k10,10
27,sim_T_to_S,0.2695239081978798,0.26133979558944703,0.27694544268772003,20,single_test_k10,10
27,ratio_S,1.0446672081947326,1.006735142916441,1.0870503889024257,20,single_test_k10,10
27,div_gen,0.16961514353752136,0.16056715909391642,0.1792110388725996,20,single_test_k10,10
27,div_T,0.18769238740205765,0.17689760213717817,0.19863266691565512,20,single_test_k10,10
27,div_ratio,0.9146992836732128,0.8581531401734496,0.9704912936325677,20,single_test_k10,10
27,hit,0.846875,0.771875,0.9125,20,single_test_k10,10
28,mixture_error,,,,10,single_test_k10,10
28,kid_T,0.07970520472678011,0.03922193307139125,0.13749817908694534,10,single_test_k10,10
28,coverage_T,0.84375,0.796875,0.8875,10,single_test_k10,10
28,kid_S,0.005676890240707877,-0.027269876601550436,0.04059837491823086,10,single_test_k10,10
28,coverage_S,1.0,1.0,1.0,10,single_test_k10,10
28,sim_S,0.286322346329689,0.27333773717284204,0.2964727684855461,10,single_test_k10,10
28,sim_T,0.34455941915512084,0.3360788133740425,0.35377740301191807,10,single_test_k10,10
28,sim_T_to_S,0.2654034271836281,0.2567696088925004,0.27509023334831,10,single_test_k10,10
28,ratio_S,1.0812345445156097,1.0314837756752968,1.1288922074437142,10,single_test_k10,10
28,div_gen,0.1708976998925209,0.15511320281773805,0.18547917123883964,10,single_test_k10,10
28,div_T,0.2067669928073883,0.19714478917419911,0.21687064830213784,10,single_test_k10,10
28,div_ratio,0.8238630945262535,0.7748090747785479,0.8674401468680375,10,single_test_k10,10
28,hit,1.0,1.0,1.0,10,single_test_k10,10
29,mixture_error,,,,5,single_test_k10,10
29,kid_T,0.21718921598786983,0.14234317119981874,0.28626581951209185,5,single_test_k10,10
29,coverage_T,0.6413793103448275,0.5586206896551724,0.7379310344827587,5,single_test_k10,10
29,kid_S,0.13360173159164185,0.007696844899466271,0.2849894546900639,5,single_test_k10,10
29,coverage_S,0.9199999999999999,0.8400000000000001,0.9800000000000001,5,single_test_k10,10
29,sim_S,0.3022128701210022,0.28984707593917847,0.31138564348220826,5,single_test_k10,10
29,sim_T,0.3171034693717957,0.31365967392921446,0.3210022509098053,5,single_test_k10,10
29,sim_T_to_S,0.27471893429756167,0.26827846735715866,0.27994691297411917,5,single_test_k10,10
29,ratio_S,1.1010881185531616,1.051809032559395,1.1493289959430695,5,single_test_k10,10
29,div_gen,0.21227895021438598,0.20223639324307444,0.22274910807609558,5,single_test_k10,10
29,div_T,0.2308047890663147,0.22831744849681854,0.23329234585165978,5,single_test_k10,10
29,div_ratio,0.9192330639628695,0.8853110830866118,0.9548148249120607,5,single_test_k10,10
29,hit,1.0,1.0,1.0,5,single_test_k10,10
30,mixture_error,,,,5,single_test_k10,10
30,kid_T,0.1850660159960668,0.08853366645899427,0.2652336980384078,5,single_test_k10,10
30,coverage_T,0.6923076923076923,0.6153846153846153,0.7846153846153847,5,single_test_k10,10
30,kid_S,0.0831102596055949,0.03615071920642343,0.12731272862717483,5,single_test_k10,10
30,coverage_S,0.9400000000000001,0.86,1.0,5,single_test_k10,10
30,sim_S,0.35093132257461546,0.34288903295993806,0.3573282241821289,5,single_test_k10,10
30,sim_T,0.39246198534965515,0.3857414245605469,0.3985937237739563,5,single_test_k10,10
30,sim_T_to_S,0.31411346793174744,0.3071304582059383,0.321771240234375,5,single_test_k10,10
30,ratio_S,1.1184820890426637,1.0749303579330445,1.1620338201522826,5,single_test_k10,10
30,div_gen,0.13695087432861328,0.1327016085386276,0.1411915600299835,5,single_test_k10,10
30,div_T,0.17127352356910705,0.16945668458938598,0.17321709424257278,5,single_test_k10,10
30,div_ratio,0.7995794426267027,0.77963386507012,0.8247936760721573,5,single_test_k10,10
30,hit,1.0,1.0,1.0,5,single_test_k10,10
31,mixture_error,,,,5,single_test_k10,10
31,kid_T,0.06159185266107521,0.028303277704739217,0.09147930515896416,5,single_test_k10,10
31,coverage_T,0.9368421052631579,0.8736842105263157,1.0,5,single_test_k10,10
31,kid_S,0.01609476083613117,-0.03904090769453852,0.07477042903144664,5,single_test_k10,10
31,coverage_S,0.9800000000000001,0.9400000000000001,1.0,5,single_test_k10,10
31,sim_S,0.32667510509490966,0.31957859396934507,0.3339352965354919,5,single_test_k10,10
31,sim_T,0.3944183051586151,0.3782561421394348,0.40895587801933286,5,single_test_k10,10
31,sim_T_to_S,0.3084946274757385,0.29353795051574705,0.32345130443573,5,single_test_k10,10
31,ratio_S,1.0629089951515198,0.9951220631599427,1.122441339492798,5,single_test_k10,10
31,div_gen,0.1859081506729126,0.18067741096019746,0.19239282608032227,5,single_test_k10,10
31,div_T,0.23668969571590423,0.23131232857704162,0.24286164849996564,5,single_test_k10,10
31,div_ratio,0.7863814823895662,0.7537835540277418,0.827723774861852,5,single_test_k10,10
31,hit,0.85,0.775,0.925,5,single_test_k10,10
32,mixture_error,,,,5,single_test_k10,10
32,kid_T,0.005456457253126601,-0.029255452272029102,0.04184814485888459,5,single_test_k10,10
32,coverage_T,0.8,0.7538461538461538,0.8615384615384617,5,single_test_k10,10
32,kid_S,-0.035327732438951286,-0.07711685953603113,0.0018999813105683983,5,single_test_k10,10
32,coverage_S,1.0,1.0,1.0,5,single_test_k10,10
32,sim_S,0.32284221053123474,0.3083657532930374,0.3392926087975502,5,single_test_k10,10
32,sim_T,0.38120279312133787,0.3713312864303589,0.3910742998123169,5,single_test_k10,10
32,sim_T_to_S,0.3314925253391266,0.3268551409244537,0.33758753538131714,5,single_test_k10,10
32,ratio_S,0.9743153095245362,0.9242603421211243,1.029389488697052,5,single_test_k10,10
32,div_gen,0.1988420933485031,0.19460007548332214,0.202948197722435,5,single_test_k10,10
32,div_T,0.20303915441036224,0.1982588976621628,0.21055940687656402,5,single_test_k10,10
32,div_ratio,0.9808496289450769,0.9410577873221975,1.021285137718457,5,single_test_k10,10
32,hit,1.0,1.0,1.0,5,single_test_k10,10
33,mixture_error,,,,5,single_test_k10,10
33,kid_T,-0.013392744478800723,-0.023898637591080175,0.0032169334176362697,5,single_test_k10,10
33,coverage_T,0.623529411764706,0.5764705882352941,0.6823529411764706,5,single_test_k10,10
33,kid_S,0.05589558020434602,0.0006736639223248631,0.09856325088126212,5,single_test_k10,10
33,coverage_S,0.8799999999999999,0.78,0.9800000000000001,5,single_test_k10,10
33,sim_S,0.29528237581253053,0.272088360786438,0.31740881204605104,5,single_test_k10,10
33,sim_T,0.3574735939502716,0.3485568702220917,0.36629643440246584,5,single_test_k10,10
33,sim_T_to_S,0.26003190875053406,0.25143328309059143,0.26607871651649473,5,single_test_k10,10
33,ratio_S,1.135700273513794,1.0498905259370805,1.2073329639434816,5,single_test_k10,10
33,div_gen,0.1580097794532776,0.15658445060253143,0.15953590273857116,5,single_test_k10,10
33,div_T,0.17271185517311097,0.16721950471401215,0.1782042056322098,5,single_test_k10,10
33,div_ratio,0.9159886397959685,0.8881530977088049,0.9438241818831319,5,single_test_k10,10
33,hit,1.0,1.0,1.0,5,single_test_k10,10
34,mixture_error,,,,30,single_test_k10,10
34,kid_T,0.07274200264113938,0.053511543190720275,0.09367975021943079,30,single_test_k10,10
34,coverage_T,0.7676307215316504,0.7275097716181308,0.8072560466709073,30,single_test_k10,10
34,kid_S,0.040733731210238606,0.007162878184086095,0.07231594379648555,30,single_test_k10,10
34,coverage_S,0.9566666666666666,0.9266666666666665,0.9800000000000001,30,single_test_k10,10
34,sim_S,0.2940504069129626,0.27982786156237127,0.30826810291657847,30,single_test_k10,10
34,sim_T,0.34994950095812477,0.33579156056046483,0.36438288184503714,30,single_test_k10,10
34,sim_T_to_S,0.2645394757390022,0.25038972817361355,0.27858985097457967,30,single_test_k10,10
34,ratio_S,1.1205538054307302,1.074885649184386,1.1634454344709715,30,single_test_k10,10
34,div_gen,0.18712213536103567,0.17996515658994514,0.1944876460110148,30,single_test_k10,10
34,div_T,0.2105808138847351,0.1995631758744518,0.22248051383843023,30,single_test_k10,10
34,div_ratio,0.9021440176590493,0.8579763172300906,0.9417809286561148,30,single_test_k10,10
34,hit,0.96875,0.9499479166666667,0.9875,30,single_test_k10,10
35,mixture_error,,,,5,single_test_k10,10
35,kid_T,0.19978155594569244,0.11657456531758068,0.25854718065035187,5,single_test_k10,10
35,coverage_T,0.8108108108108109,0.7675675675675675,0.854054054054054,5,single_test_k10,10
35,kid_S,0.07087927696003042,0.0072800228739733795,0.1519125058584329,5,single_test_k10,10
35,coverage_S,1.0,1.0,1.0,5,single_test_k10,10
35,sim_S,0.2683195471763611,0.2544945657253265,0.2899139940738678,5,single_test_k10,10
35,sim_T,0.3307806491851807,0.309205436706543,0.345668363571167,5,single_test_k10,10
35,sim_T_to_S,0.23087218403816223,0.2203572154045105,0.240449658036232,5,single_test_k10,10
35,ratio_S,1.1624452114105224,1.1035917913913726,1.2261556828022002,5,single_test_k10,10
35,div_gen,0.19733451306819916,0.1862783432006836,0.20553895235061645,5,single_test_k10,10
35,div_T,0.2384275496006012,0.23131254613399505,0.24464280307292938,5,single_test_k10,10
35,div_ratio,0.8286547825423464,0.7742737389676648,0.873943125404051,5,single_test_k10,10
35,hit,1.0,1.0,1.0,5,single_test_k10,10
36,mixture_error,,,,20,single_test_k10,10
36,kid_T,0.08748351080080932,0.055334700012659416,0.12243651641563566,20,single_test_k10,10
36,coverage_T,0.7531527194211016,0.7153008286647992,0.7924972645308123,20,single_test_k10,10
36,kid_S,0.036102389769898394,-0.006827828660621098,0.08153153693364795,20,single_test_k10,10
36,coverage_S,0.9700000000000001,0.9400000000000001,1.0,20,single_test_k10,10
36,sim_S,0.26635137349367144,0.2533159003406763,0.27935622099786994,20,single_test_k10,10
36,sim_T,0.3273604288697243,0.3110996900498867,0.34413488317281005,20,single_test_k10,10
36,sim_T_to_S,0.24439805820584298,0.23609416168183087,0.25269611753523347,20,single_test_k10,10
36,ratio_S,1.0904467791318893,1.049272633045912,1.1314086735993625,20,single_test_k10,10
36,div_gen,0.20196398347616196,0.18184924269095062,0.221655059941113,20,single_test_k10,10
36,div_T,0.22890297919511796,0.21344340808689596,0.24457322649657726,20,single_test_k10,10
36,div_ratio,0.8780495515611104,0.8246427623166891,0.9238085915227834,20,single_test_k10,10
36,hit,1.0,1.0,1.0,20,single_test_k10,10
37,mixture_error,,,,5,single_test_k10,10
37,kid_T,0.03017488066144942,0.0022909261371641064,0.060574550585887364,5,single_test_k10,10
37,coverage_T,0.676470588235294,0.5882352941176471,0.7588235294117647,5,single_test_k10,10
37,kid_S,-0.0075709681237299264,-0.05088637434529524,0.04256627427768045,5,single_test_k10,10
37,coverage_S,0.9800000000000001,0.9400000000000001,1.0,5,single_test_k10,10
37,sim_S,0.2722622811794281,0.2573354990780353,0.2898166537284851,5,single_test_k10,10
37,sim_T,0.32066682577133176,0.3141192646324634,0.3265454888343811,5,single_test_k10,10
37,sim_T_to_S,0.24466443359851836,0.23823940753936768,0.25044341050088403,5,single_test_k10,10
37,ratio_S,1.1117878913879395,1.072042989730835,1.1620099794864656,5,single_test_k10,10
37,div_gen,0.20439234375953674,0.19536887407302855,0.2129511445760727,5,single_test_k10,10
37,div_T,0.22288193106651305,0.21821931898593902,0.2275445431470871,5,single_test_k10,10
37,div_ratio,0.9181484770237155,0.862518671148985,0.9669256357754415,5,single_test_k10,10
37,hit,1.0,1.0,1.0,5,single_test_k10,10
38,mixture_error,,,,5,single_test_k10,10
38,kid_T,0.02521516554564158,-0.0006857090082338146,0.05312004652993672,5,single_test_k10,10
38,coverage_T,0.7090909090909091,0.6363636363636364,0.7818181818181819,5,single_test_k10,10
38,kid_S,-0.04612754452494272,-0.10084388513154466,0.012734607300679813,5,single_test_k10,10
38,coverage_S,0.9800000000000001,0.9400000000000001,1.0,5,single_test_k10,10
38,sim_S,0.23804543912410736,0.22591412663459778,0.2482202470302582,5,single_test_k10,10
38,sim_T,0.2845633327960968,0.276794570684433,0.29113935232162474,5,single_test_k10,10
38,sim_T_to_S,0.20764847993850707,0.20149748757481575,0.21239463686943055,5,single_test_k10,10
38,ratio_S,1.1487099170684814,1.0740240097045899,1.2296541607379914,5,single_test_k10,10
38,div_gen,0.1828041046857834,0.17485152184963226,0.1907566875219345,5,single_test_k10,10
38,div_T,0.18901211619377137,0.18532744348049163,0.1927388858795166,5,single_test_k10,10
38,div_ratio,0.9674833767042298,0.9253561805151825,1.0153059380361376,5,single_test_k10,10
38,hit,1.0,1.0,1.0,5,single_test_k10,10
39,mixture_error,,,,5,single_test_k10,10
39,kid_T,0.14648744448158837,0.104769624899507,0.16936637786083308,5,single_test_k10,10
39,coverage_T,0.78,0.74,0.8200000000000001,5,single_test_k10,10
39,kid_S,0.10118532997617499,0.07161924983723612,0.13497132857576447,5,single_test_k10,10
39,coverage_S,0.96,0.8800000000000001,1.0,5,single_test_k10,10
39,sim_S,0.31504114866256716,0.29964969754219056,0.3300604701042175,5,single_test_k10,10
39,sim_T,0.37316887974739077,0.35638793706893923,0.39168612360954286,5,single_test_k10,10
39,sim_T_to_S,0.31839383244514463,0.3018185019493103,0.3363707780838013,5,single_test_k10,10
39,ratio_S,0.9909227132797241,0.9545196294784546,1.0207261562347412,5,single_test_k10,10
39,div_gen,0.1876539558172226,0.178217414021492,0.19730983555316925,5,single_test_k10,10
39,div_T,0.22273869812488556,0.21304756671190261,0.23170382380485535,5,single_test_k10,10
39,div_ratio,0.8443495752753407,0.7913854127664437,0.8989149450306563,5,single_test_k10,10
39,hit,0.5375,0.475,0.6,5,single_test_k10,10
40,mixture_error,,,,15,single_test_k10,10
40,kid_T,0.03417162255912001,0.006828312023408868,0.06447727362229,15,single_test_k10,10
40,coverage_T,0.9097643097643096,0.8695847362514029,0.9474859708193041,15,single_test_k10,10
40,kid_S,0.035231502137772,-0.0012192421735304924,0.07292264198100261,15,single_test_k10,10
40,coverage_S,0.9733333333333333,0.9400000000000001,1.0,15,single_test_k10,10
40,sim_S,0.2710134446620941,0.26067044168710707,0.28405965099732083,15,single_test_k10,10
40,sim_T,0.31550869941711424,0.30678642600774764,0.3240726046264171,15,single_test_k10,10
40,sim_T_to_S,0.25517068008581795,0.24392434053122997,0.26779548826316996,15,single_test_k10,10
40,ratio_S,1.0723267873128255,1.0015992556015652,1.1561205463608104,15,single_test_k10,10
40,div_gen,0.1454044371843338,0.13643579194943112,0.15418360290428004,15,single_test_k10,10
40,div_T,0.17839365204175314,0.17064363253613313,0.1848850949605306,15,single_test_k10,10
40,div_ratio,0.8189027847028602,0.7656424104400995,0.8687402425085397,15,single_test_k10,10
40,hit,0.8375,0.7833333333333333,0.8875,15,single_test_k10,10
41,mixture_error,,,,5,single_test_k10,10
41,kid_T,0.07484936809402676,0.04611275019725376,0.0989711696928146,5,single_test_k10,10
41,coverage_T,0.9032258064516128,0.8838709677419354,0.9225806451612902,5,single_test_k10,10
41,kid_S,0.09035270608741328,0.00850215686493705,0.18699519735642056,5,single_test_k10,10
41,coverage_S,1.0,1.0,1.0,5,single_test_k10,10
41,sim_S,0.25971164703369143,0.251175280213356,0.2682338833808899,5,single_test_k10,10
41,sim_T,0.3146770656108856,0.3101815223693848,0.3190850941836834,5,single_test_k10,10
41,sim_T_to_S,0.23719169795513154,0.23121085166931152,0.24300958454608917,5,single_test_k10,10
41,ratio_S,1.0949711322784423,1.068547010421753,1.1216063499450684,5,single_test_k10,10
41,div_gen,0.1944144070148468,0.18803239464759827,0.20072975754737854,5,single_test_k10,10
41,div_T,0.2622333109378815,0.25171159505844115,0.2716797113418579,5,single_test_k10,10
41,div_ratio,0.7435372164017475,0.6986329805606702,0.7982830564685905,5,single_test_k10,10
41,hit,1.0,1.0,1.0,5,single_test_k10,10
42,mixture_error,,,,10,single_test_k10,10
42,kid_T,0.12891585952873202,0.09779644699173809,0.16037925420306745,10,single_test_k10,10
42,coverage_T,0.8619607843137255,0.8319558823529413,0.9005882352941177,10,single_test_k10,10
42,kid_S,0.14525310203400502,0.059106250192081836,0.2376457590043028,10,single_test_k10,10
42,coverage_S,1.0,1.0,1.0,10,single_test_k10,10
42,sim_S,0.26480516940355303,0.24675150137394666,0.2823834041878581,10,single_test_k10,10
42,sim_T,0.3254423409700394,0.3062923787534237,0.34457144305109977,10,single_test_k10,10
42,sim_T_to_S,0.23177595883607865,0.21798198487609624,0.24539955731481314,10,single_test_k10,10
42,ratio_S,1.1438459753990173,1.0977272802591325,1.188107594549656,10,single_test_k10,10
42,div_gen,0.19230756610631944,0.1869957957044244,0.19687853254377843,10,single_test_k10,10
42,div_T,0.25676560401916504,0.2504720473662019,0.26168230842798945,10,single_test_k10,10
42,div_ratio,0.7496100373677891,0.7280657099630358,0.7680234600240063,10,single_test_k10,10
42,hit,0.925,0.88125,0.96875,10,single_test_k10,10
43,mixture_error,,,,20,single_test_k10,10
43,kid_T,0.10941654698777414,0.06104681806669408,0.16026472626130348,20,single_test_k10,10
43,coverage_T,0.7177728174603175,0.673022197420635,0.7602997271825397,20,single_test_k10,10
43,kid_S,0.03540555870551047,-0.007339221081187625,0.08277589293176045,20,single_test_k10,10
43,coverage_S,0.9800000000000001,0.9550000000000001,1.0,20,single_test_k10,10
43,sim_S,0.2567398138344288,0.24142868380993604,0.2728043647482991,20,single_test_k10,10
43,sim_T,0.3158993199467659,0.3010949381440878,0.33028547156602145,20,single_test_k10,10
43,sim_T_to_S,0.23790341019630432,0.22855964293703437,0.24714000098407268,20,single_test_k10,10
43,ratio_S,1.0802738934755325,1.0272953133285045,1.1397458523511885,20,single_test_k10,10
43,div_gen,0.21934863403439522,0.20472347792237996,0.2337868675403297,20,single_test_k10,10
43,div_T,0.2595447301864624,0.25402954589575527,0.2654170040972531,20,single_test_k10,10
43,div_ratio,0.8493595301701123,0.7835699059256868,0.917201939357439,20,single_test_k10,10
43,hit,0.953125,0.921796875,0.98125,20,single_test_k10,10
44,mixture_error,,,,5,single_test_k10,10
44,kid_T,0.06381479473257663,0.039986475806708555,0.09100405206930554,5,single_test_k10,10
44,coverage_T,0.7142857142857143,0.6783928571428571,0.7428571428571429,5,single_test_k10,10
44,kid_S,0.019847873957481353,-0.027810594802418907,0.0634674104504036,5,single_test_k10,10
44,coverage_S,0.9399999999999998,0.8799999999999999,1.0,5,single_test_k10,10
44,sim_S,0.2953971862792969,0.28017892241477965,0.30907590985298156,5,single_test_k10,10
44,sim_T,0.3491005837917328,0.3417226801812649,0.360300653129816,5,single_test_k10,10
44,sim_T_to_S,0.3123079061508179,0.2829791963100433,0.3416366159915924,5,single_test_k10,10
44,ratio_S,0.9603499293327331,0.8427169620990753,1.0854745745658874,5,single_test_k10,10
44,div_gen,0.10088685303926467,0.09613355696201324,0.1073139637708664,5,single_test_k10,10
44,div_T,0.12309316992759704,0.12133242730051279,0.12485111504793167,5,single_test_k10,10
44,div_ratio,0.8203809130689024,0.7700606139158158,0.8735527609605317,5,single_test_k10,10
44,hit,1.0,1.0,1.0,5,single_test_k10,10
45,mixture_error,,,,20,single_test_k10,10
45,kid_T,0.06524394315120965,0.04158014353336549,0.09349345825410603,20,single_test_k10,10
45,coverage_T,0.8181696635899224,0.7829850861343319,0.8544902055758737,20,single_test_k10,10
45,kid_S,0.05986298065149809,0.029074895821443514,0.08901699469737111,20,single_test_k10,10
45,coverage_S,0.985,0.97,1.0,20,single_test_k10,10
45,sim_S,0.3091247111558914,0.2891878989711404,0.3299549882486462,20,single_test_k10,10
45,sim_T,0.36341055035591124,0.346832613311708,0.37963961813598873,20,single_test_k10,10
45,sim_T_to_S,0.28154256418347356,0.26757134111598135,0.29628729635849593,20,single_test_k10,10
45,ratio_S,1.096128723025322,1.0611075218766928,1.137061068341136,20,single_test_k10,10
45,div_gen,0.15852777771651744,0.14599417140707374,0.1706912428699434,20,single_test_k10,10
45,div_T,0.20194716677069663,0.1927864778600633,0.21071992421522737,20,single_test_k10,10
45,div_ratio,0.7840876765007729,0.7370409157055078,0.8331051508800377,20,single_test_k10,10
45,hit,0.990625,0.975,1.0,20,single_test_k10,10
46,mixture_error,,,,15,single_test_k10,10
46,kid_T,0.01630396630290747,-0.005231923062668233,0.03534899654368313,15,single_test_k10,10
46,coverage_T,0.7897306397306397,0.7604961069023569,0.8213594276094276,15,single_test_k10,10
46,kid_S,0.012842351830509338,-0.009071634704592742,0.0339916942849204,15,single_test_k10,10
46,coverage_S,0.9866666666666667,0.9600000000000001,1.0,15,single_test_k10,10
46,sim_S,0.2715137372414271,0.2563284212599198,0.28621961961189907,15,single_test_k10,10
46,sim_T,0.3428709149360657,0.3243718311190605,0.3646168706317742,15,single_test_k10,10
46,sim_T_to_S,0.2397440145413081,0.23434337931374707,0.2457010522733132,15,single_test_k10,10
46,ratio_S,1.131511640548706,1.0825422832369804,1.1815596093734104,15,single_test_k10,10
46,div_gen,0.19322767357031503,0.18359778645137945,0.20330459006130697,15,single_test_k10,10
46,div_T,0.21466297805309295,0.20985085830092431,0.21963472376267115,15,single_test_k10,10
46,div_ratio,0.898983186236437,0.8642625517061457,0.9331965233195101,15,single_test_k10,10
46,hit,1.0,1.0,1.0,15,single_test_k10,10
47,mixture_error,,,,15,single_test_k10,10
47,kid_T,0.08014378321836328,0.05472473805589198,0.10333574948337766,15,single_test_k10,10
47,coverage_T,0.661010101010101,0.5863580040031653,0.7345856723921238,15,single_test_k10,10
47,kid_S,0.020773044580626277,-0.007903053013963074,0.049527334941010394,15,single_test_k10,10
47,coverage_S,0.9800000000000001,0.9466666666666668,1.0,15,single_test_k10,10
47,sim_S,0.2783031086126963,0.26350593770543734,0.29254236757755275,15,single_test_k10,10
47,sim_T,0.3226742744445801,0.3138081648945808,0.33085179929931957,15,single_test_k10,10
47,sim_T_to_S,0.27049467861652376,0.25579599301020306,0.2864832347383102,15,single_test_k10,10
47,ratio_S,1.0328344543774923,0.9890627554059029,1.0762244288126628,15,single_test_k10,10
47,div_gen,0.18748472034931182,0.18081170233587424,0.19319498454531034,15,single_test_k10,10
47,div_T,0.21124139229456584,0.20101902907093364,0.21989513501524927,15,single_test_k10,10
47,div_ratio,0.8942077674851713,0.8502286886752193,0.9495440074159381,15,single_test_k10,10
47,hit,0.9916666666666667,0.975,1.0,15,single_test_k10,10
48,mixture_error,,,,5,single_test_k10,10
48,kid_T,-0.011942221883450089,-0.0337487114926688,0.012121601371654477,5,single_test_k10,10
48,coverage_T,0.7466666666666667,0.72,0.7799999999999999,5,single_test_k10,10
48,kid_S,-0.010242754821620537,-0.06727600764406728,0.05039689221406043,5,single_test_k10,10
48,coverage_S,0.96,0.9199999999999999,1.0,5,single_test_k10,10
48,sim_S,0.2830467224121094,0.2627232551574707,0.29834702581167216,5,single_test_k10,10
48,sim_T,0.3338537275791168,0.32192122891545294,0.35079179167747493,5,single_test_k10,10
48,sim_T_to_S,0.26283097863197324,0.25621713399887086,0.2691256582736969,5,single_test_k10,10
48,ratio_S,1.076708447933197,1.0127283453941345,1.1265846014022827,5,single_test_k10,10
48,div_gen,0.16991589665412904,0.16134987473487855,0.1830787867307663,5,single_test_k10,10
48,div_T,0.18738732635974883,0.17827328145503998,0.1963069409132004,5,single_test_k10,10
48,div_ratio,0.9089929848827453,0.8486433468256742,0.9821319812671225,5,single_test_k10,10
48,hit,1.0,1.0,1.0,5,single_test_k10,10
macro,mixture_error,,,,49,single_test_k10,10
macro,kid_T,0.08388577154454346,0.07921683940295478,0.08898319681026014,49,single_test_k10,10
macro,coverage_T,0.7574355737356492,0.7503519831360537,0.7645715000742471,49,single_test_k10,10
macro,kid_S,0.042184440770895094,0.03522454715260278,0.049603050322380805,49,single_test_k10,10
macro,coverage_S,0.9748487634814162,0.9697703038458138,0.9801221540364398,49,single_test_k10,10
macro,sim_S,0.2898187600975684,0.287907932612815,0.29190341033287176,49,single_test_k10,10
macro,sim_T,0.3427664909653665,0.3409337725179478,0.3445974054636571,49,single_test_k10,10
macro,sim_T_to_S,0.26912724427786955,0.2675244393215972,0.2707105715135001,49,single_test_k10,10
macro,ratio_S,1.083499897604719,1.075531764901611,1.091087938162556,49,single_test_k10,10
macro,div_gen,0.17975482149843564,0.17842238931163734,0.18106114434685244,49,single_test_k10,10
macro,div_T,0.20963082445939926,0.20855324753448232,0.21076037280241536,49,single_test_k10,10
macro,div_ratio,0.8620259844285308,0.8549298144502255,0.8684387235415094,49,single_test_k10,10
macro,hit,0.9302934055740177,0.9248916755013695,0.9352002410854451,49,single_test_k10,10
0,mixture_error,,,,5,single_test_k5,5
0,kid_T,0.014581354201271424,-0.0061645515898893595,0.032873151698365535,5,single_test_k5,5
0,coverage_T,0.5384615384615384,0.4461538461538462,0.6153846153846153,5,single_test_k5,5
0,kid_S,-0.022914301409748816,-0.08847625803009436,0.0429623290349511,5,single_test_k5,5
0,coverage_S,1.0,1.0,1.0,5,single_test_k5,5
0,sim_S,0.29184153079986574,0.27685587406158446,0.31023536920547484,5,single_test_k5,5
0,sim_T,0.3775310814380646,0.3673895180225372,0.3849212765693665,5,single_test_k5,5
0,sim_T_to_S,0.2642687618732452,0.2566009223461151,0.2718661367893219,5,single_test_k5,5
0,ratio_S,1.1050469398498535,1.0449707984924317,1.168032169342041,5,single_test_k5,5
0,div_gen,0.22052938640117645,0.21126568913459778,0.23122360408306122,5,single_test_k5,5
0,div_T,0.2478111445903778,0.24520199298858641,0.2506022334098816,5,single_test_k5,5
0,div_ratio,0.8895787649249449,0.8557296644287344,0.9263041829706621,5,single_test_k5,5
0,hit,0.9875,0.9625,1.0,5,single_test_k5,5
1,mixture_error,,,,30,single_test_k5,5
1,kid_T,0.08406500554092157,0.06214300632403561,0.10778954528826865,30,single_test_k5,5
1,coverage_T,0.6983430279018515,0.6569546152082918,0.7471906122751711,30,single_test_k5,5
1,kid_S,-0.011397293172710299,-0.05107958231142623,0.033533275239310725,30,single_test_k5,5
1,coverage_S,1.0,1.0,1.0,30,single_test_k5,5
1,sim_S,0.2524548888206482,0.24165343063573042,0.2638282448922594,30,single_test_k5,5
1,sim_T,0.3551556676626205,0.3412942579885324,0.3695786663144827,30,single_test_k5,5
1,sim_T_to_S,0.2296988939245542,0.2192606516554952,0.2398543943464756,30,single_test_k5,5
1,ratio_S,1.1075336158275604,1.0615889877080917,1.1565072865287462,30,single_test_k5,5
1,div_gen,0.17605121185382208,0.1667199421301484,0.18516203234593073,30,single_test_k5,5
1,div_T,0.20349883139133454,0.19404139692584674,0.21205401883771022,30,single_test_k5,5
1,div_ratio,0.8693283706436307,0.8294626351568353,0.9147851308610753,30,single_test_k5,5
1,hit,0.9479166666666666,0.9125,0.975,30,single_test_k5,5
2,mixture_error,,,,20,single_test_k5,5
2,kid_T,0.169539390735323,0.1236545186393295,0.21627428430220746,20,single_test_k5,5
2,coverage_T,0.6954058441558442,0.6484156182359307,0.7460360186688311,20,single_test_k5,5
2,kid_S,0.07021621878013465,0.014224494736616465,0.13703437358493173,20,single_test_k5,5
2,coverage_S,1.0,1.0,1.0,20,single_test_k5,5
2,sim_S,0.2718100346624851,0.25024259999394416,0.29571662798523907,20,single_test_k5,5
2,sim_T,0.3751692607998848,0.3516048300638795,0.3987823751196265,20,single_test_k5,5
2,sim_T_to_S,0.21695258766412734,0.20354069489985704,0.2315964147076011,20,single_test_k5,5
2,ratio_S,1.2576186448335647,1.1748250965029001,1.3447055592387915,20,single_test_k5,5
2,div_gen,0.1517067790031433,0.14604522302746772,0.15735552839934824,20,single_test_k5,5
2,div_T,0.20135414600372314,0.19144990300759673,0.2110518287308514,20,single_test_k5,5
2,div_ratio,0.7631205594139933,0.7181903003552964,0.8109512581734937,20,single_test_k5,5
2,hit,0.55,0.4875,0.60625,20,single_test_k5,5
3,mixture_error,,,,70,single_test_k5,5
3,kid_T,0.09955836193582789,0.08014016156654052,0.11914984205843404,70,single_test_k5,5
3,coverage_T,0.7315169683303158,0.6987016947425442,0.7624832328219788,70,single_test_k5,5
3,kid_S,-0.012189611967811535,-0.03790671755716733,0.016296273796823735,70,single_test_k5,5
3,coverage_S,0.9971428571428571,0.9914285714285713,1.0,70,single_test_k5,5
3,sim_S,0.26771685587508337,0.25881872216505664,0.27595907341156684,70,single_test_k5,5
3,sim_T,0.3438240758010319,0.3381222305766174,0.35053370504507,70,single_test_k5,5
3,sim_T_to_S,0.22542163282632827,0.21835523371185575,0.23240429324763162,70,single_test_k5,5
3,ratio_S,1.196165133374078,1.1613152597631728,1.2333524533467635,70,single_test_k5,5
3,div_gen,0.17246716682400023,0.1671748075634241,0.17790687487593718,70,single_test_k5,5
3,div_T,0.20132103328193937,0.19636072696851833,0.20644789391862495,70,single_test_k5,5
3,div_ratio,0.8598537456164203,0.8364175178161061,0.884629627765352,70,single_test_k5,5
3,hit,0.6678571428571428,0.6142633928571429,0.7205357142857143,70,single_test_k5,5
4,mixture_error,,,,65,single_test_k5,5
4,kid_T,0.0808982593472006,0.05874330604655746,0.10632133023709424,65,single_test_k5,5
4,coverage_T,0.7655571676745027,0.7343234048528943,0.7938548404737359,65,single_test_k5,5
4,kid_S,0.0029638139963623464,-0.022296644279176058,0.02717761783333655,65,single_test_k5,5
4,coverage_S,1.0,1.0,1.0,65,single_test_k5,5
4,sim_S,0.2548183122506508,0.24618552579329564,0.2632835773722484,65,single_test_k5,5
4,sim_T,0.3449500913803394,0.3355296064454776,0.3545365765117682,65,single_test_k5,5
4,sim_T_to_S,0.2318946191897759,0.22424071702819603,0.23943467096067392,65,single_test_k5,5
4,ratio_S,1.1029051303863526,1.0771568266015787,1.1275727694080426,65,single_test_k5,5
4,div_gen,0.16090296266170648,0.15443919989638605,0.16814014179202227,65,single_test_k5,5
4,div_T,0.1994704095216898,0.193566169618414,0.20521828200381534,65,single_test_k5,5
4,div_ratio,0.8084458679465765,0.779983522976781,0.8373084650525373,65,single_test_k5,5
4,hit,0.8625,0.8230528846153846,0.8961778846153846,65,single_test_k5,5
5,mixture_error,,,,30,single_test_k5,5
5,kid_T,0.06570663771014888,0.047453112024410805,0.0831956287394224,30,single_test_k5,5
5,coverage_T,0.8073761443456838,0.767465826092746,0.8414914100558164,30,single_test_k5,5
5,kid_S,-0.031986134384089544,-0.07182927166433424,0.004486992485175013,30,single_test_k5,5
5,coverage_S,1.0,1.0,1.0,30,single_test_k5,5
5,sim_S,0.25621131906906763,0.24431085432569186,0.26771713320165874,30,single_test_k5,5
5,sim_T,0.33563188711802167,0.32879833653569224,0.3425451408326626,30,single_test_k5,5
5,sim_T_to_S,0.23852496594190598,0.2292036609724164,0.24778608770420155,30,single_test_k5,5
5,ratio_S,1.0771240293979645,1.0398688963055611,1.1149290680885315,30,single_test_k5,5
5,div_gen,0.1547121909757455,0.14435652010142805,0.16545500382781028,30,single_test_k5,5
5,div_T,0.18620000729958217,0.17483226859321196,0.19638227362185717,30,single_test_k5,5
5,div_ratio,0.8364265849492935,0.7954520077619057,0.8744844882750766,30,single_test_k5,5
5,hit,0.8604166666666667,0.8166666666666667,0.9020833333333333,30,single_test_k5,5
6,mixture_error,,,,10,single_test_k5,5
6,kid_T,0.08755299981018823,0.030811507095886478,0.14742506845435846,10,single_test_k5,5
6,coverage_T,0.7605714285714285,0.7251285714285713,0.797142857142857,10,single_test_k5,5
6,kid_S,-0.02001663170337977,-0.06041489487747425,0.018960535116842547,10,single_test_k5,5
6,coverage_S,1.0,1.0,1.0,10,single_test_k5,5
6,sim_S,0.23535714000463487,0.21520041435956955,0.2573376662284136,10,single_test_k5,5
6,sim_T,0.323310649394989,0.3081679752469063,0.33905354134738447,10,single_test_k5,5
6,sim_T_to_S,0.2283585861325264,0.20617341708391904,0.24958327494561675,10,single_test_k5,5
6,ratio_S,1.039552104473114,0.967712521404028,1.1131637655198574,10,single_test_k5,5
6,div_gen,0.13602590784430504,0.12852326741442086,0.14452438225969672,10,single_test_k5,5
6,div_T,0.16729577034711837,0.1543676067143679,0.18002739161252973,10,single_test_k5,5
6,div_ratio,0.8263282682858364,0.7418841772552586,0.9167587988658901,10,single_test_k5,5
6,hit,0.65,0.54375,0.75625,10,single_test_k5,5
7,mixture_error,,,,20,single_test_k5,5
7,kid_T,0.08831693937484335,0.06878829533844937,0.10638247133308609,20,single_test_k5,5
7,coverage_T,0.7445270270270268,0.7165776361038456,0.7728898575995349,20,single_test_k5,5
7,kid_S,-0.00614257826910789,-0.05169943855092062,0.04241462950192787,20,single_test_k5,5
7,coverage_S,1.0,1.0,1.0,20,single_test_k5,5
7,sim_S,0.2667865663766861,0.2548063836432994,0.28121241403743624,20,single_test_k5,5
7,sim_T,0.38874993175268174,0.37456302501261235,0.4031468143686652,20,single_test_k5,5
7,sim_T_to_S,0.22431081682443618,0.21625309396535158,0.23224076680839062,20,single_test_k5,5
7,ratio_S,1.1936339408159256,1.138512493893504,1.252680046260357,20,single_test_k5,5
7,div_gen,0.1752020984888077,0.16707821501418949,0.1838160573132336,20,single_test_k5,5
7,div_T,0.21856382265686988,0.20505680475383997,0.23315179442986847,20,single_test_k5,5
7,div_ratio,0.80834829377575,0.7822816909989156,0.837208781424911,20,single_test_k5,5
7,hit,0.98125,0.94375,1.0,20,single_test_k5,5
8,mixture_error,,,,15,single_test_k5,5
8,kid_T,0.07235318138433514,0.03647478788846748,0.11334512811499418,15,single_test_k5,5
8,coverage_T,0.6904211904211904,0.6497166397166396,0.7328446715946718,15,single_test_k5,5
8,kid_S,0.010016637809624859,-0.05507878102850901,0.07575127804644048,15,single_test_k5,5
8,coverage_S,1.0,1.0,1.0,15,single_test_k5,5
8,sim_S,0.25137452681859335,0.23978966924051445,0.2623246245086193,15,single_test_k5,5
8,sim_T,0.3357171495755514,0.3287141513824463,0.34255995238820713,15,single_test_k5,5
8,sim_T_to_S,0.2336315929889679,0.2222213284422954,0.24406817607581616,15,single_test_k5,5
8,ratio_S,1.0767445723215738,1.0594824375708898,1.097516639828682,15,single_test_k5,5
8,div_gen,0.1901303340991338,0.18297704577445986,0.19757284479836623,15,single_test_k5,5
8,div_T,0.1972847322622935,0.18710459207495053,0.2078970071921746,15,single_test_k5,5
8,div_ratio,0.9711889730466391,0.9175702216245919,1.0261061023863254,15,single_test_k5,5
8,hit,0.9958333333333333,0.9875,1.0,15,single_test_k5,5
9,mixture_error,,,,110,single_test_k5,5
9,kid_T,0.10942319492993581,0.09167000277161312,0.12739861760775248,110,single_test_k5,5
9,coverage_T,0.7318524083482255,0.7094035857985074,0.7567732776697321,110,single_test_k5,5
9,kid_S,0.015031240631403119,-0.007714423829582037,0.036634115030699396,110,single_test_k5,5
9,coverage_S,1.0,1.0,1.0,110,single_test_k5,5
9,sim_S,0.26689763990315524,0.25900285454974936,0.2749519853937355,110,single_test_k5,5
9,sim_T,0.34723661541938783,0.3406148382479494,0.35417752879587083,110,single_test_k5,5
9,sim_T_to_S,0.23564602123065428,0.22966728577898307,0.24236597110601987,110,single_test_k5,5
9,ratio_S,1.1369554167444056,1.1155437510528348,1.1621449428119444,110,single_test_k5,5
9,div_gen,0.17908355607227847,0.17421159144490955,0.18358491220765494,110,single_test_k5,5
9,div_T,0.21269997371868654,0.20788719777356496,0.21717635655944997,110,single_test_k5,5
9,div_ratio,0.8495198941511591,0.8245863840748962,0.8747448714391306,110,single_test_k5,5
9,hit,0.7784090909090909,0.7289630681818182,0.8216051136363636,110,single_test_k5,5
10,mixture_error,,,,30,single_test_k5,5
10,kid_T,0.1068394807752199,0.08403677346217996,0.13042059785336202,30,single_test_k5,5
10,coverage_T,0.721455455499213,0.6898286732456138,0.7530734904120767,30,single_test_k5,5
10,kid_S,-0.0026456634749798978,-0.03806988320990718,0.03641465500865964,30,single_test_k5,5
10,coverage_S,1.0,1.0,1.0,30,single_test_k5,5
10,sim_S,0.25895111660162606,0.2485631578663985,0.2692541628703475,30,single_test_k5,5
10,sim_T,0.34943254590034484,0.3424088220546643,0.3574423047403495,30,single_test_k5,5
10,sim_T_to_S,0.2187163641055425,0.21213887418309846,0.22555118635296822,30,single_test_k5,5
10,ratio_S,1.1869559367497762,1.143175423045953,1.2340809753537179,30,single_test_k5,5
10,div_gen,0.1899869754910469,0.18060872899989286,0.19902450683216252,30,single_test_k5,5
10,div_T,0.22455150932073592,0.21704483250776926,0.23214531154682239,30,single_test_k5,5
10,div_ratio,0.8457889875431057,0.8155321994370348,0.8758084399662205,30,single_test_k5,5
10,hit,0.9895833333333334,0.9770833333333333,0.9979166666666667,30,single_test_k5,5
11,mixture_error,,,,5,single_test_k5,5
11,kid_T,0.15157433163453468,0.120878396864682,0.18231184046575738,5,single_test_k5,5
11,coverage_T,0.49000000000000005,0.43000000000000005,0.550125,5,single_test_k5,5
11,kid_S,0.11081904565714389,0.05754445641254087,0.16409363490174692,5,single_test_k5,5
11,coverage_S,1.0,1.0,1.0,5,single_test_k5,5
11,sim_S,0.21735206842422486,0.20176537930965424,0.2314487338066101,5,single_test_k5,5
11,sim_T,0.29866297245025636,0.29139075756073,0.3078431010246277,5,single_test_k5,5
11,sim_T_to_S,0.21416468918323517,0.20912981927394866,0.21948730319738388,5,single_test_k5,5
11,ratio_S,1.01446533203125,0.9497573137283325,1.0626004308462143,5,single_test_k5,5
11,div_gen,0.2345162808895111,0.23158886134624482,0.2374437004327774,5,single_test_k5,5
11,div_T,0.2516226708889008,0.24594437837600708,0.2561412899196148,5,single_test_k5,5
11,div_ratio,0.9324681384081408,0.9089464123046284,0.9506684557176951,5,single_test_k5,5
11,hit,1.0,1.0,1.0,5,single_test_k5,5
12,mixture_error,,,,75,single_test_k5,5
12,kid_T,0.06678560093779903,0.05126273337895108,0.08387697274410337,75,single_test_k5,5
12,coverage_T,0.6716219447488798,0.6458136662879698,0.6968823726552831,75,single_test_k5,5
12,kid_S,-0.011046000742222143,-0.03746860648671031,0.015617639453405172,75,single_test_k5,5
12,coverage_S,1.0,1.0,1.0,75,single_test_k5,5
12,sim_S,0.26261861344178516,0.25492207789917787,0.27026962460080783,75,single_test_k5,5
12,sim_T,0.3458050040404002,0.3404531281193097,0.3514745399057865,75,single_test_k5,5
12,sim_T_to_S,0.23644761621952057,0.23116102979083855,0.2419790498763323,75,single_test_k5,5
12,ratio_S,1.1131354308128356,1.0892365472316743,1.136115626235803,75,single_test_k5,5
12,div_gen,0.1859045985341072,0.1795725570768118,0.19178254344314336,75,single_test_k5,5
12,div_T,0.20902790705362956,0.20435019964476428,0.21320681595802307,75,single_test_k5,5
12,div_ratio,0.8895944881433132,0.8684531139466282,0.9113764668249303,75,single_test_k5,5
12,hit,0.8875,0.8425,0.9275,75,single_test_k5,5
13,mixture_error,,,,5,single_test_k5,5
13,kid_T,0.062186895255199916,0.029574289967854724,0.09209901780259813,5,single_test_k5,5
13,coverage_T,0.8390243902439025,0.8097560975609757,0.8731707317073172,5,single_test_k5,5
13,kid_S,0.03107635218990943,-0.017916183282859065,0.08513743715909712,5,single_test_k5,5
13,coverage_S,1.0,1.0,1.0,5,single_test_k5,5
13,sim_S,0.20254700779914855,0.1918599247932434,0.21734188199043275,5,single_test_k5,5
13,sim_T,0.2784487664699554,0.27244335412979126,0.2841730773448944,5,single_test_k5,5
13,sim_T_to_S,0.19874975979328155,0.19745562374591827,0.2000775009393692,5,single_test_k5,5
13,ratio_S,1.01927090883255,0.9625383615493774,1.0938582301139832,5,single_test_k5,5
13,div_gen,0.17831479609012604,0.17146585881710052,0.18539353609085082,5,single_test_k5,5
13,div_T,0.23543667495250703,0.23169250190258026,0.23926115930080413,5,single_test_k5,5
13,div_ratio,0.7580119731749189,0.716909906414555,0.7952815852956855,5,single_test_k5,5
13,hit,1.0,1.0,1.0,5,single_test_k5,5
14,mixture_error,,,,10,single_test_k5,5
14,kid_T,0.15331531669292692,0.09829434668647921,0.20739450534146867,10,single_test_k5,5
14,coverage_T,0.849025974025974,0.7853896103896105,0.9103977272727274,10,single_test_k5,5
14,kid_S,0.03377669271915451,-0.012918643644885165,0.08578923284212103,10,single_test_k5,5
14,coverage_S,1.0,1.0,1.0,10,single_test_k5,5
14,sim_S,0.2608701929450035,0.23936656571924686,0.2855045838654041,10,single_test_k5,5
14,sim_T,0.32884796261787413,0.31469763785600663,0.34384163610637186,10,single_test_k5,5
14,sim_T_to_S,0.26871537566185,0.2585115379095077,0.2790184371173382,10,single_test_k5,5
14,ratio_S,0.9755547404289245,0.8814485900104047,1.07665624409914,10,single_test_k5,5
14,div_gen,0.1803056091070175,0.17333085875958204,0.18819953572005033,10,single_test_k5,5
14,div_T,0.17472829073667526,0.1651724773645401,0.1830796046555042,10,single_test_k5,5
14,div_ratio,1.0384297949717927,0.9652165317932443,1.10807249910891,10,single_test_k5,5
14,hit,0.8,0.71875,0.89375,10,single_test_k5,5
15,mixture_error,,,,20,single_test_k5,5
15,kid_T,0.058857801561030154,0.027164708943001117,0.09972245472246352,20,single_test_k5,5
15,coverage_T,0.7044991362638421,0.6160081555963908,0.7839946635902519,20,single_test_k5,5
15,kid_S,-0.030817092807638512,-0.07666740666075822,0.0226279735068744,20,single_test_k5,5
15,coverage_S,1.0,1.0,1.0,20,single_test_k5,5
15,sim_S,0.26215140968561174,0.24729875532910228,0.2754989227466285,20,single_test_k5,5
15,sim_T,0.3647753342986107,0.34291376650333405,0.38619868040084837,20,single_test_k5,5
15,sim_T_to_S,0.24025401175022126,0.22998427603393792,0.2510882918909192,20,single_test_k5,5
15,ratio_S,1.0920935928821565,1.0485144975036382,1.1314246606081726,20,single_test_k5,5
15,div_gen,0.14966806210577488,0.1360254467651248,0.16528708252124488,20,single_test_k5,5
15,div_T,0.16000718623399734,0.15013416793197396,0.1711888252198696,20,single_test_k5,5
15,div_ratio,0.9352759352522584,0.8793386305910834,0.9959757103563696,20,single_test_k5,5
15,hit,0.7875,0.696875,0.88125,20,single_test_k5,5
16,mixture_error,,,,5,single_test_k5,5
16,kid_T,0.10779586017419654,0.08151631609583773,0.1331830581963107,5,single_test_k5,5
16,coverage_T,0.7894736842105263,0.7210526315789474,0.8685526315789472,5,single_test_k5,5
16,kid_S,0.019171050419474513,-0.05611131696956839,0.110006626191538,5,single_test_k5,5
16,coverage_S,1.0,1.0,1.0,5,single_test_k5,5
16,sim_S,0.2825451195240021,0.2541754186153412,0.311415296792984,5,single_test_k5,5
16,sim_T,0.39011486172676085,0.37655869126319885,0.40367103219032285,5,single_test_k5,5
16,sim_T_to_S,0.21828585863113403,0.20477354228496553,0.23457027673721315,5,single_test_k5,5
16,ratio_S,1.3001818180084228,1.1563942909240723,1.4439693450927735,5,single_test_k5,5
16,div_gen,0.15387184917926788,0.14550638496875762,0.16383589804172516,5,single_test_k5,5
16,div_T,0.22168833911418914,0.21923986971378326,0.22370634973049164,5,single_test_k5,5
16,div_ratio,0.6944809486462478,0.653274015151416,0.7410272098625378,5,single_test_k5,5
16,hit,1.0,1.0,1.0,5,single_test_k5,5
17,mixture_error,,,,60,single_test_k5,5
17,kid_T,0.07681007111949235,0.057904665321959904,0.10059777211739317,60,single_test_k5,5
17,coverage_T,0.7159723476006371,0.6801995553245553,0.750746184475214,60,single_test_k5,5
17,kid_S,0.03625988307935142,0.0046820411097503525,0.0698863099102361,60,single_test_k5,5
17,coverage_S,0.9966666666666666,0.9899999999999999,1.0,60,single_test_k5,5
17,sim_S,0.25892045845588046,0.24894136771559713,0.26838323442886275,60,single_test_k5,5
17,sim_T,0.35063614199558896,0.3403435156991084,0.3614991705492139,60,single_test_k5,5
17,sim_T_to_S,0.23229602376619976,0.22424900588889915,0.24044367115323742,60,single_test_k5,5
17,ratio_S,1.1145896424849828,1.0904062899947167,1.141317346120874,60,single_test_k5,5
17,div_gen,0.18707243849833807,0.1815523448896905,0.19249167994285624,60,single_test_k5,5
17,div_T,0.2131397895514965,0.20772348183517655,0.21863305694113175,60,single_test_k5,5
17,div_ratio,0.8909485476868115,0.850881384383786,0.929412783743005,60,single_test_k5,5
17,hit,0.9895833333333334,0.9708072916666667,1.0,60,single_test_k5,5
18,mixture_error,,,,25,single_test_k5,5
18,kid_T,0.07602756029168248,0.04378608551181259,0.10682755868320529,25,single_test_k5,5
18,coverage_T,0.7021249885955768,0.6439365360835949,0.7557700921671511,25,single_test_k5,5
18,kid_S,-0.05362021305976995,-0.09247931152035377,-0.014892293554302542,25,single_test_k5,5
18,coverage_S,1.0,1.0,1.0,25,single_test_k5,5
18,sim_S,0.26880873024463653,0.26071804361045364,0.27787256257236004,25,single_test_k5,5
18,sim_T,0.367101389169693,0.35836464044451716,0.3755593407154083,25,single_test_k5,5
18,sim_T_to_S,0.2426523470878601,0.23701069141924383,0.2486743849813938,25,single_test_k5,5
18,ratio_S,1.1096257066726685,1.0763987098932266,1.1444260870218277,25,single_test_k5,5
18,div_gen,0.20925004363059999,0.19811015343666077,0.2189066337943077,25,single_test_k5,5
18,div_T,0.2214661556482315,0.21846909102797507,0.22448747661709786,25,single_test_k5,5
18,div_ratio,0.9437710512155237,0.9007942343273522,0.9832045446623053,25,single_test_k5,5
18,hit,0.935,0.885,0.975,25,single_test_k5,5
19,mixture_error,,,,5,single_test_k5,5
19,kid_T,0.13376826793041907,0.03984852890406358,0.22241006869332813,5,single_test_k5,5
19,coverage_T,0.6666666666666666,0.6358974358974359,0.7076923076923076,5,single_test_k5,5
19,kid_S,0.1138509985901198,0.05337056815940834,0.18028134852807653,5,single_test_k5,5
19,coverage_S,1.0,1.0,1.0,5,single_test_k5,5
19,sim_S,0.251573371887207,0.24175050258636474,0.2620413303375244,5,single_test_k5,5
19,sim_T,0.3546199917793274,0.33939706757664684,0.3711767315864563,5,single_test_k5,5
19,sim_T_to_S,0.243083593249321,0.23205775320529937,0.25410943329334257,5,single_test_k5,5
19,ratio_S,1.037719178199768,0.9681587934494018,1.0864808320999146,5,single_test_k5,5
19,div_gen,0.17231532335281372,0.15822793841361998,0.19019416868686675,5,single_test_k5,5
19,div_T,0.232304584980011,0.22777077361941336,0.23706996738910674,5,single_test_k5,5
19,div_ratio,0.7429741754758444,0.6712572917180268,0.8238800957112898,5,single_test_k5,5
19,hit,1.0,1.0,1.0,5,single_test_k5,5
20,mixture_error,,,,10,single_test_k5,5
20,kid_T,0.055405680721333006,0.019230116346264856,0.09682442639012347,10,single_test_k5,5
20,coverage_T,0.6186009538950716,0.534737678855326,0.6950814785373609,10,single_test_k5,5
20,kid_S,-0.03485799403238836,-0.130901421860037,0.09247035058561613,10,single_test_k5,5
20,coverage_S,1.0,1.0,1.0,10,single_test_k5,5
20,sim_S,0.27763893753290175,0.2630659431964159,0.29402519926428794,10,single_test_k5,5
20,sim_T,0.3599374175071716,0.3503786800056696,0.3713923242688179,10,single_test_k5,5
20,sim_T_to_S,0.25009228885173795,0.23808224219828844,0.2621671825274825,10,single_test_k5,5
20,ratio_S,1.1164151310920716,1.0493972039222716,1.2115989223122596,10,single_test_k5,5
20,div_gen,0.21368385404348372,0.2094203246757388,0.21910237044095995,10,single_test_k5,5
20,div_T,0.22144681364297866,0.21851882379502058,0.22487895295023916,10,single_test_k5,5
20,div_ratio,0.9650966491023834,0.9464129772444759,0.9843882896038069,10,single_test_k5,5
20,hit,0.8875,0.84375,0.9251562499999999,10,single_test_k5,5
21,mixture_error,,,,20,single_test_k5,5
21,kid_T,0.03163206910301621,0.014586477914475704,0.0510759908508637,20,single_test_k5,5
21,coverage_T,0.6750341250341252,0.6014969297506064,0.7435005911660323,20,single_test_k5,5
21,kid_S,-0.044540966517541226,-0.07911352409654465,-0.012746729112576396,20,single_test_k5,5
21,coverage_S,1.0,1.0,1.0,20,single_test_k5,5
21,sim_S,0.26737279668450353,0.2551330713368952,0.28114648859947916,20,single_test_k5,5
21,sim_T,0.36580470502376555,0.3513031088933349,0.3803780002892017,20,single_test_k5,5
21,sim_T_to_S,0.2463647909462452,0.238979767318815,0.2530776847712696,20,single_test_k5,5
21,ratio_S,1.0892046123743058,1.0348297191411258,1.1485832405090333,20,single_test_k5,5
21,div_gen,0.1950241930782795,0.17959220891818403,0.2116135211288929,20,single_test_k5,5
21,div_T,0.2124288834631443,0.20778483808040618,0.2167761857062578,20,single_test_k5,5
21,div_ratio,0.914745020451759,0.8543457562593814,0.9805375128835067,20,single_test_k5,5
21,hit,0.975,0.953046875,0.99375,20,single_test_k5,5
22,mixture_error,,,,55,single_test_k5,5
22,kid_T,0.11602050025769085,0.0929754140078034,0.1410746886221442,55,single_test_k5,5
22,coverage_T,0.6547269616929061,0.6217124745065923,0.6893336524876772,55,single_test_k5,5
22,kid_S,0.027511405573916518,-0.01758209532429783,0.07106892539986348,55,single_test_k5,5
22,coverage_S,1.0,1.0,1.0,55,single_test_k5,5
22,sim_S,0.2510660813613371,0.24027222371236845,0.26140312269330024,55,single_test_k5,5
22,sim_T,0.3348468520424583,0.328286858309399,0.3414882849563252,55,single_test_k5,5
22,sim_T_to_S,0.2312708320942792,0.22301962142640894,0.23934400851753626,55,single_test_k5,5
22,ratio_S,1.091173971783031,1.0538499949466098,1.1312236741727049,55,single_test_k5,5
22,div_gen,0.2093642773953351,0.20326605023985558,0.21575842595913194,55,single_test_k5,5
22,div_T,0.2265446749600497,0.220402429042892,0.23227847146716984,55,single_test_k5,5
22,div_ratio,0.9296509654932155,0.9009581990772719,0.9578791879006203,55,single_test_k5,5
22,hit,0.9681818181818181,0.946590909090909,0.9852272727272727,55,single_test_k5,5
23,mixture_error,,,,10,single_test_k5,5
23,kid_T,0.06436111987307278,0.014593946612100926,0.11524902551384486,10,single_test_k5,5
23,coverage_T,0.7173690932311623,0.6870945083014051,0.7499361430395913,10,single_test_k5,5
23,kid_S,-0.09024904024885654,-0.14025115489535753,-0.037762306006982334,10,single_test_k5,5
23,coverage_S,1.0,1.0,1.0,10,single_test_k5,5
23,sim_S,0.2719562292098999,0.2578317441791296,0.28852464370429515,10,single_test_k5,5
23,sim_T,0.3794777423143387,0.3742143616825342,0.3854567840695381,10,single_test_k5,5
23,sim_T_to_S,0.2661417812108994,0.25619600757956507,0.2772091191262007,10,single_test_k5,5
23,ratio_S,1.022208023071289,0.9789146849513054,1.0660517494380475,10,single_test_k5,5
23,div_gen,0.164469014108181,0.15340315841138363,0.17614131845533848,10,single_test_k5,5
23,div_T,0.18472897857427598,0.17916698712855578,0.19017064191401004,10,single_test_k5,5
23,div_ratio,0.8878785573310124,0.8505123475686949,0.9262834364836826,10,single_test_k5,5
23,hit,1.0,1.0,1.0,10,single_test_k5,5
24,mixture_error,,,,5,single_test_k5,5
24,kid_T,0.09476331105695764,0.07661468737515698,0.11318736021615053,5,single_test_k5,5
24,coverage_T,0.7200000000000001,0.6457142857142857,0.7885714285714286,5,single_test_k5,5
24,kid_S,-0.046609084508367,-0.15740386964219724,0.07910784991194539,5,single_test_k5,5
24,coverage_S,1.0,1.0,1.0,5,single_test_k5,5
24,sim_S,0.2869032025337219,0.271619975566864,0.30218642950057983,5,single_test_k5,5
24,sim_T,0.37282670140266416,0.36333656311035156,0.3823168396949768,5,single_test_k5,5
24,sim_T_to_S,0.2695063829421997,0.2518815466761589,0.29272778034210206,5,single_test_k5,5
24,ratio_S,1.071386992931366,0.9908305764198303,1.1682647466659546,5,single_test_k5,5
24,div_gen,0.1875882476568222,0.18125120997428895,0.19453911185264589,5,single_test_k5,5
24,div_T,0.20202426612377167,0.19728932678699493,0.20635998547077178,5,single_test_k5,5
24,div_ratio,0.9295992704719527,0.8925117008563124,0.9864115653477011,5,single_test_k5,5
24,hit,1.0,1.0,1.0,5,single_test_k5,5
25,mixture_error,,,,5,single_test_k5,5
25,kid_T,0.1544512644723998,0.09105559582160865,0.21667142362102965,5,single_test_k5,5
25,coverage_T,0.5073170731707317,0.4390243902439025,0.5804878048780489,5,single_test_k5,5
25,kid_S,-0.03377583384414784,-0.09148901042039377,0.016459168606224376,5,single_test_k5,5
25,coverage_S,1.0,1.0,1.0,5,single_test_k5,5
25,sim_S,0.20949027836322784,0.1799026310443878,0.23907792568206787,5,single_test_k5,5
25,sim_T,0.3157108068466187,0.2888247609138489,0.3406693696975708,5,single_test_k5,5
25,sim_T_to_S,0.17039925158023833,0.15740101933479309,0.18733470439910888,5,single_test_k5,5
25,ratio_S,1.2285475969314574,1.0956361055374146,1.3772845715284348,5,single_test_k5,5
25,div_gen,0.20498047173023223,0.19293753504753114,0.21605173945426942,5,single_test_k5,5
25,div_T,0.21460816860198975,0.21364769339561462,0.21556864380836488,5,single_test_k5,5
25,div_ratio,0.9551813183503739,0.8958279269155337,1.0052599801573934,5,single_test_k5,5
25,hit,0.9875,0.9625,1.0,5,single_test_k5,5
26,mixture_error,,,,25,single_test_k5,5
26,kid_T,0.0708337535419406,0.038101929865937266,0.12072360573837296,25,single_test_k5,5
26,coverage_T,0.6947446839552104,0.6416395785461576,0.7407223018565122,25,single_test_k5,5
26,kid_S,-0.0014008957601140536,-0.0472292696898667,0.04866331572467073,25,single_test_k5,5
26,coverage_S,1.0,1.0,1.0,25,single_test_k5,5
26,sim_S,0.2600700044631958,0.2444962183833122,0.2768710550367832,25,single_test_k5,5
26,sim_T,0.365084046125412,0.35523548981547354,0.37474948826432225,25,single_test_k5,5
26,sim_T_to_S,0.22808165669441224,0.2158486712574959,0.24056214812397958,25,single_test_k5,5
26,ratio_S,1.142312572002411,1.1007271518111228,1.1870607907772064,25,single_test_k5,5
26,div_gen,0.18426746010780334,0.17422702327370646,0.19536622482538224,25,single_test_k5,5
26,div_T,0.2151259458065033,0.20792866604030133,0.22177883403003215,25,single_test_k5,5
26,div_ratio,0.8559155623822639,0.8200899590187896,0.8943891768409447,25,single_test_k5,5
26,hit,0.9725,0.92,1.0,25,single_test_k5,5
27,mixture_error,,,,20,single_test_k5,5
27,kid_T,0.06411798177900074,0.04770447480599806,0.08629439093786508,20,single_test_k5,5
27,coverage_T,0.7702949370945974,0.722556168647425,0.8238456858647857,20,single_test_k5,5
27,kid_S,0.060952872279232205,0.0156864777867269,0.11025899399548905,20,single_test_k5,5
27,coverage_S,1.0,1.0,1.0,20,single_test_k5,5
27,sim_S,0.24051819294691085,0.22680078703910114,0.2544306902401149,20,single_test_k5,5
27,sim_T,0.3348234936594963,0.3238177427649498,0.3462023774906993,20,single_test_k5,5
27,sim_T_to_S,0.23421220630407333,0.2233524019829929,0.24413035413250328,20,single_test_k5,5
27,ratio_S,1.028696197271347,0.9870359866321087,1.0775690073519946,20,single_test_k5,5
27,div_gen,0.1718472048640251,0.16303409552201628,0.1811819315329194,20,single_test_k5,5
27,div_T,0.19021936655044555,0.1800064348988235,0.2007973594404757,20,single_test_k5,5
27,div_ratio,0.9140101259965181,0.8543498170929863,0.970693068240361,20,single_test_k5,5
27,hit,0.88125,0.815625,0.940625,20,single_test_k5,5
28,mixture_error,,,,10,single_test_k5,5
28,kid_T,0.07325433487927668,0.05214339502116761,0.09235587535873876,10,single_test_k5,5
28,coverage_T,0.7783783783783782,0.7405405405405405,0.818918918918919,10,single_test_k5,5
28,kid_S,0.003783745051840981,-0.0282982635007931,0.03286759657464262,10,single_test_k5,5
28,coverage_S,1.0,1.0,1.0,10,single_test_k5,5
28,sim_S,0.2574883684515953,0.23753980074077846,0.2804498131945729,10,single_test_k5,5
28,sim_T,0.3417485594749451,0.3358788954466581,0.34784487515687945,10,single_test_k5,5
28,sim_T_to_S,0.2203779250383377,0.21151535417884587,0.2284125403314829,10,single_test_k5,5
28,ratio_S,1.1692543804645539,1.085852831751108,1.2565275293588638,10,single_test_k5,5
28,div_gen,0.171650493144989,0.15401850197464229,0.1878317191451788,10,single_test_k5,5
28,div_T,0.20882399529218673,0.1993408767879009,0.21848049774765968,10,single_test_k5,5
28,div_ratio,0.8181604184372328,0.7674885907953765,0.8656980540461922,10,single_test_k5,5
28,hit,1.0,1.0,1.0,10,single_test_k5,5
29,mixture_error,,,,5,single_test_k5,5
29,kid_T,0.2656862377167137,0.20547291926691927,0.3098873169918502,5,single_test_k5,5
29,coverage_T,0.5529411764705883,0.5176470588235293,0.5941176470588235,5,single_test_k5,5
29,kid_S,0.12362231669828602,-0.013278769649068068,0.25327606690064214,5,single_test_k5,5
29,coverage_S,1.0,1.0,1.0,5,single_test_k5,5
29,sim_S,0.2752556622028351,0.26066938042640686,0.28616143465042115,5,single_test_k5,5
29,sim_T,0.3222703874111176,0.31229249835014344,0.3302492439746857,5,single_test_k5,5
29,sim_T_to_S,0.22355187833309173,0.21222979724407195,0.2347110040485859,5,single_test_k5,5
29,ratio_S,1.236205267906189,1.1360398769378661,1.3284410238265991,5,single_test_k5,5
29,div_gen,0.21271142065525056,0.20775777995586395,0.2178051833063364,5,single_test_k5,5
29,div_T,0.22587448358535767,0.21963117122650147,0.23122486770153045,5,single_test_k5,5
29,div_ratio,0.9426536213112232,0.9066408891536102,0.9777103574216303,5,single_test_k5,5
29,hit,1.0,1.0,1.0,5,single_test_k5,5
30,mixture_error,,,,5,single_test_k5,5
30,kid_T,0.09553580017103798,0.018467914423620967,0.16529456235901263,5,single_test_k5,5
30,coverage_T,0.6774193548387097,0.5677419354838709,0.8,5,single_test_k5,5
30,kid_S,0.0380240660245537,-0.03539208358335273,0.09374985454228768,5,single_test_k5,5
30,coverage_S,1.0,1.0,1.0,5,single_test_k5,5
30,sim_S,0.31614025831222536,0.277687007188797,0.3538746893405914,5,single_test_k5,5
30,sim_T,0.3703083276748657,0.3537819504737854,0.38261792063713074,5,single_test_k5,5
30,sim_T_to_S,0.2858143746852875,0.27955644130706786,0.29194077253341677,5,single_test_k5,5
30,ratio_S,1.1035632371902466,0.9926505804061889,1.2096510171890258,5,single_test_k5,5
30,div_gen,0.15464497208595276,0.14595808684825898,0.16333185732364655,5,single_test_k5,5
30,div_T,0.17049274742603301,0.16842978000640868,0.17313430197536944,5,single_test_k5,5
30,div_ratio,0.9066598971790581,0.8664669547060868,0.9497415409417632,5,single_test_k5,5
30,hit,1.0,1.0,1.0,5,single_test_k5,5
31,mixture_error,,,,5,single_test_k5,5
31,kid_T,0.20312338395390697,0.05034959753209663,0.4017880087739296,5,single_test_k5,5
31,coverage_T,0.7666666666666666,0.5666666666666667,0.9085416666666666,5,single_test_k5,5
31,kid_S,0.02501146090274169,-0.09147772633695653,0.1415006481424399,5,single_test_k5,5
31,coverage_S,1.0,1.0,1.0,5,single_test_k5,5
31,sim_S,0.25375517904758454,0.24075786769390106,0.26653379656374454,5,single_test_k5,5
31,sim_T,0.37940176725387575,0.32273407593369485,0.422106409072876,5,single_test_k5,5
31,sim_T_to_S,0.26900155246257784,0.24800472855567932,0.2916928231716156,5,single_test_k5,5
31,ratio_S,0.952558696269989,0.8610040545463562,1.0441133379936218,5,single_test_k5,5
31,div_gen,0.20094185471534728,0.1879032850265503,0.21398042440414428,5,single_test_k5,5
31,div_T,0.2366578072309494,0.23052048683166504,0.242585489153862,5,single_test_k5,5
31,div_ratio,0.8500829060738445,0.789670485957969,0.9084501427215829,5,single_test_k5,5
31,hit,0.7,0.5375,0.8375,5,single_test_k5,5
32,mixture_error,,,,5,single_test_k5,5
32,kid_T,-0.004738503393290116,-0.04708349394510094,0.058105745110040276,5,single_test_k5,5
32,coverage_T,0.7548387096774194,0.7096774193548386,0.8,5,single_test_k5,5
32,kid_S,-0.037076837368224605,-0.12342724327108705,0.04295982869101209,5,single_test_k5,5
32,coverage_S,1.0,1.0,1.0,5,single_test_k5,5
32,sim_S,0.25851530134677886,0.22666195034980774,0.28989543914794924,5,single_test_k5,5
32,sim_T,0.39168931245803834,0.3807128965854645,0.4026657283306122,5,single_test_k5,5
32,sim_T_to_S,0.25970388352870943,0.22385915815830232,0.29293776750564576,5,single_test_k5,5
32,ratio_S,0.998658812046051,0.9524142503738403,1.0551950216293335,5,single_test_k5,5
32,div_gen,0.20448335111141205,0.20155459977686407,0.20780535340309142,5,single_test_k5,5
32,div_T,0.19933629930019378,0.19131274819374083,0.20735985040664673,5,single_test_k5,5
32,div_ratio,1.0283652546267725,0.9808669543834279,1.0774296981891724,5,single_test_k5,5
32,hit,1.0,1.0,1.0,5,single_test_k5,5
33,mixture_error,,,,5,single_test_k5,5
33,kid_T,0.008214962008225158,-0.006824708096238146,0.02873575543442579,5,single_test_k5,5
33,coverage_T,0.6051282051282052,0.5692307692307692,0.635897435897436,5,single_test_k5,5
33,kid_S,-0.043162881240791505,-0.127379730156089,0.04493646625302728,5,single_test_k5,5
33,coverage_S,1.0,1.0,1.0,5,single_test_k5,5
33,sim_S,0.24497251510620116,0.22927370965480803,0.2606713205575943,5,single_test_k5,5
33,sim_T,0.3597289562225342,0.3440048933029175,0.372253829240799,5,single_test_k5,5
33,sim_T_to_S,0.2300485521554947,0.2199924558401108,0.24306800067424775,5,single_test_k5,5
33,ratio_S,1.0696626901626587,0.9691626787185669,1.1701627016067504,5,single_test_k5,5
33,div_gen,0.15850430130958557,0.15544935762882234,0.16187481284141542,5,single_test_k5,5
33,div_T,0.17929889559745787,0.17555694580078124,0.18277446694672106,5,single_test_k5,5
33,div_ratio,0.8843855647517073,0.8629338615444055,0.905837267959009,5,single_test_k5,5
33,hit,1.0,1.0,1.0,5,single_test_k5,5
34,mixture_error,,,,30,single_test_k5,5
34,kid_T,0.06974286806942284,0.0490641485875376,0.09060915048132827,30,single_test_k5,5
34,coverage_T,0.7174338169562636,0.6656042889650502,0.7666249123039627,30,single_test_k5,5
34,kid_S,0.023460781998700674,-0.01819260469620925,0.06736591100381346,30,single_test_k5,5
34,coverage_S,1.0,1.0,1.0,30,single_test_k5,5
34,sim_S,0.2608129233121872,0.24295769691467284,0.2791205896064639,30,single_test_k5,5
34,sim_T,0.3520384709040324,0.33849417671561244,0.3656513773401578,30,single_test_k5,5
34,sim_T_to_S,0.22723563512166342,0.21611520137637852,0.23844529872139295,30,single_test_k5,5
34,ratio_S,1.1500255823135377,1.0975444417198499,1.2082259287436803,30,single_test_k5,5
34,div_gen,0.19092577695846558,0.18285105271885793,0.19952616977194945,30,single_test_k5,5
34,div_T,0.2096570501724879,0.1989650462816159,0.22088551241904497,30,single_test_k5,5
34,div_ratio,0.9236569640778309,0.8794082022791598,0.9673799494293124,30,single_test_k5,5
34,hit,0.9520833333333333,0.9270833333333334,0.975,30,single_test_k5,5
35,mixture_error,,,,5,single_test_k5,5
35,kid_T,0.15952913406339989,0.06606682607081436,0.2465874354706898,5,single_test_k5,5
35,coverage_T,0.7523809523809524,0.7380952380952381,0.7714285714285714,5,single_test_k5,5
35,kid_S,0.1386592023731307,0.005309959297993316,0.2485141983160279,5,single_test_k5,5
35,coverage_S,1.0,1.0,1.0,5,single_test_k5,5
35,sim_S,0.21725724637508392,0.18718776106834412,0.24092319145798682,5,single_test_k5,5
35,sim_T,0.3626906931400299,0.32152335047721864,0.39182960987091064,5,single_test_k5,5
35,sim_T_to_S,0.1911888152360916,0.17276757955551147,0.20722604990005494,5,single_test_k5,5
35,ratio_S,1.1374706864356994,1.0291059494018555,1.2599605697393417,5,single_test_k5,5
35,div_gen,0.19952529072761535,0.18233571097254753,0.2184029996395111,5,single_test_k5,5
35,div_T,0.2344298005104065,0.2251222987473011,0.24360325336456298,5,single_test_k5,5
35,div_ratio,0.8505182905726032,0.7822201484230392,0.9159821234226856,5,single_test_k5,5
35,hit,0.9875,0.9625,1.0,5,single_test_k5,5
36,mixture_error,,,,20,single_test_k5,5
36,kid_T,0.06971747360596678,0.04847325498580066,0.08920922729025409,20,single_test_k5,5
36,coverage_T,0.6885430543967128,0.6322005537859196,0.7406619866071085,20,single_test_k5,5
36,kid_S,0.06846642780002288,-0.012346282059175208,0.15724438411351338,20,single_test_k5,5
36,coverage_S,0.96,0.9,1.0,20,single_test_k5,5
36,sim_S,0.22764225602149962,0.21206157404929402,0.2433216846175492,20,single_test_k5,5
36,sim_T,0.3325436547398567,0.3175907894968987,0.349065416790545,20,single_test_k5,5
36,sim_T_to_S,0.20525768026709557,0.19606505846604705,0.2145897885970771,20,single_test_k5,5
36,ratio_S,1.113643628358841,1.0441507233679295,1.1823354035615923,20,single_test_k5,5
36,div_gen,0.19774464443325995,0.17849490417167543,0.21660460768267512,20,single_test_k5,5
36,div_T,0.23085755333304406,0.21453419614583252,0.24822192333638668,20,single_test_k5,5
36,div_ratio,0.8538438770858345,0.8114360974831577,0.889847578653004,20,single_test_k5,5
36,hit,1.0,1.0,1.0,20,single_test_k5,5
37,mixture_error,,,,5,single_test_k5,5
37,kid_T,0.048516983540488924,0.024266338612818218,0.07366697410654162,5,single_test_k5,5
37,coverage_T,0.6358974358974359,0.5948717948717949,0.6871794871794872,5,single_test_k5,5
37,kid_S,-0.10239315028109353,-0.1843279036914345,-0.021491822271789827,5,single_test_k5,5
37,coverage_S,1.0,1.0,1.0,5,single_test_k5,5
37,sim_S,0.2542922079563141,0.2400536835193634,0.2727244675159454,5,single_test_k5,5
37,sim_T,0.33048519492149353,0.32677230834960935,0.3348317503929138,5,single_test_k5,5
37,sim_T_to_S,0.22492119669914246,0.2205412954092026,0.22814309000968933,5,single_test_k5,5
37,ratio_S,1.1302160978317262,1.0644692420959472,1.2048416137695312,5,single_test_k5,5
37,div_gen,0.19810248017311097,0.18762112118303775,0.20653548538684846,5,single_test_k5,5
37,div_T,0.2294010490179062,0.2275756388902664,0.2309737026691437,5,single_test_k5,5
37,div_ratio,0.8639148440726568,0.8133979961563229,0.9061883934064013,5,single_test_k5,5
37,hit,1.0,1.0,1.0,5,single_test_k5,5
38,mixture_error,,,,5,single_test_k5,5
38,kid_T,0.14193862154463588,0.08776513786147362,0.19562646589126373,5,single_test_k5,5
38,coverage_T,0.5736842105263158,0.5210526315789473,0.6473684210526315,5,single_test_k5,5
38,kid_S,0.011839241569342462,-0.08243549501346514,0.12487731836320286,5,single_test_k5,5
38,coverage_S,1.0,1.0,1.0,5,single_test_k5,5
38,sim_S,0.19306143820285798,0.16598101556301117,0.21370165348052977,5,single_test_k5,5
38,sim_T,0.29734200835227964,0.28971792459487916,0.30485600233078003,5,single_test_k5,5
38,sim_T_to_S,0.16297665238380432,0.15523955523967742,0.17108188271522523,5,single_test_k5,5
38,ratio_S,1.184045422077179,1.0227700114250182,1.3128780126571655,5,single_test_k5,5
38,div_gen,0.17592673897743225,0.15614261329174042,0.19612968266010283,5,single_test_k5,5
38,div_T,0.18812407851219176,0.18558368049561977,0.19038701437413694,5,single_test_k5,5
38,div_ratio,0.9350688903234357,0.8322268362837548,1.0458337394779005,5,single_test_k5,5
38,hit,0.925,0.775,1.0,5,single_test_k5,5
39,mixture_error,,,,5,single_test_k5,5
39,kid_T,0.18413023922557487,0.15595736091703677,0.21230311753411293,5,single_test_k5,5
39,coverage_T,0.6457142857142857,0.5942857142857142,0.6971428571428572,5,single_test_k5,5
39,kid_S,0.08911056541531118,0.008863879265695306,0.1789275991226603,5,single_test_k5,5
39,coverage_S,1.0,1.0,1.0,5,single_test_k5,5
39,sim_S,0.29600695371627805,0.2776250123977661,0.3133123517036438,5,single_test_k5,5
39,sim_T,0.36959795355796815,0.3622003495693207,0.37707058191299436,5,single_test_k5,5
39,sim_T_to_S,0.2827391892671585,0.26500538498163223,0.2973341643810272,5,single_test_k5,5
39,ratio_S,1.0527967810630798,0.9689682245254516,1.163995361328125,5,single_test_k5,5
39,div_gen,0.2009297490119934,0.18632738560438156,0.21598397195339203,5,single_test_k5,5
39,div_T,0.22558766305446626,0.22086004614830018,0.23031527996063234,5,single_test_k5,5
39,div_ratio,0.8913441943044804,0.8202634213318566,0.9624249672771039,5,single_test_k5,5
39,hit,0.6,0.5,0.6875,5,single_test_k5,5
40,mixture_error,,,,15,single_test_k5,5
40,kid_T,0.04627604669728444,0.016808327630448077,0.08638303758970357,15,single_test_k5,5
40,coverage_T,0.8386842105263158,0.776459210526316,0.8980307017543859,15,single_test_k5,5
40,kid_S,-0.02214700643414377,-0.0651722564732624,0.02380551026387017,15,single_test_k5,5
40,coverage_S,1.0,1.0,1.0,15,single_test_k5,5
40,sim_S,0.23388584752877553,0.22122721135616302,0.24958522627751034,15,single_test_k5,5
40,sim_T,0.31662925680478415,0.3070320004224777,0.3263152428964774,15,single_test_k5,5
40,sim_T_to_S,0.21212974886099498,0.20188982658088206,0.2222549087057511,15,single_test_k5,5
40,ratio_S,1.1078553120295207,1.0391451050837834,1.186016088326772,15,single_test_k5,5
40,div_gen,0.14559925943613053,0.13750304482877257,0.15465198636054991,15,single_test_k5,5
40,div_T,0.17828632990519205,0.17126273281872273,0.18492787420749665,15,single_test_k5,5
40,div_ratio,0.8181833460268905,0.7742400020879713,0.8591143609132711,15,single_test_k5,5
40,hit,0.8291666666666667,0.7623958333333333,0.8875,15,single_test_k5,5
41,mixture_error,,,,5,single_test_k5,5
41,kid_T,0.07533367243181069,0.05020758901681717,0.09009536828434399,5,single_test_k5,5
41,coverage_T,0.8333333333333333,0.8,0.8666666666666668,5,single_test_k5,5
41,kid_S,-0.0330430159378718,-0.1663335986703988,0.07619762486347455,5,single_test_k5,5
41,coverage_S,1.0,1.0,1.0,5,single_test_k5,5
41,sim_S,0.21403481662273408,0.20253959000110627,0.23161061406135558,5,single_test_k5,5
41,sim_T,0.32654951214790345,0.3236631155014038,0.33151708245277406,5,single_test_k5,5
41,sim_T_to_S,0.19169658422470093,0.1751116920262575,0.20942068994045257,5,single_test_k5,5
41,ratio_S,1.1205868482589723,1.066765260696411,1.1788720846176148,5,single_test_k5,5
41,div_gen,0.19545430839061737,0.1895088344812393,0.20665744543075562,5,single_test_k5,5
41,div_T,0.2665938317775726,0.26557658314704896,0.26788354516029356,5,single_test_k5,5
41,div_ratio,0.7329952562777853,0.7134926372088014,0.7712509968914072,5,single_test_k5,5
41,hit,1.0,1.0,1.0,5,single_test_k5,5
42,mixture_error,,,,10,single_test_k5,5
42,kid_T,0.16487511623461124,0.12891532081123916,0.21289876002694888,10,single_test_k5,5
42,coverage_T,0.8136263736263736,0.7653901098901099,0.8599395604395605,10,single_test_k5,5
42,kid_S,0.10111165397543846,0.013635031079244802,0.18718548031105367,10,single_test_k5,5
42,coverage_S,1.0,1.0,1.0,10,single_test_k5,5
42,sim_S,0.22096494734287261,0.20059271294623612,0.24232392370700837,10,single_test_k5,5
42,sim_T,0.32187621891498563,0.29795659981667993,0.3435000374913216,10,single_test_k5,5
42,sim_T_to_S,0.1889737918972969,0.17705830339342357,0.2026334671676159,10,single_test_k5,5
42,ratio_S,1.1730259776115417,1.0784395426511764,1.2558161199092865,10,single_test_k5,5
42,div_gen,0.20133494585752487,0.18897175472229719,0.2190483310073614,10,single_test_k5,5
42,div_T,0.25739249438047407,0.25357410274446013,0.2613956018537283,10,single_test_k5,5
42,div_ratio,0.7838701739872533,0.7305466694793729,0.8605906626985128,10,single_test_k5,5
42,hit,0.90625,0.80625,0.975,10,single_test_k5,5
43,mixture_error,,,,20,single_test_k5,5
43,kid_T,0.12176368014773162,0.08526386417558256,0.15817618921768914,20,single_test_k5,5
43,coverage_T,0.596506833092199,0.5481723333247723,0.6437566497444546,20,single_test_k5,5
43,kid_S,0.0321152853145561,-0.05649611722213102,0.1193910721292311,20,single_test_k5,5
43,coverage_S,1.0,1.0,1.0,20,single_test_k5,5
43,sim_S,0.21647824943065644,0.20517697889357805,0.2272034490481019,20,single_test_k5,5
43,sim_T,0.32000188156962395,0.3001653418689966,0.3389938027225435,20,single_test_k5,5
43,sim_T_to_S,0.198154728859663,0.18890404287725687,0.20721842924132944,20,single_test_k5,5
43,ratio_S,1.0971887677907943,1.049689626544714,1.1390771587193012,20,single_test_k5,5
43,div_gen,0.22614885717630387,0.2145533582754433,0.23787319339811802,20,single_test_k5,5
43,div_T,0.25730112120509147,0.2518914654478431,0.26394614342600103,20,single_test_k5,5
43,div_ratio,0.8817111365686688,0.8283816108250974,0.9341323648185176,20,single_test_k5,5
43,hit,0.903125,0.825,0.9625,20,single_test_k5,5
44,mixture_error,,,,5,single_test_k5,5
44,kid_T,0.06607483044626897,0.02478425873617347,0.13957291839407732,5,single_test_k5,5
44,coverage_T,0.5575757575757575,0.5151515151515151,0.6,5,single_test_k5,5
44,kid_S,0.025895651574357005,-0.05466019578727703,0.1050474890408207,5,single_test_k5,5
44,coverage_S,1.0,1.0,1.0,5,single_test_k5,5
44,sim_S,0.27073088884353635,0.2602599084377289,0.28120186924934387,5,single_test_k5,5
44,sim_T,0.34964312314987184,0.3378646969795227,0.359774124622345,5,single_test_k5,5
44,sim_T_to_S,0.26862684488296507,0.24803240299224855,0.2878746511042118,5,single_test_k5,5
44,ratio_S,1.015243446826935,0.9496099296212196,1.1146624326705932,5,single_test_k5,5
44,div_gen,0.1289051279425621,0.11409067660570145,0.14710442572832108,5,single_test_k5,5
44,div_T,0.11937564611434937,0.11584479957818986,0.12342957407236099,5,single_test_k5,5
44,div_ratio,1.085316424124334,0.9361764188520583,1.2637955127386016,5,single_test_k5,5
44,hit,0.9875,0.9625,1.0,5,single_test_k5,5
45,mixture_error,,,,20,single_test_k5,5
45,kid_T,0.05777772025744685,0.03517534191580893,0.07859183953663927,20,single_test_k5,5
45,coverage_T,0.7921076165174463,0.7542524782183502,0.8349349099970714,20,single_test_k5,5
45,kid_S,-0.0116589497464048,-0.07400572860638194,0.05464078517304439,20,single_test_k5,5
45,coverage_S,1.0,1.0,1.0,20,single_test_k5,5
45,sim_S,0.2749911814928055,0.25663664245977996,0.29409611033275723,20,single_test_k5,5
45,sim_T,0.3686155304312706,0.35020666860044003,0.3871544491499662,20,single_test_k5,5
45,sim_T_to_S,0.24549860805273055,0.23303475830703974,0.2570787460543215,20,single_test_k5,5
45,ratio_S,1.1179589748382568,1.0774596944451331,1.1628646130114795,20,single_test_k5,5
45,div_gen,0.15837005190551282,0.14535305965691805,0.17011736110784115,20,single_test_k5,5
45,div_T,0.19921577721834183,0.19143451303243636,0.20694837959483267,20,single_test_k5,5
45,div_ratio,0.7952470092910842,0.7394839808195418,0.8519623084285061,20,single_test_k5,5
45,hit,1.0,1.0,1.0,20,single_test_k5,5
46,mixture_error,,,,15,single_test_k5,5
46,kid_T,0.018857367687659495,0.001363260962245745,0.040494175751569064,15,single_test_k5,5
46,coverage_T,0.7523227977656731,0.7189608703697279,0.7856481513606033,15,single_test_k5,5
46,kid_S,0.0026002260153929293,-0.04104533005075515,0.04602131708633417,15,single_test_k5,5
46,coverage_S,0.9866666666666667,0.9599999999999999,1.0,15,single_test_k5,5
46,sim_S,0.2378430147965749,0.22337131942311925,0.25457893607517085,15,single_test_k5,5
46,sim_T,0.3432351529598236,0.33009961848457653,0.35666585922241206,15,single_test_k5,5
46,sim_T_to_S,0.20283467670281727,0.1935326989243428,0.21208415304621062,15,single_test_k5,5
46,ratio_S,1.1734988371531168,1.1191645207007725,1.234466297030449,15,single_test_k5,5
46,div_gen,0.19865977267424265,0.18614083228011924,0.2128169676909844,15,single_test_k5,5
46,div_T,0.21571427981058758,0.2088733677317699,0.2223682760943969,15,single_test_k5,5
46,div_ratio,0.9192275100273722,0.8772537789667457,0.9695461950022605,15,single_test_k5,5
46,hit,0.9916666666666667,0.975,1.0,15,single_test_k5,5
47,mixture_error,,,,15,single_test_k5,5
47,kid_T,0.11647372908792768,0.06709016365659977,0.18741584440330922,15,single_test_k5,5
47,coverage_T,0.5670857699805067,0.5068737816764132,0.6260131578947368,15,single_test_k5,5
47,kid_S,-0.038613664654118904,-0.07910372957140961,0.008546006087729752,15,single_test_k5,5
47,coverage_S,1.0,1.0,1.0,15,single_test_k5,5
47,sim_S,0.24969575107097625,0.2363858690361182,0.2653282201290131,15,single_test_k5,5
47,sim_T,0.3293717543284098,0.3189152384797732,0.3401374320685864,15,single_test_k5,5
47,sim_T_to_S,0.23646475871404013,0.22651321465770405,0.247445882682999,15,single_test_k5,5
47,ratio_S,1.0599698940912883,1.0005363779266676,1.123089549144109,15,single_test_k5,5
47,div_gen,0.19282636443773907,0.18522045587499936,0.2000551094363133,15,single_test_k5,5
47,div_T,0.2115994284550349,0.1997842467824618,0.222086438263456,15,single_test_k5,5
47,div_ratio,0.9209863161460806,0.862648966343643,0.982299001234476,15,single_test_k5,5
47,hit,0.9875,0.975,1.0,15,single_test_k5,5
48,mixture_error,,,,5,single_test_k5,5
48,kid_T,0.004618825689192363,-0.025078576196388824,0.030841173445860903,5,single_test_k5,5
48,coverage_T,0.6799999999999999,0.6457142857142857,0.7258571428571428,5,single_test_k5,5
48,kid_S,0.009699752067216494,-0.07736082855031583,0.10628066230902591,5,single_test_k5,5
48,coverage_S,1.0,1.0,1.0,5,single_test_k5,5
48,sim_S,0.22898509204387665,0.2178755733370781,0.24086099565029145,5,single_test_k5,5
48,sim_T,0.3407589435577393,0.31949982255697246,0.36887019872665405,5,single_test_k5,5
48,sim_T_to_S,0.2179557502269745,0.2088449478149414,0.22896990180015564,5,single_test_k5,5
48,ratio_S,1.0511605501174928,1.0122922897338866,1.0893493175506592,5,single_test_k5,5
48,div_gen,0.17155178189277648,0.16157636046409607,0.1840965062379837,5,single_test_k5,5
48,div_T,0.19794704914093017,0.1935174733400345,0.20174327194690705,5,single_test_k5,5
48,div_ratio,0.8670653076333424,0.8196051749903892,0.9337822882097342,5,single_test_k5,5
48,hit,1.0,1.0,1.0,5,single_test_k5,5
macro,mixture_error,,,,49,single_test_k5,5
macro,kid_T,0.09192336155537147,0.08529827640880497,0.09928594204464375,49,single_test_k5,5
macro,coverage_T,0.699025593890126,0.6906843613769783,0.7076050540641852,49,single_test_k5,5
macro,kid_S,0.009851872386555025,-0.0015340817410497763,0.0203012495848286,49,single_test_k5,5
macro,coverage_S,0.9987852283770651,0.9973457240038873,0.9998262876579204,49,single_test_k5,5
macro,sim_S,0.2532537291002029,0.2506585834223631,0.2557378300259978,49,single_test_k5,5
macro,sim_T,0.3471583633814032,0.34491719215677835,0.3492897144263273,49,single_test_k5,5
macro,sim_T_to_S,0.23027134971978394,0.22850509291702806,0.2321124900370095,49,single_test_k5,5
macro,ratio_S,1.1073756490494429,1.096853896684306,1.1173650910243487,49,single_test_k5,5
macro,div_gen,0.18314660892050427,0.18150489687039484,0.18458277000848405,49,single_test_k5,5
macro,div_T,0.20997076445545726,0.2089708830991203,0.2110586345549344,49,single_test_k5,5
macro,div_ratio,0.8787595517500237,0.8708556867972372,0.8862420634318965,49,single_test_k5,5
macro,hit,0.9206647561622052,0.9135930663724028,0.9279819814539202,49,single_test_k5,5
