filename,sscd_sim,nn_train_id
000000.png,1.0,train_04582
000001.png,0.9999999,train_02020
000002.png,1.0,train_00718
000003.png,0.9999998,train_06673
000004.png,1.0000001,train_07435
000005.png,1.0000001,train_06938
000006.png,0.9999998,train_01174
000007.png,0.9999999,train_06399
000008.png,0.9999999,train_04375
000009.png,1.0000001,train_00669
000010.png,0.99999976,train_00319
000011.png,0.9999995,train_07460
000012.png,0.99999964,train_04199
000013.png,1.0,train_02895
000014.png,1.0000001,train_00115
000015.png,0.99999964,train_05796
000016.png,0.9999999,train_07131
000017.png,0.99999976,train_04269
000018.png,1.0,train_03115
000019.png,0.99999976,train_05530
000020.png,0.9999998,train_06179
000021.png,1.0000002,train_03198
000022.png,1.0000002,train_06283
000023.png,1.0,train_03446
000024.png,1.0000004,train_05607
000025.png,0.99999994,train_07544
000026.png,1.0000002,train_05292
000027.png,0.99999976,train_03505
000028.png,1.0,train_03191
000029.png,1.0000002,train_02723
000030.png,0.9999998,train_02607
000031.png,1.0000002,train_01399
000032.png,1.0000001,train_03990
000033.png,1.0,train_06718
000034.png,1.0000002,train_06458
000035.png,1.0,train_07570
000036.png,0.9999999,train_04998
000037.png,1.0000001,train_00873
000038.png,1.0000004,train_05211
000039.png,1.0000001,train_01630
000040.png,1.0000001,train_07916
000041.png,1.0000001,train_01707
000042.png,0.9999998,train_07457
000043.png,0.9999999,train_02195
000044.png,0.99999976,train_04394
000045.png,1.0000001,train_06554
000046.png,1.0,train_03418
000047.png,1.0,train_05389
000048.png,1.0000001,train_03893
000049.png,1.0000006,train_07215
000050.png,1.0,train_07823
000051.png,1.0,train_05747
000052.png,0.99999976,train_00027
000053.png,1.0000002,train_02700
000054.png,1.0000001,train_04268
000055.png,0.99999976,train_04820
000056.png,1.0,train_02362
000057.png,1.0,train_06040
000058.png,1.0,train_01757
000059.png,1.0,train_00491
000060.png,0.99999994,train_05635
000061.png,1.0,train_07880
000062.png,0.99999976,train_00728
000063.png,0.99999994,train_07929
000064.png,1.0000002,train_03466
000065.png,1.0,train_07912
000066.png,1.0000002,train_02175
000067.png,1.0000002,train_03106
000068.png,0.99999994,train_00582
000069.png,1.0000001,train_07536
000070.png,0.99999976,train_04709
000071.png,1.0000002,train_04253
000072.png,0.9999999,train_06833
000073.png,0.99999994,train_06077
000074.png,1.0000001,train_07699
000075.png,1.0000002,train_06305
000076.png,1.0000002,train_00766
000077.png,1.0,train_02916
000078.png,1.0,train_03418
000079.png,1.0000001,train_06625
000080.png,0.9999998,train_02109
000081.png,1.0000001,train_03790
000082.png,1.0,train_06260
000083.png,1.0,train_01760
000084.png,1.0000002,train_03172
000085.png,1.0,train_01144
000086.png,1.0,train_05831
000087.png,0.99999994,train_04348
000088.png,1.0,train_01427
000089.png,1.0000005,train_04967
000090.png,0.99999976,train_04919
000091.png,1.0,train_06674
000092.png,0.99999976,train_05571
000093.png,0.99999976,train_03151
000094.png,1.0,train_00214
000095.png,1.0,train_07531
000096.png,1.0000002,train_00132
000097.png,0.9999999,train_07003
000098.png,0.9999999,train_06565
000099.png,1.0000004,train_03327
000100.png,1.0000001,train_00663
000101.png,1.0000001,train_03202
000102.png,0.9999999,train_03926
000103.png,1.0000002,train_03399
000104.png,1.0000001,train_05898
000105.png,1.0000001,train_01079
000106.png,0.9999999,train_04497
000107.png,1.0000005,train_02937
000108.png,1.0000002,train_04176
000109.png,1.0,train_07996
000110.png,0.99999976,train_08004
000111.png,1.0000004,train_03521
000112.png,0.9999998,train_01740
000113.png,0.99999976,train_05203
000114.png,1.0,train_06091
000115.png,1.0,train_02377
000116.png,1.0000002,train_01892
000117.png,1.0000002,train_06321
000118.png,1.0,train_03924
000119.png,0.99999994,train_07680
000120.png,0.99999976,train_07839
000121.png,0.99999994,train_02381
000122.png,1.0,train_00592
000123.png,1.0000002,train_05319
000124.png,1.0000002,train_07463
000125.png,1.0000002,train_07820
000126.png,1.0,train_06183
000127.png,1.0000002,train_01837
000128.png,0.99999994,train_03903
000129.png,1.0,train_01415
000130.png,1.0,train_04149
000131.png,0.9999999,train_01582
000132.png,0.9999999,train_05323
000133.png,1.0,train_05324
000134.png,0.9999999,train_03681
000135.png,0.9999999,train_04895
000136.png,1.0000001,train_07952
000137.png,1.0,train_04932
000138.png,1.0000002,train_04866
000139.png,0.9999999,train_03632
000140.png,1.0,train_05121
000141.png,1.0000002,train_02851
000142.png,1.0000001,train_02778
000143.png,1.0,train_00909
000144.png,1.0000001,train_01568
000145.png,0.9999999,train_03842
000146.png,0.99999994,train_07680
000147.png,0.99999976,train_06940
000148.png,0.9999999,train_01663
000149.png,1.0000002,train_00451
000150.png,1.0000001,train_08024
000151.png,0.9999999,train_03590
000152.png,1.0,train_02714
000153.png,1.0000002,train_03459
000154.png,1.0000001,train_05694
000155.png,0.9999999,train_03975
000156.png,0.9999999,train_00538
000157.png,1.0000001,train_05621
000158.png,0.9999999,train_07668
000159.png,1.0000002,train_02889
000160.png,0.9999999,train_02838
000161.png,0.9999999,train_07668
000162.png,1.0000001,train_06381
000163.png,1.0000004,train_07292
000164.png,0.9999999,train_03896
000165.png,1.0000002,train_06811
000166.png,1.0000002,train_00951
000167.png,1.0000001,train_03404
000168.png,1.0,train_02636
000169.png,0.9999998,train_07038
000170.png,1.0000001,train_00083
000171.png,1.0,train_07060
000172.png,1.0000001,train_01447
000173.png,1.0000001,train_06795
000174.png,1.0,train_03551
000175.png,0.9999999,train_06491
000176.png,1.0000002,train_05254
000177.png,1.0,train_03736
000178.png,1.0,train_06653
000179.png,1.0000002,train_03011
000180.png,1.0000002,train_01665
000181.png,1.0000002,train_07436
000182.png,1.0,train_01572
000183.png,1.0,train_07055
000184.png,1.0000002,train_00177
000185.png,1.0000001,train_03620
000186.png,1.0000001,train_04015
000187.png,1.0000001,train_03848
000188.png,1.0,train_01253
000189.png,1.0000002,train_04233
000190.png,1.0000002,train_06793
000191.png,1.0000001,train_02329
000192.png,0.9999999,train_06359
000193.png,1.0,train_00991
000194.png,1.0,train_03731
000195.png,1.0,train_03452
000196.png,0.99999994,train_02292
000197.png,1.0000002,train_04732
000198.png,1.0000002,train_03248
000199.png,1.0000001,train_05790
000200.png,0.9999999,train_04973
000201.png,1.0000002,train_04732
000202.png,1.0,train_05222
000203.png,0.9999999,train_03857
000204.png,1.0000001,train_02622
000205.png,1.0,train_05886
000206.png,1.0000002,train_06181
000207.png,0.99999994,train_01951
000208.png,1.0,train_05626
000209.png,0.99999976,train_04190
000210.png,1.0,train_02660
000211.png,1.0,train_05352
000212.png,0.9999999,train_07932
000213.png,0.9999999,train_06359
000214.png,1.0000002,train_04291
000215.png,0.9999999,train_07575
000216.png,1.0000002,train_02064
000217.png,0.9999999,train_03114
000218.png,0.9999997,train_02250
000219.png,0.9999996,train_02971
000220.png,1.0000001,train_03255
000221.png,1.0,train_02248
000222.png,0.9999999,train_04442
000223.png,0.99999976,train_01709
000224.png,0.9999997,train_00623
000225.png,0.9999999,train_04894
000226.png,1.0000001,train_04246
000227.png,1.0,train_00292
000228.png,1.0000001,train_07533
000229.png,0.9999998,train_05459
000230.png,1.0000001,train_05776
000231.png,1.0,train_02120
000232.png,0.99999964,train_05383
000233.png,1.0,train_07911
000234.png,1.0000001,train_03311
000235.png,1.0,train_05107
000236.png,1.0000001,train_02409
000237.png,1.0000001,train_02089
000238.png,1.0000002,train_01892
000239.png,1.0000002,train_01930
000240.png,1.0000002,train_03014
000241.png,1.0,train_04111
000242.png,1.0,train_02355
000243.png,0.9999996,train_00752
000244.png,0.9999998,train_03054
000245.png,1.0000002,train_01379
000246.png,1.0000002,train_04486
000247.png,0.9999999,train_03970
000248.png,1.0000002,train_04860
000249.png,0.9999999,train_05942
000250.png,1.0,train_02828
000251.png,0.99999976,train_00401
000252.png,1.0,train_06288
000253.png,1.0,train_03729
000254.png,0.9999999,train_02098
000255.png,1.0,train_08012
000256.png,0.9999998,train_00016
000257.png,1.0,train_06558
000258.png,0.9999999,train_06232
000259.png,1.0,train_06426
000260.png,1.0000001,train_05908
000261.png,1.0000004,train_06080
000262.png,0.99999994,train_05840
000263.png,1.0000005,train_07177
000264.png,0.99999994,train_07838
000265.png,1.0,train_00260
000266.png,0.9999999,train_07274
000267.png,1.0000004,train_03286
000268.png,1.0,train_01133
000269.png,1.0000002,train_00480
000270.png,0.99999994,train_07333
000271.png,1.0,train_02809
000272.png,1.0,train_07154
000273.png,1.0,train_04932
000274.png,0.9999999,train_07259
000275.png,1.0000001,train_08039
000276.png,1.0000001,train_04571
000277.png,1.0,train_06718
000278.png,0.9999999,train_02101
000279.png,1.0,train_05248
000280.png,1.0,train_08022
000281.png,1.0000001,train_02944
000282.png,0.99999976,train_01553
000283.png,1.0000002,train_05314
000284.png,1.0,train_02854
000285.png,1.0,train_05608
000286.png,0.9999998,train_01084
000287.png,1.0,train_03140
000288.png,0.9999999,train_02137
000289.png,1.0000001,train_04319
000290.png,1.0,train_05309
000291.png,1.0000001,train_03891
000292.png,1.0000001,train_04382
000293.png,1.0000002,train_05478
000294.png,1.0,train_04262
000295.png,1.0000002,train_07854
000296.png,1.0,train_01223
000297.png,1.0,train_07139
000298.png,1.0000004,train_06125
000299.png,1.0,train_01986
000300.png,0.99999976,train_06162
000301.png,0.99999976,train_06678
000302.png,1.0,train_03306
000303.png,1.0000002,train_04531
000304.png,1.0,train_07209
000305.png,1.0,train_02664
000306.png,0.9999998,train_07351
000307.png,0.9999999,train_07575
000308.png,1.0000002,train_01104
000309.png,1.0000002,train_05068
000310.png,1.0000002,train_06121
000311.png,1.0,train_01121
000312.png,1.0000001,train_02532
000313.png,1.0000002,train_06208
000314.png,1.0,train_04005
000315.png,0.9999998,train_05018
000316.png,1.0000001,train_06386
000317.png,1.0,train_05511
000318.png,0.9999999,train_03659
000319.png,1.0000002,train_02154
000320.png,1.0000001,train_07433
000321.png,0.99999976,train_03511
000322.png,1.0000002,train_05510
000323.png,0.9999999,train_05190
000324.png,1.0000002,train_01107
000325.png,1.0000001,train_02974
000326.png,1.0000001,train_03338
000327.png,1.0000001,train_03032
000328.png,1.0000002,train_07950
000329.png,1.0000001,train_05126
000330.png,0.9999999,train_02279
000331.png,1.0000002,train_04972
000332.png,0.99999994,train_01205
000333.png,1.0,train_06769
000334.png,1.0000001,train_03120
000335.png,1.0,train_07154
000336.png,1.0,train_02324
000337.png,1.0000001,train_03733
000338.png,1.0000001,train_03338
000339.png,0.9999999,train_07169
000340.png,1.0000002,train_00127
000341.png,1.0000001,train_04162
000342.png,1.0,train_02296
000343.png,1.0000002,train_01941
000344.png,1.0000001,train_01374
000345.png,1.0000001,train_05909
000346.png,1.0000005,train_07753
000347.png,1.0000005,train_04050
000348.png,1.0000002,train_04808
000349.png,1.0000002,train_00007
000350.png,0.9999998,train_03303
000351.png,1.0,train_03551
000352.png,1.0000004,train_05290
000353.png,1.0000002,train_04729
000354.png,0.9999999,train_02244
000355.png,1.0,train_06680
000356.png,1.0,train_04869
000357.png,1.0000002,train_01615
000358.png,1.0000002,train_00094
000359.png,0.99999994,train_00807
000360.png,1.0,train_01169
000361.png,1.0000001,train_01908
000362.png,1.0,train_01915
000363.png,0.9999999,train_05160
000364.png,1.0000001,train_01754
000365.png,0.9999998,train_05846
000366.png,0.99999994,train_07929
000367.png,1.0000001,train_04549
000368.png,1.0000001,train_05371
000369.png,1.0000001,train_02827
000370.png,1.0,train_01636
000371.png,1.0000001,train_06888
000372.png,1.0000002,train_04717
000373.png,0.99999994,train_05151
000374.png,1.0,train_06135
000375.png,1.0000002,train_00947
000376.png,0.99999994,train_07805
000377.png,0.9999999,train_00291
000378.png,1.0000001,train_01750
000379.png,1.0,train_06397
000380.png,1.0000001,train_04415
000381.png,1.0000002,train_03215
000382.png,1.0000002,train_02557
000383.png,1.0,train_01436
000384.png,0.99999976,train_07776
000385.png,1.0000002,train_04447
000386.png,1.0,train_05360
000387.png,0.99999964,train_05039
000388.png,1.0000001,train_02857
000389.png,0.99999976,train_04691
000390.png,0.9999999,train_05558
000391.png,1.0000002,train_04628
000392.png,1.0,train_05582
000393.png,0.9999999,train_01771
000394.png,1.0000001,train_05120
000395.png,1.0,train_07400
000396.png,0.9999999,train_08091
000397.png,0.9999998,train_04344
000398.png,1.0,train_01393
000399.png,1.0,train_07064
000400.png,0.9999999,train_02890
000401.png,1.0000002,train_05761
000402.png,0.99999994,train_06199
000403.png,0.99999964,train_05053
000404.png,0.99999994,train_08028
000405.png,1.0000001,train_06060
000406.png,1.0,train_06623
000407.png,1.0,train_02555
000408.png,1.0,train_01229
000409.png,1.0000002,train_03272
000410.png,1.0,train_08013
000411.png,1.0,train_04901
000412.png,1.0,train_00411
000413.png,0.9999999,train_05942
000414.png,1.0000001,train_03893
000415.png,0.9999999,train_01489
000416.png,1.0000001,train_07507
000417.png,1.0,train_01008
000418.png,1.0000002,train_06896
000419.png,0.99999976,train_07406
000420.png,1.0000001,train_04347
000421.png,1.0000004,train_07873
000422.png,1.0000001,train_06897
000423.png,1.0000002,train_02572
000424.png,1.0,train_07556
000425.png,1.0000002,train_03215
000426.png,1.0,train_06040
000427.png,1.0000002,train_00838
000428.png,1.0000004,train_06990
000429.png,1.0000002,train_03472
000430.png,1.0000002,train_03963
000431.png,0.9999998,train_06202
000432.png,1.0000002,train_06189
000433.png,1.0000001,train_02505
000434.png,1.0,train_07126
000435.png,1.0000001,train_06384
000436.png,1.0000001,train_08053
000437.png,1.0000001,train_06809
000438.png,1.0000001,train_00442
000439.png,1.0000002,train_01842
000440.png,0.99999994,train_08129
000441.png,0.9999999,train_00785
000442.png,1.0000001,train_04567
000443.png,1.0,train_00856
000444.png,1.0000001,train_00034
000445.png,1.0000001,train_02633
000446.png,1.0000001,train_03304
000447.png,1.0000002,train_07485
000448.png,1.0,train_07183
000449.png,1.0,train_00462
000450.png,1.0,train_02305
000451.png,1.0000001,train_05918
000452.png,0.99999976,train_06944
000453.png,0.99999976,train_05274
000454.png,0.9999999,train_00193
000455.png,1.0000001,train_06721
000456.png,1.0000001,train_06652
000457.png,1.0,train_00904
000458.png,1.0,train_07207
000459.png,1.0000002,train_06683
000460.png,1.0,train_07124
000461.png,0.9999999,train_02552
000462.png,0.99999964,train_06844
000463.png,1.0,train_04681
000464.png,1.0,train_03835
000465.png,0.99999994,train_03350
000466.png,1.0,train_05785
000467.png,1.0000001,train_07210
000468.png,0.9999999,train_07321
000469.png,1.0000002,train_04212
000470.png,0.99999994,train_06394
000471.png,0.99999994,train_07294
000472.png,0.9999999,train_06542
000473.png,0.9999999,train_04387
000474.png,1.0,train_07200
000475.png,0.9999999,train_07066
000476.png,0.99999976,train_07871
000477.png,0.99999994,train_06199
000478.png,0.99999976,train_06044
000479.png,1.0000001,train_06710
000480.png,1.0,train_07931
000481.png,1.0,train_04862
000482.png,0.9999999,train_06232
000483.png,1.0000002,train_01221
000484.png,0.9999999,train_08082
000485.png,1.0000002,train_01638
000486.png,1.0,train_00909
000487.png,1.0,train_07134
000488.png,1.0000002,train_00843
000489.png,0.9999998,train_04631
000490.png,0.9999999,train_03351
000491.png,0.9999998,train_08131
000492.png,0.9999999,train_03357
000493.png,1.0,train_05684
000494.png,1.0,train_07502
000495.png,0.99999994,train_03845
000496.png,1.0000001,train_05330
000497.png,1.0000002,train_08050
000498.png,1.0,train_01695
000499.png,1.0000001,train_06888
000500.png,0.9999997,train_01352
000501.png,1.0,train_05511
000502.png,1.0000002,train_07354
000503.png,1.0000002,train_01067
000504.png,0.9999998,train_02081
000505.png,0.9999999,train_02935
000506.png,1.0000001,train_08053
000507.png,0.9999999,train_02146
000508.png,0.99999994,train_04975
000509.png,1.0,train_07271
000510.png,1.0,train_01165
000511.png,0.99999994,train_00985
000512.png,1.0000001,train_06410
000513.png,0.99999994,train_01494
000514.png,0.99999976,train_01725
000515.png,1.0,train_02183
000516.png,1.0000004,train_02203
000517.png,1.0,train_01744
000518.png,1.0000002,train_01032
000519.png,0.9999999,train_00816
000520.png,1.0000001,train_05345
000521.png,1.0,train_00104
000522.png,0.9999999,train_01328
000523.png,0.9999999,train_02677
000524.png,0.9999999,train_06529
000525.png,1.0000002,train_02400
000526.png,0.99999976,train_03881
000527.png,1.0000002,train_07719
000528.png,0.9999999,train_05499
000529.png,1.0000002,train_05092
000530.png,1.0,train_05157
000531.png,1.0000001,train_02128
000532.png,0.9999999,train_02382
000533.png,0.99999994,train_07929
000534.png,1.0000001,train_01374
000535.png,1.0000001,train_01810
000536.png,1.0,train_01419
000537.png,1.0,train_01619
000538.png,1.0,train_02355
000539.png,1.0000001,train_04362
000540.png,1.0000001,train_03380
000541.png,1.0000002,train_03801
000542.png,0.99999994,train_06670
000543.png,1.0000002,train_02973
000544.png,1.0,train_00909
000545.png,0.99999994,train_06823
000546.png,1.0000002,train_03481
000547.png,1.0000002,train_04506
000548.png,1.0000001,train_00724
000549.png,1.0,train_06771
000550.png,1.0000002,train_04870
000551.png,0.99999994,train_01095
000552.png,1.0000002,train_03259
000553.png,1.0,train_02379
000554.png,0.9999998,train_02607
000555.png,1.0,train_02401
000556.png,1.0,train_02257
000557.png,0.9999999,train_05259
000558.png,1.0000001,train_00021
000559.png,0.9999999,train_02024
000560.png,1.0,train_02926
000561.png,1.0000002,train_03329
000562.png,1.0000001,train_05141
000563.png,0.9999999,train_00318
000564.png,1.0000001,train_05489
000565.png,0.9999998,train_06610
000566.png,1.0000001,train_05005
000567.png,1.0,train_00210
000568.png,1.0,train_05511
000569.png,1.0,train_02754
000570.png,0.9999999,train_01659
000571.png,1.0,train_04681
000572.png,1.0000002,train_02670
000573.png,1.0000005,train_01408
000574.png,0.9999999,train_06982
000575.png,0.9999999,train_04970
000576.png,1.0000001,train_06400
000577.png,1.0,train_07142
000578.png,1.0000002,train_06793
000579.png,0.99999994,train_03571
000580.png,1.0000001,train_03036
000581.png,0.9999999,train_05889
000582.png,1.0000001,train_06514
000583.png,0.9999998,train_04792
000584.png,1.0000001,train_03592
000585.png,0.9999999,train_06500
000586.png,0.9999998,train_04792
000587.png,0.9999998,train_06179
000588.png,0.99999976,train_06763
000589.png,1.0,train_06585
000590.png,1.0000001,train_07519
000591.png,0.9999999,train_04018
000592.png,1.0000001,train_06360
000593.png,1.0,train_07502
000594.png,1.0,train_00210
000595.png,1.0,train_03321
000596.png,1.0,train_00171
000597.png,1.0,train_06768
000598.png,1.0000002,train_01147
000599.png,0.9999999,train_04329
000600.png,1.0000002,train_07521
000601.png,1.0,train_05539
000602.png,1.0000001,train_03922
000603.png,1.0,train_06100
000604.png,1.0000001,train_03570
000605.png,0.9999999,train_01407
000606.png,1.0000001,train_07208
000607.png,1.0000002,train_07804
000608.png,1.0000001,train_07904
000609.png,1.0,train_01932
000610.png,1.0000001,train_04521
000611.png,0.9999999,train_02931
000612.png,1.0000001,train_07010
000613.png,1.0000001,train_00314
000614.png,1.0,train_06004
000615.png,1.0000002,train_04616
000616.png,1.0,train_05501
000617.png,1.0000001,train_02510
000618.png,0.99999994,train_05484
000619.png,0.9999999,train_02694
000620.png,0.99999976,train_02490
000621.png,1.0,train_04340
000622.png,1.0000002,train_07043
000623.png,1.0,train_06510
000624.png,1.0,train_02167
000625.png,1.0000001,train_02503
000626.png,1.0000002,train_02123
000627.png,1.0000001,train_05670
000628.png,0.9999999,train_04442
000629.png,1.0,train_00905
000630.png,1.0,train_05568
000631.png,0.99999976,train_04490
000632.png,1.0,train_02251
000633.png,1.0000002,train_00951
000634.png,0.9999998,train_07516
000635.png,0.9999999,train_05364
000636.png,0.9999999,train_00042
000637.png,1.0,train_05990
000638.png,1.0000004,train_01023
000639.png,0.9999998,train_08128
000640.png,0.9999999,train_03947
000641.png,1.0,train_05145
000642.png,1.0,train_00196
000643.png,0.99999976,train_00842
000644.png,0.99999976,train_00888
000645.png,0.99999994,train_06424
000646.png,1.0,train_05167
000647.png,1.0000001,train_05365
000648.png,0.99999976,train_04031
000649.png,1.0,train_06100
000650.png,1.0000002,train_02802
000651.png,1.0,train_05226
000652.png,0.9999999,train_03628
000653.png,0.9999999,train_03331
000654.png,1.0000002,train_03130
000655.png,1.0000001,train_06570
000656.png,0.99999994,train_00398
000657.png,1.0,train_05684
000658.png,1.0,train_00637
000659.png,1.0000001,train_05790
000660.png,1.0,train_02635
000661.png,0.9999998,train_03638
000662.png,1.0000001,train_02030
000663.png,1.0000004,train_05110
000664.png,0.9999998,train_00208
000665.png,0.9999999,train_03224
000666.png,0.9999999,train_06224
000667.png,1.0,train_00192
000668.png,1.0,train_03078
000669.png,1.0000004,train_03411
000670.png,0.9999999,train_06319
000671.png,1.0,train_02508
000672.png,0.9999999,train_02020
000673.png,0.99999994,train_02381
000674.png,1.0000004,train_01571
000675.png,0.9999999,train_03779
000676.png,1.0,train_00946
000677.png,1.0000004,train_06439
000678.png,0.9999999,train_04152
000679.png,0.9999999,train_07676
000680.png,1.0,train_00334
000681.png,1.0,train_03929
000682.png,1.0000002,train_06337
000683.png,1.0000001,train_03334
000684.png,0.9999999,train_07031
000685.png,1.0000001,train_01098
000686.png,1.0000002,train_00421
000687.png,1.0000001,train_04083
000688.png,1.0,train_04080
000689.png,1.0000001,train_03328
000690.png,0.9999999,train_01312
000691.png,1.0000001,train_02487
000692.png,1.0,train_02429
000693.png,0.9999997,train_02923
000694.png,1.0000001,train_07402
000695.png,0.9999999,train_01152
000696.png,1.0000004,train_06537
000697.png,1.0000001,train_03663
000698.png,1.0,train_07607
000699.png,0.9999999,train_00185
000700.png,0.9999995,train_06071
000701.png,1.0,train_03283
000702.png,0.99999994,train_07929
000703.png,1.0000001,train_03790
000704.png,1.0000001,train_01658
000705.png,1.0,train_07397
000706.png,0.9999999,train_04605
000707.png,1.0000001,train_00028
000708.png,1.0000001,train_03592
000709.png,0.9999999,train_02936
000710.png,1.0,train_02961
000711.png,1.0000002,train_06131
000712.png,0.99999976,train_07962
000713.png,1.0000002,train_04519
000714.png,1.0000002,train_08068
000715.png,1.0,train_06387
000716.png,1.0,train_07710
000717.png,1.0000001,train_04745
000718.png,0.9999998,train_05351
000719.png,1.0,train_02096
000720.png,1.0000005,train_01508
000721.png,1.0,train_01816
000722.png,1.0,train_05851
000723.png,1.0000004,train_04231
000724.png,1.0000001,train_04266
000725.png,1.0000002,train_07367
000726.png,1.0000001,train_07559
000727.png,1.0000002,train_02829
000728.png,1.0000001,train_00651
000729.png,0.9999997,train_06859
000730.png,1.0,train_06031
000731.png,1.0000001,train_01848
000732.png,1.0,train_01368
000733.png,0.9999998,train_03960
000734.png,1.0000001,train_07417
000735.png,1.0,train_00583
000736.png,0.9999999,train_04624
000737.png,1.0,train_01688
000738.png,1.0,train_07964
000739.png,0.99999964,train_00872
000740.png,0.9999999,train_04059
000741.png,1.0,train_03216
000742.png,0.9999999,train_03406
000743.png,1.0000001,train_02152
000744.png,1.0,train_04997
000745.png,1.0,train_02916
000746.png,0.99999964,train_06772
000747.png,1.0000002,train_04883
000748.png,1.0000002,train_00382
000749.png,1.0000001,train_05964
000750.png,0.99999994,train_07838
000751.png,1.0,train_07185
000752.png,1.0000001,train_07773
000753.png,1.0000002,train_07127
000754.png,1.0000001,train_07533
000755.png,1.0000001,train_08141
000756.png,1.0000002,train_06049
000757.png,0.99999976,train_00062
000758.png,1.0,train_07998
000759.png,0.9999999,train_07534
000760.png,1.0,train_06254
000761.png,1.0000001,train_00974
000762.png,0.99999964,train_03518
000763.png,1.0000002,train_08123
000764.png,1.0,train_01510
000765.png,1.0000002,train_04818
000766.png,1.0,train_01883
000767.png,1.0,train_01695
000768.png,1.0000001,train_03828
000769.png,1.0000001,train_02974
000770.png,1.0,train_07227
000771.png,0.9999999,train_01456
000772.png,0.9999999,train_02603
000773.png,1.0000001,train_00479
000774.png,1.0,train_02754
000775.png,0.99999994,train_01899
000776.png,1.0,train_04602
000777.png,0.9999999,train_04325
000778.png,1.0,train_04433
000779.png,1.0,train_02273
000780.png,1.0000001,train_00489
000781.png,1.0000004,train_06808
000782.png,1.0000001,train_06518
000783.png,1.0,train_07214
000784.png,1.0000002,train_07330
000785.png,0.9999999,train_01410
000786.png,0.9999999,train_07187
000787.png,1.0000002,train_04573
000788.png,1.0,train_06935
000789.png,0.9999999,train_03331
000790.png,1.0,train_01728
000791.png,1.0000001,train_07542
000792.png,1.0000001,train_00341
000793.png,1.0000005,train_07749
000794.png,1.0000001,train_07891
000795.png,1.0000001,train_01736
000796.png,1.0000002,train_02059
000797.png,1.0000004,train_03521
000798.png,1.0,train_06366
000799.png,1.0,train_04121
000800.png,1.0,train_02015
000801.png,1.0000004,train_03047
000802.png,1.0,train_05646
000803.png,1.0,train_04164
000804.png,0.9999999,train_05300
000805.png,0.99999964,train_01787
000806.png,1.0,train_01684
000807.png,0.99999976,train_05017
000808.png,1.0000001,train_04760
000809.png,1.0,train_05062
000810.png,0.99999994,train_07359
000811.png,0.99999994,train_02080
000812.png,1.0000002,train_02808
000813.png,1.0000002,train_00947
000814.png,1.0000001,train_03023
000815.png,1.0000001,train_05444
000816.png,1.0000002,train_03644
000817.png,1.0,train_04829
000818.png,0.99999976,train_03308
000819.png,0.9999999,train_01771
000820.png,1.0,train_01652
000821.png,1.0,train_00245
000822.png,1.0000001,train_02532
000823.png,1.0000001,train_08041
000824.png,1.0000002,train_02592
000825.png,0.9999999,train_02491
000826.png,0.9999996,train_08002
000827.png,1.0000002,train_04506
000828.png,1.0,train_07217
000829.png,0.9999999,train_04286
000830.png,1.0,train_02026
000831.png,1.0,train_00337
000832.png,1.0,train_07859
000833.png,1.0000001,train_00331
000834.png,0.99999976,train_02293
000835.png,1.0,train_06031
000836.png,0.9999999,train_00079
000837.png,1.0000001,train_00008
000838.png,0.99999976,train_00105
000839.png,0.99999976,train_06644
000840.png,1.0,train_05479
000841.png,0.9999999,train_02317
000842.png,1.0000001,train_00248
000843.png,1.0,train_05847
000844.png,1.0000002,train_02747
000845.png,1.0000001,train_05594
000846.png,0.9999998,train_07262
000847.png,1.0000002,train_05512
000848.png,0.9999999,train_00523
000849.png,1.0000001,train_00341
000850.png,1.0,train_05561
000851.png,1.0,train_00355
000852.png,0.99999994,train_02976
000853.png,0.9999999,train_04345
000854.png,1.0,train_05609
000855.png,1.0,train_01162
000856.png,1.0000001,train_01128
000857.png,1.0,train_05750
000858.png,1.0000002,train_02009
000859.png,1.0000004,train_05787
000860.png,0.9999998,train_00233
000861.png,1.0000002,train_00372
000862.png,1.0,train_04053
000863.png,1.0000002,train_00610
000864.png,1.0,train_02957
000865.png,0.99999976,train_06948
000866.png,0.99999994,train_04390
000867.png,1.0000002,train_05783
000868.png,0.9999999,train_02591
000869.png,1.0,train_07094
000870.png,0.99999964,train_04941
000871.png,1.0000002,train_03596
000872.png,1.0000001,train_08062
000873.png,1.0,train_04577
000874.png,1.0000002,train_02807
000875.png,0.9999999,train_01771
000876.png,0.99999994,train_03144
000877.png,1.0000001,train_01908
000878.png,1.0,train_05778
000879.png,1.0,train_02817
000880.png,1.0000004,train_00073
000881.png,1.0,train_01733
000882.png,1.0000004,train_06968
000883.png,1.0000001,train_00492
000884.png,0.9999999,train_03443
000885.png,0.9999999,train_00042
000886.png,0.99999994,train_04455
000887.png,1.0000001,train_01989
000888.png,1.0,train_06681
000889.png,1.0,train_05177
000890.png,1.0,train_01009
000891.png,0.99999976,train_07943
000892.png,1.0,train_01788
000893.png,0.9999999,train_04471
000894.png,1.0000004,train_06968
000895.png,0.9999999,train_02694
000896.png,0.9999998,train_05795
000897.png,1.0000001,train_00848
000898.png,1.0000001,train_07326
000899.png,1.0,train_05436
000900.png,1.0000005,train_07186
000901.png,1.0000001,train_00149
000902.png,0.9999999,train_00810
000903.png,0.9999999,train_05281
000904.png,1.0,train_00618
000905.png,1.0000001,train_06378
000906.png,1.0,train_02036
000907.png,0.9999999,train_04856
000908.png,1.0,train_07400
000909.png,1.0000002,train_01872
000910.png,1.0,train_03022
000911.png,0.9999999,train_07358
000912.png,1.0,train_01333
000913.png,1.0,train_05874
000914.png,0.99999964,train_01787
000915.png,1.0,train_00321
000916.png,0.9999999,train_04213
000917.png,0.99999964,train_05039
000918.png,1.0000005,train_00289
000919.png,1.0000002,train_08086
000920.png,0.9999999,train_00138
000921.png,0.99999976,train_03902
000922.png,0.9999999,train_00722
000923.png,1.0,train_07500
000924.png,1.0000002,train_04907
000925.png,1.0000002,train_03494
000926.png,1.0,train_05388
000927.png,0.9999999,train_06727
000928.png,0.9999999,train_08121
000929.png,0.99999976,train_02537
000930.png,1.0,train_06582
000931.png,1.0,train_00645
000932.png,1.0000001,train_05862
000933.png,1.0000002,train_07551
000934.png,0.99999964,train_04560
000935.png,1.0000001,train_04409
000936.png,1.0,train_01909
000937.png,1.0000001,train_01894
000938.png,1.0000001,train_06005
000939.png,1.0000002,train_00825
000940.png,1.0,train_07220
000941.png,0.9999999,train_07832
000942.png,1.0,train_01430
000943.png,0.9999997,train_02091
000944.png,1.0000002,train_00286
000945.png,0.9999999,train_07676
000946.png,0.9999999,train_02517
000947.png,1.0,train_04428
000948.png,1.0,train_06668
000949.png,0.9999995,train_06338
000950.png,1.0000002,train_01080
000951.png,1.0000002,train_06614
000952.png,1.0000002,train_01426
000953.png,1.0,train_02422
000954.png,1.0000001,train_03202
000955.png,0.9999999,train_04325
000956.png,0.99999994,train_01514
000957.png,1.0000001,train_05094
000958.png,1.0000001,train_07291
000959.png,1.0000001,train_05004
000960.png,0.99999994,train_00099
000961.png,1.0,train_00106
000962.png,0.9999999,train_07024
000963.png,1.0,train_04002
000964.png,1.0000001,train_08062
000965.png,1.0000001,train_03754
000966.png,0.9999998,train_06296
000967.png,1.0000001,train_05492
000968.png,1.0000001,train_01208
000969.png,0.9999999,train_00318
000970.png,1.0000004,train_05836
000971.png,1.0,train_05786
000972.png,0.9999999,train_01693
000973.png,1.0000001,train_01682
000974.png,1.0000002,train_06218
000975.png,1.0,train_07954
000976.png,1.0,train_03792
000977.png,1.0,train_06493
000978.png,0.99999976,train_07962
000979.png,0.99999976,train_02423
000980.png,1.0,train_07724
000981.png,1.0000004,train_06816
000982.png,1.0,train_07799
000983.png,1.0000002,train_04898
000984.png,0.9999999,train_04835
000985.png,0.99999976,train_00728
000986.png,1.0,train_02762
000987.png,1.0,train_05067
000988.png,1.0,train_02501
000989.png,1.0000002,train_00518
000990.png,1.0,train_02131
000991.png,0.9999999,train_04448
000992.png,1.0,train_03191
000993.png,0.9999997,train_04791
000994.png,1.0000002,train_00421
000995.png,1.0000002,train_01282
000996.png,0.9999999,train_02016
000997.png,1.0000001,train_05460
000998.png,1.0000001,train_04622
000999.png,1.0000001,train_06346
001000.png,1.0000002,train_04533
001001.png,1.0000002,train_05730
001002.png,1.0000001,train_02797
001003.png,1.0,train_00051
001004.png,1.0000001,train_04272
001005.png,1.0000001,train_00576
001006.png,1.0,train_00108
001007.png,1.0,train_07404
001008.png,1.0000001,train_04690
001009.png,0.9999999,train_07321
001010.png,0.9999999,train_02195
001011.png,1.0000001,train_06251
001012.png,1.0,train_05324
001013.png,1.0,train_07982
001014.png,1.0,train_06960
001015.png,1.0000001,train_00420
001016.png,0.99999994,train_07624
001017.png,0.9999998,train_07014
001018.png,1.0,train_01645
001019.png,0.9999999,train_04895
001020.png,1.0,train_05471
001021.png,1.0,train_01667
001022.png,1.0000004,train_06963
001023.png,1.0000002,train_01355
001024.png,1.0,train_03243
001025.png,1.0000001,train_07491
001026.png,0.99999994,train_00099
001027.png,1.0000002,train_01395
001028.png,0.9999999,train_04408
001029.png,1.0000002,train_00139
001030.png,1.0000001,train_07423
001031.png,1.0000001,train_03882
001032.png,0.9999999,train_07876
001033.png,0.9999999,train_03155
001034.png,0.9999999,train_04618
001035.png,1.0000001,train_02878
001036.png,1.0,train_05493
001037.png,0.9999998,train_00272
001038.png,1.0,train_07655
001039.png,0.99999994,train_01717
001040.png,0.9999999,train_07725
001041.png,1.0,train_04577
001042.png,1.0000002,train_02402
001043.png,1.0,train_01169
001044.png,1.0,train_00080
001045.png,0.9999999,train_06180
001046.png,1.0000001,train_07781
001047.png,1.0000001,train_07733
001048.png,1.0,train_02892
001049.png,1.0000001,train_03666
001050.png,1.0000002,train_00316
001051.png,1.0,train_02582
001052.png,0.99999976,train_03520
001053.png,1.0000001,train_01540
001054.png,1.0000002,train_05069
001055.png,0.9999999,train_04998
001056.png,1.0000002,train_02446
001057.png,0.9999999,train_04856
001058.png,0.9999998,train_08071
001059.png,1.0000002,train_01211
001060.png,1.0,train_05378
001061.png,0.99999994,train_05013
001062.png,1.0,train_02952
001063.png,1.0,train_05785
001064.png,1.0,train_03101
001065.png,0.99999994,train_07993
001066.png,1.0,train_03759
001067.png,1.0000001,train_04498
001068.png,1.0000005,train_02811
001069.png,1.0,train_04284
001070.png,0.9999999,train_02536
001071.png,1.0,train_05421
001072.png,1.0,train_02025
001073.png,1.0,train_07918
001074.png,0.99999976,train_04685
001075.png,1.0000001,train_04523
001076.png,0.9999999,train_06401
001077.png,1.0000001,train_01350
001078.png,1.0000001,train_06346
001079.png,1.0,train_07139
001080.png,1.0,train_04035
001081.png,0.9999999,train_00325
001082.png,1.0,train_04456
001083.png,1.0000001,train_05592
001084.png,1.0000001,train_02959
001085.png,1.0000002,train_01193
001086.png,1.0,train_03262
001087.png,1.0,train_03615
001088.png,1.0000002,train_00770
001089.png,0.9999997,train_06328
001090.png,1.0,train_01229
001091.png,1.0,train_01353
001092.png,0.99999994,train_03007
001093.png,0.9999999,train_01961
001094.png,1.0,train_01372
001095.png,1.0000004,train_03286
001096.png,0.99999964,train_00280
001097.png,1.0,train_01557
001098.png,0.9999999,train_03975
001099.png,0.99999994,train_03571
001100.png,1.0000002,train_02575
001101.png,1.0,train_06004
001102.png,1.0,train_03793
001103.png,1.0,train_01883
001104.png,1.0000002,train_00277
001105.png,0.9999999,train_07568
001106.png,1.0,train_00462
001107.png,1.0,train_07394
001108.png,0.9999999,train_04872
001109.png,1.0000002,train_07820
001110.png,1.0,train_03083
001111.png,0.9999999,train_06696
001112.png,0.99999976,train_06169
001113.png,1.0,train_07767
001114.png,0.9999999,train_05401
001115.png,1.0,train_03504
001116.png,0.9999999,train_01463
001117.png,0.99999994,train_04703
001118.png,0.9999998,train_06952
001119.png,0.99999994,train_00297
001120.png,1.0000002,train_01039
001121.png,0.99999994,train_04208
001122.png,0.9999999,train_05661
001123.png,1.0000002,train_07792
001124.png,1.0,train_05501
001125.png,0.9999999,train_05215
001126.png,0.99999976,train_00105
001127.png,1.0000001,train_07374
001128.png,1.0,train_07758
001129.png,1.0000001,train_06609
001130.png,1.0000001,train_05941
001131.png,1.0,train_06579
001132.png,0.9999999,train_00295
001133.png,1.0000002,train_02012
001134.png,1.0,train_03133
001135.png,0.9999999,train_01961
001136.png,1.0000002,train_06512
001137.png,1.0000001,train_03033
001138.png,0.99999976,train_01142
001139.png,0.99999994,train_03097
001140.png,1.0000005,train_03293
001141.png,1.0,train_07081
001142.png,1.0,train_01799
001143.png,1.0000002,train_04568
001144.png,1.0000001,train_02414
001145.png,1.0000002,train_01980
001146.png,0.99999976,train_07506
001147.png,1.0,train_05299
001148.png,1.0,train_05227
001149.png,1.0,train_03729
001150.png,1.0,train_04543
001151.png,1.0000001,train_00425
001152.png,1.0000002,train_02969
001153.png,1.0000002,train_02349
001154.png,1.0,train_07655
001155.png,0.9999998,train_03847
001156.png,0.9999999,train_05657
001157.png,1.0000002,train_06539
001158.png,1.0,train_01249
001159.png,0.9999999,train_01693
001160.png,0.99999994,train_01021
001161.png,1.0,train_06835
001162.png,1.0000001,train_00034
001163.png,0.99999994,train_06715
001164.png,1.0,train_08022
001165.png,1.0000001,train_01750
001166.png,1.0000002,train_02681
001167.png,1.0,train_03115
001168.png,0.9999998,train_00016
001169.png,0.9999999,train_07732
001170.png,0.9999999,train_05551
001171.png,0.9999999,train_04480
001172.png,1.0,train_07419
001173.png,1.0,train_01981
001174.png,1.0000001,train_05365
001175.png,1.0000002,train_07888
001176.png,1.0,train_06753
001177.png,1.0,train_07724
001178.png,1.0000002,train_07664
001179.png,0.9999999,train_01263
001180.png,1.0,train_06419
001181.png,1.0,train_04646
001182.png,1.0000001,train_04501
001183.png,1.0,train_06082
001184.png,1.0,train_06743
001185.png,1.0,train_06744
001186.png,1.0000002,train_03637
001187.png,1.0000002,train_07492
001188.png,1.0000004,train_02363
001189.png,1.0,train_03793
001190.png,1.0000001,train_06842
001191.png,1.0000001,train_00745
001192.png,0.9999998,train_05932
001193.png,0.9999999,train_06026
001194.png,1.0,train_03900
001195.png,1.0000005,train_02601
001196.png,1.0000002,train_06481
001197.png,1.0,train_01861
001198.png,1.0000001,train_04746
001199.png,1.0000002,train_01051
001200.png,1.0,train_03052
001201.png,1.0000001,train_04300
001202.png,0.99999994,train_07518
001203.png,1.0000001,train_02857
001204.png,1.0000001,train_00152
001205.png,0.9999999,train_05744
001206.png,1.0,train_02238
001207.png,1.0000001,train_02325
001208.png,0.9999999,train_06632
001209.png,0.9999998,train_00262
001210.png,0.9999999,train_05961
001211.png,1.0,train_02875
001212.png,1.0,train_05249
001213.png,0.9999998,train_07038
001214.png,1.0000002,train_01036
001215.png,1.0,train_08011
001216.png,0.9999999,train_03659
001217.png,1.0000001,train_00823
001218.png,1.0000002,train_07528
001219.png,0.9999999,train_07259
001220.png,1.0000001,train_04436
001221.png,0.99999994,train_01714
001222.png,0.99999994,train_02752
001223.png,0.9999999,train_00354
001224.png,1.0,train_02296
001225.png,1.0000001,train_01888
001226.png,1.0,train_07500
001227.png,0.9999999,train_08007
001228.png,1.0,train_00560
001229.png,1.0,train_04829
001230.png,1.0000002,train_07430
001231.png,1.0000001,train_02956
001232.png,1.0,train_05422
001233.png,0.9999999,train_00810
001234.png,1.0000001,train_06759
001235.png,0.99999976,train_01977
001236.png,1.0000001,train_04591
001237.png,1.0,train_04711
001238.png,1.0000001,train_05385
001239.png,0.99999994,train_06779
001240.png,1.0000002,train_02396
001241.png,1.0000002,train_03836
001242.png,1.0,train_07920
001243.png,0.9999999,train_02319
001244.png,1.0,train_07104
001245.png,0.99999976,train_07821
001246.png,0.99999994,train_01416
001247.png,1.0,train_01451
001248.png,1.0,train_02581
001249.png,1.0,train_04149
001250.png,1.0000002,train_00081
001251.png,1.0000001,train_03634
001252.png,1.0000001,train_04849
001253.png,1.0,train_03822
001254.png,1.0,train_07309
001255.png,1.0,train_04429
001256.png,0.9999998,train_00002
001257.png,0.99999976,train_03577
001258.png,1.0,train_05132
001259.png,1.0000004,train_07088
001260.png,1.0000004,train_01158
001261.png,1.0000001,train_02633
001262.png,1.0000001,train_07661
001263.png,1.0,train_01976
001264.png,1.0000001,train_01750
001265.png,0.9999999,train_05433
001266.png,1.0,train_03497
001267.png,1.0000002,train_01385
001268.png,1.0,train_07697
001269.png,1.0,train_02809
001270.png,0.99999976,train_01858
001271.png,0.9999999,train_06865
001272.png,1.0,train_00290
001273.png,1.0000002,train_06081
001274.png,1.0,train_02762
001275.png,1.0000002,train_06327
001276.png,1.0000001,train_02718
001277.png,1.0000001,train_00276
001278.png,0.9999999,train_06538
001279.png,0.9999999,train_00860
001280.png,0.99999994,train_02054
001281.png,1.0000001,train_08009
001282.png,1.0000001,train_05784
001283.png,1.0000004,train_03953
001284.png,1.0000001,train_05255
001285.png,1.0,train_00754
001286.png,1.0,train_07105
001287.png,0.9999997,train_01556
001288.png,1.0000001,train_07958
001289.png,1.0,train_05698
001290.png,1.0,train_01116
001291.png,1.0,train_05667
001292.png,1.0000001,train_02805
001293.png,0.99999994,train_01365
001294.png,1.0000001,train_01140
001295.png,1.0,train_05792
001296.png,0.9999999,train_00586
001297.png,0.9999999,train_00238
001298.png,0.9999999,train_06499
001299.png,1.0,train_06661
001300.png,1.0,train_07287
001301.png,1.0000001,train_04992
001302.png,1.0000001,train_04648
001303.png,1.0,train_03768
001304.png,1.0000001,train_00149
001305.png,1.0000001,train_06053
001306.png,0.9999999,train_04793
001307.png,1.0,train_05150
001308.png,1.0000001,train_07428
001309.png,0.99999976,train_02393
001310.png,0.9999999,train_02753
001311.png,1.0,train_00223
001312.png,1.0000002,train_02364
001313.png,1.0,train_04886
001314.png,1.0,train_06905
001315.png,1.0,train_03095
001316.png,1.0000001,train_05272
001317.png,0.99999976,train_04583
001318.png,1.0,train_02950
001319.png,1.0,train_00464
001320.png,0.99999976,train_01235
001321.png,1.0,train_05408
001322.png,1.0,train_06639
001323.png,0.99999994,train_05181
001324.png,1.0000002,train_01763
001325.png,0.99999976,train_03544
001326.png,1.0000002,train_00092
001327.png,1.0,train_07866
001328.png,0.99999964,train_02507
001329.png,1.0000002,train_00676
001330.png,1.0000001,train_06855
001331.png,1.0000001,train_07834
001332.png,1.0000001,train_01803
001333.png,0.9999999,train_02842
001334.png,1.0000001,train_06923
001335.png,1.0,train_07720
001336.png,0.9999999,train_04444
001337.png,0.9999999,train_04714
001338.png,0.9999998,train_05508
001339.png,0.99999994,train_02222
001340.png,1.0000001,train_03891
001341.png,0.99999976,train_00444
001342.png,1.0,train_04934
001343.png,1.0,train_02468
001344.png,1.0000001,train_01785
001345.png,1.0000002,train_06757
001346.png,1.0000001,train_07078
001347.png,1.0,train_02288
001348.png,1.0000001,train_01108
001349.png,1.0,train_07137
001350.png,0.99999964,train_03951
001351.png,1.0,train_05851
001352.png,1.0,train_06998
001353.png,1.0000002,train_06277
001354.png,1.0000002,train_04399
001355.png,1.0000004,train_00566
001356.png,1.0000002,train_03333
001357.png,0.9999997,train_03006
001358.png,1.0000002,train_00612
001359.png,1.0,train_01590
001360.png,0.99999994,train_04320
001361.png,1.0000001,train_03001
001362.png,1.0,train_01400
001363.png,1.0000001,train_03003
001364.png,1.0,train_00846
001365.png,1.0,train_03279
001366.png,1.0000001,train_07198
001367.png,1.0000002,train_00609
001368.png,1.0000002,train_07801
001369.png,0.9999999,train_07213
001370.png,1.0000001,train_02150
001371.png,0.99999976,train_00148
001372.png,1.0,train_02163
001373.png,1.0,train_02766
001374.png,1.0,train_07704
001375.png,1.0,train_00884
001376.png,0.9999999,train_03351
001377.png,1.0,train_07137
001378.png,1.0000002,train_07352
001379.png,1.0000001,train_02128
001380.png,0.9999998,train_07777
001381.png,1.0,train_03987
001382.png,1.0000001,train_04235
001383.png,1.0000001,train_06360
001384.png,0.9999999,train_06703
001385.png,0.99999976,train_02733
001386.png,1.0000002,train_02700
001387.png,1.0000002,train_04953
001388.png,1.0,train_06935
001389.png,0.99999976,train_06817
001390.png,0.99999976,train_00483
001391.png,1.0,train_02621
001392.png,1.0,train_07833
001393.png,1.0,train_02892
001394.png,1.0000001,train_02716
001395.png,0.9999997,train_00623
001396.png,0.99999964,train_03233
001397.png,1.0000002,train_01067
001398.png,1.0,train_00900
001399.png,1.0000001,train_06855
001400.png,0.99999994,train_04287
001401.png,1.0,train_03912
001402.png,1.0,train_04794
001403.png,1.0000001,train_00435
001404.png,1.0000002,train_03118
001405.png,0.9999997,train_02923
001406.png,1.0,train_06674
001407.png,1.0000001,train_06993
001408.png,1.0,train_02629
001409.png,1.0000002,train_06078
001410.png,1.0000002,train_07852
001411.png,1.0,train_03181
001412.png,1.0,train_06364
001413.png,1.0000002,train_02821
001414.png,1.0000002,train_02450
001415.png,1.0,train_02359
001416.png,1.0000002,train_00798
001417.png,0.9999999,train_04894
001418.png,0.9999999,train_07053
001419.png,1.0,train_07682
001420.png,1.0000002,train_06941
001421.png,1.0000001,train_06347
001422.png,0.9999999,train_04448
001423.png,1.0,train_03227
001424.png,1.0,train_02410
001425.png,0.9999999,train_01931
001426.png,0.9999999,train_00824
001427.png,0.9999997,train_08127
001428.png,0.9999997,train_01912
001429.png,1.0000004,train_05264
001430.png,0.9999999,train_06596
001431.png,1.0000004,train_00102
001432.png,0.9999998,train_05348
001433.png,1.0000004,train_00327
001434.png,0.9999999,train_03432
001435.png,1.0000001,train_00443
001436.png,0.99999994,train_06334
001437.png,0.9999999,train_06256
001438.png,0.9999996,train_02971
001439.png,1.0,train_08135
001440.png,0.9999999,train_00124
001441.png,1.0000001,train_01685
001442.png,1.0,train_04829
001443.png,1.0000001,train_00201
001444.png,0.99999976,train_04692
001445.png,1.0,train_01619
001446.png,1.0000001,train_01429
001447.png,0.9999999,train_05224
001448.png,1.0,train_04069
001449.png,1.0000002,train_03391
001450.png,1.0,train_00313
001451.png,1.0000001,train_07285
001452.png,0.9999999,train_07080
001453.png,1.0000004,train_07307
001454.png,1.0,train_02860
001455.png,1.0000002,train_03626
001456.png,0.99999994,train_03336
001457.png,1.0,train_07607
001458.png,0.9999999,train_07187
001459.png,1.0,train_01530
001460.png,1.0000001,train_04627
001461.png,1.0000002,train_03316
001462.png,1.0000005,train_01889
001463.png,0.9999999,train_00291
001464.png,1.0,train_07557
001465.png,1.0000001,train_01015
001466.png,1.0000002,train_02008
001467.png,1.0000001,train_02439
001468.png,1.0,train_00192
001469.png,0.9999999,train_03370
001470.png,0.99999994,train_03816
001471.png,0.9999999,train_05832
001472.png,1.0000001,train_01173
001473.png,1.0,train_07243
001474.png,0.99999994,train_03510
001475.png,1.0000002,train_06079
001476.png,1.0,train_00213
001477.png,1.0000004,train_06736
001478.png,1.0000004,train_04464
001479.png,1.0000001,train_01558
001480.png,1.0,train_06753
001481.png,1.0000001,train_01140
001482.png,1.0,train_05901
001483.png,0.9999999,train_05357
001484.png,1.0,train_07986
001485.png,1.0,train_03235
001486.png,1.0,train_01002
001487.png,1.0,train_03556
001488.png,0.99999976,train_05464
001489.png,0.9999999,train_03351
001490.png,1.0000002,train_01567
001491.png,0.9999999,train_06838
001492.png,1.0000002,train_06063
001493.png,1.0000004,train_02907
001494.png,1.0,train_06183
001495.png,1.0000002,train_06973
001496.png,1.0,train_06998
001497.png,1.0000002,train_03118
001498.png,1.0000001,train_06993
001499.png,0.9999999,train_02228
001500.png,0.99999976,train_07942
001501.png,1.0000001,train_00230
001502.png,0.99999964,train_01019
001503.png,0.9999998,train_02848
001504.png,1.0000004,train_06119
001505.png,0.99999994,train_07359
001506.png,1.0,train_08012
001507.png,0.99999976,train_08139
001508.png,1.0,train_07928
001509.png,0.9999999,train_06812
001510.png,0.9999999,train_01375
001511.png,1.0000002,train_02544
001512.png,1.0000001,train_05000
001513.png,1.0000001,train_05692
001514.png,1.0,train_01820
001515.png,1.0000001,train_00165
001516.png,1.0000002,train_00135
001517.png,1.0,train_02207
001518.png,1.0,train_05165
001519.png,1.0000001,train_05037
001520.png,1.0000002,train_02747
001521.png,1.0000001,train_05733
001522.png,0.9999998,train_02050
001523.png,1.0000001,train_05784
001524.png,0.99999994,train_07294
001525.png,1.0,train_05636
001526.png,0.9999999,train_03765
001527.png,1.0,train_07922
001528.png,0.99999976,train_00842
001529.png,0.9999999,train_01382
001530.png,0.9999999,train_02511
001531.png,1.0000001,train_03780
001532.png,1.0,train_04458
001533.png,1.0000002,train_02631
001534.png,1.0000002,train_06706
001535.png,0.9999999,train_00599
001536.png,1.0,train_07104
001537.png,1.0000001,train_07784
001538.png,1.0000004,train_02444
001539.png,1.0000001,train_03766
001540.png,1.0000005,train_05083
001541.png,1.0,train_05064
001542.png,1.0000001,train_05430
001543.png,1.0000001,train_02618
001544.png,0.9999998,train_04925
001545.png,0.9999999,train_04996
001546.png,1.0000002,train_03172
001547.png,0.9999999,train_05281
001548.png,1.0000001,train_05936
001549.png,0.9999999,train_04634
001550.png,0.9999998,train_06633
001551.png,0.99999976,train_01813
001552.png,1.0000002,train_05503
001553.png,0.9999999,train_04448
001554.png,1.0000001,train_00346
001555.png,1.0000002,train_00451
001556.png,1.0000001,train_04382
001557.png,1.0,train_07404
001558.png,1.0000002,train_07475
001559.png,1.0000001,train_00628
001560.png,1.0000001,train_01888
001561.png,1.0000001,train_00880
001562.png,0.99999976,train_00889
001563.png,1.0000002,train_00513
001564.png,0.9999999,train_05827
001565.png,0.99999994,train_06199
001566.png,1.0,train_00337
001567.png,0.99999976,train_00934
001568.png,0.99999976,train_04198
001569.png,1.0000002,train_05811
001570.png,1.0000004,train_07644
001571.png,1.0,train_07945
001572.png,0.9999999,train_00830
001573.png,1.0000001,train_03256
001574.png,1.0000002,train_01226
001575.png,1.0000002,train_06765
001576.png,1.0000005,train_07082
001577.png,1.0000004,train_04143
001578.png,0.9999999,train_07972
001579.png,1.0000001,train_03255
001580.png,0.9999999,train_04451
001581.png,1.0,train_05962
001582.png,1.0000002,train_02522
001583.png,1.0000001,train_01087
001584.png,1.0000001,train_03256
001585.png,1.0,train_04826
001586.png,0.99999994,train_02350
001587.png,0.9999999,train_08091
001588.png,1.0000001,train_02426
001589.png,1.0000001,train_00636
001590.png,1.0000002,train_02059
001591.png,1.0000002,train_02723
001592.png,0.99999994,train_02611
001593.png,0.9999999,train_02743
001594.png,1.0000001,train_02148
001595.png,1.0000002,train_06657
001596.png,1.0000001,train_07329
001597.png,1.0,train_01430
001598.png,1.0,train_01554
001599.png,0.99999994,train_04535
001600.png,1.0000002,train_05743
001601.png,1.0000002,train_00918
001602.png,0.9999999,train_06256
001603.png,1.0000002,train_01955
001604.png,0.9999999,train_03901
001605.png,1.0000001,train_05809
001606.png,0.9999999,train_07031
001607.png,1.0000002,train_00531
001608.png,0.9999998,train_03821
001609.png,0.9999999,train_02732
001610.png,1.0,train_02628
001611.png,0.9999999,train_03196
001612.png,1.0,train_02924
001613.png,1.0,train_05306
001614.png,1.0000001,train_03863
001615.png,1.0000002,train_05478
001616.png,1.0000002,train_03980
001617.png,1.0,train_06771
001618.png,1.0000001,train_03977
001619.png,1.0,train_06974
001620.png,1.0000001,train_05733
001621.png,1.0000001,train_07772
001622.png,0.99999994,train_06997
001623.png,0.9999999,train_03537
001624.png,1.0,train_07869
001625.png,1.0,train_07016
001626.png,0.9999999,train_01965
001627.png,0.99999976,train_02698
001628.png,1.0,train_07102
001629.png,0.9999999,train_05960
001630.png,1.0000002,train_03130
001631.png,1.0000001,train_01989
001632.png,0.9999999,train_03019
001633.png,1.0000002,train_06306
001634.png,0.9999998,train_04530
001635.png,0.99999976,train_03257
001636.png,0.99999994,train_02751
001637.png,0.9999999,train_05724
001638.png,1.0,train_01273
001639.png,1.0000002,train_06912
001640.png,1.0,train_06627
001641.png,1.0,train_03660
001642.png,1.0,train_07502
001643.png,1.0000001,train_07977
001644.png,1.0000004,train_00854
001645.png,1.0,train_03438
001646.png,1.0000005,train_06175
001647.png,1.0000001,train_07699
001648.png,1.0,train_07033
001649.png,1.0000001,train_03255
001650.png,0.99999976,train_06934
001651.png,0.9999999,train_05469
001652.png,0.9999999,train_04998
001653.png,0.99999976,train_05472
001654.png,0.9999999,train_03832
001655.png,1.0000005,train_01154
001656.png,1.0000002,train_01958
001657.png,1.0,train_01767
001658.png,1.0000001,train_01030
001659.png,1.0000002,train_05268
001660.png,0.9999999,train_07092
001661.png,0.9999999,train_00282
001662.png,1.0000002,train_00252
001663.png,0.9999998,train_00419
001664.png,1.0,train_05774
001665.png,1.0000002,train_05951
001666.png,0.9999999,train_07545
001667.png,1.0000001,train_04501
001668.png,1.0000001,train_01363
001669.png,0.9999999,train_05142
001670.png,1.0,train_02879
001671.png,1.0000001,train_00974
001672.png,0.9999999,train_08097
001673.png,1.0000004,train_00373
001674.png,1.0000001,train_00020
001675.png,1.0,train_05737
001676.png,1.0000002,train_03855
001677.png,1.0,train_06589
001678.png,0.99999994,train_06754
001679.png,0.9999996,train_07188
001680.png,0.9999998,train_05042
001681.png,1.0,train_08006
001682.png,0.9999999,train_03526
001683.png,1.0,train_04429
001684.png,1.0,train_02786
001685.png,1.0000002,train_00110
001686.png,0.99999976,train_02698
001687.png,1.0,train_01947
001688.png,1.0,train_07134
001689.png,1.0,train_07903
001690.png,1.0,train_00857
001691.png,1.0000002,train_08016
001692.png,0.99999976,train_04947
001693.png,1.0000002,train_04644
001694.png,1.0,train_06608
001695.png,1.0000001,train_00097
001696.png,1.0,train_06579
001697.png,1.0000001,train_00997
001698.png,1.0000001,train_05143
001699.png,0.99999994,train_07172
001700.png,1.0000002,train_04447
001701.png,0.9999999,train_02533
001702.png,1.0000001,train_05704
001703.png,1.0000001,train_03648
001704.png,0.99999964,train_00395
001705.png,1.0000001,train_03137
001706.png,1.0000004,train_03355
001707.png,0.9999998,train_04792
001708.png,1.0,train_03950
001709.png,1.0,train_07702
001710.png,1.0,train_02451
001711.png,1.0000002,train_05333
001712.png,1.0000001,train_03103
001713.png,1.0000001,train_05643
001714.png,0.99999994,train_01034
001715.png,1.0000001,train_03796
001716.png,1.0,train_05119
001717.png,1.0000002,train_03637
001718.png,1.0000001,train_04515
001719.png,0.9999999,train_00487
001720.png,1.0,train_01301
001721.png,1.0000005,train_02087
001722.png,0.99999976,train_05571
001723.png,0.99999976,train_00259
001724.png,1.0000002,train_07148
001725.png,1.0000001,train_03431
001726.png,1.0000001,train_02230
001727.png,1.0,train_03849
001728.png,1.0000002,train_00965
001729.png,1.0000001,train_00023
001730.png,1.0,train_04889
001731.png,0.99999994,train_00617
001732.png,0.99999994,train_05363
001733.png,0.9999999,train_06928
001734.png,1.0,train_05222
001735.png,1.0000002,train_00007
001736.png,1.0000002,train_05734
001737.png,1.0,train_06030
001738.png,1.0,train_01633
001739.png,0.9999999,train_04714
001740.png,0.9999999,train_06544
001741.png,0.9999999,train_07051
001742.png,1.0,train_03614
001743.png,0.99999994,train_04242
001744.png,0.99999994,train_04275
001745.png,1.0,train_00058
001746.png,1.0,train_05321
001747.png,1.0,train_02093
001748.png,1.0,train_06581
001749.png,0.9999999,train_05808
001750.png,1.0000002,train_00461
001751.png,1.0,train_06452
001752.png,1.0000001,train_00561
001753.png,0.99999976,train_01149
001754.png,0.99999976,train_01963
001755.png,0.9999999,train_00591
001756.png,1.0,train_03420
001757.png,1.0000002,train_07658
001758.png,1.0,train_02961
001759.png,0.9999998,train_06408
001760.png,1.0,train_04443
001761.png,1.0,train_01997
001762.png,0.9999999,train_08070
001763.png,1.0000002,train_00743
001764.png,1.0000001,train_08095
001765.png,0.9999998,train_06094
001766.png,0.9999999,train_03590
001767.png,1.0,train_04865
001768.png,0.9999999,train_01381
001769.png,1.0,train_03368
001770.png,1.0,train_01684
001771.png,0.99999964,train_06844
001772.png,1.0,train_00323
001773.png,1.0000001,train_02484
001774.png,1.0000002,train_00729
001775.png,1.0000001,train_01473
001776.png,1.0,train_00058
001777.png,1.0000001,train_07422
001778.png,1.0,train_04350
001779.png,0.9999999,train_02502
001780.png,1.0,train_00192
001781.png,0.9999999,train_02121
001782.png,0.9999999,train_04874
001783.png,1.0000002,train_06983
001784.png,1.0,train_01178
001785.png,0.99999976,train_02210
001786.png,1.0,train_02749
001787.png,1.0,train_06583
001788.png,1.0000001,train_06170
001789.png,1.0000001,train_05680
001790.png,1.0,train_05148
001791.png,1.0,train_01792
001792.png,1.0,train_05306
001793.png,1.0,train_02766
001794.png,1.0000001,train_00425
001795.png,1.0,train_01976
001796.png,1.0,train_04854
001797.png,0.99999994,train_02763
001798.png,0.99999994,train_04227
001799.png,0.9999999,train_03383
001800.png,1.0000001,train_03990
001801.png,1.0000002,train_00263
001802.png,1.0000001,train_03866
001803.png,1.0000002,train_03329
001804.png,1.0,train_01799
001805.png,1.0000001,train_07165
001806.png,0.9999999,train_05469
001807.png,1.0000002,train_01206
001808.png,0.9999999,train_07228
001809.png,1.0,train_01298
001810.png,1.0,train_06605
001811.png,1.0,train_04743
001812.png,1.0000001,train_05825
001813.png,1.0000002,train_06913
001814.png,0.9999999,train_02117
001815.png,1.0000001,train_03656
001816.png,1.0,train_01227
001817.png,1.0,train_04699
001818.png,1.0000002,train_04072
001819.png,1.0000002,train_00451
001820.png,1.0000002,train_04302
001821.png,1.0,train_02963
001822.png,1.0,train_06295
001823.png,1.0,train_02305
001824.png,1.0000005,train_00009
001825.png,1.0000002,train_07438
001826.png,1.0000001,train_05680
001827.png,1.0000002,train_06805
001828.png,0.9999999,train_05611
001829.png,0.9999998,train_02420
001830.png,0.99999994,train_05419
001831.png,0.9999998,train_00449
001832.png,1.0,train_07271
001833.png,1.0000001,train_05214
001834.png,1.0,train_06516
001835.png,1.0,train_04193
001836.png,1.0,train_05148
001837.png,0.9999999,train_05093
001838.png,1.0,train_06932
001839.png,1.0,train_05225
001840.png,1.0,train_06261
001841.png,1.0,train_00223
001842.png,0.9999999,train_02671
001843.png,1.0,train_00853
001844.png,1.0000001,train_05764
001845.png,1.0000001,train_03568
001846.png,1.0000002,train_01578
001847.png,1.0000002,train_01794
001848.png,1.0000004,train_05745
001849.png,0.9999999,train_01875
001850.png,0.99999994,train_03100
001851.png,0.9999998,train_07711
001852.png,0.99999964,train_03212
001853.png,1.0,train_01670
001854.png,1.0000004,train_00076
001855.png,0.9999999,train_01275
001856.png,1.0000005,train_00845
001857.png,1.0000001,train_02455
001858.png,1.0,train_02771
001859.png,1.0000002,train_06102
001860.png,0.99999976,train_05799
001861.png,1.0000001,train_04300
001862.png,1.0,train_08137
001863.png,1.0,train_02021
001864.png,0.9999999,train_03725
001865.png,1.0000001,train_07025
001866.png,0.9999999,train_01752
001867.png,1.0000001,train_03914
001868.png,1.0,train_07849
001869.png,1.0000001,train_03645
001870.png,0.99999994,train_04016
001871.png,0.9999999,train_03119
001872.png,0.99999994,train_01365
001873.png,1.0000002,train_03427
001874.png,1.0,train_05677
001875.png,1.0,train_06433
001876.png,1.0000002,train_00783
001877.png,0.9999998,train_03557
001878.png,1.0000002,train_01377
001879.png,1.0000002,train_01712
001880.png,1.0000001,train_05753
001881.png,1.0,train_03389
001882.png,1.0,train_04305
001883.png,1.0,train_07710
001884.png,0.99999994,train_03571
001885.png,1.0,train_06056
001886.png,1.0000001,train_01982
001887.png,0.9999998,train_05631
001888.png,1.0000001,train_01037
001889.png,1.0000001,train_02913
001890.png,1.0000001,train_07775
001891.png,1.0000004,train_05917
001892.png,1.0000004,train_02884
001893.png,0.9999999,train_04307
001894.png,1.0000002,train_02396
001895.png,0.9999999,train_03765
001896.png,1.0000002,train_07279
001897.png,1.0000002,train_03687
001898.png,0.9999999,train_00100
001899.png,1.0000001,train_07507
001900.png,1.0,train_05100
001901.png,1.0,train_07214
001902.png,1.0,train_01238
001903.png,0.9999999,train_06734
001904.png,0.9999997,train_02091
001905.png,1.0000001,train_06318
001906.png,1.0000001,train_00125
001907.png,1.0,train_05050
001908.png,0.99999994,train_06670
001909.png,1.0000002,train_06612
001910.png,0.9999999,train_04785
001911.png,1.0,train_04780
001912.png,1.0000002,train_05926
001913.png,0.99999994,train_03440
001914.png,1.0000001,train_01140
001915.png,0.9999998,train_05620
001916.png,1.0000002,train_07520
001917.png,1.0,train_01779
001918.png,0.9999999,train_04116
001919.png,1.0,train_04637
001920.png,1.0000002,train_05537
001921.png,0.99999994,train_01322
001922.png,1.0,train_06767
001923.png,1.0000001,train_04873
001924.png,1.0,train_04669
001925.png,1.0000001,train_03120
001926.png,0.9999999,train_01328
001927.png,0.99999994,train_01215
001928.png,1.0000002,train_03643
001929.png,1.0000002,train_03808
001930.png,1.0000001,train_07050
001931.png,1.0000002,train_07377
001932.png,1.0,train_03924
001933.png,1.0000002,train_06757
001934.png,1.0,train_06681
001935.png,0.9999999,train_07150
001936.png,0.9999999,train_00412
001937.png,1.0000005,train_06740
001938.png,0.9999999,train_06299
001939.png,1.0,train_06760
001940.png,1.0,train_04997
001941.png,0.99999976,train_04755
001942.png,1.0000002,train_01197
001943.png,1.0000001,train_03139
001944.png,1.0000001,train_00448
001945.png,0.99999976,train_06404
001946.png,0.99999994,train_04489
001947.png,1.0000002,train_05414
001948.png,1.0000002,train_01999
001949.png,0.99999994,train_07264
001950.png,1.0000001,train_03866
001951.png,0.9999999,train_06144
001952.png,1.0000002,train_07592
001953.png,1.0000001,train_01053
001954.png,0.9999999,train_05190
001955.png,0.9999999,train_03778
001956.png,1.0,train_01695
001957.png,1.0,train_03321
001958.png,1.0000002,train_02452
001959.png,0.9999999,train_00404
001960.png,1.0000001,train_03170
001961.png,1.0000004,train_06125
001962.png,1.0,train_05356
001963.png,1.0000001,train_05914
001964.png,1.0000001,train_01622
001965.png,1.0000002,train_01459
001966.png,1.0000002,train_02322
001967.png,0.9999999,train_01686
001968.png,1.0000002,train_04870
001969.png,1.0000001,train_00129
001970.png,1.0000002,train_00951
001971.png,1.0000001,train_01649
001972.png,1.0,train_00377
001973.png,1.0,train_04765
001974.png,1.0000001,train_05642
001975.png,1.0,train_05750
001976.png,0.99999994,train_04100
001977.png,1.0,train_06630
001978.png,1.0000001,train_01363
001979.png,1.0,train_00577
001980.png,1.0000001,train_07285
001981.png,1.0000001,train_03301
001982.png,1.0000002,train_00474
001983.png,1.0000001,train_05326
001984.png,0.9999997,train_06184
001985.png,1.0000001,train_02407
001986.png,1.0000002,train_05630
001987.png,1.0000002,train_01459
001988.png,0.9999995,train_06338
001989.png,1.0000002,train_01870
001990.png,1.0000002,train_04951
001991.png,1.0,train_00894
001992.png,1.0,train_03096
001993.png,1.0000002,train_07686
001994.png,0.99999976,train_08138
001995.png,1.0000002,train_05030
001996.png,1.0,train_06295
001997.png,1.0,train_00683
001998.png,1.0,train_00477
001999.png,1.0000005,train_02087
002000.png,1.0,train_04794
002001.png,0.99999976,train_06966
002002.png,1.0000001,train_00154
002003.png,1.0000001,train_01114
002004.png,1.0000002,train_00715
002005.png,1.0,train_00344
002006.png,1.0000001,train_02129
002007.png,1.0,train_02914
002008.png,1.0,train_00592
002009.png,1.0000001,train_07335
002010.png,1.0,train_02252
002011.png,1.0000002,train_04124
002012.png,1.0,train_08133
002013.png,1.0000001,train_05818
002014.png,1.0,train_00214
002015.png,1.0000002,train_03069
002016.png,1.0,train_03927
002017.png,1.0000002,train_07162
002018.png,1.0000001,train_04887
002019.png,0.9999999,train_02182
002020.png,1.0,train_08077
002021.png,1.0000001,train_01053
002022.png,1.0000002,train_06481
002023.png,1.0,train_00334
002024.png,0.99999976,train_03657
002025.png,1.0,train_06623
002026.png,1.0000001,train_04260
002027.png,0.9999999,train_02491
002028.png,0.99999976,train_04137
002029.png,1.0,train_06629
002030.png,1.0000002,train_04352
002031.png,0.99999994,train_03816
002032.png,1.0,train_03226
002033.png,1.0,train_04857
002034.png,1.0000002,train_02340
002035.png,1.0000001,train_03710
002036.png,1.0,train_05167
002037.png,1.0000001,train_06053
002038.png,1.0000002,train_06303
002039.png,0.9999999,train_06640
002040.png,1.0,train_03158
002041.png,1.0,train_02995
002042.png,0.99999994,train_05320
002043.png,0.99999976,train_03600
002044.png,0.9999999,train_04787
002045.png,1.0000002,train_05354
002046.png,1.0,train_01984
002047.png,1.0000001,train_07378
002048.png,1.0,train_07337
002049.png,1.0000002,train_02301
002050.png,0.9999999,train_08126
002051.png,1.0,train_06100
002052.png,0.9999999,train_06092
002053.png,1.0,train_00491
002054.png,0.99999976,train_04420
002055.png,1.0000002,train_06737
002056.png,1.0000001,train_02191
002057.png,0.99999994,train_02763
002058.png,0.99999976,train_04031
002059.png,1.0,train_01194
002060.png,1.0,train_00309
002061.png,1.0000002,train_01220
002062.png,1.0000001,train_05115
002063.png,0.99999976,train_04452
002064.png,1.0000001,train_00941
002065.png,0.99999976,train_02367
002066.png,1.0000001,train_07992
002067.png,1.0000001,train_00115
002068.png,0.9999999,train_00305
002069.png,1.0000002,train_02154
002070.png,1.0,train_08132
002071.png,1.0000001,train_08090
002072.png,0.99999994,train_04703
002073.png,1.0,train_04625
002074.png,1.0,train_02005
002075.png,0.9999999,train_01486
002076.png,0.99999976,train_05200
002077.png,1.0,train_07610
002078.png,1.0,train_04225
002079.png,1.0000001,train_06243
002080.png,0.9999999,train_03357
002081.png,1.0,train_03515
002082.png,1.0000002,train_03542
002083.png,0.9999999,train_06869
002084.png,1.0000001,train_00509
002085.png,1.0000001,train_00663
002086.png,1.0000002,train_04908
002087.png,1.0,train_04494
002088.png,1.0,train_07618
002089.png,0.9999999,train_05401
002090.png,1.0000004,train_02651
002091.png,1.0,train_01071
002092.png,0.9999998,train_06950
002093.png,1.0000001,train_02000
002094.png,1.0,train_01052
002095.png,0.99999976,train_01455
002096.png,0.99999994,train_07342
002097.png,0.99999994,train_04287
002098.png,0.9999999,train_02287
002099.png,1.0000002,train_01075
002100.png,0.99999994,train_04455
002101.png,1.0000006,train_07936
002102.png,1.0000001,train_06392
002103.png,1.0000001,train_02424
002104.png,0.9999999,train_01824
002105.png,0.99999994,train_06418
002106.png,0.99999964,train_04237
002107.png,0.9999994,train_08027
002108.png,1.0,train_03319
002109.png,1.0000001,train_01499
002110.png,0.99999976,train_07615
002111.png,0.9999998,train_06420
002112.png,1.0000001,train_07496
002113.png,1.0000002,train_06018
002114.png,1.0000001,train_00835
002115.png,0.9999998,train_00850
002116.png,1.0000002,train_06964
002117.png,1.0000001,train_03661
002118.png,0.9999999,train_04444
002119.png,1.0,train_03349
002120.png,1.0000001,train_05221
002121.png,1.0,train_04188
002122.png,1.0000001,train_05492
002123.png,1.0000002,train_05637
002124.png,1.0,train_01333
002125.png,1.0000002,train_06699
002126.png,1.0000002,train_01197
002127.png,1.0000001,train_02342
002128.png,1.0,train_02771
002129.png,1.0,train_01008
002130.png,1.0000001,train_03620
002131.png,1.0,train_00739
002132.png,1.0,train_05131
002133.png,0.99999976,train_03151
002134.png,1.0,train_04496
002135.png,1.0000001,train_04890
002136.png,1.0000002,train_01602
002137.png,1.0,train_04070
002138.png,1.0,train_01997
002139.png,1.0000001,train_05751
002140.png,1.0000002,train_07586
002141.png,0.9999999,train_05102
002142.png,1.0,train_01596
002143.png,1.0,train_04744
002144.png,0.9999998,train_00819
002145.png,1.0000004,train_07995
002146.png,1.0,train_06685
002147.png,0.9999999,train_00768
002148.png,1.0000002,train_07532
002149.png,0.9999998,train_06969
002150.png,1.0000002,train_02592
002151.png,1.0000001,train_05900
002152.png,0.9999999,train_03430
002153.png,1.0,train_04980
002154.png,0.9999999,train_00564
002155.png,1.0000002,train_06737
002156.png,0.9999999,train_06640
002157.png,0.99999994,train_04099
002158.png,1.0,train_07833
002159.png,1.0000002,train_01220
002160.png,1.0000001,train_00364
002161.png,1.0,train_05148
002162.png,0.99999976,train_05480
002163.png,1.0000002,train_04839
002164.png,1.0000001,train_07035
002165.png,0.99999976,train_03040
002166.png,1.0,train_02771
002167.png,1.0,train_03435
002168.png,0.99999994,train_05450
002169.png,1.0000002,train_00056
002170.png,1.0000002,train_07914
002171.png,1.0000002,train_03425
002172.png,0.9999999,train_02731
002173.png,1.0000001,train_05345
002174.png,1.0000001,train_06124
002175.png,1.0,train_03540
002176.png,0.9999999,train_04204
002177.png,1.0,train_04740
002178.png,0.9999999,train_01862
002179.png,1.0000001,train_00533
002180.png,1.0000002,train_06310
002181.png,1.0000002,train_05921
002182.png,1.0000001,train_03790
002183.png,1.0000004,train_00061
002184.png,1.0,train_00739
002185.png,0.9999999,train_00916
002186.png,1.0000001,train_02201
002187.png,1.0000001,train_02573
002188.png,1.0000004,train_01023
002189.png,0.99999976,train_04452
002190.png,0.9999999,train_06565
002191.png,1.0000002,train_06471
002192.png,1.0,train_01527
002193.png,1.0000001,train_03393
002194.png,0.9999999,train_00120
002195.png,0.9999999,train_04157
002196.png,1.0000001,train_07818
002197.png,0.9999998,train_07014
002198.png,1.0000002,train_00382
002199.png,1.0000002,train_03670
002200.png,0.9999999,train_07080
002201.png,1.0000002,train_06757
002202.png,1.0000002,train_00672
002203.png,1.0,train_00353
002204.png,1.0000001,train_01576
002205.png,1.0000004,train_02019
002206.png,0.9999999,train_00717
002207.png,1.0000001,train_06214
002208.png,1.0,train_02305
002209.png,0.9999999,train_05960
002210.png,1.0000004,train_00327
002211.png,0.9999999,train_06027
002212.png,0.99999994,train_00126
002213.png,1.0000002,train_01423
002214.png,1.0,train_00378
002215.png,1.0,train_00909
002216.png,1.0000001,train_05618
002217.png,1.0000002,train_01106
002218.png,0.99999976,train_04079
002219.png,1.0,train_05548
002220.png,1.0000001,train_04162
002221.png,1.0000001,train_06002
002222.png,0.9999999,train_02029
002223.png,1.0,train_02636
002224.png,1.0000002,train_00382
002225.png,1.0000002,train_05830
002226.png,1.0,train_04706
002227.png,0.9999999,train_05300
002228.png,1.0000001,train_06223
002229.png,1.0,train_07048
002230.png,1.0000001,train_02944
002231.png,0.99999994,train_00296
002232.png,1.0000002,train_02258
002233.png,0.9999999,train_00816
002234.png,0.9999999,train_01948
002235.png,1.0000001,train_05115
002236.png,1.0,train_05581
002237.png,1.0000004,train_03327
002238.png,0.9999998,train_06952
002239.png,1.0000001,train_00865
002240.png,1.0000001,train_04604
002241.png,0.99999994,train_01542
002242.png,1.0000004,train_03940
002243.png,1.0,train_01952
002244.png,0.99999994,train_07123
002245.png,1.0,train_06685
002246.png,1.0,train_00057
002247.png,1.0,train_07865
002248.png,0.9999999,train_03941
002249.png,0.9999999,train_02117
002250.png,0.99999994,train_03571
002251.png,0.99999976,train_07991
002252.png,0.9999998,train_01156
002253.png,0.9999999,train_02983
002254.png,1.0000002,train_07421
002255.png,1.0,train_03018
002256.png,0.9999998,train_00907
002257.png,1.0,train_01297
002258.png,1.0,train_07739
002259.png,0.99999976,train_01702
002260.png,0.99999976,train_01421
002261.png,1.0,train_07425
002262.png,1.0000001,train_04549
002263.png,1.0000005,train_03211
002264.png,1.0,train_04429
002265.png,1.0000002,train_02173
002266.png,0.9999999,train_06576
002267.png,1.0,train_05438
002268.png,0.9999999,train_03275
002269.png,1.0000001,train_04015
002270.png,1.0000002,train_01026
002271.png,0.9999999,train_05613
002272.png,1.0000002,train_00919
002273.png,0.9999999,train_00810
002274.png,0.9999998,train_03490
002275.png,1.0000001,train_00532
002276.png,0.9999999,train_05766
002277.png,1.0000001,train_03830
002278.png,0.9999999,train_03547
002279.png,1.0000001,train_06025
002280.png,1.0000001,train_01539
002281.png,1.0000001,train_05140
002282.png,0.99999994,train_04942
002283.png,1.0,train_08112
002284.png,0.9999999,train_06207
002285.png,1.0,train_03298
002286.png,1.0000002,train_00616
002287.png,1.0000004,train_02998
002288.png,1.0000004,train_05879
002289.png,1.0,train_06548
002290.png,1.0000002,train_07722
002291.png,0.99999976,train_02585
002292.png,1.0,train_02499
002293.png,1.0000005,train_06130
002294.png,1.0,train_06434
002295.png,0.9999998,train_05514
002296.png,0.99999994,train_05549
002297.png,0.99999964,train_00395
002298.png,1.0000005,train_07186
002299.png,0.9999999,train_05490
002300.png,1.0000005,train_01102
002301.png,1.0000001,train_03137
002302.png,0.9999999,train_06762
002303.png,0.99999976,train_06825
002304.png,1.0000004,train_04231
002305.png,1.0,train_00547
002306.png,1.0,train_07126
002307.png,1.0000002,train_05963
002308.png,1.0,train_00197
002309.png,0.9999998,train_07711
002310.png,0.99999994,train_01092
002311.png,1.0000001,train_05385
002312.png,0.9999999,train_06826
002313.png,1.0000002,train_07580
002314.png,0.9999998,train_07978
002315.png,1.0,train_04600
002316.png,1.0,train_08077
002317.png,1.0,train_07522
002318.png,0.9999998,train_06742
002319.png,0.9999999,train_00957
002320.png,1.0,train_07986
002321.png,0.9999997,train_05902
002322.png,1.0000001,train_03675
002323.png,1.0000001,train_05958
002324.png,0.99999994,train_05380
002325.png,0.99999994,train_07333
002326.png,1.0000002,train_04700
002327.png,1.0,train_06314
002328.png,1.0,train_03556
002329.png,1.0,train_07344
002330.png,1.0,train_07741
002331.png,1.0,train_06745
002332.png,0.9999999,train_06553
002333.png,0.99999976,train_00375
002334.png,0.99999976,train_06160
002335.png,0.9999999,train_00427
002336.png,0.9999999,train_00065
002337.png,1.0,train_07337
002338.png,1.0,train_05831
002339.png,0.9999999,train_02743
002340.png,0.99999994,train_01513
002341.png,1.0,train_01253
002342.png,1.0,train_02051
002343.png,1.0,train_01427
002344.png,1.0000001,train_03877
002345.png,1.0000004,train_02463
002346.png,1.0000002,train_02572
002347.png,1.0,train_02816
002348.png,0.99999976,train_03315
002349.png,1.0000002,train_04385
002350.png,1.0,train_00340
002351.png,1.0000002,train_03852
002352.png,1.0,train_00437
002353.png,1.0000004,train_02039
002354.png,1.0000001,train_00307
002355.png,1.0000001,train_06360
002356.png,1.0000002,train_00976
002357.png,0.9999999,train_00827
002358.png,0.9999999,train_00052
002359.png,1.0000001,train_00504
002360.png,1.0000004,train_04046
002361.png,0.9999999,train_00886
002362.png,1.0000004,train_00102
002363.png,1.0000002,train_02338
002364.png,0.9999999,train_05860
002365.png,1.0000001,train_03558
002366.png,0.9999999,train_03019
002367.png,0.9999997,train_03246
002368.png,1.0000004,train_04741
002369.png,1.0000001,train_03255
002370.png,1.0000001,train_06065
002371.png,1.0,train_04945
002372.png,0.9999999,train_05361
002373.png,0.9999999,train_05041
002374.png,0.99999994,train_04145
002375.png,1.0000001,train_01812
002376.png,0.9999999,train_06022
002377.png,1.0000001,train_04251
002378.png,1.0,train_04795
002379.png,0.9999998,train_01595
002380.png,1.0000001,train_03914
002381.png,1.0000001,train_08105
002382.png,1.0000002,train_02685
002383.png,0.9999996,train_04353
002384.png,1.0000001,train_04309
002385.png,1.0,train_01532
002386.png,1.0000001,train_03137
002387.png,1.0,train_05101
002388.png,0.9999999,train_00206
002389.png,1.0000002,train_07820
002390.png,0.99999994,train_04938
002391.png,1.0000002,train_04885
002392.png,1.0000002,train_04961
002393.png,1.0000004,train_01690
002394.png,0.99999994,train_05363
002395.png,0.99999994,train_00807
002396.png,0.9999999,train_05425
002397.png,1.0000001,train_04882
002398.png,1.0,train_07886
002399.png,1.0,train_04360
002400.png,1.0000001,train_00125
002401.png,1.0,train_03102
002402.png,1.0,train_05748
002403.png,1.0000004,train_02648
002404.png,1.0000002,train_07058
002405.png,0.9999999,train_00310
002406.png,1.0,train_00323
002407.png,1.0,train_01180
002408.png,0.99999976,train_01192
002409.png,1.0000001,train_07191
002410.png,0.9999999,train_04856
002411.png,1.0,train_04824
002412.png,1.0000002,train_03152
002413.png,1.0000002,train_07854
002414.png,0.99999976,train_08087
002415.png,1.0000002,train_05590
002416.png,0.99999964,train_04237
002417.png,1.0000001,train_07409
002418.png,1.0000001,train_06267
002419.png,0.9999999,train_00564
002420.png,1.0,train_03599
002421.png,1.0000004,train_00789
002422.png,0.99999994,train_02512
002423.png,1.0000001,train_03710
002424.png,1.0,train_07180
002425.png,1.0000001,train_05648
002426.png,0.9999998,train_07810
002427.png,1.0000001,train_06886
002428.png,1.0,train_06863
002429.png,1.0,train_04767
002430.png,1.0000002,train_07160
002431.png,1.0000001,train_04462
002432.png,0.99999994,train_00436
002433.png,1.0000002,train_01627
002434.png,1.0000001,train_00697
002435.png,0.9999999,train_05949
002436.png,1.0,train_01225
002437.png,1.0,train_06451
002438.png,1.0000001,train_03519
002439.png,1.0,train_04012
002440.png,1.0000002,train_06332
002441.png,0.99999976,train_06678
002442.png,0.99999994,train_00769
002443.png,1.0000002,train_03138
002444.png,0.99999994,train_03554
002445.png,1.0000001,train_02612
002446.png,1.0000002,train_06621
002447.png,1.0000001,train_06386
002448.png,0.9999999,train_07828
002449.png,1.0000001,train_00097
002450.png,1.0000001,train_06347
002451.png,1.0,train_00739
002452.png,0.9999998,train_03978
002453.png,1.0,train_02405
002454.png,1.0,train_03551
002455.png,1.0000002,train_00918
002456.png,0.9999998,train_01817
002457.png,1.0,train_03683
002458.png,0.99999976,train_00728
002459.png,1.0000001,train_02455
002460.png,1.0000005,train_05633
002461.png,1.0,train_01981
002462.png,0.9999999,train_01563
002463.png,1.0000001,train_05141
002464.png,1.0,train_06689
002465.png,1.0,train_00622
002466.png,1.0000002,train_05722
002467.png,0.9999999,train_03831
002468.png,0.99999976,train_07895
002469.png,1.0000002,train_05066
002470.png,0.9999999,train_04649
002471.png,1.0000002,train_01727
002472.png,1.0,train_02185
002473.png,1.0000002,train_02681
002474.png,1.0,train_03183
002475.png,1.0,train_06109
002476.png,1.0000002,train_00738
002477.png,1.0,train_04857
002478.png,1.0,train_03096
002479.png,1.0000002,train_02168
002480.png,1.0000002,train_06181
002481.png,1.0,train_05309
002482.png,1.0,train_08057
002483.png,1.0000001,train_00346
002484.png,0.9999999,train_00124
002485.png,0.9999999,train_00564
002486.png,1.0,train_05627
002487.png,1.0,train_07400
002488.png,1.0000002,train_05327
002489.png,1.0000001,train_04746
002490.png,1.0000004,train_05205
002491.png,0.9999999,train_08000
002492.png,1.0000001,train_00670
002493.png,0.99999976,train_04452
002494.png,1.0000002,train_06456
002495.png,0.9999998,train_00002
002496.png,1.0,train_05236
002497.png,0.99999976,train_01632
002498.png,1.0000002,train_06385
002499.png,0.9999999,train_01285
002500.png,0.99999994,train_04535
002501.png,1.0000002,train_05091
002502.png,1.0,train_05695
002503.png,0.9999999,train_00363
002504.png,1.0000002,train_02476
002505.png,1.0,train_03946
002506.png,1.0,train_02355
002507.png,1.0000001,train_04770
002508.png,1.0000002,train_01257
002509.png,1.0000001,train_05184
002510.png,0.99999976,train_01746
002511.png,1.0000001,train_05670
002512.png,0.9999999,train_00150
002513.png,0.9999999,train_05961
002514.png,1.0,train_03699
002515.png,1.0000004,train_05117
002516.png,1.0000001,train_00176
002517.png,0.9999999,train_07957
002518.png,1.0000001,train_02846
002519.png,0.9999999,train_06542
002520.png,1.0000004,train_01928
002521.png,1.0000001,train_02792
002522.png,1.0000002,train_00163
002523.png,0.9999999,train_07675
002524.png,1.0000001,train_04730
002525.png,1.0000002,train_02012
002526.png,1.0,train_03465
002527.png,1.0,train_00348
002528.png,0.9999999,train_02162
002529.png,0.99999994,train_06086
002530.png,1.0,train_00546
002531.png,1.0000002,train_07281
002532.png,1.0000001,train_08039
002533.png,1.0000002,train_03130
002534.png,1.0000002,train_01106
002535.png,1.0000005,train_07186
002536.png,0.99999976,train_04036
002537.png,1.0000002,train_01254
002538.png,0.99999994,train_07653
002539.png,1.0000002,train_05034
002540.png,1.0000002,train_00766
002541.png,1.0000002,train_01491
002542.png,0.99999994,train_01967
002543.png,0.99999964,train_02070
002544.png,0.9999999,train_05586
002545.png,1.0000001,train_05759
002546.png,1.0,train_01536
002547.png,1.0,train_00109
002548.png,0.9999997,train_07830
002549.png,1.0000001,train_08015
002550.png,1.0000002,train_07390
002551.png,1.0,train_04593
002552.png,1.0000002,train_02123
002553.png,1.0,train_06482
002554.png,1.0000001,train_03519
002555.png,0.9999999,train_02970
002556.png,0.99999994,train_04752
002557.png,1.0000002,train_00356
002558.png,1.0000002,train_00226
002559.png,0.9999999,train_05863
002560.png,1.0000001,train_05623
002561.png,1.0,train_06072
002562.png,1.0000004,train_00327
002563.png,0.9999999,train_00901
002564.png,1.0,train_07287
002565.png,1.0,train_00485
002566.png,1.0000001,train_04696
002567.png,0.9999999,train_02085
002568.png,1.0,train_05593
002569.png,0.99999976,train_01537
002570.png,0.99999994,train_01411
002571.png,0.9999998,train_03638
002572.png,0.9999999,train_06789
002573.png,0.99999976,train_00656
002574.png,1.0000001,train_05487
002575.png,0.9999999,train_05769
002576.png,0.9999999,train_05657
002577.png,1.0,train_02940
002578.png,1.0,train_05545
002579.png,1.0000001,train_04680
002580.png,0.9999999,train_01824
002581.png,0.9999998,train_03638
002582.png,1.0,train_03078
002583.png,1.0000002,train_00729
002584.png,0.9999998,train_02031
002585.png,1.0000002,train_06764
002586.png,0.99999994,train_07680
002587.png,1.0,train_06241
002588.png,0.9999999,train_02118
002589.png,0.9999999,train_02694
002590.png,0.9999999,train_03190
002591.png,1.0000001,train_01037
002592.png,0.99999994,train_06919
002593.png,1.0000002,train_07586
002594.png,1.0,train_02314
002595.png,0.99999994,train_01432
002596.png,1.0,train_07413
002597.png,0.99999976,train_00371
002598.png,1.0,train_01606
002599.png,1.0000002,train_03669
002600.png,1.0,train_01301
002601.png,0.9999999,train_01136
002602.png,1.0,train_06031
002603.png,1.0000001,train_06609
002604.png,1.0000004,train_07218
002605.png,0.9999999,train_06789
002606.png,1.0000002,train_05375
002607.png,0.99999976,train_07226
002608.png,1.0,train_07708
002609.png,1.0000001,train_07282
002610.png,1.0,train_02290
002611.png,1.0,train_04916
002612.png,0.99999976,train_00720
002613.png,1.0000002,train_01044
002614.png,0.9999999,train_06734
002615.png,1.0000002,train_01993
002616.png,0.99999994,train_06032
002617.png,0.9999997,train_01126
002618.png,1.0000005,train_03245
002619.png,1.0,train_07841
002620.png,0.99999994,train_06199
002621.png,1.0000002,train_01147
002622.png,1.0,train_01909
002623.png,0.9999999,train_03831
002624.png,0.9999999,train_07679
002625.png,1.0000001,train_04158
002626.png,1.0,train_07938
002627.png,0.9999998,train_07038
002628.png,1.0,train_05111
002629.png,0.99999994,train_04336
002630.png,1.0,train_05199
002631.png,1.0,train_05262
002632.png,1.0000001,train_04712
002633.png,1.0000001,train_06906
002634.png,0.9999999,train_01486
002635.png,1.0000002,train_03741
002636.png,1.0000002,train_05288
002637.png,1.0000002,train_02679
002638.png,1.0000004,train_05264
002639.png,0.9999999,train_04874
002640.png,1.0,train_03075
002641.png,0.9999999,train_04929
002642.png,1.0000002,train_04483
002643.png,1.0,train_03418
002644.png,1.0000001,train_07260
002645.png,1.0000001,train_06943
002646.png,1.0000002,train_00164
002647.png,1.0000001,train_00695
002648.png,1.0000002,train_05015
002649.png,1.0000002,train_08120
002650.png,1.0,train_04126
002651.png,1.0000004,train_05282
002652.png,1.0000002,train_00474
002653.png,0.9999999,train_07816
002654.png,0.99999976,train_05728
002655.png,1.0000004,train_01335
002656.png,1.0000004,train_05211
002657.png,1.0000001,train_03592
002658.png,1.0000002,train_01399
002659.png,1.0,train_01427
002660.png,1.0000002,train_02821
002661.png,1.0000002,train_06305
002662.png,0.9999999,train_06571
002663.png,0.99999994,train_03841
002664.png,1.0000002,train_06880
002665.png,0.9999999,train_08097
002666.png,1.0,train_05500
002667.png,1.0,train_04508
002668.png,1.0,train_06409
002669.png,1.0,train_07503
002670.png,0.99999994,train_04900
002671.png,1.0000001,train_02106
002672.png,1.0000001,train_01429
002673.png,1.0000001,train_06213
002674.png,1.0000001,train_07128
002675.png,1.0,train_01721
002676.png,1.0000001,train_00923
002677.png,1.0000002,train_02955
002678.png,1.0,train_07105
002679.png,0.99999994,train_02331
002680.png,1.0000006,train_07032
002681.png,0.9999999,train_03344
002682.png,1.0,train_06605
002683.png,0.99999994,train_03336
002684.png,1.0,train_05975
002685.png,1.0000002,train_04472
002686.png,1.0000002,train_07058
002687.png,0.9999999,train_07577
002688.png,1.0000002,train_00544
002689.png,1.0000002,train_05509
002690.png,0.99999976,train_03151
002691.png,1.0000001,train_01694
002692.png,1.0,train_05874
002693.png,1.0,train_06590
002694.png,1.0000002,train_03104
002695.png,1.0000001,train_00613
002696.png,1.0000005,train_00142
002697.png,1.0000001,train_07141
002698.png,0.9999998,train_02972
002699.png,1.0000002,train_03423
002700.png,1.0000002,train_04781
002701.png,1.0000001,train_02470
002702.png,1.0000001,train_06164
002703.png,1.0000002,train_04531
002704.png,0.9999999,train_07668
002705.png,1.0000002,train_02151
002706.png,1.0000001,train_02805
002707.png,1.0000001,train_03448
002708.png,1.0000002,train_04933
002709.png,1.0000001,train_06943
002710.png,1.0000001,train_01053
002711.png,0.99999976,train_06934
002712.png,0.9999999,train_07969
002713.png,1.0000002,train_07976
002714.png,1.0000004,train_01310
002715.png,1.0,train_06304
002716.png,1.0,train_06145
002717.png,0.9999999,train_03019
002718.png,1.0000002,train_07042
002719.png,1.0000002,train_01109
002720.png,1.0,train_05831
002721.png,1.0,train_01143
002722.png,1.0000002,train_02613
002723.png,1.0000002,train_02637
002724.png,1.0,train_04720
002725.png,1.0000001,train_06384
002726.png,0.99999976,train_01992
002727.png,0.99999994,train_02611
002728.png,1.0000001,train_02596
002729.png,0.9999999,train_02704
002730.png,1.0,train_06960
002731.png,0.9999998,train_00819
002732.png,1.0000004,train_04457
002733.png,1.0000001,train_05031
002734.png,0.99999994,train_00967
002735.png,1.0,train_00894
002736.png,1.0000002,train_01668
002737.png,1.0000001,train_00874
002738.png,1.0000001,train_06037
002739.png,1.0000006,train_03988
002740.png,0.9999999,train_05661
002741.png,0.9999997,train_07552
002742.png,1.0000002,train_05312
002743.png,0.9999999,train_00487
002744.png,1.0000001,train_04619
002745.png,1.0,train_06639
002746.png,1.0000001,train_06250
002747.png,0.99999976,train_05123
002748.png,1.0,train_07616
002749.png,1.0000002,train_07416
002750.png,1.0,train_03704
002751.png,0.9999998,train_06278
002752.png,1.0,train_05410
002753.png,1.0000002,train_07685
002754.png,1.0000004,train_04439
002755.png,1.0000001,train_02720
002756.png,1.0000001,train_05710
002757.png,1.0,train_06056
002758.png,1.0000004,train_07995
002759.png,1.0000004,train_00891
002760.png,1.0000005,train_05819
002761.png,1.0000001,train_02699
002762.png,1.0000002,train_02780
002763.png,1.0,train_04593
002764.png,1.0000001,train_05235
002765.png,0.9999997,train_04917
002766.png,0.9999999,train_01403
002767.png,0.99999964,train_02289
002768.png,1.0000001,train_02044
002769.png,1.0000001,train_06193
002770.png,1.0,train_06958
002771.png,1.0,train_05112
002772.png,0.99999976,train_01214
002773.png,1.0,train_07979
002774.png,1.0,train_02874
002775.png,0.9999999,train_07362
002776.png,1.0000002,train_00357
002777.png,1.0000002,train_04911
002778.png,1.0,train_00861
002779.png,0.9999999,train_00860
002780.png,0.9999999,train_05867
002781.png,1.0,train_07770
002782.png,1.0,train_07669
002783.png,1.0000002,train_00949
002784.png,1.0,train_06402
002785.png,1.0000002,train_00965
002786.png,0.99999994,train_06711
002787.png,0.9999999,train_04047
002788.png,1.0000002,train_07580
002789.png,1.0000005,train_01425
002790.png,0.99999976,train_05791
002791.png,1.0,train_06040
002792.png,0.99999976,train_06333
002793.png,1.0000001,train_05434
002794.png,1.0,train_02294
002795.png,0.9999999,train_05948
002796.png,0.9999998,train_01058
002797.png,1.0000001,train_01308
002798.png,1.0000005,train_07168
002799.png,0.9999999,train_06820
002800.png,1.0000001,train_04809
002801.png,1.0000001,train_01540
002802.png,1.0,train_02254
002803.png,0.9999999,train_03970
002804.png,0.99999994,train_06670
002805.png,0.9999999,train_00586
002806.png,0.9999999,train_05961
002807.png,1.0,train_02900
002808.png,1.0000004,train_04566
002809.png,0.9999999,train_00522
002810.png,0.9999999,train_06425
002811.png,0.9999999,train_01703
002812.png,1.0,train_01393
002813.png,0.99999994,train_06182
002814.png,1.0,train_04037
002815.png,0.99999994,train_07929
002816.png,1.0,train_02661
002817.png,0.9999999,train_04329
002818.png,1.0,train_08084
002819.png,0.9999998,train_05505
002820.png,1.0000001,train_07891
002821.png,1.0000001,train_00486
002822.png,1.0,train_00747
002823.png,0.9999998,train_06952
002824.png,1.0000002,train_01377
002825.png,1.0,train_01433
002826.png,0.99999976,train_07203
002827.png,1.0000002,train_01385
002828.png,1.0,train_06814
002829.png,1.0,train_04798
002830.png,1.0000002,train_07600
002831.png,1.0,train_06508
002832.png,1.0,train_00285
002833.png,1.0,train_00437
002834.png,0.9999999,train_08073
002835.png,0.9999999,train_06105
002836.png,0.9999999,train_07668
002837.png,1.0,train_01293
002838.png,1.0,train_03548
002839.png,1.0,train_01596
002840.png,1.0,train_04931
002841.png,1.0000002,train_00809
002842.png,0.9999999,train_06105
002843.png,0.99999964,train_00119
002844.png,1.0000002,train_02008
002845.png,0.9999999,train_07670
002846.png,0.9999999,train_03778
002847.png,1.0000001,train_03372
002848.png,1.0,train_00753
002849.png,1.0,train_01959
002850.png,1.0000001,train_05876
002851.png,1.0,train_06566
002852.png,1.0000002,train_02452
002853.png,0.9999999,train_07465
002854.png,1.0,train_07006
002855.png,0.99999994,train_05096
002856.png,0.9999999,train_02277
002857.png,1.0,train_01302
002858.png,1.0000001,train_06959
002859.png,1.0000002,train_00858
002860.png,0.99999994,train_04363
002861.png,1.0,train_00388
002862.png,0.99999994,train_04538
002863.png,1.0,train_04693
002864.png,1.0,train_07286
002865.png,1.0000002,train_00612
002866.png,1.0,train_06064
002867.png,1.0000002,train_08063
002868.png,1.0,train_00750
002869.png,1.0,train_03319
002870.png,1.0000001,train_06316
002871.png,1.0,train_07220
002872.png,1.0,train_03715
002873.png,1.0,train_08045
002874.png,1.0,train_01457
002875.png,1.0,train_00653
002876.png,1.0,train_03658
002877.png,1.0,train_00441
002878.png,0.9999999,train_07595
002879.png,1.0,train_07070
002880.png,1.0000002,train_03058
002881.png,0.99999976,train_01239
002882.png,1.0000002,train_03236
002883.png,0.99999994,train_03135
002884.png,0.9999999,train_05033
002885.png,0.99999964,train_07372
002886.png,1.0000002,train_04381
002887.png,0.99999976,train_01991
002888.png,1.0,train_00653
002889.png,1.0000004,train_03249
002890.png,1.0,train_08117
002891.png,0.9999999,train_00917
002892.png,1.0000001,train_03620
002893.png,1.0,train_02410
002894.png,1.0,train_01231
002895.png,1.0,train_01110
002896.png,0.99999994,train_07695
002897.png,1.0000001,train_06688
002898.png,1.0,train_06495
002899.png,0.99999976,train_03600
002900.png,1.0,train_01587
002901.png,1.0000002,train_05922
002902.png,1.0000005,train_02105
002903.png,0.9999999,train_04527
002904.png,0.9999998,train_06070
002905.png,0.9999999,train_01360
002906.png,0.9999999,train_03278
002907.png,1.0,train_05086
002908.png,1.0000004,train_06356
002909.png,1.0000002,train_04048
002910.png,1.0000002,train_03844
002911.png,0.9999999,train_00957
002912.png,1.0000001,train_01363
002913.png,0.99999976,train_07235
002914.png,1.0000001,train_03087
002915.png,1.0000001,train_02891
002916.png,1.0000005,train_06740
002917.png,1.0000001,train_05434
002918.png,1.0000002,train_00513
002919.png,0.99999994,train_04800
002920.png,0.9999999,train_04964
002921.png,1.0,train_01116
002922.png,1.0,train_01178
002923.png,1.0000002,train_06385
002924.png,1.0000001,train_01447
002925.png,1.0000002,train_06867
002926.png,1.0000002,train_02224
002927.png,0.9999999,train_03908
002928.png,1.0000002,train_00451
002929.png,0.9999999,train_06191
002930.png,0.9999999,train_07490
002931.png,0.9999999,train_00482
002932.png,1.0,train_06894
002933.png,1.0000002,train_01718
002934.png,1.0,train_05634
002935.png,1.0,train_01783
002936.png,1.0000001,train_03762
002937.png,0.9999999,train_03501
002938.png,1.0000001,train_05746
002939.png,1.0000001,train_07958
002940.png,0.99999964,train_01113
002941.png,1.0000002,train_05426
002942.png,1.0,train_07479
002943.png,1.0000002,train_04672
002944.png,1.0000001,train_00509
002945.png,1.0000004,train_00054
002946.png,0.9999998,train_06708
002947.png,1.0,train_00542
002948.png,1.0,train_05167
002949.png,1.0000002,train_04533
002950.png,1.0,train_01276
002951.png,1.0000002,train_01545
002952.png,1.0000001,train_00425
002953.png,0.9999998,train_07063
002954.png,0.9999999,train_07515
002955.png,1.0,train_01741
002956.png,1.0,train_01995
002957.png,1.0000001,train_06213
002958.png,1.0,train_07500
002959.png,0.99999976,train_06940
002960.png,0.99999976,train_01537
002961.png,1.0000005,train_03536
002962.png,1.0000001,train_05126
002963.png,1.0000001,train_02857
002964.png,1.0000002,train_02830
002965.png,1.0000002,train_04176
002966.png,0.9999999,train_04375
002967.png,1.0000001,train_06897
002968.png,0.9999998,train_06362
002969.png,1.0,train_02271
002970.png,1.0,train_07844
002971.png,0.9999998,train_05795
002972.png,1.0000001,train_03498
002973.png,1.0,train_07751
002974.png,1.0000001,train_06717
002975.png,0.99999994,train_04728
002976.png,0.99999976,train_07530
002977.png,1.0,train_04543
002978.png,1.0,train_07708
002979.png,1.0,train_01840
002980.png,1.0000001,train_02097
002981.png,1.0,train_06668
002982.png,1.0000004,train_06238
002983.png,1.0000002,train_00977
002984.png,1.0,train_02817
002985.png,1.0000002,train_06102
002986.png,0.9999999,train_03533
002987.png,1.0000002,train_05327
002988.png,0.9999999,train_07131
002989.png,0.9999999,train_00403
002990.png,0.9999999,train_02983
002991.png,0.9999999,train_01570
002992.png,1.0000001,train_06660
002993.png,0.9999999,train_05812
002994.png,0.9999999,train_00709
002995.png,0.99999994,train_05151
002996.png,1.0000001,train_06897
002997.png,1.0,train_06617
002998.png,1.0,train_03210
002999.png,1.0000002,train_06218
003000.png,0.9999999,train_07876
003001.png,1.0000002,train_07884
003002.png,1.0000001,train_02413
003003.png,0.9999998,train_04026
003004.png,1.0000002,train_07801
003005.png,0.9999999,train_05724
003006.png,1.0,train_05547
003007.png,1.0000002,train_00053
003008.png,1.0000001,train_03656
003009.png,1.0,train_06841
003010.png,1.0000001,train_04694
003011.png,0.99999964,train_01672
003012.png,1.0000001,train_05489
003013.png,1.0000002,train_03867
003014.png,0.99999976,train_07306
003015.png,0.9999999,train_06734
003016.png,1.0000005,train_02333
003017.png,1.0000005,train_05633
003018.png,1.0,train_02475
003019.png,1.0,train_00086
003020.png,1.0000002,train_00094
003021.png,0.99999994,train_00967
003022.png,0.9999999,train_00427
003023.png,1.0,train_06521
003024.png,1.0000002,train_01941
003025.png,0.9999999,train_05049
003026.png,1.0000002,train_01627
003027.png,1.0000002,train_01109
003028.png,0.9999998,train_05042
003029.png,1.0000001,train_08059
003030.png,1.0000002,train_04839
003031.png,0.9999998,train_02911
003032.png,0.9999998,train_00262
003033.png,1.0,train_01368
003034.png,1.0000002,train_06737
003035.png,0.9999999,train_03166
003036.png,1.0000001,train_04270
003037.png,0.9999999,train_02677
003038.png,1.0,train_02581
003039.png,1.0000002,train_00240
003040.png,1.0000001,train_04843
003041.png,1.0,train_03422
003042.png,1.0000002,train_00642
003043.png,1.0,train_07609
003044.png,1.0000001,train_00959
003045.png,1.0000001,train_07684
003046.png,1.0,train_05384
003047.png,0.9999998,train_03550
003048.png,1.0,train_01701
003049.png,1.0000001,train_00605
003050.png,0.9999998,train_07453
003051.png,0.9999999,train_07957
003052.png,1.0,train_03298
003053.png,0.99999976,train_01858
003054.png,1.0000001,train_03866
003055.png,1.0,train_00818
003056.png,0.9999999,train_07972
003057.png,0.9999997,train_01230
003058.png,0.9999999,train_00417
003059.png,1.0,train_01555
003060.png,0.9999998,train_07253
003061.png,1.0000001,train_03977
003062.png,1.0,train_02605
003063.png,1.0,train_07464
003064.png,1.0,train_05408
003065.png,0.9999999,train_06762
003066.png,1.0000002,train_07279
003067.png,0.9999998,train_07868
003068.png,1.0,train_04832
003069.png,1.0000001,train_01123
003070.png,1.0000004,train_06238
003071.png,0.9999998,train_08128
003072.png,1.0000002,train_00465
003073.png,1.0,train_01336
003074.png,1.0000002,train_01289
003075.png,1.0,train_04854
003076.png,0.99999964,train_05028
003077.png,1.0000002,train_03959
003078.png,1.0000001,train_07646
003079.png,1.0000002,train_01033
003080.png,0.99999964,train_06844
003081.png,1.0,train_03220
003082.png,1.0000002,train_03405
003083.png,1.0,train_08084
003084.png,1.0,train_01249
003085.png,1.0,train_03927
003086.png,1.0000002,train_01548
003087.png,0.99999994,train_05482
003088.png,1.0000001,train_04746
003089.png,1.0,train_00677
003090.png,1.0000001,train_03893
003091.png,1.0000002,train_06764
003092.png,1.0000002,train_05251
003093.png,1.0000001,train_01950
003094.png,1.0,train_01932
003095.png,1.0000004,train_03940
003096.png,1.0000004,train_05407
003097.png,0.9999999,train_01875
003098.png,1.0,train_01200
003099.png,0.9999999,train_00833
003100.png,1.0000001,train_07879
003101.png,1.0,train_01887
003102.png,1.0000002,train_07275
003103.png,1.0,train_01475
003104.png,1.0,train_06397
003105.png,1.0,train_03101
003106.png,0.9999999,train_06770
003107.png,1.0,train_04548
003108.png,1.0,train_05207
003109.png,1.0000002,train_06913
003110.png,1.0000004,train_05449
003111.png,1.0,train_01697
003112.png,1.0000002,train_05271
003113.png,0.9999999,train_02146
003114.png,1.0,train_01871
003115.png,0.99999994,train_04110
003116.png,1.0000001,train_05487
003117.png,1.0,train_00108
003118.png,0.99999976,train_05464
003119.png,1.0000002,train_01026
003120.png,1.0,train_06916
003121.png,1.0,train_02644
003122.png,0.99999976,train_01702
003123.png,1.0,train_01633
003124.png,1.0,train_03321
003125.png,1.0000001,train_04049
003126.png,1.0,train_01369
003127.png,1.0,train_04704
003128.png,1.0000002,train_07267
003129.png,1.0000001,train_03276
003130.png,1.0000001,train_01338
003131.png,1.0000002,train_02807
003132.png,1.0,train_02459
003133.png,1.0000002,train_01054
003134.png,1.0000004,train_03175
003135.png,1.0000002,train_02450
003136.png,1.0,train_04075
003137.png,1.0000004,train_00557
003138.png,0.9999999,train_04524
003139.png,1.0000001,train_05617
003140.png,0.9999999,train_03779
003141.png,1.0,train_01780
003142.png,1.0,train_00818
003143.png,1.0000002,train_03997
003144.png,0.9999996,train_07188
003145.png,1.0000002,train_06912
003146.png,0.9999999,train_04085
003147.png,1.0,train_04935
003148.png,1.0,train_05861
003149.png,1.0,train_00059
003150.png,1.0000005,train_07177
003151.png,1.0,train_07408
003152.png,1.0000001,train_04891
003153.png,1.0,train_02664
003154.png,1.0,train_03153
003155.png,0.9999999,train_05552
003156.png,1.0000001,train_06700
003157.png,1.0000002,train_02009
003158.png,0.99999976,train_04190
003159.png,1.0000001,train_05888
003160.png,1.0000002,train_02151
003161.png,1.0000001,train_01954
003162.png,1.0000001,train_02470
003163.png,1.0,train_05131
003164.png,1.0000001,train_01105
003165.png,1.0000002,train_05921
003166.png,1.0000001,train_06339
003167.png,1.0000002,train_07589
003168.png,1.0,train_04142
003169.png,0.99999976,train_06462
003170.png,1.0000001,train_02336
003171.png,1.0,train_01581
003172.png,0.99999994,train_06645
003173.png,0.9999999,train_00295
003174.png,1.0000002,train_06737
003175.png,1.0000001,train_01621
003176.png,0.9999999,train_03956
003177.png,1.0,train_04889
003178.png,0.99999964,train_04237
003179.png,1.0000001,train_07276
003180.png,1.0000001,train_00821
003181.png,1.0000002,train_03466
003182.png,1.0000002,train_02224
003183.png,1.0000001,train_05454
003184.png,1.0000002,train_07463
003185.png,1.0000001,train_07981
003186.png,1.0,train_04077
003187.png,0.99999976,train_03577
003188.png,1.0000002,train_04898
003189.png,1.0000002,train_05644
003190.png,0.9999999,train_02731
003191.png,1.0000001,train_01271
003192.png,1.0,train_01116
003193.png,1.0,train_02234
003194.png,1.0,train_01296
003195.png,1.0,train_07920
003196.png,1.0,train_03615
003197.png,1.0,train_03729
003198.png,0.9999999,train_03091
003199.png,0.99999976,train_03859
003200.png,1.0000002,train_04181
003201.png,1.0000002,train_04068
003202.png,1.0000002,train_06327
003203.png,0.9999999,train_06022
003204.png,1.0000004,train_07953
003205.png,1.0000002,train_00843
003206.png,1.0,train_04315
003207.png,1.0000005,train_04774
003208.png,1.0,train_02828
003209.png,1.0000001,train_04066
003210.png,1.0,train_02676
003211.png,1.0000001,train_06043
003212.png,0.9999999,train_04495
003213.png,1.0,train_04845
003214.png,1.0000001,train_01405
003215.png,0.99999976,train_01406
003216.png,1.0000001,train_03110
003217.png,0.9999999,train_05224
003218.png,1.0000001,train_07947
003219.png,1.0000004,train_01290
003220.png,0.99999994,train_07371
003221.png,1.0,train_00719
003222.png,0.9999998,train_05276
003223.png,1.0000001,train_01248
003224.png,0.9999999,train_04679
003225.png,1.0000001,train_05856
003226.png,1.0000004,train_08038
003227.png,0.9999998,train_05846
003228.png,0.9999996,train_08002
003229.png,1.0,train_02614
003230.png,1.0000001,train_03971
003231.png,1.0000002,train_07593
003232.png,1.0000002,train_00616
003233.png,1.0,train_05356
003234.png,0.9999998,train_00449
003235.png,1.0000001,train_02190
003236.png,1.0000002,train_02702
003237.png,1.0,train_04642
003238.png,0.9999999,train_06322
003239.png,1.0000002,train_04732
003240.png,1.0000002,train_04447
003241.png,1.0000002,train_04659
003242.png,1.0,train_03283
003243.png,0.99999964,train_04941
003244.png,1.0000002,train_06011
003245.png,0.9999999,train_05930
003246.png,0.99999976,train_03657
003247.png,1.0,train_07931
003248.png,1.0000002,train_01424
003249.png,0.9999999,train_00830
003250.png,0.99999994,train_08140
003251.png,1.0,train_05581
003252.png,0.9999999,train_02731
003253.png,0.99999976,train_04357
003254.png,1.0000002,train_05951
003255.png,0.9999999,train_04329
003256.png,1.0,train_00323
003257.png,1.0,train_00788
003258.png,1.0000001,train_00744
003259.png,1.0,train_01744
003260.png,1.0,train_05374
003261.png,1.0000001,train_00068
003262.png,1.0,train_01234
003263.png,0.99999994,train_02979
003264.png,1.0000002,train_01111
003265.png,1.0000002,train_03794
003266.png,1.0,train_04834
003267.png,1.0,train_02926
003268.png,0.99999976,train_04820
003269.png,1.0000001,train_01964
003270.png,1.0,train_00117
003271.png,1.0000002,train_02018
003272.png,1.0,train_04748
003273.png,1.0,train_06956
003274.png,1.0000005,train_05305
003275.png,0.99999976,train_07683
003276.png,0.9999998,train_01901
003277.png,1.0000002,train_01638
003278.png,0.9999999,train_02881
003279.png,1.0,train_03167
003280.png,1.0000001,train_07574
003281.png,1.0,train_04511
003282.png,1.0,train_06433
003283.png,1.0000001,train_01682
003284.png,0.9999999,train_03682
003285.png,1.0000001,train_05871
003286.png,0.99999976,train_01977
003287.png,1.0000002,train_06620
003288.png,1.0000001,train_01754
003289.png,1.0,train_04148
003290.png,1.0000002,train_07677
003291.png,0.99999994,train_06507
003292.png,1.0,train_03184
003293.png,0.9999999,train_02462
003294.png,1.0000002,train_03696
003295.png,1.0000005,train_05979
003296.png,1.0000005,train_07177
003297.png,0.9999999,train_05102
003298.png,1.0,train_04376
003299.png,1.0,train_00969
003300.png,1.0000001,train_01644
003301.png,1.0,train_01217
003302.png,0.9999999,train_06180
003303.png,0.9999999,train_00924
003304.png,1.0000001,train_00626
003305.png,0.99999976,train_02210
003306.png,1.0,train_05895
003307.png,0.9999997,train_02923
003308.png,1.0000002,train_04564
003309.png,1.0000001,train_04272
003310.png,1.0,train_04780
003311.png,1.0000001,train_05350
003312.png,1.0,train_05035
003313.png,0.9999998,train_08128
003314.png,1.0,train_01470
003315.png,0.9999999,train_03166
003316.png,1.0000002,train_03643
003317.png,0.9999999,train_07887
003318.png,1.0,train_01984
003319.png,0.9999999,train_01878
003320.png,1.0,train_07386
003321.png,1.0,train_00781
003322.png,0.99999976,train_07506
003323.png,1.0,train_01122
003324.png,1.0000002,train_06106
003325.png,1.0000002,train_03198
003326.png,1.0,train_04662
003327.png,1.0000001,train_06592
003328.png,1.0,train_02995
003329.png,0.99999976,train_05302
003330.png,1.0,train_00391
003331.png,1.0000004,train_03327
003332.png,0.99999964,train_06792
003333.png,1.0000001,train_07300
003334.png,1.0000002,train_05943
003335.png,1.0000002,train_03997
003336.png,1.0,train_04857
003337.png,1.0000002,train_01638
003338.png,1.0,train_03584
003339.png,1.0000001,train_04912
003340.png,1.0000002,train_03906
003341.png,1.0000002,train_04596
003342.png,1.0,train_01200
003343.png,0.99999976,train_00883
003344.png,1.0,train_07126
003345.png,1.0000001,train_01800
003346.png,0.9999999,train_03419
003347.png,1.0000002,train_07973
003348.png,1.0,train_02722
003349.png,1.0000002,train_06430
003350.png,0.99999994,train_06649
003351.png,0.9999999,train_03857
003352.png,1.0000001,train_04092
003353.png,1.0000002,train_06797
003354.png,1.0000002,train_06075
003355.png,1.0000002,train_03172
003356.png,1.0000002,train_01080
003357.png,1.0000005,train_01996
003358.png,0.9999998,train_01740
003359.png,0.9999999,train_04962
003360.png,1.0,train_01788
003361.png,1.0000002,train_06121
003362.png,1.0,train_06768
003363.png,1.0000002,train_02476
003364.png,0.9999999,train_04222
003365.png,0.99999994,train_05394
003366.png,1.0000002,train_08086
003367.png,1.0000001,train_04158
003368.png,1.0000002,train_05630
003369.png,1.0000001,train_06625
003370.png,0.99999976,train_07839
003371.png,1.0000002,train_08003
003372.png,1.0,train_00057
003373.png,1.0000002,train_05077
003374.png,0.9999999,train_05758
003375.png,1.0,train_06197
003376.png,1.0000001,train_03531
003377.png,1.0000002,train_02889
003378.png,1.0000001,train_06979
003379.png,0.9999997,train_02710
003380.png,1.0000002,train_07623
003381.png,1.0000002,train_00339
003382.png,1.0,train_03026
003383.png,1.0000002,train_06764
003384.png,0.9999999,train_06640
003385.png,1.0,train_03885
003386.png,1.0,train_03920
003387.png,1.0000002,train_02997
003388.png,1.0000001,train_07285
003389.png,0.99999964,train_05488
003390.png,1.0,train_04733
003391.png,1.0000001,train_00651
003392.png,1.0000001,train_03925
003393.png,0.9999995,train_05924
003394.png,1.0000002,train_03466
003395.png,1.0000002,train_01331
003396.png,1.0,train_02790
003397.png,1.0000002,train_02149
003398.png,0.9999999,train_02626
003399.png,0.99999976,train_02537
003400.png,1.0000001,train_01925
003401.png,1.0000002,train_01104
003402.png,1.0000002,train_06266
003403.png,1.0000001,train_05936
003404.png,1.0000001,train_05116
003405.png,1.0000002,train_04616
003406.png,1.0,train_07875
003407.png,0.9999999,train_03998
003408.png,1.0,train_06579
003409.png,1.0000002,train_07278
003410.png,1.0000002,train_00328
003411.png,0.99999976,train_00888
003412.png,0.99999994,train_07643
003413.png,0.9999999,train_06233
003414.png,1.0000001,train_00636
003415.png,0.9999999,train_03947
003416.png,1.0000001,train_03170
003417.png,1.0000001,train_03907
003418.png,1.0,train_08098
003419.png,1.0000001,train_02321
003420.png,1.0000001,train_06555
003421.png,1.0,train_07207
003422.png,1.0,train_00542
003423.png,0.9999999,train_03825
003424.png,1.0,train_05164
003425.png,1.0,train_05493
003426.png,1.0000001,train_00303
003427.png,0.99999994,train_05635
003428.png,1.0000001,train_06927
003429.png,1.0,train_03525
003430.png,1.0000001,train_07705
003431.png,0.9999999,train_03359
003432.png,1.0000002,train_02692
003433.png,1.0,train_00204
003434.png,1.0000001,train_03790
003435.png,1.0000002,train_03915
003436.png,1.0,train_01370
003437.png,0.9999998,train_06061
003438.png,1.0000001,train_06247
003439.png,1.0000002,train_02575
003440.png,1.0000001,train_01128
003441.png,1.0,train_02136
003442.png,0.99999994,train_00952
003443.png,1.0,train_01981
003444.png,1.0,train_01487
003445.png,0.9999998,train_05631
003446.png,0.99999976,train_01560
003447.png,0.9999999,train_03155
003448.png,1.0000001,train_05004
003449.png,1.0,train_00036
003450.png,1.0000001,train_05347
003451.png,0.9999999,train_03996
003452.png,1.0,train_07468
003453.png,1.0000002,train_02557
003454.png,1.0,train_01827
003455.png,1.0000001,train_06276
003456.png,1.0000001,train_01374
003457.png,0.99999994,train_05543
003458.png,1.0000001,train_03003
003459.png,1.0000002,train_00515
003460.png,0.9999999,train_07725
003461.png,1.0,train_03418
003462.png,0.9999998,train_00449
003463.png,1.0000005,train_02206
003464.png,1.0,train_02026
003465.png,1.0000004,train_05595
003466.png,1.0,train_05421
003467.png,1.0,train_01744
003468.png,0.9999998,train_08071
003469.png,1.0000001,train_06527
003470.png,0.9999997,train_05009
003471.png,1.0000001,train_07958
003472.png,1.0,train_06348
003473.png,1.0000001,train_07173
003474.png,0.9999999,train_05469
003475.png,1.0000001,train_00820
003476.png,0.9999999,train_01285
003477.png,1.0,train_04957
003478.png,1.0,train_02894
003479.png,1.0000002,train_04297
003480.png,1.0000001,train_06842
003481.png,1.0000001,train_08039
003482.png,1.0,train_05852
003483.png,0.99999976,train_00429
003484.png,1.0000002,train_03727
003485.png,1.0,train_07444
003486.png,0.9999999,train_07540
003487.png,0.9999999,train_00828
003488.png,1.0,train_03366
003489.png,1.0,train_05886
003490.png,1.0,train_02854
003491.png,1.0000005,train_03245
003492.png,0.9999999,train_03196
003493.png,0.9999999,train_03317
003494.png,1.0000001,train_06251
003495.png,1.0000001,train_06943
003496.png,1.0000001,train_02606
003497.png,1.0000002,train_04385
003498.png,1.0,train_02308
003499.png,0.9999997,train_02091
003500.png,1.0,train_03201
003501.png,1.0000001,train_05927
003502.png,0.9999999,train_06687
003503.png,1.0,train_02664
003504.png,1.0000001,train_06360
003505.png,0.99999994,train_01416
003506.png,1.0000001,train_02353
003507.png,0.99999976,train_04294
003508.png,0.9999999,train_06632
003509.png,0.99999994,train_05578
003510.png,1.0000001,train_02484
003511.png,1.0000001,train_06217
003512.png,0.99999964,train_06772
003513.png,1.0,train_08104
003514.png,0.99999964,train_00908
003515.png,1.0000002,train_06398
003516.png,1.0,train_07865
003517.png,0.9999999,train_01119
003518.png,1.0000001,train_04396
003519.png,1.0000004,train_06821
003520.png,1.0000001,train_06464
003521.png,1.0000002,train_02679
003522.png,1.0,train_04931
003523.png,0.9999998,train_06158
003524.png,0.9999997,train_03064
003525.png,0.9999999,train_06640
003526.png,1.0000001,train_07409
003527.png,0.9999999,train_02735
003528.png,1.0,train_07626
003529.png,0.9999999,train_01312
003530.png,0.9999998,train_04088
003531.png,1.0000002,train_05418
003532.png,1.0000002,train_04754
003533.png,1.0000002,train_00470
003534.png,0.9999999,train_00087
003535.png,1.0000004,train_07307
003536.png,1.0000001,train_01761
003537.png,1.0,train_06905
003538.png,1.0000005,train_02206
003539.png,1.0000002,train_03444
003540.png,0.9999998,train_01740
003541.png,1.0,train_03930
003542.png,1.0000004,train_02651
003543.png,1.0000001,train_05927
003544.png,0.9999999,train_03667
003545.png,1.0000001,train_05862
003546.png,0.9999999,train_07887
003547.png,1.0000002,train_02049
003548.png,0.99999964,train_04115
003549.png,0.99999976,train_08119
003550.png,1.0000002,train_06422
003551.png,1.0000002,train_00421
003552.png,1.0,train_01952
003553.png,1.0000002,train_00676
003554.png,1.0000002,train_06856
003555.png,0.9999999,train_05105
003556.png,1.0,train_01536
003557.png,0.9999998,train_05245
003558.png,0.9999999,train_05318
003559.png,1.0000002,train_07416
003560.png,1.0000005,train_05979
003561.png,0.9999999,train_02213
003562.png,1.0,train_00896
003563.png,0.9999999,train_07842
003564.png,1.0,train_01048
003565.png,1.0000002,train_01022
003566.png,1.0,train_02371
003567.png,1.0,train_05085
003568.png,1.0000002,train_01885
003569.png,0.99999976,train_05428
003570.png,1.0,train_02467
003571.png,1.0,train_07182
003572.png,0.99999994,train_00530
003573.png,1.0000001,train_07401
003574.png,1.0000001,train_06003
003575.png,1.0000002,train_00603
003576.png,1.0000001,train_06243
003577.png,1.0000002,train_06468
003578.png,1.0000001,train_03173
003579.png,1.0,train_06314
003580.png,1.0000001,train_02106
003581.png,1.0,train_04463
003582.png,0.99999994,train_00680
003583.png,1.0000001,train_02693
003584.png,1.0000002,train_00496
003585.png,1.0000002,train_02560
003586.png,0.9999999,train_02970
003587.png,0.99999964,train_06975
003588.png,1.0,train_00761
003589.png,1.0,train_06036
003590.png,0.99999976,train_06324
003591.png,0.99999994,train_07044
003592.png,1.0000002,train_00685
003593.png,1.0,train_04740
003594.png,0.9999999,train_03185
003595.png,0.9999999,train_03203
003596.png,1.0,train_04704
003597.png,1.0000002,train_07521
003598.png,1.0000002,train_00258
003599.png,1.0000004,train_03047
003600.png,0.99999976,train_01235
003601.png,1.0,train_05085
003602.png,1.0000001,train_05350
003603.png,0.9999999,train_01659
003604.png,0.9999998,train_06969
003605.png,0.9999999,train_04325
003606.png,1.0,train_04161
003607.png,1.0,train_04056
003608.png,1.0000001,train_08099
003609.png,0.9999998,train_07711
003610.png,1.0,train_08079
003611.png,0.9999999,train_04727
003612.png,1.0000002,train_01138
003613.png,1.0000002,train_02275
003614.png,0.9999999,train_07053
003615.png,1.0,train_05673
003616.png,1.0000002,train_02022
003617.png,1.0,train_01557
003618.png,1.0,train_03260
003619.png,0.9999999,train_07116
003620.png,1.0000001,train_01549
003621.png,1.0000002,train_02143
003622.png,1.0,train_03872
003623.png,1.0,train_00044
003624.png,1.0,train_04077
003625.png,0.9999999,train_07470
003626.png,0.9999998,train_05042
003627.png,1.0,train_05737
003628.png,1.0,train_07399
003629.png,0.9999999,train_01771
003630.png,1.0000001,train_06165
003631.png,1.0000001,train_00046
003632.png,1.0,train_04935
003633.png,1.0000001,train_00805
003634.png,1.0000002,train_06227
003635.png,1.0,train_03067
003636.png,1.0000001,train_07773
003637.png,1.0,train_07271
003638.png,1.0,train_02521
003639.png,1.0000001,train_06796
003640.png,1.0000001,train_03103
003641.png,1.0,train_07060
003642.png,1.0,train_08079
003643.png,0.99999964,train_04553
003644.png,0.9999997,train_04982
003645.png,0.9999998,train_07014
003646.png,1.0000002,train_06896
003647.png,1.0000002,train_06612
003648.png,1.0000002,train_06011
003649.png,0.99999994,train_06602
003650.png,0.9999999,train_01752
003651.png,1.0000001,train_07312
003652.png,1.0000002,train_02433
003653.png,1.0000001,train_05776
003654.png,1.0000002,train_02576
003655.png,1.0000002,train_00976
003656.png,1.0000002,train_00503
003657.png,0.9999999,train_02773
003658.png,1.0,train_03027
003659.png,0.9999999,train_01375
003660.png,1.0000002,train_07635
003661.png,1.0000002,train_07603
003662.png,1.0000001,train_05592
003663.png,1.0,train_03043
003664.png,1.0000004,train_00102
003665.png,1.0000002,train_04533
003666.png,1.0,train_03753
003667.png,1.0000001,train_08110
003668.png,1.0,train_05309
003669.png,1.0,train_04902
003670.png,1.0,train_03895
003671.png,1.0,train_02776
003672.png,1.0,train_00506
003673.png,1.0000001,train_03726
003674.png,1.0000001,train_04466
003675.png,0.9999999,train_01250
003676.png,1.0000002,train_05475
003677.png,1.0,train_02921
003678.png,1.0,train_02103
003679.png,1.0000002,train_06485
003680.png,1.0000001,train_05235
003681.png,0.9999999,train_00162
003682.png,1.0000002,train_04532
003683.png,1.0000002,train_08050
003684.png,1.0000001,train_04173
003685.png,1.0,train_01284
003686.png,0.99999994,train_02826
003687.png,1.0000002,train_03706
003688.png,1.0,train_05230
003689.png,1.0000001,train_07027
003690.png,0.9999998,train_05631
003691.png,1.0000001,train_01288
003692.png,0.99999994,train_00952
003693.png,1.0,train_03013
003694.png,0.9999998,train_01905
003695.png,1.0000005,train_06804
003696.png,1.0000001,train_05350
003697.png,0.99999976,train_04377
003698.png,1.0000001,train_07489
003699.png,1.0000002,train_00342
003700.png,1.0000002,train_01289
003701.png,0.9999999,train_00017
003702.png,1.0000002,train_02400
003703.png,1.0000002,train_02018
003704.png,1.0000001,train_06129
003705.png,1.0000001,train_00276
003706.png,0.99999994,train_00890
003707.png,1.0,train_01011
003708.png,1.0,train_06674
003709.png,1.0,train_06465
003710.png,0.9999995,train_06338
003711.png,0.99999976,train_00549
003712.png,0.9999999,train_01269
003713.png,1.0000002,train_08120
003714.png,1.0000002,train_03875
003715.png,1.0000004,train_04000
003716.png,1.0000001,train_05371
003717.png,1.0000001,train_06662
003718.png,1.0000002,train_00575
003719.png,0.99999976,train_04197
003720.png,0.99999994,train_00606
003721.png,0.9999998,train_07611
003722.png,1.0000004,train_05290
003723.png,1.0000005,train_06642
003724.png,1.0,train_02854
003725.png,0.9999999,train_03998
003726.png,0.99999994,train_00769
003727.png,1.0000002,train_08034
003728.png,0.9999999,train_04004
003729.png,1.0000001,train_06457
003730.png,1.0000001,train_00721
003731.png,0.99999964,train_01132
003732.png,0.9999999,train_00599
003733.png,1.0000005,train_02448
003734.png,1.0,train_07750
003735.png,0.99999976,train_03505
003736.png,1.0000002,train_07369
003737.png,1.0,train_01155
003738.png,1.0000002,train_06131
003739.png,0.9999998,train_00705
003740.png,0.9999999,train_04831
003741.png,0.99999994,train_00126
003742.png,1.0,train_01009
003743.png,1.0000002,train_07438
003744.png,1.0000005,train_01851
003745.png,1.0,train_05207
003746.png,1.0,train_03115
003747.png,1.0000004,train_04867
003748.png,1.0,train_07124
003749.png,1.0000001,train_05624
003750.png,1.0000002,train_04380
003751.png,1.0,train_07318
003752.png,1.0000001,train_02414
003753.png,1.0000002,train_05829
003754.png,1.0000002,train_00764
003755.png,1.0000001,train_07642
003756.png,1.0,train_03708
003757.png,1.0,train_00638
003758.png,1.0,train_03102
003759.png,1.0,train_01939
003760.png,1.0000002,train_05743
003761.png,1.0,train_02096
003762.png,0.9999998,train_03622
003763.png,1.0,train_02796
003764.png,0.99999994,train_05079
003765.png,1.0,train_01162
003766.png,0.9999999,train_05084
003767.png,1.0000004,train_00179
003768.png,1.0,train_03946
003769.png,1.0000002,train_03680
003770.png,1.0000002,train_08034
003771.png,1.0000001,train_01437
003772.png,0.9999999,train_07216
003773.png,1.0,train_06996
003774.png,1.0,train_01299
003775.png,1.0000002,train_02554
003776.png,1.0000001,train_08023
003777.png,0.99999994,train_03269
003778.png,0.99999994,train_02386
003779.png,0.9999999,train_04789
003780.png,1.0000002,train_02947
003781.png,1.0000002,train_00809
003782.png,1.0000002,train_03236
003783.png,1.0000001,train_00670
003784.png,1.0000001,train_08142
003785.png,1.0000004,train_06238
003786.png,1.0,train_05852
003787.png,0.9999999,train_02118
003788.png,1.0,train_04663
003789.png,1.0000001,train_00488
003790.png,1.0,train_00767
003791.png,1.0000001,train_04804
003792.png,1.0,train_08008
003793.png,1.0,train_03073
003794.png,1.0000002,train_03915
003795.png,1.0000002,train_05504
003796.png,0.9999999,train_06022
003797.png,0.9999999,train_04541
003798.png,1.0000002,train_06912
003799.png,1.0000002,train_03997
003800.png,1.0000002,train_00465
003801.png,1.0000005,train_05979
003802.png,1.0000001,train_01017
003803.png,0.99999994,train_00336
003804.png,1.0,train_06679
003805.png,1.0000002,train_02986
003806.png,1.0,train_02902
003807.png,1.0,train_04914
003808.png,1.0000002,train_02619
003809.png,1.0,train_03738
003810.png,0.99999994,train_03841
003811.png,0.9999999,train_01449
003812.png,0.99999976,train_06044
003813.png,1.0000001,train_00183
003814.png,1.0,train_05111
003815.png,0.9999999,train_03590
003816.png,1.0,train_04372
003817.png,1.0,train_03736
003818.png,1.0,train_05064
003819.png,0.9999996,train_02588
003820.png,1.0000002,train_01422
003821.png,1.0,train_04481
003822.png,1.0000004,train_01634
003823.png,1.0000001,train_03893
003824.png,0.9999999,train_00930
003825.png,0.9999998,train_03821
003826.png,1.0000001,train_06243
003827.png,1.0,train_03499
003828.png,1.0,train_01497
003829.png,1.0000001,train_01461
003830.png,1.0,train_02860
003831.png,0.99999976,train_07581
003832.png,1.0,train_02754
003833.png,0.9999999,train_04529
003834.png,0.9999999,train_07249
003835.png,0.99999976,train_04772
003836.png,1.0000001,train_04627
003837.png,1.0,train_03676
003838.png,0.9999999,train_00633
003839.png,1.0,train_06483
003840.png,1.0,train_00773
003841.png,1.0000002,train_00252
003842.png,1.0,train_05774
003843.png,1.0,train_06786
003844.png,1.0,train_07073
003845.png,1.0000004,train_01228
003846.png,1.0000001,train_01363
003847.png,1.0000002,train_00264
003848.png,1.0000001,train_00349
003849.png,1.0000004,train_04143
003850.png,0.9999999,train_03956
003851.png,0.9999999,train_06761
003852.png,1.0,train_07645
003853.png,1.0000001,train_03788
003854.png,1.0,train_01284
003855.png,1.0,train_01040
003856.png,1.0000002,train_04828
003857.png,0.99999976,train_06966
003858.png,1.0000001,train_02406
003859.png,1.0000005,train_04788
003860.png,0.9999998,train_00725
003861.png,1.0000001,train_00607
003862.png,1.0,train_03390
003863.png,1.0000001,train_02505
003864.png,1.0000002,train_07166
003865.png,1.0000002,train_00715
003866.png,1.0,train_04429
003867.png,1.0000002,train_01459
003868.png,1.0000004,train_07966
003869.png,1.0000005,train_01408
003870.png,1.0,train_01178
003871.png,1.0,train_06767
003872.png,1.0,train_02844
003873.png,1.0,train_05823
003874.png,1.0000002,train_00186
003875.png,0.9999998,train_03072
003876.png,1.0,train_05207
003877.png,0.99999976,train_02243
003878.png,0.9999999,train_02842
003879.png,1.0000004,train_00433
003880.png,0.99999994,train_07347
003881.png,1.0,train_01791
003882.png,1.0000001,train_06654
003883.png,1.0000004,train_01566
003884.png,1.0000001,train_02832
003885.png,1.0000001,train_07011
003886.png,1.0000002,train_07098
003887.png,0.9999999,train_02984
003888.png,1.0000002,train_05058
003889.png,1.0,train_00212
003890.png,1.0,train_00554
003891.png,1.0000001,train_03661
003892.png,1.0,train_03095
003893.png,0.9999999,train_08075
003894.png,1.0000002,train_06621
003895.png,0.9999997,train_06211
003896.png,1.0,train_03299
003897.png,0.9999999,train_07957
003898.png,0.9999999,train_01766
003899.png,1.0000001,train_07417
003900.png,1.0000001,train_05599
003901.png,0.99999976,train_04685
003902.png,1.0000001,train_04396
003903.png,0.99999994,train_07728
003904.png,1.0,train_05501
003905.png,1.0,train_04178
003906.png,1.0000001,train_03023
003907.png,0.99999994,train_08065
003908.png,1.0000001,train_00534
003909.png,1.0,train_01245
003910.png,1.0000002,train_03287
003911.png,0.9999999,train_06224
003912.png,0.99999976,train_05123
003913.png,1.0,train_06504
003914.png,0.9999999,train_04726
003915.png,1.0000002,train_02481
003916.png,1.0000001,train_05031
003917.png,1.0000002,train_01104
003918.png,1.0000001,train_02455
003919.png,1.0000002,train_06757
003920.png,1.0000001,train_04936
003921.png,0.9999999,train_01906
003922.png,1.0000002,train_05637
003923.png,0.9999998,train_06708
003924.png,0.9999999,train_01676
003925.png,0.99999976,train_01471
003926.png,1.0000004,train_00854
003927.png,1.0,train_05035
003928.png,1.0000002,train_07367
003929.png,1.0000001,train_04965
003930.png,1.0,train_01835
003931.png,1.0000001,train_05599
003932.png,0.9999999,train_05049
003933.png,0.9999999,train_07803
003934.png,0.99999976,train_04701
003935.png,1.0000001,train_04132
003936.png,1.0000001,train_04438
003937.png,0.99999976,train_05945
003938.png,1.0000002,train_06983
003939.png,0.9999999,train_02838
003940.png,0.9999999,train_06489
003941.png,1.0,train_05391
003942.png,0.99999976,train_00656
003943.png,1.0000004,train_00596
003944.png,1.0,train_04660
003945.png,0.9999999,train_04964
003946.png,0.99999976,train_01977
003947.png,1.0,train_05306
003948.png,1.0000001,train_02439
003949.png,1.0000004,train_00963
003950.png,0.9999998,train_00573
003951.png,1.0,train_06376
003952.png,1.0000002,train_07914
003953.png,1.0,train_07136
003954.png,1.0,train_08033
003955.png,1.0000002,train_07637
003956.png,1.0,train_00464
003957.png,1.0000005,train_05305
003958.png,0.99999976,train_06279
003959.png,1.0000002,train_04163
003960.png,1.0,train_01371
003961.png,1.0000001,train_05784
003962.png,1.0000002,train_04073
003963.png,1.0000001,train_02498
003964.png,1.0000002,train_06477
003965.png,0.9999999,train_05043
003966.png,1.0000002,train_05008
003967.png,1.0,train_01020
003968.png,0.99999964,train_04017
003969.png,1.0000004,train_02376
003970.png,1.0000001,train_06053
003971.png,0.9999999,train_07321
003972.png,1.0,train_04711
003973.png,0.9999999,train_07740
003974.png,1.0,train_02876
003975.png,0.9999998,train_03241
003976.png,0.99999976,train_00993
003977.png,1.0000001,train_03893
003978.png,1.0,train_07645
003979.png,1.0000001,train_02113
003980.png,0.9999998,train_08131
003981.png,0.99999994,train_04752
003982.png,0.9999999,train_02536
003983.png,0.9999999,train_01146
003984.png,1.0,train_04428
003985.png,0.99999994,train_01242
003986.png,1.0000001,train_03535
003987.png,1.0,train_03987
003988.png,0.99999994,train_07583
003989.png,1.0000002,train_00357
003990.png,0.9999998,train_05276
003991.png,1.0000002,train_06540
003992.png,1.0,train_03673
003993.png,1.0000001,train_00211
003994.png,1.0000002,train_03509
003995.png,0.9999999,train_07157
003996.png,1.0,train_01637
003997.png,1.0000001,train_00247
003998.png,1.0000001,train_07617
003999.png,1.0000002,train_01172
004000.png,1.0,train_07869
004001.png,1.0000005,train_07177
004002.png,0.9999997,train_01464
004003.png,0.9999999,train_07787
004004.png,0.99999994,train_08140
004005.png,1.0,train_04980
004006.png,0.9999999,train_05049
004007.png,1.0,train_01137
004008.png,0.9999998,train_07453
004009.png,1.0000002,train_05992
004010.png,1.0,train_04446
004011.png,1.0,train_00687
004012.png,1.0000004,train_07194
004013.png,0.9999999,train_07725
004014.png,1.0000002,train_03641
004015.png,1.0000002,train_01794
004016.png,1.0000001,train_03967
004017.png,1.0000002,train_06337
004018.png,0.9999999,train_01569
004019.png,1.0,train_05378
004020.png,1.0,train_04037
004021.png,1.0000002,train_00382
004022.png,0.9999999,train_04386
004023.png,0.9999999,train_00717
004024.png,1.0,train_06197
004025.png,1.0000001,train_00147
004026.png,1.0,train_04106
004027.png,1.0000002,train_05512
004028.png,1.0,train_04203
004029.png,0.9999999,train_06687
004030.png,1.0,train_07289
004031.png,0.9999999,train_01403
004032.png,1.0000002,train_03251
004033.png,0.9999999,train_06574
004034.png,1.0,train_00856
004035.png,1.0000002,train_03911
004036.png,1.0000002,train_00315
004037.png,1.0,train_05408
004038.png,1.0000001,train_05277
004039.png,1.0000002,train_01423
004040.png,1.0,train_03683
004041.png,1.0000004,train_01597
004042.png,0.99999964,train_05546
004043.png,1.0,train_06006
004044.png,1.0000001,train_05037
004045.png,1.0000001,train_00154
004046.png,1.0,train_04305
004047.png,0.9999999,train_06869
004048.png,0.9999999,train_01136
004049.png,0.99999994,train_02007
004050.png,1.0000002,train_07700
004051.png,0.9999999,train_00522
004052.png,1.0000001,train_06801
004053.png,0.9999999,train_00816
004054.png,1.0000001,train_02538
004055.png,0.99999994,train_05231
004056.png,0.9999999,train_04152
004057.png,1.0000002,train_04086
004058.png,1.0000004,train_01228
004059.png,1.0000001,train_01994
004060.png,0.9999999,train_04213
004061.png,0.9999999,train_02334
004062.png,0.99999976,train_07306
004063.png,1.0000002,train_04352
004064.png,0.9999999,train_01442
004065.png,1.0,train_07587
004066.png,0.9999997,train_02923
004067.png,1.0,train_06524
004068.png,1.0000002,train_06899
004069.png,0.99999994,train_07728
004070.png,1.0000002,train_04877
004071.png,1.0,train_06929
004072.png,0.9999997,train_06474
004073.png,1.0000002,train_07619
004074.png,1.0000002,train_06075
004075.png,0.99999994,train_00952
004076.png,1.0000001,train_04534
004077.png,1.0000002,train_02989
004078.png,1.0,train_00524
004079.png,1.0000001,train_02959
004080.png,1.0000001,train_03393
004081.png,0.99999976,train_01617
004082.png,0.9999999,train_02933
004083.png,1.0000002,train_07242
004084.png,1.0000001,train_04965
004085.png,1.0000002,train_02767
004086.png,1.0000001,train_04477
004087.png,1.0000002,train_06735
004088.png,1.0000002,train_06455
004089.png,1.0,train_01419
004090.png,1.0000002,train_05883
004091.png,1.0,train_03299
004092.png,1.0,train_05473
004093.png,1.0,train_02924
004094.png,1.0000001,train_06129
004095.png,1.0000001,train_04132
004096.png,0.99999994,train_05482
004097.png,1.0000002,train_06677
004098.png,1.0000001,train_04545
004099.png,1.0000002,train_01138
004100.png,1.0000002,train_01602
004101.png,1.0000002,train_06467
004102.png,1.0000001,train_02797
004103.png,1.0000001,train_04636
004104.png,1.0000002,train_07600
004105.png,0.9999999,train_01966
004106.png,1.0,train_04733
004107.png,1.0000002,train_06467
004108.png,1.0,train_02051
004109.png,1.0,train_07844
004110.png,1.0000001,train_06213
004111.png,1.0000001,train_02033
004112.png,0.9999999,train_04047
004113.png,1.0,train_07426
004114.png,1.0000001,train_02820
004115.png,1.0,train_01625
004116.png,0.99999976,train_04716
004117.png,1.0,train_07757
004118.png,1.0000001,train_08102
004119.png,0.99999976,train_04947
004120.png,1.0000005,train_01607
004121.png,1.0000001,train_01978
004122.png,0.9999999,train_05190
004123.png,1.0000002,train_07850
004124.png,1.0000004,train_00458
004125.png,1.0,train_03760
004126.png,0.99999976,train_06595
004127.png,1.0000001,train_01308
004128.png,1.0,train_05149
004129.png,1.0,train_01541
004130.png,1.0,train_05824
004131.png,1.0000001,train_00865
004132.png,1.0000001,train_03612
004133.png,1.0000001,train_06599
004134.png,0.99999976,train_02585
004135.png,1.0,train_03604
004136.png,0.9999999,train_04085
004137.png,1.0000001,train_04184
004138.png,1.0,train_01253
004139.png,1.0000004,train_01928
004140.png,0.9999998,train_01852
004141.png,1.0,train_04149
004142.png,1.0,train_00359
004143.png,1.0000001,train_04049
004144.png,1.0000002,train_03171
004145.png,1.0000005,train_05632
004146.png,0.9999999,train_05469
004147.png,1.0,train_01353
004148.png,1.0000002,train_03248
004149.png,1.0,train_01393
004150.png,0.9999999,train_03905
004151.png,0.9999998,train_06870
004152.png,1.0000001,train_06223
004153.png,0.99999976,train_06333
004154.png,1.0,train_07488
004155.png,1.0000001,train_08105
004156.png,1.0000002,train_07438
004157.png,1.0000002,train_02275
004158.png,1.0000001,train_04162
004159.png,1.0,train_00292
004160.png,1.0000002,train_04441
004161.png,0.99999994,train_03616
004162.png,0.9999999,train_01973
004163.png,1.0000001,train_01812
004164.png,1.0000002,train_04589
004165.png,1.0000002,train_02402
004166.png,1.0000002,train_03880
004167.png,1.0,train_04453
004168.png,0.9999998,train_01534
004169.png,1.0,train_01857
004170.png,0.9999999,train_07080
004171.png,0.9999999,train_04689
004172.png,0.99999976,train_04401
004173.png,1.0000001,train_08015
004174.png,1.0000001,train_06297
004175.png,0.99999976,train_02428
004176.png,1.0000001,train_02820
004177.png,1.0,train_05356
004178.png,1.0,train_04939
004179.png,1.0000004,train_07802
004180.png,1.0000001,train_00248
004181.png,1.0000001,train_01750
004182.png,1.0,train_02909
004183.png,0.9999999,train_00709
004184.png,1.0,train_01697
004185.png,1.0000001,train_05029
004186.png,0.9999999,train_01891
004187.png,1.0000002,train_05986
004188.png,0.9999999,train_03681
004189.png,1.0,train_07745
004190.png,1.0000001,train_00628
004191.png,1.0000004,train_00174
004192.png,1.0,train_06653
004193.png,0.99999976,train_03151
004194.png,0.99999994,train_06676
004195.png,0.9999998,train_05950
004196.png,1.0000002,train_00777
004197.png,0.9999998,train_06061
004198.png,1.0000002,train_04883
004199.png,1.0000002,train_02775
004200.png,1.0000002,train_04933
004201.png,1.0000002,train_02544
004202.png,1.0,train_02351
004203.png,0.9999999,train_05659
004204.png,0.99999976,train_06790
004205.png,1.0000002,train_06797
004206.png,1.0000002,train_05279
004207.png,1.0000002,train_00258
004208.png,0.99999994,train_07641
004209.png,1.0000005,train_01859
004210.png,1.0000002,train_05963
004211.png,1.0000001,train_03770
004212.png,0.9999998,train_04175
004213.png,0.99999994,train_00297
004214.png,0.99999964,train_05488
004215.png,1.0,train_00524
004216.png,0.99999976,train_01189
004217.png,1.0000005,train_04299
004218.png,1.0000002,train_05943
004219.png,1.0000001,train_05834
004220.png,1.0000001,train_05443
004221.png,0.99999976,train_00525
004222.png,0.99999976,train_06587
004223.png,1.0000002,train_06737
004224.png,0.99999964,train_02229
004225.png,1.0000002,train_05091
004226.png,0.9999999,train_01584
004227.png,0.9999999,train_03442
004228.png,1.0,train_00635
004229.png,1.0000002,train_02775
004230.png,1.0000001,train_06470
004231.png,1.0000002,train_03138
004232.png,1.0,train_07134
004233.png,0.9999999,train_01380
004234.png,0.99999976,train_05302
004235.png,1.0,train_02714
004236.png,1.0,train_02451
004237.png,1.0,train_07531
004238.png,1.0000002,train_01480
004239.png,1.0000002,train_08030
004240.png,1.0000001,train_01622
004241.png,0.99999994,train_01365
004242.png,1.0000002,train_00278
004243.png,1.0000001,train_04730
004244.png,0.9999999,train_05701
004245.png,1.0,train_04030
004246.png,1.0,train_01675
004247.png,1.0000002,train_07884
004248.png,1.0000005,train_05083
004249.png,1.0,train_02252
004250.png,1.0000001,train_06497
004251.png,1.0,train_08072
004252.png,1.0000004,train_06440
004253.png,1.0000001,train_05871
004254.png,0.9999999,train_07274
004255.png,0.9999999,train_00924
004256.png,1.0000004,train_01135
004257.png,0.9999999,train_04990
004258.png,1.0000002,train_05287
004259.png,1.0,train_06932
004260.png,1.0000001,train_02494
004261.png,1.0000005,train_06212
004262.png,0.99999994,train_02165
004263.png,1.0000002,train_06757
004264.png,1.0,train_04460
004265.png,0.9999999,train_06489
004266.png,1.0000001,train_01843
004267.png,1.0000001,train_07196
004268.png,0.9999999,train_07846
004269.png,0.99999994,train_03816
004270.png,1.0000001,train_02413
004271.png,0.9999999,train_05477
004272.png,1.0000001,train_05197
004273.png,0.9999998,train_07656
004274.png,0.9999999,train_03892
004275.png,0.9999999,train_03313
004276.png,0.99999976,train_02885
004277.png,1.0000001,train_00684
004278.png,0.9999998,train_03575
004279.png,1.0,train_00391
004280.png,1.0000002,train_05743
004281.png,0.99999976,train_07840
004282.png,0.99999994,train_01089
004283.png,1.0000001,train_04690
004284.png,1.0000001,train_02191
004285.png,0.9999999,train_04524
004286.png,1.0000001,train_08060
004287.png,1.0,train_00059
004288.png,1.0000004,train_06628
004289.png,0.9999999,train_03357
004290.png,0.99999976,train_03111
004291.png,1.0000002,train_02151
004292.png,1.0000004,train_01819
004293.png,1.0000002,train_02369
004294.png,0.9999999,train_01973
004295.png,1.0000001,train_00420
004296.png,1.0000002,train_01039
004297.png,1.0,train_00084
004298.png,1.0,train_02740
004299.png,1.0,train_02730
004300.png,1.0000002,train_01727
004301.png,1.0000002,train_03797
004302.png,1.0,train_02951
004303.png,1.0000001,train_01376
004304.png,1.0,train_01729
004305.png,1.0,train_07049
004306.png,0.99999976,train_05850
004307.png,0.99999994,train_06649
004308.png,1.0,train_05828
004309.png,1.0000001,train_01621
004310.png,0.9999998,train_06420
004311.png,1.0000001,train_00837
004312.png,0.9999998,train_04968
004313.png,0.9999999,train_00162
004314.png,0.9999999,train_06436
004315.png,1.0,train_02916
004316.png,1.0000002,train_06379
004317.png,1.0000004,train_04946
004318.png,0.99999994,train_06909
004319.png,0.9999999,train_00916
004320.png,1.0000004,train_08038
004321.png,1.0000001,train_04244
004322.png,1.0,train_05306
004323.png,1.0000002,train_01900
004324.png,1.0,train_03298
004325.png,1.0,train_02253
004326.png,0.9999999,train_04894
004327.png,0.99999994,train_02069
004328.png,1.0000004,train_00736
004329.png,1.0000002,train_05455
004330.png,1.0000001,train_03788
004331.png,1.0,train_05563
004332.png,1.0,train_07974
004333.png,0.9999999,train_06761
004334.png,1.0000002,train_06081
004335.png,1.0000001,train_05158
004336.png,1.0000002,train_05387
004337.png,1.0000002,train_06398
004338.png,0.9999999,train_00017
004339.png,1.0,train_04764
004340.png,1.0000002,train_03462
004341.png,1.0,train_06302
004342.png,1.0,train_07376
004343.png,1.0000002,train_02642
004344.png,1.0,train_05207
004345.png,1.0,train_02138
004346.png,1.0000002,train_03959
004347.png,1.0000001,train_00874
004348.png,1.0000001,train_04608
004349.png,0.9999998,train_01521
004350.png,1.0,train_06722
004351.png,0.9999999,train_02882
004352.png,1.0000002,train_04128
004353.png,1.0000001,train_03338
004354.png,1.0000002,train_05068
004355.png,0.9999999,train_03779
004356.png,1.0000002,train_04128
004357.png,1.0,train_03227
004358.png,1.0,train_07192
004359.png,1.0000002,train_03182
004360.png,1.0000002,train_02457
004361.png,0.9999999,train_05832
004362.png,1.0,train_07183
004363.png,1.0000001,train_00152
004364.png,1.0,train_00704
004365.png,0.9999997,train_01230
004366.png,0.9999999,train_07577
004367.png,0.99999964,train_02438
004368.png,1.0000002,train_07520
004369.png,0.9999999,train_00013
004370.png,0.9999999,train_01563
004371.png,1.0000004,train_01806
004372.png,1.0000001,train_05575
004373.png,1.0,train_02521
004374.png,0.99999994,train_03361
004375.png,1.0,train_05367
004376.png,1.0000001,train_02870
004377.png,0.99999994,train_01365
004378.png,0.99999976,train_05338
004379.png,1.0000002,train_03163
004380.png,1.0000002,train_06208
004381.png,0.9999999,train_02591
004382.png,1.0000002,train_02575
004383.png,1.0000001,train_03468
004384.png,0.9999998,train_01852
004385.png,1.0000004,train_07449
004386.png,1.0,train_03717
004387.png,1.0000002,train_02919
004388.png,1.0000002,train_01109
004389.png,0.9999999,train_03564
004390.png,1.0,train_06157
004391.png,1.0,train_04314
004392.png,1.0000001,train_00876
004393.png,0.99999994,train_05237
004394.png,0.9999999,train_01380
004395.png,1.0,train_03524
004396.png,0.9999999,train_03934
004397.png,1.0,train_02234
004398.png,1.0000002,train_00392
004399.png,1.0000002,train_03138
004400.png,0.9999998,train_00907
004401.png,0.99999976,train_00351
004402.png,1.0000002,train_07813
004403.png,0.9999999,train_04329
004404.png,1.0000001,train_03549
004405.png,1.0000001,train_00746
004406.png,0.9999999,train_03957
004407.png,1.0,train_06503
004408.png,1.0,train_06743
004409.png,1.0,train_01219
004410.png,1.0,train_05337
004411.png,0.9999999,train_02562
004412.png,1.0,train_05080
004413.png,1.0000001,train_06025
004414.png,0.9999999,train_06622
004415.png,1.0,train_02296
004416.png,1.0000001,train_06897
004417.png,0.9999999,train_00816
004418.png,1.0000001,train_01818
004419.png,1.0000002,train_03721
004420.png,1.0,train_05050
004421.png,1.0,train_02629
004422.png,1.0000001,train_06132
004423.png,1.0000002,train_05971
004424.png,0.99999976,train_01090
004425.png,0.99999976,train_04643
004426.png,0.9999998,train_07038
004427.png,0.9999998,train_02094
004428.png,0.99999994,train_02759
004429.png,1.0000004,train_06808
004430.png,1.0000001,train_04226
004431.png,1.0000001,train_02832
004432.png,1.0000002,train_03880
004433.png,1.0000001,train_06386
004434.png,0.9999999,train_04963
004435.png,0.9999999,train_05301
004436.png,1.0,train_06843
004437.png,1.0000001,train_06906
004438.png,1.0000001,train_01308
004439.png,1.0000002,train_06829
004440.png,0.9999999,train_07003
004441.png,1.0,train_04833
004442.png,0.9999999,train_00291
004443.png,0.99999976,train_06519
004444.png,1.0,train_03623
004445.png,1.0000004,train_02480
004446.png,0.99999976,train_00133
004447.png,1.0000001,train_06124
004448.png,1.0,train_07230
004449.png,0.99999994,train_06424
004450.png,1.0,train_05119
004451.png,0.99999994,train_05696
004452.png,1.0,train_05584
004453.png,1.0,train_07851
004454.png,0.9999999,train_03917
004455.png,1.0000001,train_01006
004456.png,1.0000001,train_04572
004457.png,0.99999994,train_02350
004458.png,0.9999999,train_05398
004459.png,1.0000001,train_07065
004460.png,1.0,train_06653
004461.png,1.0,train_02614
004462.png,1.0,train_04930
004463.png,1.0,train_00620
004464.png,1.0000001,train_03338
004465.png,1.0000001,train_03307
004466.png,1.0000001,train_07314
004467.png,0.9999999,train_03778
004468.png,1.0,train_01293
004469.png,1.0,train_08013
004470.png,1.0000002,train_01808
004471.png,0.9999999,train_04597
004472.png,1.0,train_07016
004473.png,0.9999995,train_07460
004474.png,1.0000001,train_07402
004475.png,0.99999976,train_04716
004476.png,1.0000004,train_00308
004477.png,1.0,train_02556
004478.png,0.9999999,train_05043
004479.png,1.0000002,train_01385
004480.png,1.0000004,train_02907
004481.png,1.0000001,train_00990
004482.png,1.0000002,train_03894
004483.png,1.0000002,train_05875
004484.png,1.0000001,train_04425
004485.png,1.0000002,train_01794
004486.png,1.0,train_06682
004487.png,1.0000002,train_03268
004488.png,1.0000001,train_00307
004489.png,1.0000001,train_07944
004490.png,1.0000001,train_03879
004491.png,0.99999976,train_02423
004492.png,1.0000001,train_01208
004493.png,1.0,train_00302
004494.png,0.9999999,train_06144
004495.png,1.0000002,train_04472
004496.png,1.0,train_03744
004497.png,1.0,train_05854
004498.png,1.0000001,train_05694
004499.png,1.0000001,train_02516
004500.png,1.0,train_03609
004501.png,0.9999999,train_05469
004502.png,1.0,train_03409
004503.png,1.0,train_02894
004504.png,0.9999999,train_05729
004505.png,1.0000001,train_01810
004506.png,1.0000002,train_01930
004507.png,1.0000002,train_06657
004508.png,1.0000001,train_05214
004509.png,0.9999999,train_06862
004510.png,0.99999976,train_00148
004511.png,1.0,train_05421
004512.png,1.0,train_04012
004513.png,0.9999999,train_03908
004514.png,1.0,train_02188
004515.png,1.0,train_07903
004516.png,1.0000001,train_01681
004517.png,1.0,train_03390
004518.png,1.0000001,train_00232
004519.png,1.0000001,train_06251
004520.png,1.0,train_03829
004521.png,0.9999999,train_07885
004522.png,1.0000002,train_00778
004523.png,0.99999976,train_03859
004524.png,1.0000001,train_06864
004525.png,0.9999999,train_07003
004526.png,0.9999999,train_03749
004527.png,1.0,train_07295
004528.png,1.0,train_04976
004529.png,1.0,train_01427
004530.png,1.0,train_06585
004531.png,1.0,train_03049
004532.png,1.0,train_06452
004533.png,1.0000001,train_04438
004534.png,1.0000002,train_04133
004535.png,1.0,train_00178
004536.png,1.0000002,train_01022
004537.png,1.0000001,train_05710
004538.png,1.0,train_06579
004539.png,1.0000001,train_01518
004540.png,0.9999999,train_06631
004541.png,0.9999999,train_04341
004542.png,1.0,train_06516
004543.png,1.0000001,train_01926
004544.png,1.0000005,train_00289
004545.png,1.0,train_04666
004546.png,0.9999999,train_02117
004547.png,1.0,train_05067
004548.png,1.0000002,train_00662
004549.png,1.0,train_05064
004550.png,1.0000001,train_01998
004551.png,1.0000002,train_07244
004552.png,1.0000001,train_02325
004553.png,1.0000002,train_00679
004554.png,0.99999976,train_04469
004555.png,1.0000001,train_03535
004556.png,0.99999994,train_07158
004557.png,1.0,train_03140
004558.png,1.0,train_03812
004559.png,0.99999976,train_01421
004560.png,1.0000001,train_07122
004561.png,1.0000004,train_00537
004562.png,1.0000001,train_07423
004563.png,1.0000002,train_06310
004564.png,1.0000001,train_02113
004565.png,1.0,train_06863
004566.png,1.0,train_02813
004567.png,0.99999994,train_06086
004568.png,0.9999999,train_02784
004569.png,1.0,train_04577
004570.png,1.0000001,train_04135
004571.png,0.9999998,train_07777
004572.png,1.0,train_01541
004573.png,1.0000002,train_02068
004574.png,1.0,train_04366
004575.png,1.0000002,train_03727
004576.png,1.0,train_00104
004577.png,1.0,train_00704
004578.png,0.9999999,train_03234
004579.png,1.0000001,train_01086
004580.png,1.0000001,train_02399
004581.png,1.0000002,train_00342
004582.png,1.0000001,train_02129
004583.png,1.0000001,train_07050
004584.png,1.0,train_02467
004585.png,1.0,train_01340
004586.png,1.0,train_02786
004587.png,0.99999976,train_00665
004588.png,1.0000002,train_02245
004589.png,1.0000002,train_04502
004590.png,1.0000004,train_07307
004591.png,1.0000001,train_02962
004592.png,0.9999998,train_04175
004593.png,1.0,train_04734
004594.png,1.0000002,train_02143
004595.png,1.0,train_03912
004596.png,1.0,train_01458
004597.png,0.9999998,train_06420
004598.png,0.9999999,train_01663
004599.png,1.0,train_02605
004600.png,1.0000001,train_08083
004601.png,1.0000002,train_05843
004602.png,1.0,train_07039
004603.png,1.0,train_01130
004604.png,0.9999999,train_00052
004605.png,0.99999994,train_01153
004606.png,1.0000002,train_04033
004607.png,1.0000001,train_03205
004608.png,0.9999999,train_01250
004609.png,0.9999998,train_02769
004610.png,1.0000002,train_02575
004611.png,1.0,train_05468
004612.png,1.0000001,train_02742
004613.png,1.0,train_01577
004614.png,1.0000002,train_07022
004615.png,1.0000001,train_01644
004616.png,0.99999976,train_04469
004617.png,1.0,train_06236
004618.png,0.9999999,train_02984
004619.png,0.99999976,train_00525
004620.png,0.9999999,train_04018
004621.png,1.0000001,train_04588
004622.png,1.0,train_03374
004623.png,1.0000005,train_01408
004624.png,1.0,train_02254
004625.png,1.0000001,train_06093
004626.png,0.99999994,train_01242
004627.png,0.99999994,train_06716
004628.png,0.99999976,train_00883
004629.png,1.0000002,train_08042
004630.png,1.0000002,train_01781
004631.png,0.99999994,train_07987
004632.png,1.0,train_07758
004633.png,1.0000001,train_06785
004634.png,0.99999976,train_06462
004635.png,0.9999999,train_01186
004636.png,1.0000002,train_02173
004637.png,0.9999999,train_03434
004638.png,1.0000002,train_01181
004639.png,1.0000001,train_05594
004640.png,0.99999964,train_06792
004641.png,1.0000001,train_05423
004642.png,0.99999994,train_07294
004643.png,1.0000002,train_04686
004644.png,0.99999976,train_02537
004645.png,1.0000002,train_03034
004646.png,1.0,train_04743
004647.png,0.99999976,train_06934
004648.png,1.0,train_00857
004649.png,1.0,train_07331
004650.png,0.9999998,train_06161
004651.png,1.0000001,train_03886
004652.png,1.0000001,train_02424
004653.png,1.0,train_06768
004654.png,0.99999994,train_01322
004655.png,0.9999999,train_02842
004656.png,0.9999999,train_02593
004657.png,1.0000001,train_03783
004658.png,1.0000001,train_03724
004659.png,1.0,train_02813
004660.png,1.0,train_07483
004661.png,1.0,train_07793
004662.png,1.0000002,train_06871
004663.png,0.9999999,train_06319
004664.png,1.0,train_01692
004665.png,1.0,train_00411
004666.png,1.0000002,train_00977
004667.png,1.0000002,train_02572
004668.png,0.99999964,train_01216
004669.png,1.0,train_06387
004670.png,0.9999999,train_03357
004671.png,1.0,train_06186
004672.png,0.99999964,train_05560
004673.png,1.0000005,train_01425
004674.png,1.0,train_07006
004675.png,1.0,train_07146
004676.png,0.9999999,train_07321
004677.png,0.99999976,train_03505
004678.png,1.0000002,train_00791
004679.png,1.0000001,train_02699
004680.png,1.0000002,train_03218
004681.png,1.0000002,train_06732
004682.png,1.0000002,train_03633
004683.png,0.99999964,train_01787
004684.png,1.0,train_01144
004685.png,1.0000002,train_00763
004686.png,1.0000001,train_02482
004687.png,1.0000002,train_03011
004688.png,1.0000002,train_00081
004689.png,1.0,train_02501
004690.png,1.0000001,train_05643
004691.png,1.0000002,train_05162
004692.png,1.0000005,train_07388
004693.png,1.0,train_02362
004694.png,1.0,train_06590
004695.png,1.0,train_00867
004696.png,1.0000001,train_00982
004697.png,1.0,train_02515
004698.png,0.9999998,train_00998
004699.png,0.9999998,train_04631
004700.png,1.0,train_03177
004701.png,1.0000001,train_01201
004702.png,0.9999999,train_07150
004703.png,0.99999976,train_07203
004704.png,1.0,train_05528
004705.png,1.0,train_03226
004706.png,1.0000001,train_02426
004707.png,1.0,train_06320
004708.png,0.99999994,train_06182
004709.png,1.0,train_07049
004710.png,1.0,train_07317
004711.png,1.0,train_02379
004712.png,0.99999976,train_03112
004713.png,0.9999999,train_05437
004714.png,1.0,train_07880
004715.png,1.0,train_07666
004716.png,1.0,train_05337
004717.png,0.99999994,train_06012
004718.png,1.0000001,train_01731
004719.png,0.9999999,train_02543
004720.png,1.0,train_00996
004721.png,1.0000001,train_05652
004722.png,1.0000001,train_01823
004723.png,1.0,train_04734
004724.png,1.0000001,train_00276
004725.png,1.0,train_00462
004726.png,0.9999999,train_00100
004727.png,1.0000002,train_02232
004728.png,1.0,train_05772
004729.png,1.0000001,train_02455
004730.png,0.9999999,train_07176
004731.png,1.0000002,train_07692
004732.png,1.0,train_00910
004733.png,1.0000001,train_07717
004734.png,1.0000002,train_05873
004735.png,1.0000002,train_03714
004736.png,1.0000001,train_02454
004737.png,1.0000001,train_04890
004738.png,0.99999994,train_04313
004739.png,1.0,train_00692
004740.png,1.0000002,train_06336
004741.png,0.9999998,train_00725
004742.png,0.9999999,train_01012
004743.png,1.0,train_00293
004744.png,1.0000002,train_02889
004745.png,1.0,train_01451
004746.png,1.0,train_04547
004747.png,0.99999994,train_02654
004748.png,0.99999976,train_06160
004749.png,1.0,train_01253
004750.png,0.9999999,train_05404
004751.png,0.99999994,train_07172
004752.png,0.9999998,train_07346
004753.png,0.9999999,train_01016
004754.png,1.0000002,train_02124
004755.png,1.0000005,train_05521
004756.png,1.0000002,train_06308
004757.png,1.0,train_06426
004758.png,1.0000001,train_01731
004759.png,1.0000002,train_04431
004760.png,0.99999994,train_06394
004761.png,1.0000002,train_03887
004762.png,1.0000002,train_07042
004763.png,0.99999994,train_06645
004764.png,0.9999998,train_07232
004765.png,0.99999976,train_04198
004766.png,1.0000002,train_01056
004767.png,1.0000002,train_02322
004768.png,0.9999999,train_04219
004769.png,0.99999994,train_06716
004770.png,0.9999998,train_00272
004771.png,1.0000001,train_01439
004772.png,0.99999976,train_07858
004773.png,0.9999998,train_05816
004774.png,1.0,train_01303
004775.png,1.0,train_05086
004776.png,1.0000001,train_07559
004777.png,1.0000002,train_04808
004778.png,0.9999998,train_02520
004779.png,0.9999999,train_00722
004780.png,1.0000001,train_00008
004781.png,0.9999999,train_03860
004782.png,1.0,train_05851
004783.png,0.99999994,train_06032
004784.png,0.9999999,train_02228
004785.png,1.0000002,train_05679
004786.png,1.0,train_08012
004787.png,0.99999976,train_05553
004788.png,1.0000001,train_06247
004789.png,1.0000002,train_07813
004790.png,1.0,train_06157
004791.png,1.0000002,train_03722
004792.png,1.0,train_00432
004793.png,1.0,train_07466
004794.png,1.0,train_05148
004795.png,0.9999999,train_05724
004796.png,1.0,train_03005
004797.png,0.99999994,train_06020
004798.png,1.0,train_03730
004799.png,1.0,train_01336
004800.png,1.0000002,train_00672
004801.png,1.0,train_03373
004802.png,1.0000001,train_00628
004803.png,0.99999976,train_02430
004804.png,0.9999998,train_08036
004805.png,0.9999999,train_01328
004806.png,1.0,train_01068
004807.png,0.9999999,train_03779
004808.png,0.99999994,train_03007
004809.png,1.0,train_01241
004810.png,1.0000001,train_01127
004811.png,0.9999998,train_08018
004812.png,1.0000002,train_03148
004813.png,1.0000001,train_03886
004814.png,1.0,train_00726
004815.png,1.0,train_01091
004816.png,1.0000002,train_05734
004817.png,1.0000002,train_01900
004818.png,1.0000001,train_01987
004819.png,1.0,train_01137
004820.png,1.0,train_07920
004821.png,1.0000001,train_04545
004822.png,0.9999999,train_01880
004823.png,1.0000001,train_02624
004824.png,1.0,train_03129
004825.png,1.0,train_02550
004826.png,1.0000005,train_06146
004827.png,1.0,train_02895
004828.png,1.0,train_02062
004829.png,1.0,train_07630
004830.png,1.0,train_00699
004831.png,1.0000002,train_06173
004832.png,1.0000005,train_01920
004833.png,1.0,train_03674
004834.png,1.0,train_00269
004835.png,1.0000001,train_07763
004836.png,0.9999999,train_03000
004837.png,0.9999999,train_01525
004838.png,1.0,train_04360
004839.png,0.99999994,train_01396
004840.png,1.0000002,train_02338
004841.png,0.99999994,train_03510
004842.png,1.0,train_05895
004843.png,1.0,train_00279
004844.png,0.99999994,train_01899
004845.png,1.0000001,train_05662
004846.png,1.0,train_07745
004847.png,1.0,train_04509
004848.png,0.9999999,train_03383
004849.png,0.9999999,train_02184
004850.png,1.0,train_01333
004851.png,1.0000002,train_05722
004852.png,1.0000002,train_07267
004853.png,1.0,train_05844
004854.png,1.0,train_00187
004855.png,1.0,train_07361
004856.png,1.0,train_00914
004857.png,1.0000001,train_07454
004858.png,1.0000002,train_06899
004859.png,1.0000001,train_03662
004860.png,1.0000002,train_08046
004861.png,1.0000001,train_01978
004862.png,1.0000002,train_00250
004863.png,1.0,train_03745
004864.png,1.0000002,train_01282
004865.png,1.0000002,train_03428
004866.png,0.9999998,train_01905
004867.png,1.0,train_01675
004868.png,1.0000001,train_07476
004869.png,1.0,train_05890
004870.png,1.0000001,train_01807
004871.png,1.0,train_08101
004872.png,0.9999999,train_02162
004873.png,1.0,train_06134
004874.png,0.99999994,train_01417
004875.png,0.9999999,train_06850
004876.png,1.0000002,train_01872
004877.png,0.9999999,train_06377
004878.png,1.0000002,train_03855
004879.png,0.99999994,train_00890
004880.png,1.0,train_01599
004881.png,1.0000001,train_03653
004882.png,1.0000002,train_01765
004883.png,1.0000001,train_04696
004884.png,1.0000001,train_05618
004885.png,1.0000001,train_02487
004886.png,1.0000001,train_07398
004887.png,1.0,train_03127
004888.png,0.9999997,train_00500
004889.png,1.0000001,train_04437
004890.png,0.9999999,train_05316
004891.png,1.0000002,train_06066
004892.png,0.9999999,train_03547
004893.png,1.0000004,train_00433
004894.png,0.99999976,train_07225
004895.png,1.0000001,train_06124
004896.png,1.0,train_04826
004897.png,1.0000001,train_06993
004898.png,1.0000002,train_06398
004899.png,1.0,train_00170
004900.png,1.0,train_03609
004901.png,1.0000001,train_01315
004902.png,1.0,train_00104
004903.png,1.0,train_04203
004904.png,0.9999999,train_04307
004905.png,1.0000001,train_04588
004906.png,1.0000001,train_01307
004907.png,1.0000001,train_03766
004908.png,1.0000002,train_07843
004909.png,1.0,train_00267
004910.png,0.9999999,train_01569
004911.png,1.0,train_03373
004912.png,0.9999999,train_05868
004913.png,0.9999999,train_01973
004914.png,0.9999999,train_08091
004915.png,1.0,train_07616
004916.png,1.0000002,train_06076
004917.png,0.99999994,train_06624
004918.png,0.9999998,train_02186
004919.png,0.9999998,train_02095
004920.png,0.9999998,train_06633
004921.png,1.0000002,train_01872
004922.png,1.0,train_02401
004923.png,0.99999976,train_00483
004924.png,1.0000001,train_00744
004925.png,1.0,train_00563
004926.png,0.9999999,train_05281
004927.png,0.9999998,train_06870
004928.png,0.99999994,train_01417
004929.png,1.0000001,train_01978
004930.png,1.0,train_04148
004931.png,1.0,train_04805
004932.png,0.99999976,train_04417
004933.png,1.0,train_06594
004934.png,0.99999976,train_07306
004935.png,1.0000002,train_01885
004936.png,0.9999999,train_02101
004937.png,1.0,train_02013
004938.png,0.9999999,train_07216
004939.png,0.9999999,train_05281
004940.png,1.0000002,train_03696
004941.png,0.9999999,train_03970
004942.png,1.0000001,train_01568
004943.png,1.0000002,train_00603
004944.png,1.0000002,train_07275
004945.png,0.99999994,train_05151
004946.png,1.0000002,train_00264
004947.png,0.9999998,train_07014
004948.png,1.0000004,train_05598
004949.png,1.0000001,train_02329
004950.png,1.0,train_07219
004951.png,1.0000002,train_03982
004952.png,0.9999999,train_06151
004953.png,1.0000001,train_06276
004954.png,1.0,train_04928
004955.png,1.0000001,train_05996
004956.png,1.0,train_07514
004957.png,0.9999999,train_05137
004958.png,0.9999999,train_03155
004959.png,0.9999999,train_04962
004960.png,1.0000002,train_06638
004961.png,0.9999998,train_03186
004962.png,1.0000001,train_04101
004963.png,1.0,train_07503
004964.png,1.0000001,train_04937
004965.png,1.0000002,train_02035
004966.png,1.0000002,train_03069
004967.png,1.0000002,train_05722
004968.png,0.99999994,train_01153
004969.png,1.0000002,train_02780
004970.png,1.0000001,train_05371
004971.png,1.0,train_00089
004972.png,1.0000001,train_05120
004973.png,1.0,train_02968
004974.png,1.0000002,train_00598
004975.png,0.9999999,train_02502
004976.png,1.0000001,train_01918
004977.png,1.0000002,train_06469
004978.png,1.0,train_03450
004979.png,1.0,train_05337
004980.png,1.0000002,train_04657
004981.png,1.0,train_06036
004982.png,1.0000001,train_07486
004983.png,0.99999994,train_01488
004984.png,1.0,train_06236
004985.png,0.99999976,train_04452
004986.png,1.0000002,train_01877
004987.png,1.0,train_03209
004988.png,0.9999999,train_07071
004989.png,1.0,train_00580
004990.png,1.0,train_00856
004991.png,1.0000001,train_03567
004992.png,1.0000004,train_03580
004993.png,1.0000002,train_03694
004994.png,0.9999999,train_02277
004995.png,1.0,train_03609
004996.png,1.0000001,train_06350
004997.png,1.0000001,train_06710
004998.png,0.9999999,train_07729
004999.png,1.0000001,train_01429
005000.png,0.99999994,train_04208
005001.png,1.0000002,train_03254
005002.png,1.0000001,train_04466
005003.png,0.9999999,train_05147
005004.png,1.0000001,train_01108
005005.png,0.99999994,train_01150
005006.png,1.0,train_04896
005007.png,1.0000002,train_07900
005008.png,1.0000005,train_03493
005009.png,1.0,train_03614
005010.png,1.0000002,train_05691
005011.png,1.0,train_07655
005012.png,1.0000001,train_03612
005013.png,0.9999998,train_06094
005014.png,1.0000002,train_03722
005015.png,0.99999976,train_03984
005016.png,1.0,train_07609
005017.png,0.9999999,train_03905
005018.png,1.0,train_08056
005019.png,1.0,train_01577
005020.png,0.9999998,train_00907
005021.png,1.0000001,train_00892
005022.png,0.99999976,train_01182
005023.png,1.0,train_07716
005024.png,0.9999999,train_02029
005025.png,1.0000002,train_02819
005026.png,0.9999999,train_07249
005027.png,1.0000002,train_06330
005028.png,1.0000002,train_04796
005029.png,1.0000002,train_02800
005030.png,1.0000002,train_01379
005031.png,1.0000001,train_07446
005032.png,1.0,train_01767
005033.png,1.0000001,train_03877
005034.png,1.0,train_05438
005035.png,0.9999999,train_04789
005036.png,1.0000001,train_04271
005037.png,1.0,train_05045
005038.png,1.0000001,train_01614
005039.png,1.0000001,train_01707
005040.png,1.0,train_02248
005041.png,1.0000002,train_04192
005042.png,1.0000001,train_07659
005043.png,1.0000002,train_03983
005044.png,1.0000001,train_06976
005045.png,1.0000001,train_01558
005046.png,1.0000002,train_05590
005047.png,0.99999976,train_08037
005048.png,1.0,train_06230
005049.png,0.9999999,train_03832
005050.png,1.0000001,train_07659
005051.png,1.0000002,train_00598
005052.png,1.0000002,train_03691
005053.png,1.0,train_05145
005054.png,1.0000001,train_04783
005055.png,1.0000001,train_05720
005056.png,1.0,train_01839
005057.png,0.9999998,train_07351
005058.png,0.9999999,train_07129
005059.png,0.9999997,train_01259
005060.png,1.0000002,train_02172
005061.png,1.0000001,train_05653
005062.png,1.0,train_01864
005063.png,1.0000001,train_00820
005064.png,0.99999976,train_03257
005065.png,0.9999999,train_05003
005066.png,0.99999976,train_05399
005067.png,1.0,train_00853
005068.png,0.99999994,train_07333
005069.png,1.0,train_06566
005070.png,1.0,train_00279
005071.png,1.0,train_07964
005072.png,0.9999999,train_00824
005073.png,0.9999999,train_02502
005074.png,1.0,train_08133
005075.png,1.0,train_02597
005076.png,0.9999999,train_00558
005077.png,1.0,train_07859
005078.png,0.9999999,train_00079
005079.png,1.0,train_07094
005080.png,1.0,train_06674
005081.png,1.0000002,train_07677
005082.png,1.0000002,train_01602
005083.png,0.99999994,train_01411
005084.png,0.9999999,train_01375
005085.png,1.0000001,train_04696
005086.png,0.99999976,train_04401
005087.png,1.0000001,train_03169
005088.png,1.0,train_01779
005089.png,0.9999999,train_00731
005090.png,1.0000001,train_04246
005091.png,1.0,train_00344
005092.png,1.0000001,train_02774
005093.png,0.99999976,train_00961
005094.png,1.0000002,train_02154
005095.png,1.0000002,train_01172
005096.png,0.9999999,train_01598
005097.png,1.0,train_01760
005098.png,0.99999976,train_06095
005099.png,1.0000001,train_04915
005100.png,1.0,train_03756
005101.png,0.9999997,train_06474
005102.png,0.9999999,train_04495
005103.png,0.99999994,train_04752
005104.png,1.0000002,train_03801
005105.png,1.0000001,train_03194
005106.png,1.0000002,train_07658
005107.png,0.99999994,train_06715
005108.png,1.0,train_05807
005109.png,1.0,train_01609
005110.png,1.0000002,train_00513
005111.png,0.9999999,train_04974
005112.png,0.9999999,train_04689
005113.png,1.0000001,train_01086
005114.png,0.99999964,train_00119
005115.png,1.0,train_07124
005116.png,0.99999994,train_06424
005117.png,0.9999998,train_02299
005118.png,0.99999994,train_03437
005119.png,0.99999994,train_07347
005120.png,0.99999976,train_07942
005121.png,1.0000002,train_07420
005122.png,1.0000001,train_06497
005123.png,1.0000004,train_01013
005124.png,0.9999999,train_04727
005125.png,0.9999998,train_05969
005126.png,1.0000002,train_01039
005127.png,0.99999994,train_05013
005128.png,1.0,train_04265
005129.png,1.0000002,train_03890
005130.png,1.0,train_07797
005131.png,1.0000002,train_02009
005132.png,1.0000002,train_00679
005133.png,0.99999976,train_03511
005134.png,1.0000004,train_03253
005135.png,1.0,train_05695
005136.png,0.9999999,train_04112
005137.png,0.9999999,train_00487
005138.png,1.0000001,train_03001
005139.png,0.9999999,train_04812
005140.png,1.0000001,train_02532
005141.png,0.9999998,train_01852
005142.png,1.0,train_05175
005143.png,1.0000004,train_01806
005144.png,1.0000001,train_08009
005145.png,1.0,train_02921
005146.png,1.0000002,train_08088
005147.png,1.0000001,train_06370
005148.png,0.9999997,train_01028
005149.png,0.99999976,train_00004
005150.png,1.0000002,train_04750
005151.png,1.0,train_07789
005152.png,1.0000001,train_07636
005153.png,1.0,train_04740
005154.png,0.9999999,train_02842
005155.png,1.0000001,train_02861
005156.png,1.0,train_07708
005157.png,1.0000001,train_02498
005158.png,1.0000001,train_07401
005159.png,1.0000002,train_03686
005160.png,0.99999994,train_00807
005161.png,1.0,train_02632
005162.png,0.99999976,train_06246
005163.png,1.0,train_00309
005164.png,1.0000002,train_03131
005165.png,1.0,train_02584
005166.png,1.0,train_05646
005167.png,1.0,train_00204
005168.png,1.0000001,train_04878
005169.png,0.99999994,train_04110
005170.png,1.0,train_01122
005171.png,0.9999999,train_02603
005172.png,0.99999994,train_04061
005173.png,0.9999999,train_02882
005174.png,0.9999999,train_07249
005175.png,0.99999976,train_05420
005176.png,1.0000001,train_06541
005177.png,1.0000005,train_07168
005178.png,1.0,train_04548
005179.png,1.0000002,train_07438
005180.png,1.0000002,train_03254
005181.png,1.0,train_07833
005182.png,1.0000002,train_06749
005183.png,1.0000004,train_08038
005184.png,0.99999994,train_03746
005185.png,1.0,train_00323
005186.png,0.99999994,train_02616
005187.png,1.0,train_07500
005188.png,1.0,train_08092
005189.png,0.99999976,train_05731
005190.png,1.0000001,train_01208
005191.png,1.0,train_01995
005192.png,1.0000002,train_03391
005193.png,1.0000002,train_00679
005194.png,0.9999999,train_03252
005195.png,0.9999998,train_06709
005196.png,1.0000002,train_02282
005197.png,0.9999998,train_06362
005198.png,1.0,train_07964
005199.png,1.0000001,train_05927
005200.png,1.0,train_01457
005201.png,1.0000001,train_02321
005202.png,0.99999976,train_04031
005203.png,1.0000002,train_02866
005204.png,1.0000001,train_03036
005205.png,1.0000002,train_02683
005206.png,0.99999994,train_02074
005207.png,0.9999999,train_03060
005208.png,1.0,train_03474
005209.png,0.99999976,train_06966
005210.png,1.0000002,train_01134
005211.png,0.9999998,train_05060
005212.png,0.9999998,train_01511
005213.png,0.9999999,train_05171
005214.png,1.0,train_04446
005215.png,1.0,train_05159
005216.png,1.0,train_01133
005217.png,0.9999999,train_03019
005218.png,1.0000001,train_02342
005219.png,1.0,train_06905
005220.png,1.0000001,train_07970
005221.png,1.0,train_02161
005222.png,1.0,train_01739
005223.png,0.9999999,train_04189
005224.png,1.0000001,train_03008
005225.png,1.0000002,train_01933
005226.png,1.0000001,train_00021
005227.png,1.0,train_06579
005228.png,0.9999998,train_06161
005229.png,1.0,train_02379
005230.png,0.99999994,train_06228
005231.png,1.0000001,train_06253
005232.png,1.0000001,train_05095
005233.png,0.9999998,train_05381
005234.png,0.9999999,train_07274
005235.png,0.9999999,train_02996
005236.png,1.0000001,train_06710
005237.png,0.9999999,train_08126
005238.png,1.0000002,train_00644
005239.png,1.0,train_04262
005240.png,0.99999994,train_07805
005241.png,0.9999999,train_03944
005242.png,0.99999994,train_02292
005243.png,1.0,train_04328
005244.png,0.9999999,train_04605
005245.png,0.9999999,train_07299
005246.png,1.0,train_02515
005247.png,1.0000001,train_05373
005248.png,1.0000001,train_01600
005249.png,1.0000002,train_02695
005250.png,0.9999999,train_04529
005251.png,0.9999999,train_02382
005252.png,1.0,train_02968
005253.png,1.0000002,train_06672
005254.png,1.0000002,train_03148
005255.png,0.99999994,train_02979
005256.png,1.0,train_03692
005257.png,1.0,train_07741
005258.png,1.0,train_08012
005259.png,0.99999976,train_00173
005260.png,1.0,train_02772
005261.png,1.0,train_03923
005262.png,0.9999998,train_05377
005263.png,1.0,train_01072
005264.png,0.99999994,train_07993
005265.png,1.0000002,train_05481
005266.png,1.0000002,train_00496
005267.png,0.99999976,train_06169
005268.png,1.0,train_05409
005269.png,0.99999994,train_00343
005270.png,1.0,train_00781
005271.png,1.0000001,train_05764
005272.png,1.0000001,train_04437
005273.png,1.0000002,train_06127
005274.png,0.99999976,train_08139
005275.png,1.0000002,train_04564
005276.png,1.0000001,train_00981
005277.png,1.0000001,train_04745
005278.png,1.0,train_07064
005279.png,1.0000001,train_04364
005280.png,1.0000004,train_04811
005281.png,1.0000001,train_04434
005282.png,0.9999997,train_04316
005283.png,0.99999994,train_02739
005284.png,1.0,train_02096
005285.png,0.9999999,train_02517
005286.png,1.0,train_01069
005287.png,0.9999999,train_02195
005288.png,0.99999976,train_04724
005289.png,1.0,train_04830
005290.png,1.0,train_00214
005291.png,0.9999999,train_06557
005292.png,0.9999997,train_08054
005293.png,1.0000001,train_02148
005294.png,1.0000004,train_02260
005295.png,1.0000001,train_07977
005296.png,1.0000005,train_01373
005297.png,1.0000001,train_04382
005298.png,1.0000001,train_02365
005299.png,1.0000002,train_08063
005300.png,0.9999999,train_05554
005301.png,1.0000001,train_02718
005302.png,1.0,train_04683
005303.png,1.0000001,train_00201
005304.png,0.9999997,train_05902
005305.png,1.0000001,train_03187
005306.png,1.0000001,train_04252
005307.png,1.0000002,train_00763
005308.png,1.0000002,train_06793
005309.png,1.0000002,train_06810
005310.png,0.9999999,train_02146
005311.png,1.0,train_02558
005312.png,1.0000002,train_05922
005313.png,1.0,train_05436
005314.png,0.9999999,train_00866
005315.png,1.0,train_02667
005316.png,0.9999999,train_04542
005317.png,1.0000002,train_01808
005318.png,1.0,train_03184
005319.png,0.9999998,train_06070
005320.png,1.0000001,train_02913
005321.png,1.0000004,train_05449
005322.png,1.0000001,train_06331
005323.png,0.99999976,train_05530
005324.png,1.0000004,train_07067
005325.png,1.0,train_01825
005326.png,1.0000002,train_03466
005327.png,1.0000001,train_05076
005328.png,1.0000001,train_07086
005329.png,0.99999994,train_00512
005330.png,1.0000002,train_03608
005331.png,0.9999999,train_05682
005332.png,1.0,train_04865
005333.png,0.9999995,train_05317
005334.png,0.9999999,train_03434
005335.png,1.0000002,train_06385
005336.png,1.0000001,train_02337
005337.png,0.9999999,train_04727
005338.png,1.0000001,train_04920
005339.png,0.99999994,train_07382
005340.png,1.0000002,train_03680
005341.png,1.0000001,train_01404
005342.png,1.0000001,train_06065
005343.png,1.0000001,train_02548
005344.png,0.9999999,train_01148
005345.png,1.0000001,train_00504
005346.png,0.99999964,train_02987
005347.png,0.9999999,train_00930
005348.png,1.0,train_03888
005349.png,1.0000001,train_00663
005350.png,1.0000004,train_00557
005351.png,0.9999999,train_01833
005352.png,1.0000002,train_04202
005353.png,1.0000001,train_03837
005354.png,1.0000002,train_06481
005355.png,1.0000001,train_02482
005356.png,1.0,train_00323
005357.png,1.0000001,train_04466
005358.png,1.0000002,train_00770
005359.png,1.0,train_04428
005360.png,1.0000001,train_05964
005361.png,1.0000001,train_07128
005362.png,1.0000001,train_02310
005363.png,1.0,train_07139
005364.png,0.9999999,train_04518
005365.png,1.0000001,train_00565
005366.png,1.0,train_01592
005367.png,1.0000002,train_04380
005368.png,1.0,train_07095
005369.png,1.0000002,train_01054
005370.png,0.99999976,train_01896
005371.png,1.0,train_04131
005372.png,1.0,train_00969
005373.png,1.0,train_06416
005374.png,1.0,train_05044
005375.png,1.0000001,train_03843
005376.png,1.0000002,train_01719
005377.png,0.9999998,train_02992
005378.png,0.99999994,train_00606
005379.png,1.0,train_01510
005380.png,1.0,train_01297
005381.png,1.0000005,train_06175
005382.png,0.9999998,train_07777
005383.png,1.0000001,train_01910
005384.png,1.0000002,train_03782
005385.png,0.99999994,train_01213
005386.png,1.0,train_06434
005387.png,1.0,train_05778
005388.png,0.9999999,train_03779
005389.png,0.99999994,train_03174
005390.png,1.0000002,train_01355
005391.png,1.0000001,train_03889
005392.png,1.0000005,train_07186
005393.png,1.0,train_07982
005394.png,1.0,train_08045
005395.png,1.0,train_01371
005396.png,1.0000002,train_07389
005397.png,1.0,train_05962
005398.png,1.0000002,train_02969
005399.png,1.0,train_04719
005400.png,0.9999999,train_03063
005401.png,1.0000002,train_05250
005402.png,0.9999995,train_00408
005403.png,1.0,train_00490
005404.png,1.0,train_06197
005405.png,1.0000001,train_02106
005406.png,1.0000001,train_01128
005407.png,1.0,train_01008
005408.png,1.0000001,train_04418
005409.png,0.99999976,train_04232
005410.png,1.0000002,train_06788
005411.png,1.0,train_05667
005412.png,1.0000004,train_02648
005413.png,1.0,train_05563
005414.png,1.0,train_02799
005415.png,1.0000002,train_04297
005416.png,0.9999999,train_02561
005417.png,1.0,train_02437
005418.png,0.9999999,train_03060
005419.png,0.99999994,train_00512
005420.png,1.0000002,train_00655
005421.png,1.0000002,train_04735
005422.png,0.99999994,train_06919
005423.png,1.0,train_03625
005424.png,1.0,train_08072
005425.png,1.0,train_02921
005426.png,1.0000002,train_02132
005427.png,1.0,train_04089
005428.png,0.99999994,train_02215
005429.png,1.0000002,train_01426
005430.png,1.0000002,train_01902
005431.png,0.99999964,train_02070
005432.png,1.0,train_03525
005433.png,1.0000001,train_03977
005434.png,0.9999998,train_05396
005435.png,1.0000001,train_06926
005436.png,1.0000001,train_05197
005437.png,1.0000001,train_05127
005438.png,0.9999999,train_01463
005439.png,0.99999976,train_04401
005440.png,1.0000001,train_05146
005441.png,1.0000001,train_00195
005442.png,1.0000002,train_00698
005443.png,1.0,train_03231
005444.png,1.0,train_07710
005445.png,1.0,train_00980
005446.png,1.0000002,train_03152
005447.png,1.0000002,train_01354
005448.png,1.0,train_00625
005449.png,1.0000001,train_06938
005450.png,1.0000001,train_06555
005451.png,0.9999999,train_01330
005452.png,0.9999998,train_04292
005453.png,1.0000002,train_00139
005454.png,1.0000001,train_05332
005455.png,1.0,train_00285
005456.png,1.0000001,train_05692
005457.png,1.0,train_06588
005458.png,1.0,train_04038
005459.png,1.0,train_00938
005460.png,0.99999976,train_05731
005461.png,1.0,train_04854
005462.png,1.0,train_02628
005463.png,0.9999999,train_03682
005464.png,1.0000001,train_05575
005465.png,1.0000002,train_06856
005466.png,1.0000002,train_03797
005467.png,1.0000005,train_06068
005468.png,1.0000001,train_05912
005469.png,1.0000001,train_03769
005470.png,1.0000004,train_03355
005471.png,1.0,train_06594
005472.png,1.0,train_05698
005473.png,1.0000002,train_03694
005474.png,0.99999976,train_00351
005475.png,1.0000001,train_04809
005476.png,1.0,train_07587
005477.png,1.0,train_05711
005478.png,1.0000001,train_06166
005479.png,1.0000002,train_06547
005480.png,1.0000001,train_01558
005481.png,0.9999998,train_00578
005482.png,1.0000002,train_04866
005483.png,1.0000001,train_03128
005484.png,1.0000001,train_01151
005485.png,0.9999999,train_04656
005486.png,1.0000004,train_06990
005487.png,1.0000001,train_03273
005488.png,1.0,train_00627
005489.png,0.9999999,train_03370
005490.png,1.0000002,train_01222
005491.png,0.9999998,train_05088
005492.png,1.0000001,train_02538
005493.png,1.0000002,train_03403
005494.png,1.0000002,train_02863
005495.png,1.0000002,train_02825
005496.png,0.9999999,train_02111
005497.png,0.99999976,train_06333
005498.png,1.0000001,train_07994
005499.png,0.9999999,train_06027
005500.png,1.0000004,train_07822
005501.png,1.0,train_06249
005502.png,1.0,train_06605
005503.png,0.9999999,train_02279
005504.png,0.9999999,train_02137
005505.png,1.0,train_06091
005506.png,1.0000001,train_07761
005507.png,0.9999999,train_00100
005508.png,1.0000001,train_01562
005509.png,1.0,train_00710
005510.png,1.0000001,train_06002
005511.png,1.0000001,train_02144
005512.png,0.99999994,train_05688
005513.png,1.0000001,train_00697
005514.png,0.9999999,train_02228
005515.png,1.0000001,train_08099
005516.png,1.0,train_05667
005517.png,1.0,train_01400
005518.png,1.0000001,train_01800
005519.png,0.99999964,train_03212
005520.png,1.0,train_02860
005521.png,1.0000002,train_04181
005522.png,1.0000002,train_01837
005523.png,0.9999998,train_02850
005524.png,0.9999999,train_01891
005525.png,1.0,train_07060
005526.png,1.0,train_06315
005527.png,1.0000001,train_03790
005528.png,1.0,train_07394
005529.png,0.9999999,train_02016
005530.png,1.0000001,train_06854
005531.png,0.99999994,train_03510
005532.png,1.0000001,train_01888
005533.png,1.0000001,train_06721
005534.png,1.0,train_05118
005535.png,1.0,train_03829
005536.png,1.0000001,train_02837
005537.png,0.9999999,train_01584
005538.png,0.9999998,train_07453
005539.png,1.0000002,train_07915
005540.png,0.99999976,train_04377
005541.png,0.99999994,train_06715
005542.png,1.0,train_07881
005543.png,1.0,train_07271
005544.png,0.9999998,train_02850
005545.png,1.0,train_03133
005546.png,1.0000004,train_06119
005547.png,1.0000001,train_01261
005548.png,1.0000002,train_07430
005549.png,0.99999976,train_05429
005550.png,1.0000002,train_03685
005551.png,1.0,train_08011
005552.png,1.0000004,train_07802
005553.png,1.0000001,train_03362
005554.png,1.0,train_03480
005555.png,1.0000002,train_03423
005556.png,0.9999999,train_02483
005557.png,1.0,train_06840
005558.png,1.0000001,train_05138
005559.png,1.0000001,train_07300
005560.png,1.0,train_05561
005561.png,1.0,train_05588
005562.png,1.0000001,train_00533
005563.png,1.0000001,train_03281
005564.png,0.9999999,train_04500
005565.png,0.9999999,train_03955
005566.png,1.0000004,train_00806
005567.png,1.0000004,train_08038
005568.png,0.9999999,train_03892
005569.png,1.0000001,train_01387
005570.png,1.0000002,train_01485
005571.png,1.0,train_06201
005572.png,0.99999994,train_02542
005573.png,1.0000002,train_03011
005574.png,1.0000001,train_07270
005575.png,1.0,train_04161
005576.png,1.0000005,train_04299
005577.png,1.0,train_01133
005578.png,1.0,train_06955
005579.png,1.0,train_03366
005580.png,1.0,train_00334
005581.png,1.0,train_02005
005582.png,1.0,train_00516
005583.png,1.0000002,train_01278
005584.png,0.9999999,train_02562
005585.png,1.0,train_02135
005586.png,1.0000001,train_07090
005587.png,1.0,train_06794
005588.png,0.99999994,train_02231
005589.png,1.0,train_03849
005590.png,1.0000004,train_05879
005591.png,1.0000001,train_03029
005592.png,1.0000002,train_05894
005593.png,0.9999999,train_06001
005594.png,1.0,train_02908
005595.png,0.9999999,train_00879
005596.png,0.99999994,train_03263
005597.png,1.0000002,train_03010
005598.png,1.0000004,train_06125
005599.png,1.0000002,train_02560
005600.png,1.0000001,train_00746
005601.png,1.0000002,train_00110
005602.png,1.0,train_00309
005603.png,1.0,train_00251
005604.png,1.0000002,train_03011
005605.png,0.9999999,train_06436
005606.png,0.9999999,train_02743
005607.png,0.9999999,train_05868
005608.png,0.99999976,train_00062
005609.png,1.0000002,train_06837
005610.png,0.9999999,train_02982
005611.png,1.0000001,train_03568
005612.png,1.0,train_02993
005613.png,1.0,train_06196
005614.png,1.0,train_07033
005615.png,1.0000001,train_07955
005616.png,0.9999999,train_05766
005617.png,0.9999999,train_06256
005618.png,0.9999998,train_07338
005619.png,1.0000001,train_03893
005620.png,0.9999999,train_03897
005621.png,0.9999999,train_02890
005622.png,0.9999997,train_04917
005623.png,1.0,train_07181
005624.png,0.9999999,train_02838
005625.png,1.0000002,train_04682
005626.png,1.0,train_01143
005627.png,1.0000001,train_03656
005628.png,0.99999976,train_02394
005629.png,0.99999976,train_00897
005630.png,0.9999999,train_05766
005631.png,0.99999994,train_02416
005632.png,1.0000002,train_05989
005633.png,1.0000001,train_04318
005634.png,1.0,train_06932
005635.png,1.0,train_05990
005636.png,1.0000002,train_08021
005637.png,0.9999999,train_02083
005638.png,0.9999995,train_05317
005639.png,0.9999998,train_01452
005640.png,0.9999999,train_05903
005641.png,0.99999976,train_00027
005642.png,1.0000002,train_02301
005643.png,1.0,train_03872
005644.png,1.0000001,train_01921
005645.png,0.9999998,train_05514
005646.png,1.0,train_07344
005647.png,1.0,train_01002
005648.png,1.0000001,train_07795
005649.png,1.0,train_05515
005650.png,0.9999999,train_05701
005651.png,1.0000004,train_04823
005652.png,1.0000001,train_06759
005653.png,0.99999994,train_02053
005654.png,0.9999999,train_01403
005655.png,1.0,train_05646
005656.png,1.0000002,train_00949
005657.png,1.0,train_07110
005658.png,0.9999998,train_04088
005659.png,1.0000002,train_00964
005660.png,1.0000002,train_02170
005661.png,0.9999999,train_05160
005662.png,1.0000001,train_07955
005663.png,1.0000001,train_02414
005664.png,1.0000002,train_07343
005665.png,1.0000005,train_05083
005666.png,1.0000001,train_05927
005667.png,1.0,train_03756
005668.png,1.0000001,train_03914
005669.png,1.0000002,train_02866
005670.png,0.99999976,train_08119
005671.png,1.0,train_07016
005672.png,0.99999994,train_02579
005673.png,0.9999998,train_06870
005674.png,1.0000002,train_04953
005675.png,0.9999999,train_04278
005676.png,1.0,train_05080
005677.png,1.0,train_08045
005678.png,0.9999999,train_06446
005679.png,1.0,train_01517
005680.png,1.0000004,train_06990
005681.png,0.99999976,train_06343
005682.png,1.0,train_05519
005683.png,1.0000001,train_08083
005684.png,1.0000002,train_04217
005685.png,1.0000002,train_05992
005686.png,0.9999999,train_00558
005687.png,1.0000004,train_05403
005688.png,0.9999999,train_04152
005689.png,1.0000002,train_04170
005690.png,1.0,train_00388
005691.png,1.0000002,train_03381
005692.png,0.9999999,train_02836
005693.png,1.0000002,train_03880
005694.png,1.0000002,train_07686
005695.png,1.0000001,train_02148
005696.png,1.0,train_06419
005697.png,1.0,train_01047
005698.png,1.0,train_01168
005699.png,1.0,train_07739
005700.png,1.0000002,train_03507
005701.png,0.9999999,train_06862
005702.png,1.0000002,train_07022
005703.png,1.0000002,train_04133
005704.png,1.0000001,train_04843
005705.png,1.0000002,train_03461
005706.png,1.0000001,train_06375
005707.png,0.99999994,train_01341
005708.png,1.0000001,train_01114
005709.png,0.9999999,train_02184
005710.png,1.0000001,train_03433
005711.png,1.0000002,train_07416
005712.png,1.0000002,train_05802
005713.png,1.0,train_02673
005714.png,1.0000002,train_04259
005715.png,0.99999994,train_05079
005716.png,1.0,train_08025
005717.png,1.0,train_05901
005718.png,0.9999999,train_03537
005719.png,0.9999999,train_04963
005720.png,0.9999999,train_05441
005721.png,0.99999976,train_05051
005722.png,1.0,train_00036
005723.png,0.9999999,train_03526
005724.png,1.0,train_03389
005725.png,0.99999964,train_01672
005726.png,1.0000002,train_00764
005727.png,0.99999994,train_01417
005728.png,1.0,train_04194
005729.png,1.0000002,train_00519
005730.png,0.99999976,train_07776
005731.png,1.0000002,train_00575
005732.png,0.9999998,train_05245
005733.png,1.0000002,train_04672
005734.png,0.99999994,train_02074
005735.png,0.9999997,train_00623
005736.png,1.0000001,train_01317
005737.png,1.0000005,train_06448
005738.png,1.0000002,train_05644
005739.png,1.0000002,train_01730
005740.png,1.0000001,train_06309
005741.png,0.99999976,train_05553
005742.png,1.0000002,train_03806
005743.png,0.99999976,train_04583
005744.png,1.0000002,train_07848
005745.png,1.0000001,train_06980
005746.png,1.0000001,train_07901
005747.png,1.0000001,train_07206
005748.png,1.0000002,train_03685
005749.png,1.0,train_03585
005750.png,1.0,train_03671
005751.png,1.0,train_04460
005752.png,1.0000001,train_00235
005753.png,0.9999999,train_00523
005754.png,1.0000001,train_07893
005755.png,1.0,train_04958
005756.png,0.9999996,train_02588
005757.png,1.0,train_07073
005758.png,1.0000005,train_01425
005759.png,1.0000001,train_05445
005760.png,1.0,train_02212
005761.png,1.0000001,train_02366
005762.png,0.9999999,train_06180
005763.png,1.0,train_04939
005764.png,1.0000001,train_06025
005765.png,1.0000004,train_00054
005766.png,1.0,train_01180
005767.png,1.0,train_01091
005768.png,1.0,train_07444
005769.png,1.0000001,train_02202
005770.png,1.0000001,train_02150
005771.png,1.0000001,train_07084
005772.png,1.0000002,train_07719
005773.png,1.0,train_07562
005774.png,0.99999994,train_02611
005775.png,1.0,train_05384
005776.png,1.0000001,train_04745
005777.png,0.9999999,train_06954
005778.png,1.0,train_07039
005779.png,1.0,train_00437
005780.png,0.9999999,train_04480
005781.png,1.0000002,train_02249
005782.png,0.9999997,train_04791
005783.png,1.0000002,train_02369
005784.png,1.0000002,train_04447
005785.png,0.9999999,train_01623
005786.png,1.0000001,train_06985
005787.png,0.9999999,train_07729
005788.png,1.0,train_03822
005789.png,0.99999994,train_01416
005790.png,1.0000001,train_02812
005791.png,1.0,train_02096
005792.png,0.9999999,train_06319
005793.png,0.99999976,train_02394
005794.png,0.9999999,train_01456
005795.png,0.99999964,train_03051
005796.png,1.0000004,train_04473
005797.png,1.0000002,train_03854
005798.png,1.0000002,train_04051
005799.png,0.9999999,train_07116
005800.png,0.9999997,train_03342
005801.png,0.99999994,train_03554
005802.png,1.0000001,train_03471
005803.png,1.0000002,train_00177
005804.png,1.0,train_02401
005805.png,0.9999999,train_04261
005806.png,1.0000001,train_07486
005807.png,0.9999999,train_05171
005808.png,0.9999997,train_08118
005809.png,0.9999999,train_03430
005810.png,1.0,train_05074
005811.png,0.99999994,train_03174
005812.png,0.99999994,train_05186
005813.png,1.0000001,train_07508
005814.png,1.0000001,train_02439
005815.png,1.0,train_03226
005816.png,0.9999999,train_00101
005817.png,1.0,train_02112
005818.png,1.0,train_02188
005819.png,1.0,train_01792
005820.png,1.0000004,train_02079
005821.png,1.0000002,train_06088
005822.png,1.0,train_08094
005823.png,1.0,train_00441
005824.png,1.0,train_06219
005825.png,1.0000002,train_07926
005826.png,0.99999994,train_03350
005827.png,0.9999999,train_06534
005828.png,1.0000002,train_00163
005829.png,1.0000001,train_04677
005830.png,1.0,train_04366
005831.png,1.0000002,train_04537
005832.png,1.0000002,train_07647
005833.png,0.9999998,train_00272
005834.png,1.0000002,train_02567
005835.png,0.9999999,train_03590
005836.png,1.0000001,train_02361
005837.png,1.0000002,train_01700
005838.png,1.0,train_06627
005839.png,1.0000002,train_04911
005840.png,1.0000002,train_03706
005841.png,0.99999976,train_01770
005842.png,1.0000002,train_04385
005843.png,0.99999994,train_06069
005844.png,0.99999994,train_00530
005845.png,1.0,train_00388
005846.png,0.99999976,train_00932
005847.png,0.9999999,train_00901
005848.png,1.0000002,train_03292
005849.png,1.0000001,train_04409
005850.png,1.0,train_04126
005851.png,1.0000001,train_04362
005852.png,1.0000002,train_02477
005853.png,0.9999999,train_03395
005854.png,1.0000002,train_07801
005855.png,1.0,train_04081
005856.png,1.0000001,train_07165
005857.png,1.0000002,train_00562
005858.png,0.9999999,train_04454
005859.png,1.0,train_06397
005860.png,1.0000001,train_07433
005861.png,1.0000001,train_00067
005862.png,0.99999994,train_05543
005863.png,0.9999999,train_00124
005864.png,1.0,train_03068
005865.png,1.0000001,train_03889
005866.png,1.0,train_00400
005867.png,1.0,train_02474
005868.png,1.0000002,train_01712
005869.png,1.0000004,train_01023
005870.png,1.0000002,train_03583
005871.png,0.9999999,train_00363
005872.png,1.0000001,train_02202
005873.png,0.99999976,train_00253
005874.png,1.0,train_02273
005875.png,1.0,train_00995
005876.png,0.9999999,train_02184
005877.png,1.0000001,train_03400
005878.png,1.0000001,train_03099
005879.png,1.0,train_04428
005880.png,1.0,train_06521
005881.png,0.9999999,train_07689
005882.png,1.0,train_06201
005883.png,1.0,train_02691
005884.png,0.99999994,train_01488
005885.png,0.99999994,train_06393
005886.png,0.99999976,train_06162
005887.png,1.0,train_07106
005888.png,0.99999994,train_00126
005889.png,1.0000004,train_02114
005890.png,0.9999999,train_04451
005891.png,1.0000002,train_00092
005892.png,0.99999994,train_01714
005893.png,1.0,train_03773
005894.png,1.0,train_00088
005895.png,0.9999997,train_05242
005896.png,1.0000001,train_03961
005897.png,1.0000001,train_05738
005898.png,1.0000001,train_00046
005899.png,1.0000002,train_07547
005900.png,0.9999999,train_07575
005901.png,0.99999994,train_05727
005902.png,0.99999994,train_07047
005903.png,1.0,train_05201
005904.png,1.0,train_06291
005905.png,1.0000002,train_07026
005906.png,1.0000001,train_02645
005907.png,1.0000002,train_07635
005908.png,0.9999999,train_04241
005909.png,1.0000002,train_02035
005910.png,1.0,train_07323
005911.png,1.0000002,train_01653
005912.png,1.0000002,train_02986
005913.png,0.9999999,train_04329
005914.png,1.0000001,train_06976
005915.png,1.0,train_07413
005916.png,1.0000002,train_04170
005917.png,1.0,train_02122
005918.png,0.9999999,train_03147
005919.png,1.0,train_04910
005920.png,0.9999999,train_05257
005921.png,0.99999964,train_06475
005922.png,0.99999976,train_06763
005923.png,1.0,train_06040
005924.png,1.0000002,train_04068
005925.png,1.0000001,train_07818
005926.png,1.0000004,train_05449
005927.png,1.0000001,train_02778
005928.png,1.0000002,train_02986
005929.png,1.0,train_02377
005930.png,1.0000002,train_05671
005931.png,1.0,train_05625
005932.png,1.0,train_07368
005933.png,0.99999976,train_02490
005934.png,1.0000002,train_07561
005935.png,1.0000004,train_03162
005936.png,1.0,train_00269
005937.png,1.0000004,train_01158
005938.png,1.0,train_00857
005939.png,0.99999994,train_03510
005940.png,1.0,train_04039
005941.png,0.9999998,train_05344
005942.png,1.0000002,train_00949
005943.png,1.0000002,train_06139
005944.png,1.0000001,train_05897
005945.png,1.0,train_01325
005946.png,0.9999998,train_01174
005947.png,1.0000002,train_03069
005948.png,0.99999994,train_05688
005949.png,1.0000001,train_00266
005950.png,0.9999999,train_02784
005951.png,0.9999999,train_02052
005952.png,1.0000002,train_05993
005953.png,1.0,train_04642
005954.png,1.0,train_03496
005955.png,1.0,train_02355
005956.png,1.0,train_03297
005957.png,1.0000001,train_05143
005958.png,1.0000001,train_05390
005959.png,0.9999999,train_00291
005960.png,1.0,train_00984
005961.png,0.9999999,train_03908
005962.png,1.0000001,train_03085
005963.png,1.0000002,train_07273
005964.png,1.0000002,train_04796
005965.png,1.0000001,train_07533
005966.png,0.99999994,train_05977
005967.png,0.99999994,train_03878
005968.png,1.0,train_02427
005969.png,0.9999998,train_05932
005970.png,1.0000001,train_05918
005971.png,0.99999994,train_04313
005972.png,1.0000002,train_00893
005973.png,1.0000004,train_00566
005974.png,0.9999999,train_00291
005975.png,0.9999999,train_06596
005976.png,1.0,train_01217
005977.png,0.9999999,train_03775
005978.png,0.99999976,train_02734
005979.png,1.0000001,train_04983
005980.png,1.0000001,train_03137
005981.png,1.0,train_07986
005982.png,1.0000002,train_05416
005983.png,1.0000002,train_05418
005984.png,1.0000002,train_06899
005985.png,1.0,train_04305
005986.png,0.9999999,train_02318
005987.png,1.0,train_05666
005988.png,1.0000002,train_00515
005989.png,1.0000002,train_08068
005990.png,0.9999998,train_02050
005991.png,1.0,train_07478
005992.png,1.0000002,train_03694
005993.png,0.9999999,train_01969
005994.png,0.99999976,train_02370
005995.png,1.0000001,train_05964
005996.png,1.0000002,train_01134
005997.png,0.99999964,train_03518
005998.png,0.99999964,train_06866
005999.png,1.0,train_07570
006000.png,1.0000002,train_04749
006001.png,1.0000001,train_04622
006002.png,0.99999994,train_01365
006003.png,1.0,train_00091
006004.png,1.0,train_07243
006005.png,1.0000001,train_04746
006006.png,0.99999976,train_00141
006007.png,0.9999999,train_04324
006008.png,1.0000002,train_02408
006009.png,0.9999999,train_04386
006010.png,0.9999999,train_01946
006011.png,1.0000002,train_03461
006012.png,1.0000001,train_02460
006013.png,0.9999998,train_01309
006014.png,1.0,train_00123
006015.png,0.9999999,train_06781
006016.png,0.9999999,train_00052
006017.png,1.0,train_01069
006018.png,1.0000001,train_04022
006019.png,1.0000004,train_07802
006020.png,0.9999999,train_04927
006021.png,0.99999994,train_05238
006022.png,1.0,train_07770
006023.png,1.0,train_02238
006024.png,0.9999999,train_02052
006025.png,0.99999994,train_06669
006026.png,1.0,train_00906
006027.png,1.0000001,train_08142
006028.png,0.99999976,train_01746
006029.png,1.0,train_07806
006030.png,0.9999998,train_00456
006031.png,1.0,train_04513
006032.png,1.0000002,train_06793
006033.png,0.99999994,train_07341
006034.png,1.0000001,train_06525
006035.png,1.0,train_03923
006036.png,0.99999964,train_04756
006037.png,1.0000001,train_03180
006038.png,1.0,train_01122
006039.png,1.0,train_06122
006040.png,1.0,train_03900
006041.png,1.0000001,train_02778
006042.png,1.0,train_06841
006043.png,1.0000001,train_01998
006044.png,1.0000001,train_07257
006045.png,0.99999976,train_01709
006046.png,1.0000001,train_00175
006047.png,1.0000001,train_03576
006048.png,1.0000002,train_02942
006049.png,1.0,train_04614
006050.png,1.0000005,train_01373
006051.png,1.0,train_05085
006052.png,1.0000002,train_02829
006053.png,0.9999999,train_03842
006054.png,0.9999999,train_03917
006055.png,0.9999999,train_03443
006056.png,1.0000001,train_06819
006057.png,0.9999999,train_05766
006058.png,1.0,train_00631
006059.png,1.0,train_05564
006060.png,1.0000002,train_06337
006061.png,1.0000002,train_06308
006062.png,1.0000002,train_00698
006063.png,1.0,train_07147
006064.png,0.9999999,train_03850
006065.png,1.0,train_06901
006066.png,1.0000002,train_00463
006067.png,1.0000002,train_05615
006068.png,1.0000001,train_04398
006069.png,0.99999994,train_03554
006070.png,1.0,train_04737
006071.png,1.0000001,train_02716
006072.png,0.99999976,train_07506
006073.png,1.0,train_06402
006074.png,1.0000005,train_00289
006075.png,0.99999964,train_00280
006076.png,1.0000002,train_07913
006077.png,1.0,train_03704
006078.png,1.0000002,train_02856
006079.png,1.0,train_02981
006080.png,1.0000001,train_06427
006081.png,1.0000005,train_02206
006082.png,1.0000001,train_05106
006083.png,0.9999998,train_00272
006084.png,0.9999998,train_04782
006085.png,1.0000001,train_00096
006086.png,0.9999999,train_05769
006087.png,1.0000002,train_02322
006088.png,0.9999999,train_03413
006089.png,1.0000002,train_06614
006090.png,1.0000001,train_07276
006091.png,1.0,train_06607
006092.png,1.0000002,train_07528
006093.png,1.0000002,train_03248
006094.png,1.0000002,train_03182
006095.png,1.0,train_03923
006096.png,1.0000001,train_06251
006097.png,1.0000002,train_07000
006098.png,1.0000001,train_04890
006099.png,0.9999999,train_05832
006100.png,1.0,train_02993
006101.png,0.99999994,train_07838
006102.png,1.0,train_03496
006103.png,1.0000004,train_03392
006104.png,1.0000002,train_05414
006105.png,1.0000002,train_06895
006106.png,1.0,train_08012
006107.png,1.0,train_03052
006108.png,1.0,train_01418
006109.png,0.9999999,train_01676
006110.png,1.0000002,train_05279
006111.png,1.0000002,train_01545
006112.png,1.0000001,train_07035
006113.png,0.9999999,train_04386
006114.png,1.0,train_05118
006115.png,1.0000001,train_05536
006116.png,0.99999994,train_02788
006117.png,1.0000001,train_03467
006118.png,0.9999999,train_05316
006119.png,1.0000001,train_02624
006120.png,1.0,train_01475
006121.png,0.99999994,train_03361
006122.png,0.99999994,train_05543
006123.png,0.9999999,train_07941
006124.png,1.0,train_04893
006125.png,0.9999998,train_02615
006126.png,1.0,train_07124
006127.png,1.0000002,train_05273
006128.png,0.9999999,train_01520
006129.png,1.0,train_06771
006130.png,0.99999994,train_01021
006131.png,1.0,train_01647
006132.png,1.0,train_01276
006133.png,1.0000001,train_06384
006134.png,0.9999999,train_04649
006135.png,1.0,train_07480
006136.png,0.99999994,train_01021
006137.png,1.0000001,train_07004
006138.png,0.9999999,train_06505
006139.png,1.0000002,train_04447
006140.png,0.9999998,train_01085
006141.png,1.0000005,train_06212
006142.png,1.0000002,train_04141
006143.png,1.0000002,train_04616
006144.png,1.0000002,train_03481
006145.png,1.0,train_03417
006146.png,1.0,train_01510
006147.png,1.0000002,train_04596
006148.png,1.0,train_05306
006149.png,1.0000004,train_04687
006150.png,0.9999999,train_00599
006151.png,1.0,train_00454
006152.png,1.0000002,train_01010
006153.png,1.0000002,train_03867
006154.png,1.0000002,train_01075
006155.png,1.0000002,train_03459
006156.png,0.99999976,train_07683
006157.png,1.0000001,train_07834
006158.png,0.9999998,train_01085
006159.png,1.0000001,train_03567
006160.png,0.99999976,train_03160
006161.png,0.9999998,train_01084
006162.png,1.0000001,train_01201
006163.png,1.0000001,train_02962
006164.png,1.0,train_05815
006165.png,1.0,train_04314
006166.png,1.0,train_06995
006167.png,0.9999999,train_02432
006168.png,0.99999994,train_01417
006169.png,1.0000001,train_01630
006170.png,1.0,train_05111
006171.png,1.0,train_00861
006172.png,1.0,train_05393
006173.png,1.0,train_02771
006174.png,1.0000002,train_07267
006175.png,0.9999999,train_01339
006176.png,0.9999998,train_06061
006177.png,1.0000001,train_02746
006178.png,1.0000002,train_02338
006179.png,1.0,train_08111
006180.png,0.9999998,train_05631
006181.png,0.9999999,train_02600
006182.png,1.0000005,train_06212
006183.png,1.0000002,train_00451
006184.png,1.0,train_06558
006185.png,1.0000001,train_04571
006186.png,1.0,train_06974
006187.png,1.0000001,train_07100
006188.png,1.0000001,train_00576
006189.png,1.0000002,train_00964
006190.png,0.9999999,train_04787
006191.png,1.0,train_00091
006192.png,1.0,train_08113
006193.png,1.0000001,train_03056
006194.png,1.0000002,train_06102
006195.png,1.0,train_01299
006196.png,1.0000001,train_01114
006197.png,0.9999998,train_07656
006198.png,1.0000001,train_03558
006199.png,1.0000002,train_07322
006200.png,1.0000002,train_07685
006201.png,0.99999964,train_03951
006202.png,1.0,train_03366
006203.png,1.0,train_07147
006204.png,1.0000002,train_03979
006205.png,1.0,train_06674
006206.png,0.99999994,train_03228
006207.png,0.9999998,train_00237
006208.png,0.9999999,train_05257
006209.png,0.9999999,train_04714
006210.png,1.0,train_06476
006211.png,1.0,train_00108
006212.png,0.9999999,train_05766
006213.png,1.0,train_04768
006214.png,1.0000005,train_04299
006215.png,0.9999997,train_06194
006216.png,0.9999999,train_04973
006217.png,0.99999976,train_03505
006218.png,0.9999999,train_03755
006219.png,0.9999999,train_00128
006220.png,0.9999998,train_03270
006221.png,0.9999999,train_07107
006222.png,1.0000001,train_00959
006223.png,1.0000001,train_02815
006224.png,1.0000001,train_04393
006225.png,0.99999976,train_06775
006226.png,1.0000004,train_04741
006227.png,1.0000002,train_01941
006228.png,0.99999964,train_02289
006229.png,0.9999997,train_05902
006230.png,1.0000001,train_07934
006231.png,0.9999998,train_05508
006232.png,0.9999999,train_03838
006233.png,1.0000001,train_05906
006234.png,0.99999976,train_06162
006235.png,1.0000002,train_02802
006236.png,1.0,train_01306
006237.png,1.0,train_01501
006238.png,0.9999999,train_00128
006239.png,0.99999976,train_00483
006240.png,1.0000002,train_02450
006241.png,1.0,train_00477
006242.png,1.0000002,train_01067
006243.png,0.9999999,train_07887
006244.png,1.0000001,train_06807
006245.png,0.99999976,train_05338
006246.png,0.9999999,train_01463
006247.png,0.9999999,train_02195
006248.png,1.0000001,train_00695
006249.png,1.0,train_06760
006250.png,1.0,train_05388
006251.png,1.0,train_04548
006252.png,1.0000001,train_02353
006253.png,0.99999994,train_01396
006254.png,1.0,train_02471
006255.png,0.99999994,train_04455
006256.png,1.0000002,train_05939
006257.png,1.0,train_04164
006258.png,1.0000001,train_04730
006259.png,1.0,train_03335
006260.png,1.0,train_01825
006261.png,0.99999976,train_04343
006262.png,1.0000001,train_05004
006263.png,1.0000002,train_06088
006264.png,0.9999999,train_04955
006265.png,0.9999998,train_03827
006266.png,1.0000001,train_01317
006267.png,1.0000002,train_07098
006268.png,1.0000004,train_03665
006269.png,1.0000002,train_07843
006270.png,1.0000002,train_07420
006271.png,1.0,train_06916
006272.png,1.0,train_03417
006273.png,1.0000001,train_06245
006274.png,1.0000001,train_03065
006275.png,0.9999999,train_04872
006276.png,1.0000002,train_03329
006277.png,1.0,train_00057
006278.png,1.0000001,train_05277
006279.png,0.9999999,train_04633
006280.png,1.0000001,train_02202
006281.png,0.99999994,train_01714
006282.png,1.0,train_02862
006283.png,0.9999999,train_03698
006284.png,1.0,train_01721
006285.png,1.0000002,train_07438
006286.png,1.0000001,train_04393
006287.png,1.0,train_04403
006288.png,1.0000004,train_06816
006289.png,1.0000001,train_04515
006290.png,1.0000002,train_01362
006291.png,0.99999994,train_06560
006292.png,1.0,train_07184
006293.png,0.99999994,train_00099
006294.png,0.9999998,train_06952
006295.png,1.0,train_07851
006296.png,0.9999998,train_04530
006297.png,0.99999994,train_07412
006298.png,1.0,train_06452
006299.png,1.0,train_05929
006300.png,1.0000001,train_01630
006301.png,1.0000002,train_01422
006302.png,1.0000001,train_01989
006303.png,1.0000001,train_05492
006304.png,0.9999999,train_01880
006305.png,1.0,train_04612
006306.png,0.9999998,train_05505
006307.png,1.0000002,train_03104
006308.png,1.0000001,train_07572
006309.png,1.0000001,train_01141
006310.png,0.9999999,train_02180
006311.png,0.9999999,train_07101
006312.png,1.0,train_02263
006313.png,1.0000005,train_06448
006314.png,1.0,train_07105
006315.png,1.0000002,train_05972
006316.png,1.0000002,train_05504
006317.png,1.0,train_04460
006318.png,1.0,train_05763
006319.png,0.99999994,train_05346
006320.png,1.0000002,train_00226
006321.png,1.0000001,train_04438
006322.png,0.9999999,train_02890
006323.png,1.0,train_07610
006324.png,1.0000002,train_07592
006325.png,1.0,train_05881
006326.png,1.0000001,train_00626
006327.png,1.0000001,train_00771
006328.png,1.0,train_02026
006329.png,1.0000001,train_04462
006330.png,1.0000002,train_02285
006331.png,0.99999964,train_06252
006332.png,0.9999999,train_04388
006333.png,1.0,train_06361
006334.png,1.0000001,train_03656
006335.png,1.0000001,train_04368
006336.png,1.0,train_00058
006337.png,1.0,train_07309
006338.png,1.0,train_02549
006339.png,1.0,train_01314
006340.png,0.99999994,train_05353
006341.png,1.0000002,train_02851
006342.png,1.0000001,train_00958
006343.png,1.0,train_04225
006344.png,1.0000001,train_01658
006345.png,1.0000001,train_00823
006346.png,1.0000001,train_03372
006347.png,1.0000002,train_07462
006348.png,1.0,train_05698
006349.png,0.9999999,train_07842
006350.png,0.99999976,train_05791
006351.png,0.99999976,train_03764
006352.png,1.0,train_06434
006353.png,1.0000002,train_03244
006354.png,1.0,train_07200
006355.png,1.0,train_03861
006356.png,0.9999999,train_05369
006357.png,1.0000002,train_05550
006358.png,0.9999999,train_02591
006359.png,0.9999998,train_07036
006360.png,1.0000001,train_02633
006361.png,0.99999994,train_02383
006362.png,0.99999976,train_00932
006363.png,1.0,train_05150
006364.png,0.9999999,train_05003
006365.png,1.0000004,train_06439
006366.png,1.0000002,train_02396
006367.png,1.0000005,train_00469
006368.png,0.9999999,train_00922
006369.png,1.0,train_01893
006370.png,1.0000002,train_05722
006371.png,1.0000002,train_04909
006372.png,1.0000002,train_01109
006373.png,1.0000001,train_01562
006374.png,1.0000001,train_01141
006375.png,1.0000005,train_06664
006376.png,1.0000001,train_02548
006377.png,1.0000002,train_05922
006378.png,0.9999999,train_02182
006379.png,1.0000002,train_06277
006380.png,1.0000001,train_02891
006381.png,1.0,train_02280
006382.png,0.99999994,train_05925
006383.png,0.99999994,train_07342
006384.png,1.0000001,train_05704
006385.png,1.0000002,train_08124
006386.png,1.0000001,train_05740
006387.png,0.9999999,train_05923
006388.png,1.0000002,train_07603
006389.png,0.99999994,train_07412
006390.png,1.0,train_02308
006391.png,1.0,train_05054
006392.png,1.0000002,train_01220
006393.png,1.0000001,train_04879
006394.png,1.0000001,train_05983
006395.png,1.0,train_05748
006396.png,0.9999998,train_06209
006397.png,1.0,train_06120
006398.png,0.9999999,train_04219
006399.png,1.0000001,train_06375
006400.png,1.0000001,train_00195
006401.png,1.0000001,train_00365
006402.png,1.0000002,train_07605
006403.png,1.0000002,train_05182
006404.png,0.99999976,train_03881
006405.png,1.0,train_04862
006406.png,0.9999998,train_00419
006407.png,1.0000001,train_05648
006408.png,1.0000005,train_01373
006409.png,1.0,train_03539
006410.png,1.0000004,train_06990
006411.png,1.0000002,train_05406
006412.png,1.0000001,train_06717
006413.png,1.0000002,train_01134
006414.png,1.0,train_02961
006415.png,1.0000002,train_04392
006416.png,0.9999997,train_05397
006417.png,1.0000001,train_01141
006418.png,1.0,train_04161
006419.png,1.0000001,train_05996
006420.png,1.0,train_06058
006421.png,1.0,train_06739
006422.png,1.0000002,train_00092
006423.png,1.0,train_04966
006424.png,1.0000001,train_06698
006425.png,0.9999999,train_04753
006426.png,1.0000002,train_06964
006427.png,1.0,train_05874
006428.png,0.9999998,train_05348
006429.png,0.9999999,train_04996
006430.png,0.9999999,train_05682
006431.png,1.0000001,train_06217
006432.png,0.9999999,train_06534
006433.png,1.0,train_03773
006434.png,1.0,train_07606
006435.png,0.9999999,train_07431
006436.png,1.0000001,train_06392
006437.png,0.99999994,train_00493
006438.png,1.0000002,train_07322
006439.png,0.99999964,train_04115
006440.png,0.9999997,train_01912
006441.png,1.0000001,train_07417
006442.png,1.0,train_02886
006443.png,1.0000002,train_07549
006444.png,1.0,train_03809
006445.png,1.0,train_07245
006446.png,0.99999994,train_00468
006447.png,1.0,train_05555
006448.png,1.0000001,train_05140
006449.png,1.0,train_00780
006450.png,1.0000002,train_07151
006451.png,1.0000002,train_04467
006452.png,1.0,train_00257
006453.png,0.9999999,train_02177
006454.png,1.0,train_03760
006455.png,1.0000001,train_00028
006456.png,1.0000005,train_07168
006457.png,1.0,train_05793
006458.png,0.9999998,train_00397
006459.png,1.0,train_01390
006460.png,1.0,train_03048
006461.png,1.0,train_06768
006462.png,1.0000004,train_03742
006463.png,1.0000001,train_05218
006464.png,1.0,train_00857
006465.png,1.0000004,train_06013
006466.png,0.99999976,train_08004
006467.png,1.0,train_01497
006468.png,1.0,train_01091
006469.png,1.0,train_00797
006470.png,1.0000001,train_06698
006471.png,1.0000002,train_06111
006472.png,0.99999994,train_05166
006473.png,1.0000002,train_05024
006474.png,1.0,train_03621
006475.png,1.0000002,train_02904
006476.png,0.9999999,train_03947
006477.png,1.0000002,train_03979
006478.png,0.99999994,train_06919
006479.png,0.99999976,train_00525
006480.png,1.0000001,train_03752
006481.png,1.0000001,train_04066
006482.png,1.0000002,train_06805
006483.png,1.0,train_04481
006484.png,1.0000002,train_06121
006485.png,0.9999999,train_01969
006486.png,1.0000001,train_00997
006487.png,1.0000002,train_03472
006488.png,0.9999999,train_04422
006489.png,1.0000001,train_01105
006490.png,1.0000002,train_00588
006491.png,0.99999994,train_07518
006492.png,1.0,train_06058
006493.png,1.0000002,train_00093
006494.png,1.0000002,train_07273
006495.png,1.0,train_01178
006496.png,1.0,train_02112
006497.png,1.0000002,train_06034
006498.png,1.0,train_01864
006499.png,1.0,train_08040
006500.png,1.0000001,train_00207
006501.png,0.9999999,train_03042
006502.png,1.0,train_00767
006503.png,0.99999994,train_07933
006504.png,1.0,train_00730
006505.png,1.0000001,train_06009
006506.png,1.0000002,train_07603
006507.png,1.0000001,train_05663
006508.png,1.0,train_06109
006509.png,1.0,train_04865
006510.png,0.99999994,train_05556
006511.png,0.9999999,train_05930
006512.png,1.0000001,train_02470
006513.png,1.0000001,train_05983
006514.png,0.99999994,train_03746
006515.png,0.99999976,train_04420
006516.png,1.0000001,train_01473
006517.png,1.0000002,train_05453
006518.png,0.99999976,train_03151
006519.png,1.0000001,train_05443
006520.png,1.0,train_01428
006521.png,1.0000002,train_06468
006522.png,1.0,train_02253
006523.png,1.0,train_01357
006524.png,1.0000001,train_03648
006525.png,0.9999996,train_03426
006526.png,1.0000002,train_00451
006527.png,1.0000002,train_01029
006528.png,1.0,train_01190
006529.png,1.0000001,train_03545
006530.png,1.0,train_04526
006531.png,1.0000001,train_02409
006532.png,1.0,train_02051
006533.png,0.9999999,train_03825
006534.png,0.99999964,train_03233
006535.png,1.0000002,train_03696
006536.png,0.99999976,train_05731
006537.png,1.0000002,train_03646
006538.png,0.9999995,train_06666
006539.png,0.99999976,train_00521
006540.png,1.0000001,train_05202
006541.png,1.0000002,train_04144
006542.png,1.0000005,train_04788
006543.png,1.0000004,train_06914
006544.png,1.0,train_00508
006545.png,0.9999999,train_00162
006546.png,0.99999976,train_00062
006547.png,1.0,train_03476
006548.png,1.0,train_06608
006549.png,0.9999999,train_07941
006550.png,0.99999976,train_01455
006551.png,0.9999999,train_02011
006552.png,0.99999964,train_02507
006553.png,1.0000001,train_04762
006554.png,1.0000002,train_01775
006555.png,1.0000001,train_00300
006556.png,1.0,train_03872
006557.png,1.0000001,train_05900
006558.png,1.0000002,train_02685
006559.png,1.0,train_06051
006560.png,1.0000001,train_05126
006561.png,1.0,train_06315
006562.png,1.0,train_04641
006563.png,1.0000002,train_01029
006564.png,1.0,train_02900
006565.png,1.0,train_03073
006566.png,0.99999976,train_01963
006567.png,1.0,train_02120
006568.png,0.9999998,train_00794
006569.png,1.0,train_03805
006570.png,0.9999999,train_00866
006571.png,1.0,train_03025
006572.png,0.99999994,train_07068
006573.png,1.0000002,train_06066
006574.png,1.0000002,train_04779
006575.png,1.0000001,train_04210
006576.png,1.0000001,train_06807
006577.png,1.0000002,train_05669
006578.png,1.0000004,train_02435
006579.png,1.0000004,train_04946
006580.png,0.9999999,train_07051
006581.png,1.0000001,train_01731
006582.png,0.9999999,train_00282
006583.png,1.0,train_04513
006584.png,1.0000005,train_02206
006585.png,0.9999999,train_00827
006586.png,1.0000001,train_02460
006587.png,0.9999998,train_04088
006588.png,0.9999998,train_02081
006589.png,0.9999999,train_05171
006590.png,1.0000001,train_07029
006591.png,1.0,train_00682
006592.png,1.0,train_03297
006593.png,1.0,train_03695
006594.png,0.9999999,train_02524
006595.png,0.99999964,train_04017
006596.png,0.99999964,train_01677
006597.png,1.0000002,train_01029
006598.png,1.0000001,train_03863
006599.png,0.9999999,train_01330
006600.png,1.0,train_01554
006601.png,0.99999976,train_00549
006602.png,1.0000001,train_03195
006603.png,1.0000001,train_01539
006604.png,1.0000001,train_02932
006605.png,1.0000002,train_00132
006606.png,0.99999976,train_07962
006607.png,0.99999976,train_03151
006608.png,1.0000001,train_06307
006609.png,1.0000002,train_06227
006610.png,1.0000001,train_04066
006611.png,1.0,train_01291
006612.png,1.0000002,train_02452
006613.png,1.0000002,train_02306
006614.png,1.0000002,train_00770
006615.png,0.99999964,train_03020
006616.png,1.0,train_05673
006617.png,0.9999999,train_03926
006618.png,1.0,train_02952
006619.png,1.0000001,train_07300
006620.png,1.0,train_04221
006621.png,0.9999998,train_05726
006622.png,1.0000004,train_06968
006623.png,1.0000002,train_06137
006624.png,1.0,train_02644
006625.png,1.0000002,train_07658
006626.png,1.0000002,train_06918
006627.png,1.0000002,train_05327
006628.png,0.9999999,train_02787
006629.png,1.0000001,train_05258
006630.png,1.0000002,train_04802
006631.png,1.0,train_01502
006632.png,0.99999976,train_02698
006633.png,0.99999976,train_01537
006634.png,1.0,train_01979
006635.png,0.9999997,train_01259
006636.png,0.9999997,train_01028
006637.png,1.0000002,train_02687
006638.png,1.0,train_04142
006639.png,0.9999999,train_01196
006640.png,0.99999976,train_01421
006641.png,1.0000002,train_07273
006642.png,1.0000002,train_02980
006643.png,0.9999999,train_05981
006644.png,1.0000004,train_07644
006645.png,0.9999999,train_00310
006646.png,0.99999976,train_06246
006647.png,1.0000002,train_04888
006648.png,0.9999999,train_04113
006649.png,1.0,train_05057
006650.png,0.9999999,train_06446
006651.png,1.0,train_06746
006652.png,0.9999999,train_01059
006653.png,1.0000001,train_03843
006654.png,1.0,train_02771
006655.png,1.0000001,train_06351
006656.png,1.0,train_00600
006657.png,1.0,train_02047
006658.png,0.9999999,train_06568
006659.png,1.0000001,train_05652
006660.png,1.0,train_03699
006661.png,0.9999999,train_05392
006662.png,1.0,train_01301
006663.png,0.9999998,train_03186
006664.png,1.0000001,train_03410
006665.png,1.0,train_02646
006666.png,1.0000002,train_02692
006667.png,1.0000004,train_05075
006668.png,0.99999976,train_02537
006669.png,1.0,train_07124
006670.png,1.0000001,train_05193
006671.png,0.99999964,train_05383
006672.png,1.0,train_07682
006673.png,1.0000002,train_08042
006674.png,0.99999976,train_05338
006675.png,1.0,train_05070
006676.png,1.0000001,train_06084
006677.png,1.0000001,train_01315
006678.png,0.99999976,train_01189
006679.png,0.9999999,train_02024
006680.png,1.0000001,train_05623
006681.png,1.0000002,train_06379
006682.png,0.9999999,train_01762
006683.png,1.0000002,train_03106
006684.png,1.0,train_01357
006685.png,1.0,train_05805
006686.png,0.9999999,train_03934
006687.png,0.9999999,train_06787
006688.png,0.99999976,train_00027
006689.png,0.9999999,train_08097
006690.png,0.9999999,train_02287
006691.png,0.9999999,train_05867
006692.png,0.9999999,train_04679
006693.png,0.9999999,train_00639
006694.png,0.9999999,train_06850
006695.png,1.0000001,train_03529
006696.png,0.99999976,train_00039
006697.png,1.0,train_03900
006698.png,0.9999999,train_03765
006699.png,1.0000002,train_04686
006700.png,1.0,train_04245
006701.png,1.0000001,train_02656
006702.png,1.0000001,train_01060
006703.png,1.0000001,train_04627
006704.png,0.9999998,train_06158
006705.png,1.0000002,train_02072
006706.png,1.0000002,train_03463
006707.png,1.0,train_05901
006708.png,0.99999976,train_00888
006709.png,1.0000001,train_03567
006710.png,1.0,train_04966
006711.png,1.0000001,train_05704
006712.png,1.0000001,train_04273
006713.png,0.9999999,train_02524
006714.png,0.9999998,train_02615
006715.png,1.0000002,train_03722
006716.png,1.0,train_01637
006717.png,1.0000001,train_02487
006718.png,1.0000004,train_05117
006719.png,1.0000002,train_07847
006720.png,1.0000001,train_00565
006721.png,1.0000001,train_06807
006722.png,1.0,train_03083
006723.png,1.0000002,train_02723
006724.png,1.0,train_02777
006725.png,1.0000005,train_06212
006726.png,0.99999976,train_04420
006727.png,1.0000001,train_07291
006728.png,1.0000002,train_00964
006729.png,1.0000001,train_00953
006730.png,0.9999999,train_04825
006731.png,1.0,train_05111
006732.png,1.0,train_05547
006733.png,0.9999999,train_01891
006734.png,1.0000002,train_05387
006735.png,1.0,train_04274
006736.png,1.0,train_06006
006737.png,0.99999994,train_07333
006738.png,1.0000001,train_02337
006739.png,1.0000002,train_01730
006740.png,0.99999994,train_03936
006741.png,1.0000001,train_06888
006742.png,1.0000002,train_06127
006743.png,0.99999976,train_06775
006744.png,1.0000001,train_03089
006745.png,1.0000005,train_01425
006746.png,1.0000002,train_00357
006747.png,1.0000001,train_04432
006748.png,1.0000004,train_06125
006749.png,0.99999994,train_00769
006750.png,1.0000002,train_07197
006751.png,0.99999976,train_06595
006752.png,0.9999999,train_01356
006753.png,0.9999999,train_07365
006754.png,1.0000001,train_04260
006755.png,1.0000001,train_06214
006756.png,0.99999994,train_07054
006757.png,1.0000001,train_04251
006758.png,0.99999994,train_01209
006759.png,1.0,train_07041
006760.png,1.0000002,train_01845
006761.png,1.0000001,train_01849
006762.png,1.0000002,train_05426
006763.png,1.0000001,train_00420
006764.png,0.9999999,train_00487
006765.png,1.0,train_02136
006766.png,1.0,train_03861
006767.png,1.0000002,train_03248
006768.png,0.9999999,train_01629
006769.png,0.9999999,train_02233
006770.png,0.99999964,train_06844
006771.png,1.0,train_03476
006772.png,1.0,train_02673
006773.png,1.0,train_06679
006774.png,1.0000001,train_01681
006775.png,1.0,train_01320
006776.png,1.0000002,train_06858
006777.png,0.9999999,train_06239
006778.png,1.0000002,train_04247
006779.png,0.99999994,train_06670
006780.png,0.99999994,train_01496
006781.png,1.0,train_03992
006782.png,1.0000001,train_01392
006783.png,1.0,train_02985
006784.png,1.0,train_06849
006785.png,1.0000002,train_00732
006786.png,1.0000002,train_08030
006787.png,1.0,train_00467
006788.png,0.99999994,train_02616
006789.png,0.99999994,train_07990
006790.png,0.9999999,train_06399
006791.png,1.0000002,train_06621
006792.png,1.0000001,train_05888
006793.png,1.0000001,train_05988
006794.png,0.9999999,train_02341
006795.png,1.0,train_04889
006796.png,0.9999999,train_04013
006797.png,0.99999976,train_03577
006798.png,1.0,train_07269
006799.png,0.9999999,train_05661
006800.png,1.0000001,train_02399
006801.png,1.0000001,train_07916
006802.png,1.0000005,train_03213
006803.png,1.0,train_05831
006804.png,1.0000005,train_02087
006805.png,0.9999999,train_04004
006806.png,1.0,train_05515
006807.png,1.0000001,train_03229
006808.png,1.0000001,train_03498
006809.png,1.0,train_06484
006810.png,0.9999999,train_07887
006811.png,1.0000002,train_02232
006812.png,1.0000002,train_02692
006813.png,1.0,train_07269
006814.png,1.0000001,train_07486
006815.png,1.0,train_05119
006816.png,1.0000001,train_03914
006817.png,0.9999999,train_02564
006818.png,1.0,train_01462
006819.png,1.0000002,train_03637
006820.png,1.0000002,train_07654
006821.png,1.0000001,train_03748
006822.png,0.99999976,train_07935
006823.png,1.0,train_01829
006824.png,1.0,train_05837
006825.png,1.0000001,train_01621
006826.png,0.9999999,train_05586
006827.png,1.0000002,train_07532
006828.png,1.0000002,train_00679
006829.png,1.0,train_03450
006830.png,1.0000001,train_00346
006831.png,0.9999999,train_00193
006832.png,0.9999999,train_03066
006833.png,1.0,train_04203
006834.png,1.0000002,train_06011
006835.png,1.0,train_01393
006836.png,1.0000001,train_01754
006837.png,1.0,train_04999
006838.png,0.9999998,train_05459
006839.png,1.0000002,train_01453
006840.png,1.0000002,train_02041
006841.png,1.0000001,train_00046
006842.png,1.0,train_07759
006843.png,1.0,train_06031
006844.png,1.0000002,train_02692
006845.png,0.9999999,train_02982
006846.png,0.99999994,train_07861
006847.png,1.0000002,train_03587
006848.png,1.0,train_06031
006849.png,1.0000002,train_07042
006850.png,1.0000001,train_05221
006851.png,1.0000002,train_06741
006852.png,1.0000005,train_05521
006853.png,0.99999976,train_01149
006854.png,1.0000004,train_05282
006855.png,1.0000001,train_03866
006856.png,1.0000004,train_05917
006857.png,1.0000002,train_06282
006858.png,0.9999999,train_06903
006859.png,1.0,train_05678
006860.png,0.9999997,train_06138
006861.png,1.0000005,train_04076
006862.png,0.9999998,train_05631
006863.png,0.99999976,train_06890
006864.png,1.0000001,train_04926
006865.png,1.0,train_05859
006866.png,1.0,train_07106
006867.png,0.9999998,train_05795
006868.png,0.99999994,train_04186
006869.png,0.9999999,train_05313
006870.png,1.0,train_02556
006871.png,1.0,train_03551
006872.png,1.0000001,train_04052
006873.png,1.0000002,train_04749
006874.png,1.0,train_08117
006875.png,0.9999999,train_03077
006876.png,1.0000001,train_00149
006877.png,0.99999964,train_03233
006878.png,0.9999999,train_02279
006879.png,0.99999976,train_04384
006880.png,1.0000002,train_00676
006881.png,1.0,train_03861
006882.png,1.0000001,train_05940
006883.png,1.0000002,train_06173
006884.png,1.0000001,train_07507
006885.png,1.0000002,train_04192
006886.png,0.9999999,train_01500
006887.png,1.0000001,train_01812
006888.png,1.0000002,train_01111
006889.png,1.0,train_05389
006890.png,1.0000002,train_04779
006891.png,1.0000002,train_07113
006892.png,1.0000001,train_05988
006893.png,1.0,train_04053
006894.png,1.0000001,train_02201
006895.png,1.0,train_05700
006896.png,0.9999999,train_01446
006897.png,1.0000001,train_01732
006898.png,1.0000002,train_05971
006899.png,1.0000001,train_07574
006900.png,1.0,train_04642
006901.png,1.0,train_01986
006902.png,0.99999994,train_00336
006903.png,1.0000001,train_05690
006904.png,1.0000002,train_00803
006905.png,0.99999976,train_05103
006906.png,0.99999976,train_07698
006907.png,0.9999999,train_06553
006908.png,1.0,train_03240
006909.png,1.0000001,train_05617
006910.png,1.0,train_01881
006911.png,1.0000001,train_07155
006912.png,0.9999999,train_05485
006913.png,0.9999999,train_06023
006914.png,0.99999976,train_01711
006915.png,1.0,train_05806
006916.png,0.9999999,train_03901
006917.png,1.0000002,train_03583
006918.png,1.0000002,train_02457
006919.png,1.0000001,train_07357
006920.png,1.0000002,train_01383
006921.png,1.0,train_04602
006922.png,1.0000001,train_04650
006923.png,1.0,train_00084
006924.png,1.0000002,train_00339
006925.png,0.9999999,train_04451
006926.png,1.0,train_07126
006927.png,0.9999997,train_02091
006928.png,1.0000001,train_01473
006929.png,0.99999976,train_05739
006930.png,1.0000001,train_08060
006931.png,1.0000002,train_03399
006932.png,1.0,train_05227
006933.png,0.9999999,train_06925
006934.png,1.0,train_07230
006935.png,1.0000001,train_06276
006936.png,1.0,train_07616
006937.png,1.0,train_04496
006938.png,1.0000002,train_05239
006939.png,1.0,train_00388
006940.png,1.0000004,train_05879
006941.png,1.0,train_03409
006942.png,1.0,train_01625
006943.png,1.0,train_07502
006944.png,1.0000002,train_02575
006945.png,1.0000001,train_07086
006946.png,1.0,train_03658
006947.png,1.0,train_06109
006948.png,1.0000004,train_04811
006949.png,1.0000001,train_08039
006950.png,1.0000002,train_05993
006951.png,1.0000002,train_05446
006952.png,1.0,train_04376
006953.png,1.0,train_06956
006954.png,1.0000001,train_00134
006955.png,0.99999994,train_04208
006956.png,1.0,train_01915
006957.png,1.0,train_00467
006958.png,1.0000004,train_00373
006959.png,1.0,train_01049
006960.png,1.0000001,train_04318
006961.png,0.9999999,train_00087
006962.png,0.9999999,train_02101
006963.png,0.99999994,train_04337
006964.png,1.0,train_07511
006965.png,0.9999999,train_07116
006966.png,1.0,train_04220
006967.png,1.0,train_03993
006968.png,1.0000002,train_02969
006969.png,0.9999999,train_00523
006970.png,0.99999964,train_02507
006971.png,1.0000001,train_06037
006972.png,1.0,train_03240
006973.png,1.0000002,train_04097
006974.png,1.0,train_00877
006975.png,1.0000004,train_06537
006976.png,1.0,train_02605
006977.png,1.0000001,train_03506
006978.png,1.0000002,train_00529
006979.png,1.0,train_06292
006980.png,1.0000001,train_03620
006981.png,1.0000002,train_01999
006982.png,0.9999999,train_06876
006983.png,1.0,train_00106
006984.png,1.0,train_01069
006985.png,0.99999976,train_02210
006986.png,1.0,train_01816
006987.png,1.0,train_01457
006988.png,0.99999994,train_07641
006989.png,1.0,train_02786
006990.png,1.0,train_02171
006991.png,1.0,train_07163
006992.png,0.99999976,train_04685
006993.png,1.0000001,train_01439
006994.png,0.99999964,train_03051
006995.png,1.0000001,train_07078
006996.png,0.9999999,train_02694
006997.png,1.0000004,train_01806
006998.png,1.0000002,train_00024
006999.png,1.0,train_03695
007000.png,1.0,train_04012
007001.png,0.9999997,train_02372
007002.png,1.0,train_06998
007003.png,1.0000002,train_07900
007004.png,1.0,train_00467
007005.png,1.0,train_04305
007006.png,1.0,train_05901
007007.png,1.0000002,train_02779
007008.png,1.0000001,train_03788
007009.png,0.99999994,train_08074
007010.png,1.0000001,train_07446
007011.png,0.99999976,train_00143
007012.png,0.9999999,train_06836
007013.png,1.0000001,train_02837
007014.png,0.9999999,train_01948
007015.png,1.0000002,train_03070
007016.png,0.99999964,train_00908
007017.png,1.0,train_00441
007018.png,0.99999994,train_02542
007019.png,1.0,train_07214
007020.png,1.0000001,train_03828
007021.png,1.0,train_02930
007022.png,1.0000004,train_06704
007023.png,0.9999999,train_03850
007024.png,1.0,train_05026
007025.png,1.0000002,train_01067
007026.png,1.0000001,train_02447
007027.png,1.0000001,train_04890
007028.png,1.0000002,train_02789
007029.png,1.0000001,train_05078
007030.png,1.0000002,train_02450
007031.png,1.0000004,train_05836
007032.png,0.9999999,train_03107
007033.png,1.0000002,train_02143
007034.png,1.0,train_01184
007035.png,1.0000001,train_03968
007036.png,0.99999994,train_02222
007037.png,0.9999999,train_06092
007038.png,1.0000001,train_04514
007039.png,1.0,train_00871
007040.png,1.0,train_06626
007041.png,1.0000002,train_05971
007042.png,1.0000002,train_03069
007043.png,1.0,train_05374
007044.png,1.0,train_05167
007045.png,1.0000002,train_00092
007046.png,1.0,train_07645
007047.png,0.99999976,train_06678
007048.png,1.0000001,train_02742
007049.png,1.0000002,train_06691
007050.png,0.99999976,train_04311
007051.png,1.0,train_06861
007052.png,1.0,train_02286
007053.png,1.0000001,train_04608
007054.png,1.0000002,train_02452
007055.png,1.0,train_02377
007056.png,1.0,train_03950
007057.png,1.0000002,train_03259
007058.png,1.0,train_00080
007059.png,1.0,train_07853
007060.png,1.0,train_06126
007061.png,0.9999999,train_05300
007062.png,1.0000002,train_00356
007063.png,1.0000002,train_07605
007064.png,0.9999999,train_05716
007065.png,1.0,train_00389
007066.png,1.0,train_00552
007067.png,1.0000004,train_02444
007068.png,1.0000002,train_00136
007069.png,1.0,train_01846
007070.png,1.0,train_08058
007071.png,1.0000001,train_06166
007072.png,1.0,train_03219
007073.png,0.9999999,train_06553
007074.png,0.9999999,train_04004
007075.png,1.0000002,train_00947
007076.png,1.0,train_04845
007077.png,1.0,train_02395
007078.png,1.0,train_04934
007079.png,1.0000001,train_03733
007080.png,0.9999998,train_01624
007081.png,0.9999997,train_01259
007082.png,1.0,train_06320
007083.png,1.0000002,train_00593
007084.png,1.0000001,train_06043
007085.png,1.0,train_02664
007086.png,1.0,train_02660
007087.png,1.0000002,train_00252
007088.png,1.0000002,train_04073
007089.png,1.0000005,train_04579
007090.png,1.0000004,train_02910
007091.png,1.0000002,train_06154
007092.png,0.9999999,train_04529
007093.png,0.9999999,train_02011
007094.png,0.99999976,train_02082
007095.png,1.0,train_04744
007096.png,0.99999964,train_05229
007097.png,0.9999999,train_05949
007098.png,1.0000001,train_01202
007099.png,1.0000001,train_02266
007100.png,1.0000001,train_01327
007101.png,0.9999998,train_02261
007102.png,1.0000001,train_02962
007103.png,1.0000005,train_05305
007104.png,1.0000001,train_04318
007105.png,1.0,train_00686
007106.png,0.9999998,train_05955
007107.png,1.0000001,train_01441
007108.png,1.0,train_04751
007109.png,0.9999998,train_03072
007110.png,1.0000001,train_04890
007111.png,0.9999998,train_03303
007112.png,0.99999994,train_04016
007113.png,0.9999999,train_00633
007114.png,1.0,train_01692
007115.png,1.0,train_01344
007116.png,1.0,train_02995
007117.png,1.0000002,train_02285
007118.png,0.9999999,train_05260
007119.png,0.99999976,train_06257
007120.png,1.0000001,train_05953
007121.png,1.0000001,train_06276
007122.png,1.0000002,train_06398
007123.png,1.0,train_02909
007124.png,1.0000004,train_05598
007125.png,1.0000001,train_04936
007126.png,1.0000002,train_03801
007127.png,1.0,train_07690
007128.png,1.0000002,train_00602
007129.png,0.99999976,train_05123
007130.png,1.0000002,train_06964
007131.png,0.9999998,train_06179
007132.png,1.0,train_04932
007133.png,1.0000001,train_00130
007134.png,1.0000001,train_01270
007135.png,1.0000002,train_04616
007136.png,1.0000002,train_06076
007137.png,0.9999999,train_00688
007138.png,0.9999999,train_02897
007139.png,1.0000001,train_02447
007140.png,1.0000002,train_05287
007141.png,1.0000002,train_03268
007142.png,1.0000002,train_06643
007143.png,1.0000002,train_05803
007144.png,0.9999999,train_00538
007145.png,0.99999976,train_03544
007146.png,0.99999994,train_01260
007147.png,1.0000002,train_00919
007148.png,0.9999999,train_01356
007149.png,1.0000001,train_06461
007150.png,1.0,train_02530
007151.png,1.0,train_05473
007152.png,1.0,train_07041
007153.png,1.0000001,train_07646
007154.png,1.0000002,train_00814
007155.png,1.0,train_04354
007156.png,1.0,train_07337
007157.png,1.0,train_04209
007158.png,0.9999999,train_03432
007159.png,0.99999994,train_03936
007160.png,1.0,train_04587
007161.png,0.9999999,train_07729
007162.png,1.0,train_07693
007163.png,1.0,train_02844
007164.png,1.0000002,train_00791
007165.png,1.0,train_05717
007166.png,1.0000001,train_05163
007167.png,1.0000004,train_01023
007168.png,1.0,train_05309
007169.png,1.0,train_05355
007170.png,1.0,train_05844
007171.png,1.0000002,train_06683
007172.png,1.0000002,train_00965
007173.png,0.9999999,train_06423
007174.png,1.0000002,train_00502
007175.png,1.0000002,train_06398
007176.png,1.0,train_00645
007177.png,1.0000002,train_06896
007178.png,1.0000001,train_02742
007179.png,1.0000001,train_07029
007180.png,0.9999999,train_00828
007181.png,1.0000001,train_06908
007182.png,1.0000002,train_02124
007183.png,1.0000002,train_06121
007184.png,0.9999999,train_00957
007185.png,0.9999998,train_03943
007186.png,1.0,train_04587
007187.png,0.9999999,train_03066
007188.png,1.0000001,train_01347
007189.png,0.9999999,train_08064
007190.png,0.9999999,train_03264
007191.png,1.0000001,train_06247
007192.png,0.9999998,train_00208
007193.png,0.9999999,train_00155
007194.png,1.0000001,train_00659
007195.png,1.0,train_07964
007196.png,1.0000001,train_01271
007197.png,1.0000001,train_07409
007198.png,0.9999999,train_03413
007199.png,1.0000001,train_04230
007200.png,0.99999994,train_07695
007201.png,0.99999976,train_05603
007202.png,0.9999998,train_06709
007203.png,1.0000002,train_07713
007204.png,1.0,train_00580
007205.png,1.0,train_03563
007206.png,1.0000002,train_04796
007207.png,1.0000002,train_04239
007208.png,1.0,train_00347
007209.png,0.99999964,train_01113
007210.png,1.0,train_01976
007211.png,0.99999976,train_01346
007212.png,0.9999999,train_07080
007213.png,1.0000002,train_06466
007214.png,1.0000002,train_00518
007215.png,1.0,train_08067
007216.png,1.0,train_05471
007217.png,1.0,train_01329
007218.png,1.0,train_06317
007219.png,1.0,train_02196
007220.png,0.9999999,train_02016
007221.png,1.0000001,train_06977
007222.png,1.0000002,train_06332
007223.png,1.0,train_07655
007224.png,0.9999999,train_04020
007225.png,1.0000001,train_00695
007226.png,0.9999999,train_04298
007227.png,1.0,train_07694
007228.png,1.0000004,train_03429
007229.png,1.0,train_05639
007230.png,0.99999964,train_00119
007231.png,1.0,train_06929
007232.png,1.0000002,train_02642
007233.png,0.99999994,train_07643
007234.png,1.0000001,train_06024
007235.png,0.99999994,train_00296
007236.png,0.9999999,train_04831
007237.png,1.0,train_02335
007238.png,1.0000001,train_07282
007239.png,1.0000004,train_05109
007240.png,1.0000002,train_04525
007241.png,1.0000005,train_03211
007242.png,0.99999976,train_04716
007243.png,1.0000002,train_07330
007244.png,1.0000001,train_06170
007245.png,1.0000001,train_06457
007246.png,1.0,train_04646
007247.png,1.0000002,train_02767
007248.png,1.0,train_05723
007249.png,1.0,train_03861
007250.png,1.0,train_04458
007251.png,0.9999999,train_00917
007252.png,1.0,train_05837
007253.png,1.0,train_07931
007254.png,1.0000001,train_08039
007255.png,0.99999994,train_00942
007256.png,1.0,train_01409
007257.png,1.0,train_04205
007258.png,1.0,train_07918
007259.png,1.0000002,train_03610
007260.png,1.0000001,train_07312
007261.png,1.0,train_01827
007262.png,1.0000002,train_04499
007263.png,1.0000002,train_03461
007264.png,0.9999999,train_05033
007265.png,0.9999999,train_04727
007266.png,1.0,train_06589
007267.png,0.9999999,train_03443
007268.png,1.0,train_02813
007269.png,1.0000002,train_05058
007270.png,1.0000001,train_06898
007271.png,1.0000001,train_08052
007272.png,0.9999998,train_06067
007273.png,0.99999994,train_06987
007274.png,1.0000001,train_05082
007275.png,1.0000002,train_00729
007276.png,1.0000004,train_02463
007277.png,1.0000004,train_05403
007278.png,1.0000002,train_01281
007279.png,1.0,train_05967
007280.png,0.9999999,train_05084
007281.png,1.0000002,train_02433
007282.png,1.0000001,train_05618
007283.png,1.0000002,train_06611
007284.png,0.9999999,train_04454
007285.png,0.9999999,train_02663
007286.png,1.0,train_03720
007287.png,1.0000001,train_04514
007288.png,1.0000002,train_00258
007289.png,1.0000001,train_04730
007290.png,1.0000002,train_03236
007291.png,1.0000001,train_01964
007292.png,1.0,train_04857
007293.png,1.0000001,train_03724
007294.png,1.0000001,train_02736
007295.png,1.0,train_01255
007296.png,1.0000001,train_04010
007297.png,1.0000001,train_05029
007298.png,0.99999994,train_06101
007299.png,1.0,train_03375
007300.png,1.0000001,train_06609
007301.png,1.0000001,train_02596
007302.png,1.0000001,train_07834
007303.png,1.0,train_06396
007304.png,0.9999999,train_03713
007305.png,0.9999999,train_07024
007306.png,1.0000001,train_01202
007307.png,0.99999976,train_07871
007308.png,1.0000001,train_01108
007309.png,1.0,train_04798
007310.png,1.0,train_06739
007311.png,0.99999994,train_03165
007312.png,1.0000001,train_03882
007313.png,0.9999999,train_01659
007314.png,0.99999994,train_00574
007315.png,1.0,train_02740
007316.png,1.0,train_00434
007317.png,1.0000001,train_05362
007318.png,0.9999999,train_05804
007319.png,1.0,train_03161
007320.png,1.0000001,train_01736
007321.png,1.0000002,train_07325
007322.png,1.0000004,train_01135
007323.png,1.0000002,train_04729
007324.png,1.0000002,train_07654
007325.png,1.0000001,train_03662
007326.png,1.0000002,train_02301
007327.png,1.0,train_02674
007328.png,0.99999994,train_07990
007329.png,1.0000002,train_03959
007330.png,1.0000001,train_06457
007331.png,1.0000001,train_06977
007332.png,1.0000001,train_05326
007333.png,0.9999999,train_03317
007334.png,0.99999994,train_06823
007335.png,0.99999994,train_01215
007336.png,1.0000002,train_06078
007337.png,1.0000002,train_00139
007338.png,1.0000001,train_01549
007339.png,0.99999994,train_07583
007340.png,1.0000001,train_06868
007341.png,0.9999999,train_06271
007342.png,1.0,train_04080
007343.png,1.0000001,train_03369
007344.png,1.0000001,train_02716
007345.png,0.9999999,train_03015
007346.png,1.0000001,train_04362
007347.png,1.0,train_04768
007348.png,1.0,train_06581
007349.png,1.0000001,train_05000
007350.png,0.99999994,train_06921
007351.png,1.0000002,train_04906
007352.png,1.0,train_03987
007353.png,1.0000002,train_03329
007354.png,1.0000001,train_01173
007355.png,1.0,train_07493
007356.png,1.0000001,train_04398
007357.png,1.0000002,train_00342
007358.png,0.99999994,train_07311
007359.png,1.0,train_03524
007360.png,1.0000001,train_02878
007361.png,1.0,train_03768
007362.png,1.0000001,train_02484
007363.png,1.0000002,train_00452
007364.png,1.0000001,train_04783
007365.png,1.0,train_04934
007366.png,0.9999999,train_01401
007367.png,1.0,train_02493
007368.png,0.99999994,train_01698
007369.png,1.0000001,train_00981
007370.png,1.0000001,train_03925
007371.png,1.0000001,train_05345
007372.png,1.0000004,train_05205
007373.png,1.0000001,train_05740
007374.png,1.0000002,train_00264
007375.png,1.0000001,train_00130
007376.png,1.0000001,train_05755
007377.png,1.0,train_02809
007378.png,1.0000001,train_01441
007379.png,1.0000001,train_03326
007380.png,1.0,train_02314
007381.png,0.99999994,train_02934
007382.png,0.99999994,train_02650
007383.png,0.99999994,train_04320
007384.png,0.99999994,train_04322
007385.png,1.0,train_04372
007386.png,1.0000001,train_07519
007387.png,1.0,train_01728
007388.png,1.0000001,train_00982
007389.png,1.0,train_05061
007390.png,1.0000001,train_04272
007391.png,0.9999999,train_03728
007392.png,0.9999999,train_01012
007393.png,0.9999999,train_06445
007394.png,0.99999994,train_06012
007395.png,1.0000001,train_03893
007396.png,1.0,train_02458
007397.png,1.0,train_05226
007398.png,0.99999976,train_05103
007399.png,1.0000001,train_02128
007400.png,1.0,train_05828
007401.png,1.0000001,train_01800
007402.png,1.0,train_02597
007403.png,0.99999976,train_07827
007404.png,0.99999994,train_03500
007405.png,0.9999999,train_04964
007406.png,1.0,train_08033
007407.png,1.0000002,train_01176
007408.png,0.9999999,train_04955
007409.png,1.0,train_05207
007410.png,1.0000001,train_00820
007411.png,1.0,train_06861
007412.png,1.0000001,train_07947
007413.png,0.99999964,train_06844
007414.png,1.0,train_01626
007415.png,1.0000002,train_04729
007416.png,1.0,train_07841
007417.png,1.0000004,train_05109
007418.png,1.0000001,train_01925
007419.png,1.0000002,train_02008
007420.png,0.9999999,train_05868
007421.png,1.0000001,train_04534
007422.png,1.0,train_07102
007423.png,1.0,train_08040
007424.png,1.0000002,train_06735
007425.png,1.0000001,train_07141
007426.png,0.99999994,train_07624
007427.png,1.0000002,train_04906
007428.png,0.9999998,train_03121
007429.png,1.0000001,train_00982
007430.png,1.0,train_00273
007431.png,1.0000001,train_01978
007432.png,0.99999964,train_00872
007433.png,1.0000001,train_07834
007434.png,1.0,train_06288
007435.png,0.99999994,train_06390
007436.png,1.0,train_05995
007437.png,0.9999999,train_00734
007438.png,1.0000002,train_01226
007439.png,1.0000001,train_05272
007440.png,1.0000001,train_06214
007441.png,1.0000001,train_06514
007442.png,1.0,train_07135
007443.png,1.0,train_00416
007444.png,0.99999994,train_05415
007445.png,1.0000004,train_02910
007446.png,1.0,train_05750
007447.png,1.0,train_02981
007448.png,1.0000001,train_02602
007449.png,1.0,train_00326
007450.png,1.0000005,train_00224
007451.png,1.0,train_00484
007452.png,1.0000002,train_01814
007453.png,1.0,train_04669
007454.png,0.9999998,train_07810
007455.png,1.0,train_02939
007456.png,1.0,train_00622
007457.png,1.0000002,train_03931
007458.png,1.0000004,train_03061
007459.png,1.0,train_05111
007460.png,1.0000001,train_05115
007461.png,1.0000002,train_03444
007462.png,1.0000001,train_07118
007463.png,0.99999994,train_00574
007464.png,1.0000001,train_06457
007465.png,1.0,train_02526
007466.png,1.0000004,train_06440
007467.png,1.0000002,train_04601
007468.png,1.0000001,train_06129
007469.png,0.9999997,train_02710
007470.png,0.9999999,train_02513
007471.png,1.0000002,train_06657
007472.png,0.9999999,train_04454
007473.png,1.0000001,train_03202
007474.png,0.9999999,train_00087
007475.png,1.0000002,train_06303
007476.png,0.9999999,train_01152
007477.png,0.9999999,train_06144
007478.png,0.9999999,train_06023
007479.png,0.99999994,train_04208
007480.png,1.0000005,train_00009
007481.png,1.0,train_05389
007482.png,1.0000001,train_03433
007483.png,0.9999999,train_07431
007484.png,0.9999999,train_03383
007485.png,0.9999999,train_02024
007486.png,0.9999999,train_06697
007487.png,1.0000002,train_03148
007488.png,1.0,train_03127
007489.png,1.0,train_04997
007490.png,1.0000001,train_05180
007491.png,0.9999999,train_03147
007492.png,1.0000001,train_07705
007493.png,0.9999997,train_01126
007494.png,1.0,train_06120
007495.png,1.0000001,train_03086
007496.png,1.0000001,train_05738
007497.png,1.0000001,train_01201
007498.png,1.0,train_04853
007499.png,0.9999999,train_03190
007500.png,1.0000001,train_08041
007501.png,0.9999999,train_08035
007502.png,1.0000004,train_04687
007503.png,1.0,train_02051
007504.png,0.9999999,train_03955
007505.png,1.0,train_04463
007506.png,0.9999999,train_00722
007507.png,1.0000002,train_01448
007508.png,1.0,train_06996
007509.png,1.0000005,train_04050
007510.png,0.99999976,train_06873
007511.png,1.0000002,train_04176
007512.png,1.0000002,train_01010
007513.png,1.0,train_05085
007514.png,0.9999997,train_06273
007515.png,0.9999999,train_07452
007516.png,0.99999994,train_07054
007517.png,1.0,train_04602
007518.png,1.0000001,train_01127
007519.png,0.99999976,train_04377
007520.png,1.0000001,train_06222
007521.png,1.0,train_01497
007522.png,1.0000001,train_08142
007523.png,1.0000001,train_00716
007524.png,1.0,train_06292
007525.png,1.0000001,train_00663
007526.png,0.99999994,train_01515
007527.png,1.0,train_02966
007528.png,1.0,train_01143
007529.png,1.0,train_04037
007530.png,0.99999976,train_04947
007531.png,1.0,train_04314
007532.png,0.9999999,train_04621
007533.png,1.0000002,train_00515
007534.png,1.0000001,train_05046
007535.png,1.0000001,train_00983
007536.png,1.0,train_05916
007537.png,1.0,train_07484
007538.png,1.0000002,train_04813
007539.png,0.99999994,train_02215
007540.png,1.0,train_07480
007541.png,1.0,train_06434
007542.png,1.0000002,train_06937
007543.png,0.9999999,train_04261
007544.png,1.0000001,train_05882
007545.png,1.0,train_05547
007546.png,1.0,train_01695
007547.png,0.9999999,train_03825
007548.png,1.0000002,train_04163
007549.png,1.0000001,train_03656
007550.png,1.0000004,train_06628
007551.png,1.0000001,train_00201
007552.png,1.0000001,train_03194
007553.png,0.99999976,train_02912
007554.png,1.0,train_01625
007555.png,0.99999994,train_00231
007556.png,1.0,train_05890
007557.png,1.0,train_05391
007558.png,1.0,train_01296
007559.png,0.9999999,train_01878
007560.png,0.99999994,train_02218
007561.png,1.0000001,train_05536
007562.png,1.0,train_01319
007563.png,1.0000001,train_00576
007564.png,1.0000002,train_00264
007565.png,1.0,train_06441
007566.png,0.99999976,train_04339
007567.png,1.0000002,train_07076
007568.png,0.9999998,train_08071
007569.png,1.0,train_03499
007570.png,1.0000001,train_03128
007571.png,1.0,train_00988
007572.png,1.0,train_02441
007573.png,0.9999998,train_02031
007574.png,0.9999999,train_03533
007575.png,1.0000001,train_07579
007576.png,0.99999994,train_04455
007577.png,1.0,train_06891
007578.png,1.0,train_06769
007579.png,1.0000001,train_06728
007580.png,1.0000002,train_06277
007581.png,1.0000002,train_07298
007582.png,0.99999976,train_02293
007583.png,1.0000001,train_01218
007584.png,1.0000002,train_01176
007585.png,1.0,train_00473
007586.png,0.9999999,train_07725
007587.png,1.0000001,train_02155
007588.png,0.9999998,train_07036
007589.png,1.0000001,train_04434
007590.png,1.0000001,train_02857
007591.png,1.0000002,train_06336
007592.png,0.9999999,train_04831
007593.png,1.0000001,train_07775
007594.png,1.0,train_01825
007595.png,1.0,train_02646
007596.png,1.0000001,train_03914
007597.png,0.9999999,train_04689
007598.png,0.9999999,train_03234
007599.png,1.0,train_01741
007600.png,0.99999994,train_06715
007601.png,0.99999976,train_00483
007602.png,0.9999999,train_03998
007603.png,0.9999999,train_03443
007604.png,0.9999999,train_01752
007605.png,1.0000002,train_04499
007606.png,1.0000001,train_06349
007607.png,1.0000002,train_07983
007608.png,1.0000002,train_01586
007609.png,1.0,train_07413
007610.png,0.99999976,train_06462
007611.png,1.0000001,train_02846
007612.png,0.99999994,train_00690
007613.png,1.0000002,train_01927
007614.png,1.0000001,train_02397
007615.png,0.9999999,train_01570
007616.png,1.0000001,train_01523
007617.png,0.9999999,train_07985
007618.png,0.9999999,train_01824
007619.png,0.9999999,train_02319
007620.png,1.0,train_00857
007621.png,0.9999999,train_05357
007622.png,1.0000004,train_02435
007623.png,1.0,train_07918
007624.png,1.0,train_03615
007625.png,1.0000001,train_05605
007626.png,1.0000004,train_00327
007627.png,1.0000004,train_01566
007628.png,1.0000002,train_01668
007629.png,1.0000001,train_07498
007630.png,1.0,train_07794
007631.png,1.0,train_06220
007632.png,1.0,train_01194
007633.png,0.99999976,train_00039
007634.png,0.9999999,train_06085
007635.png,1.0000002,train_07652
007636.png,0.9999998,train_06278
007637.png,1.0,train_04832
007638.png,0.9999998,train_07975
007639.png,0.99999994,train_04227
007640.png,0.9999999,train_07725
007641.png,0.9999998,train_01224
007642.png,1.0,train_01337
007643.png,1.0,train_00080
007644.png,1.0000002,train_00094
007645.png,1.0,train_04614
007646.png,1.0000002,train_01611
007647.png,1.0,train_03366
007648.png,1.0000002,train_07278
007649.png,1.0,train_00491
007650.png,1.0000002,train_01907
007651.png,0.9999999,train_06536
007652.png,1.0000002,train_01022
007653.png,1.0000004,train_04566
007654.png,0.9999999,train_07876
007655.png,1.0,train_02549
007656.png,1.0,train_07752
007657.png,1.0000001,train_02606
007658.png,0.9999998,train_08143
007659.png,0.99999976,train_04232
007660.png,0.99999994,train_04100
007661.png,0.9999999,train_06530
007662.png,1.0000001,train_04078
007663.png,0.99999994,train_06669
007664.png,1.0000001,train_03311
007665.png,1.0000001,train_06367
007666.png,0.9999999,train_04689
007667.png,1.0,train_06476
007668.png,1.0,train_00273
007669.png,1.0000001,train_06223
007670.png,1.0000002,train_01226
007671.png,0.99999994,train_07648
007672.png,0.9999999,train_01410
007673.png,1.0,train_07799
007674.png,1.0000005,train_08001
007675.png,1.0000004,train_02039
007676.png,0.9999999,train_06553
007677.png,0.99999994,train_06108
007678.png,1.0000002,train_03405
007679.png,0.9999998,train_03121
007680.png,1.0000005,train_01920
007681.png,0.99999994,train_05359
007682.png,1.0000002,train_05328
007683.png,1.0,train_00353
007684.png,1.0,train_04225
007685.png,1.0000001,train_01841
007686.png,1.0000001,train_07190
007687.png,1.0000001,train_03256
007688.png,1.0,train_02528
007689.png,0.9999997,train_06211
007690.png,1.0000004,train_04811
007691.png,1.0000001,train_01732
007692.png,0.9999999,train_06180
007693.png,1.0000004,train_05109
007694.png,1.0,train_05495
007695.png,0.99999994,train_03456
007696.png,1.0000001,train_02000
007697.png,1.0,train_07033
007698.png,1.0000002,train_04611
007699.png,1.0,train_07513
007700.png,0.99999994,train_03845
007701.png,1.0,train_07865
007702.png,1.0,train_01165
007703.png,1.0000001,train_03056
007704.png,1.0,train_01741
007705.png,0.99999964,train_00280
007706.png,0.9999999,train_02562
007707.png,0.9999999,train_07564
007708.png,1.0000005,train_02448
007709.png,1.0,train_08081
007710.png,1.0000001,train_01262
007711.png,0.99999994,train_03174
007712.png,0.9999999,train_00124
007713.png,0.99999976,train_04406
007714.png,1.0000001,train_02891
007715.png,0.9999999,train_00193
007716.png,1.0000001,train_02532
007717.png,1.0,train_02305
007718.png,1.0,train_01780
007719.png,1.0000001,train_05985
007720.png,1.0000002,train_04952
007721.png,1.0000002,train_03911
007722.png,0.9999999,train_04996
007723.png,1.0,train_01487
007724.png,1.0000001,train_03766
007725.png,1.0,train_01984
007726.png,0.99999994,train_06418
007727.png,1.0000001,train_00232
007728.png,0.99999976,train_00656
007729.png,1.0000001,train_07027
007730.png,0.99999976,train_06263
007731.png,0.9999999,train_00926
007732.png,1.0000004,train_04457
007733.png,0.99999994,train_07731
007734.png,0.9999999,train_02121
007735.png,0.9999999,train_03501
007736.png,1.0,train_02422
007737.png,0.9999999,train_06325
007738.png,1.0000001,train_00331
007739.png,0.99999994,train_05419
007740.png,1.0,train_06901
007741.png,1.0000002,train_07244
007742.png,1.0000001,train_04937
007743.png,1.0000001,train_07659
007744.png,1.0000004,train_06968
007745.png,0.99999976,train_07530
007746.png,1.0000001,train_00990
007747.png,1.0000001,train_05180
007748.png,1.0,train_04168
007749.png,1.0000002,train_06111
007750.png,0.9999999,train_01875
007751.png,1.0,train_04674
007752.png,0.99999994,train_02053
007753.png,1.0,train_03599
007754.png,1.0000001,train_05120
007755.png,0.9999999,train_02600
007756.png,1.0000001,train_02913
007757.png,1.0,train_04833
007758.png,1.0,train_02549
007759.png,1.0000002,train_07686
007760.png,0.99999994,train_06659
007761.png,1.0,train_00108
007762.png,1.0000002,train_07589
007763.png,0.99999994,train_04207
007764.png,1.0,train_05349
007765.png,0.9999999,train_06499
007766.png,1.0000002,train_03463
007767.png,1.0000001,train_05076
007768.png,1.0,train_05976
007769.png,0.99999994,train_02220
007770.png,1.0000001,train_07533
007771.png,1.0000001,train_07916
007772.png,0.99999964,train_05546
007773.png,1.0000002,train_07330
007774.png,0.9999999,train_07228
007775.png,0.99999964,train_05488
007776.png,1.0000001,train_02891
007777.png,1.0000001,train_05720
007778.png,1.0000002,train_03617
007779.png,1.0000002,train_01117
007780.png,1.0000005,train_03743
007781.png,1.0,train_03945
007782.png,1.0,train_05852
007783.png,1.0000004,train_00556
007784.png,1.0,train_04957
007785.png,0.9999998,train_07978
007786.png,1.0000004,train_08134
007787.png,0.99999994,train_04242
007788.png,1.0000001,train_03323
007789.png,0.9999999,train_00318
007790.png,1.0000002,train_03910
007791.png,1.0000002,train_01748
007792.png,1.0000001,train_00695
007793.png,1.0000005,train_04763
007794.png,0.9999999,train_06027
007795.png,0.99999976,train_04420
007796.png,0.9999999,train_05981
007797.png,0.99999964,train_05229
007798.png,1.0000002,train_00024
007799.png,0.9999999,train_02180
007800.png,1.0000001,train_04226
007801.png,1.0,train_08006
007802.png,1.0,train_07570
007803.png,1.0000001,train_05918
007804.png,1.0000001,train_05797
007805.png,0.99999976,train_07530
007806.png,1.0000001,train_07819
007807.png,1.0,train_02021
007808.png,1.0000001,train_03032
007809.png,0.9999999,train_03502
007810.png,0.9999999,train_05552
007811.png,0.99999994,train_01397
007812.png,1.0000001,train_01141
007813.png,0.9999999,train_07145
007814.png,0.9999999,train_08048
007815.png,1.0,train_00187
007816.png,1.0,train_00600
007817.png,1.0000002,train_04120
007818.png,0.9999998,train_07167
007819.png,0.9999999,train_05559
007820.png,0.9999999,train_00528
007821.png,0.99999994,train_03174
007822.png,1.0000001,train_06600
007823.png,1.0000001,train_06042
007824.png,0.99999976,train_07233
007825.png,0.9999999,train_06965
007826.png,1.0000001,train_07461
007827.png,0.9999998,train_06296
007828.png,1.0000002,train_07297
007829.png,1.0000002,train_04537
007830.png,0.9999998,train_06950
007831.png,1.0000002,train_05030
007832.png,1.0000001,train_01315
007833.png,0.99999994,train_03176
007834.png,1.0,train_07630
007835.png,1.0000001,train_01518
007836.png,1.0,train_05113
007837.png,1.0000002,train_01507
007838.png,1.0,train_00647
007839.png,1.0,train_06051
007840.png,1.0000004,train_02893
007841.png,1.0000001,train_06875
007842.png,0.9999999,train_00930
007843.png,0.99999976,train_07349
007844.png,1.0000001,train_03796
007845.png,1.0000001,train_02424
007846.png,1.0000002,train_07576
007847.png,1.0000002,train_07635
007848.png,1.0000001,train_03788
007849.png,0.9999999,train_06925
007850.png,1.0000004,train_03940
007851.png,1.0000001,train_05965
007852.png,1.0000002,train_03942
007853.png,1.0000002,train_04953
007854.png,0.99999994,train_02794
007855.png,1.0,train_07671
007856.png,1.0,train_01415
007857.png,0.9999999,train_03547
007858.png,0.99999994,train_03508
007859.png,1.0,train_05855
007860.png,1.0000004,train_07966
007861.png,0.99999994,train_04025
007862.png,1.0,train_02401
007863.png,0.9999998,train_00419
007864.png,1.0,train_04966
007865.png,1.0000002,train_04133
007866.png,1.0,train_07399
007867.png,1.0,train_01487
007868.png,1.0000001,train_02609
007869.png,1.0,train_01697
007870.png,0.9999998,train_04923
007871.png,0.9999999,train_01862
007872.png,1.0000002,train_01379
007873.png,0.9999999,train_02626
007874.png,0.99999976,train_03151
007875.png,0.99999994,train_06676
007876.png,1.0000001,train_04926
007877.png,1.0,train_06196
007878.png,1.0000001,train_02388
007879.png,1.0000001,train_03513
007880.png,0.99999994,train_03320
007881.png,1.0,train_00326
007882.png,1.0,train_03240
007883.png,1.0000004,train_06242
007884.png,1.0000002,train_07760
007885.png,1.0000001,train_00651
007886.png,0.99999994,train_05543
007887.png,1.0000001,train_00874
007888.png,1.0,train_04543
007889.png,1.0,train_07557
007890.png,0.99999976,train_07620
007891.png,1.0000001,train_02656
007892.png,0.99999994,train_06997
007893.png,1.0,train_01478
007894.png,1.0000002,train_03305
007895.png,1.0,train_03759
007896.png,0.99999976,train_04452
007897.png,1.0000001,train_06868
007898.png,1.0000002,train_07231
007899.png,0.99999976,train_00064
007900.png,0.99999964,train_06975
007901.png,0.9999999,train_01833
007902.png,1.0000001,train_01888
007903.png,0.99999976,train_01709
007904.png,1.0,train_03035
007905.png,1.0000001,train_03195
007906.png,1.0000005,train_03213
007907.png,1.0000002,train_05375
007908.png,0.9999999,train_04222
007909.png,1.0000004,train_00433
007910.png,1.0000001,train_01472
007911.png,0.99999994,train_06185
007912.png,1.0000001,train_04251
007913.png,0.99999994,train_06507
007914.png,1.0000002,train_00287
007915.png,0.9999999,train_04091
007916.png,1.0000002,train_01713
007917.png,1.0000002,train_04586
007918.png,0.99999976,train_01346
007919.png,0.99999994,train_03150
007920.png,0.9999998,train_07253
007921.png,1.0000002,train_07549
007922.png,1.0,train_05164
007923.png,1.0,train_07522
007924.png,0.9999999,train_01862
007925.png,0.9999999,train_04388
007926.png,1.0000001,train_00453
007927.png,0.9999999,train_04228
007928.png,1.0000001,train_06783
007929.png,1.0000001,train_00254
007930.png,1.0000001,train_05953
007931.png,1.0000001,train_04434
007932.png,1.0000002,train_05182
007933.png,1.0000001,train_02837
007934.png,1.0000002,train_05481
007935.png,1.0,train_05563
007936.png,1.0,train_02365
007937.png,1.0000001,train_02299
007938.png,1.0000001,train_03661
007939.png,1.0,train_00346
007940.png,1.0,train_04690
007941.png,0.99999994,train_07727
007942.png,0.9999999,train_00695
007943.png,1.0,train_03480
007944.png,0.99999994,train_00020
007945.png,0.9999999,train_04948
007946.png,1.0,train_07854
007947.png,0.99999976,train_06052
007948.png,0.99999976,train_06079
007949.png,0.99999976,train_06305
007950.png,0.99999976,train_03019
007951.png,1.0,train_01591
007952.png,0.9999998,train_07262
007953.png,0.9999996,train_04810
