filename,sscd_sim,nn_train_id
000000.png,0.9999999,train_07628
000001.png,1.0,train_07163
000002.png,0.99999994,train_08065
000003.png,0.99999994,train_02650
000004.png,0.99999976,train_01265
000005.png,0.99999976,train_06882
000006.png,0.9999999,train_07985
000007.png,0.99999994,train_07798
000008.png,0.99999976,train_01142
000009.png,0.99999964,train_01953
000010.png,1.0,train_04767
000011.png,1.0,train_02112
000012.png,1.0,train_02628
000013.png,1.0000001,train_02342
000014.png,1.0,train_07344
000015.png,0.9999999,train_05661
000016.png,0.99999976,train_02164
000017.png,1.0000001,train_00835
000018.png,1.0,train_04205
000019.png,1.0000001,train_04983
000020.png,1.0000001,train_01911
000021.png,0.99999976,train_06944
000022.png,1.0000002,train_02830
000023.png,0.9999999,train_00184
000024.png,1.0,train_01670
000025.png,1.0,train_03812
000026.png,0.9999999,train_07066
000027.png,0.9999999,train_07465
000028.png,1.0000002,train_03608
000029.png,1.0000001,train_02693
000030.png,1.0000004,train_06736
000031.png,1.0000002,train_05453
000032.png,0.9999999,train_06892
000033.png,0.9999999,train_07171
000034.png,1.0,train_03178
000035.png,1.0000004,train_02910
000036.png,0.9999999,train_06299
000037.png,0.99999994,train_00501
000038.png,0.9999999,train_03357
000039.png,0.9999999,train_06499
000040.png,1.0,train_02605
000041.png,1.0000002,train_06757
000042.png,1.0000002,train_00950
000043.png,1.0000002,train_01719
000044.png,0.9999999,train_03832
000045.png,0.99999976,train_05799
000046.png,0.99999976,train_00632
000047.png,1.0,train_06135
000048.png,0.9999999,train_02137
000049.png,1.0000002,train_03974
000050.png,1.0,train_01860
000051.png,1.0000004,train_05407
000052.png,1.0,train_00323
000053.png,0.99999964,train_04558
000054.png,0.99999964,train_01953
000055.png,0.99999976,train_01304
000056.png,0.9999999,train_04715
000057.png,1.0,train_04205
000058.png,1.0,train_04038
000059.png,1.0,train_06626
000060.png,1.0,train_05711
000061.png,0.99999994,train_07040
000062.png,1.0,train_06314
000063.png,0.9999999,train_01250
000064.png,1.0,train_07006
000065.png,1.0000004,train_07644
000066.png,1.0000002,train_01054
000067.png,0.99999994,train_07643
000068.png,1.0,train_00627
000069.png,1.0,train_01198
000070.png,1.0000001,train_00671
000071.png,1.0000001,train_03079
000072.png,1.0,train_04578
000073.png,0.99999994,train_06077
000074.png,1.0000001,train_00488
000075.png,1.0,train_00386
000076.png,1.0000002,train_01460
000077.png,1.0000001,train_02193
000078.png,1.0,train_05050
000079.png,1.0,train_03013
000080.png,0.9999996,train_02971
000081.png,0.9999999,train_06538
000082.png,1.0,train_02051
000083.png,1.0000001,train_04991
000084.png,1.0000001,train_02639
000085.png,1.0000004,train_06821
000086.png,1.0000002,train_08050
000087.png,0.9999999,train_02706
000088.png,1.0000002,train_05455
000089.png,0.9999999,train_00558
000090.png,0.9999999,train_07465
000091.png,1.0,train_00075
000092.png,0.9999999,train_07405
000093.png,0.99999976,train_00842
000094.png,0.9999996,train_02588
000095.png,0.9999997,train_05397
000096.png,1.0000002,train_05550
000097.png,0.9999997,train_02250
000098.png,1.0,train_00988
000099.png,1.0000002,train_04323
000100.png,1.0,train_00754
000101.png,1.0,train_05929
000102.png,1.0,train_01445
000103.png,1.0,train_02813
000104.png,1.0000002,train_03403
000105.png,0.9999999,train_06299
000106.png,1.0000002,train_02800
000107.png,1.0,train_02822
000108.png,1.0000004,train_02114
000109.png,1.0,train_06135
000110.png,1.0000001,train_05156
000111.png,1.0,train_05581
000112.png,0.99999976,train_07991
000113.png,1.0,train_05737
000114.png,1.0,train_02740
000115.png,0.99999994,train_08096
000116.png,1.0,train_01353
000117.png,1.0000004,train_05660
000118.png,1.0000001,train_06053
000119.png,1.0,train_00386
000120.png,1.0,train_02916
000121.png,1.0000002,train_05066
000122.png,1.0000001,train_05156
000123.png,0.9999999,train_07828
000124.png,0.9999999,train_07171
000125.png,1.0000004,train_01897
000126.png,0.9999998,train_06179
000127.png,1.0,train_01532
000128.png,0.99999994,train_01095
000129.png,1.0,train_00750
000130.png,0.9999999,train_03957
000131.png,0.99999994,train_06823
000132.png,1.0000001,train_04083
000133.png,0.99999976,train_06244
000134.png,0.99999994,train_01242
000135.png,0.9999999,train_02277
000136.png,0.99999976,train_02430
000137.png,1.0000001,train_05915
000138.png,1.0000002,train_04808
000139.png,0.9999999,train_07876
000140.png,0.99999976,train_04563
000141.png,1.0,train_07974
000142.png,1.0,train_07720
000143.png,0.9999999,train_03185
000144.png,0.99999976,train_02164
000145.png,1.0,train_07339
000146.png,1.0,train_04453
000147.png,1.0,train_01538
000148.png,1.0,train_04966
000149.png,1.0000002,train_08046
000150.png,1.0000002,train_04808
000151.png,1.0000002,train_00642
000152.png,1.0000005,train_02527
000153.png,1.0000001,train_03679
000154.png,1.0000001,train_03311
000155.png,1.0,train_04126
000156.png,1.0,train_06036
000157.png,1.0000002,train_03414
000158.png,0.9999999,train_03357
000159.png,0.9999999,train_02784
000160.png,1.0000002,train_03058
000161.png,1.0000002,train_00544
000162.png,0.9999998,train_06206
000163.png,0.9999999,train_03957
000164.png,1.0000001,train_00488
000165.png,0.99999976,train_00842
000166.png,1.0,train_01532
000167.png,0.99999976,train_03560
000168.png,1.0000001,train_05797
000169.png,0.99999976,train_03627
000170.png,1.0000001,train_02044
000171.png,1.0000004,train_01988
000172.png,1.0,train_01198
000173.png,0.99999976,train_00665
000174.png,0.9999999,train_01801
000175.png,1.0,train_02036
000176.png,1.0,train_03822
000177.png,1.0,train_02813
000178.png,0.9999998,train_02553
000179.png,1.0,train_04833
000180.png,1.0000001,train_07992
000181.png,1.0000004,train_02463
000182.png,1.0000001,train_07519
000183.png,1.0000001,train_02237
000184.png,1.0,train_00294
000185.png,1.0,train_04966
000186.png,1.0000001,train_04409
000187.png,1.0,train_04075
000188.png,0.99999994,train_06823
000189.png,0.9999999,train_05369
000190.png,1.0,train_06236
000191.png,1.0,train_02760
000192.png,0.9999999,train_03897
000193.png,0.9999999,train_03957
000194.png,0.99999994,train_02678
000195.png,1.0,train_04411
000196.png,0.99999994,train_02165
000197.png,1.0,train_03729
000198.png,1.0000002,train_01872
000199.png,1.0000001,train_01096
000200.png,1.0000002,train_01775
000201.png,1.0,train_04980
000202.png,1.0000001,train_03291
000203.png,1.0000001,train_05241
000204.png,0.99999976,train_06948
000205.png,1.0000002,train_00825
000206.png,1.0000002,train_05453
000207.png,1.0,train_06057
000208.png,1.0,train_05588
000209.png,0.99999994,train_08096
000210.png,1.0000002,train_00762
000211.png,1.0000001,train_00744
000212.png,0.9999997,train_01735
000213.png,1.0,train_05847
000214.png,1.0000001,train_02247
000215.png,1.0000002,train_01956
000216.png,0.9999999,train_04391
000217.png,0.9999999,train_02279
000218.png,0.9999999,train_07259
000219.png,1.0000001,train_04556
000220.png,0.9999999,train_01492
000221.png,1.0000002,train_07734
000222.png,0.9999999,train_03105
000223.png,0.9999999,train_02729
000224.png,1.0000002,train_01164
000225.png,1.0,train_02112
000226.png,1.0,train_00386
000227.png,1.0000002,train_01331
000228.png,1.0,train_01198
000229.png,1.0000002,train_05327
000230.png,1.0,train_02558
000231.png,1.0000005,train_05521
000232.png,0.99999994,train_03554
000233.png,1.0,train_07954
000234.png,0.9999999,train_00065
000235.png,1.0000001,train_07542
000236.png,0.9999999,train_02935
000237.png,1.0,train_05976
000238.png,0.9999999,train_02029
000239.png,1.0,train_06674
000240.png,1.0,train_07639
000241.png,0.99999976,train_03544
000242.png,1.0000002,train_01922
000243.png,1.0,train_01798
000244.png,1.0000002,train_03608
000245.png,1.0,train_03438
000246.png,1.0000001,train_00374
000247.png,1.0,train_07484
000248.png,0.9999999,train_07628
000249.png,0.9999999,train_03832
000250.png,1.0,train_04256
000251.png,1.0000004,train_01784
000252.png,1.0000001,train_00744
000253.png,1.0,train_03895
000254.png,1.0000004,train_05660
000255.png,0.9999999,train_07640
000256.png,1.0,train_04304
000257.png,1.0,train_00996
000258.png,1.0000001,train_01218
000259.png,0.9999999,train_02717
000260.png,1.0,train_05050
000261.png,1.0000002,train_03716
000262.png,0.99999994,train_03007
000263.png,1.0,train_01844
000264.png,0.9999999,train_04107
000265.png,1.0000001,train_00744
000266.png,1.0000004,train_06736
000267.png,1.0000001,train_06421
000268.png,1.0000002,train_01956
000269.png,1.0,train_01458
000270.png,1.0000001,train_00939
000271.png,1.0000001,train_05156
000272.png,0.99999994,train_00517
000273.png,1.0000001,train_03840
000274.png,0.99999994,train_03510
000275.png,0.99999976,train_03627
000276.png,1.0,train_05495
000277.png,1.0000002,train_01010
000278.png,0.99999994,train_06715
000279.png,0.9999999,train_02137
000280.png,0.9999998,train_01521
000281.png,1.0000002,train_07111
000282.png,1.0,train_04205
000283.png,0.9999999,train_06299
000284.png,1.0,train_03408
000285.png,1.0,train_04910
000286.png,0.9999999,train_05948
000287.png,0.9999999,train_00916
000288.png,1.0,train_00704
000289.png,0.9999999,train_05565
000290.png,1.0,train_07954
000291.png,1.0000004,train_05660
000292.png,1.0,train_00904
000293.png,1.0,train_03178
000294.png,1.0000002,train_02173
000295.png,1.0000002,train_03855
000296.png,0.9999999,train_05577
000297.png,1.0,train_04035
000298.png,1.0,train_01133
000299.png,1.0,train_01986
000300.png,1.0,train_00036
000301.png,1.0,train_00689
000302.png,1.0,train_02112
000303.png,1.0000002,train_01399
000304.png,0.99999976,train_07615
000305.png,1.0,train_04708
000306.png,1.0,train_01255
000307.png,1.0,train_01133
000308.png,1.0000001,train_06149
000309.png,1.0,train_01409
000310.png,1.0000001,train_04890
000311.png,1.0000001,train_04078
000312.png,1.0000002,train_04331
000313.png,1.0,train_05413
000314.png,1.0,train_01068
000315.png,0.9999998,train_05620
000316.png,1.0,train_01133
000317.png,1.0,train_04178
000318.png,0.99999994,train_04942
000319.png,1.0,train_04038
000320.png,1.0000005,train_07168
000321.png,1.0000002,train_05671
000322.png,0.99999994,train_06394
000323.png,1.0,train_06312
000324.png,0.9999999,train_03185
000325.png,1.0,train_07562
000326.png,0.9999998,train_06950
000327.png,0.9999999,train_07876
000328.png,0.9999999,train_04213
000329.png,1.0000001,train_06721
000330.png,0.9999998,train_00233
000331.png,0.99999976,train_02164
000332.png,1.0000002,train_07692
000333.png,0.9999999,train_03357
000334.png,1.0000001,train_02247
000335.png,1.0,train_01178
000336.png,1.0000002,train_04323
000337.png,0.9999999,train_07545
000338.png,0.9999999,train_04570
000339.png,0.9999999,train_06538
000340.png,0.99999976,train_06944
000341.png,1.0000002,train_02679
000342.png,0.9999999,train_01146
000343.png,0.9999999,train_02836
000344.png,1.0000002,train_07255
000345.png,1.0000001,train_05373
000346.png,0.9999998,train_07811
000347.png,0.9999999,train_07714
000348.png,1.0000001,train_04694
000349.png,1.0,train_05851
000350.png,1.0000001,train_02425
000351.png,0.99999976,train_05799
000352.png,1.0000002,train_01719
000353.png,0.99999994,train_05570
000354.png,1.0000002,train_05268
000355.png,1.0000001,train_00247
000356.png,0.99999994,train_05635
000357.png,1.0000001,train_06378
000358.png,1.0000002,train_01067
000359.png,1.0,train_08056
000360.png,1.0,train_07954
000361.png,1.0,train_00285
000362.png,1.0000001,train_05915
000363.png,1.0000001,train_02846
000364.png,1.0,train_07368
000365.png,1.0000001,train_01323
000366.png,1.0000001,train_04436
000367.png,0.99999964,train_06475
000368.png,1.0,train_01369
000369.png,1.0000001,train_02693
000370.png,1.0000001,train_04425
000371.png,0.99999994,train_07855
000372.png,0.9999999,train_04715
000373.png,1.0000002,train_03463
000374.png,1.0000001,train_03079
000375.png,1.0000002,train_06283
000376.png,0.99999976,train_04469
000377.png,1.0,train_07920
000378.png,1.0,train_07800
000379.png,1.0,train_07630
000380.png,0.9999999,train_00031
000381.png,0.9999999,train_02561
000382.png,0.9999999,train_03776
000383.png,1.0,train_03258
000384.png,1.0,train_02036
000385.png,0.9999999,train_02561
000386.png,1.0,train_02199
000387.png,0.9999998,train_05088
000388.png,0.9999999,train_06445
000389.png,1.0,train_07666
000390.png,1.0,train_04704
000391.png,1.0000002,train_00494
000392.png,1.0000004,train_05836
000393.png,1.0,train_07094
000394.png,1.0,train_03227
000395.png,1.0,train_01530
000396.png,1.0000004,train_01784
000397.png,1.0,train_05956
000398.png,0.9999998,train_03960
000399.png,1.0,train_03129
000400.png,1.0,train_00904
000401.png,1.0,train_02582
000402.png,1.0,train_07974
000403.png,1.0000002,train_00461
000404.png,1.0,train_05824
000405.png,1.0000002,train_00339
000406.png,0.99999964,train_06407
000407.png,1.0,train_05299
000408.png,1.0,train_00321
000409.png,1.0000002,train_06083
000410.png,1.0,train_07927
000411.png,1.0000005,train_03743
000412.png,1.0,train_07339
000413.png,0.9999999,train_02836
000414.png,1.0,train_07368
000415.png,1.0,train_06443
000416.png,1.0000001,train_00990
000417.png,1.0000004,train_06800
000418.png,1.0000002,train_00081
000419.png,1.0,train_04360
000420.png,0.99999964,train_04941
000421.png,0.9999999,train_06865
000422.png,0.99999994,train_04868
000423.png,1.0000002,train_03333
000424.png,1.0000002,train_04700
000425.png,1.0,train_06236
000426.png,0.9999999,train_02717
000427.png,1.0000002,train_01814
000428.png,1.0000001,train_02129
000429.png,1.0,train_05824
000430.png,1.0000002,train_01516
000431.png,1.0000002,train_03716
000432.png,1.0000002,train_04863
000433.png,1.0,train_06236
000434.png,1.0000001,train_03879
000435.png,1.0,train_04708
000436.png,0.99999994,train_05688
000437.png,1.0000002,train_00329
000438.png,1.0000002,train_03596
000439.png,1.0000001,train_07817
000440.png,0.9999999,train_02784
000441.png,0.9999997,train_07590
000442.png,0.99999994,train_03269
000443.png,0.99999976,train_03560
000444.png,1.0000002,train_03403
000445.png,0.99999994,train_01095
000446.png,1.0,train_07954
000447.png,0.99999994,train_03869
000448.png,1.0000002,train_06540
000449.png,1.0,train_08011
000450.png,0.9999999,train_00065
000451.png,1.0000002,train_05671
000452.png,1.0000001,train_04409
000453.png,0.9999999,train_02836
000454.png,1.0000001,train_04556
000455.png,1.0000002,train_06637
000456.png,0.9999999,train_01196
000457.png,1.0,train_00904
000458.png,1.0000002,train_05676
000459.png,1.0000002,train_05304
000460.png,1.0000002,train_01505
000461.png,1.0,train_03013
000462.png,0.99999994,train_05742
000463.png,1.0,train_00294
000464.png,1.0,train_03178
000465.png,1.0000001,train_00096
000466.png,0.99999994,train_03508
000467.png,1.0000002,train_01385
000468.png,1.0000001,train_02312
000469.png,1.0,train_04453
000470.png,1.0000002,train_05676
000471.png,0.99999994,train_07838
000472.png,0.9999998,train_05210
000473.png,0.9999999,train_04559
000474.png,1.0,train_02930
000475.png,1.0000004,train_02039
000476.png,1.0,train_07954
000477.png,1.0,train_06295
000478.png,1.0,train_04360
000479.png,1.0000002,train_04465
000480.png,0.9999999,train_03185
000481.png,0.99999994,train_03097
000482.png,0.99999976,train_00961
000483.png,0.9999999,train_06389
000484.png,1.0000005,train_01851
000485.png,1.0000002,train_03172
000486.png,1.0,train_04453
000487.png,1.0,train_06317
000488.png,1.0,train_03927
000489.png,0.9999998,train_02095
000490.png,0.9999999,train_07545
000491.png,1.0,train_06626
000492.png,1.0000005,train_01607
000493.png,1.0000002,train_08050
000494.png,1.0000002,train_00783
000495.png,1.0000002,train_02994
000496.png,1.0,train_07639
000497.png,0.9999999,train_01801
000498.png,1.0000002,train_03403
000499.png,1.0000002,train_08050
000500.png,1.0,train_05893
000501.png,0.99999994,train_05538
000502.png,0.9999998,train_04792
000503.png,1.0000001,train_02805
000504.png,0.99999976,train_04469
000505.png,1.0,train_03039
000506.png,1.0000002,train_02800
000507.png,1.0000004,train_00061
000508.png,1.0000005,train_01851
000509.png,1.0000002,train_00662
000510.png,1.0000001,train_07994
000511.png,1.0000001,train_07994
000512.png,0.9999999,train_06690
000513.png,1.0000001,train_06852
000514.png,0.99999976,train_04417
000515.png,1.0,train_05376
000516.png,1.0,train_07931
000517.png,0.9999999,train_01446
000518.png,1.0000002,train_02695
000519.png,0.9999999,train_01146
000520.png,1.0,train_07466
000521.png,0.9999999,train_02836
000522.png,1.0,train_01133
000523.png,1.0000002,train_00329
000524.png,0.9999999,train_06530
000525.png,1.0,train_06956
000526.png,1.0000002,train_03608
000527.png,1.0,train_05217
000528.png,1.0000002,train_06757
000529.png,1.0000002,train_06283
000530.png,1.0000002,train_05973
000531.png,1.0000001,train_01894
000532.png,1.0,train_07400
000533.png,1.0000002,train_00641
000534.png,1.0,train_07106
000535.png,1.0000002,train_00733
000536.png,1.0,train_02740
000537.png,0.9999997,train_02710
000538.png,1.0,train_05164
000539.png,1.0000001,train_03128
000540.png,1.0000004,train_02444
000541.png,1.0000001,train_04515
000542.png,0.9999996,train_02588
000543.png,0.9999998,train_07777
000544.png,1.0,train_07265
000545.png,1.0000002,train_01164
000546.png,0.99999976,train_06263
000547.png,0.9999999,train_07876
000548.png,1.0000002,train_01026
000549.png,0.99999994,train_04186
000550.png,1.0000004,train_01103
000551.png,1.0000002,train_06757
000552.png,1.0,train_02727
000553.png,0.9999998,train_05620
000554.png,1.0000002,train_06899
000555.png,1.0000001,train_01015
000556.png,0.99999976,train_03544
000557.png,1.0,train_03761
000558.png,1.0000002,train_00612
000559.png,1.0,train_03888
000560.png,1.0000001,train_03796
000561.png,0.9999999,train_00072
000562.png,1.0,train_00386
000563.png,0.99999994,train_04942
000564.png,1.0000002,train_03172
000565.png,1.0,train_00750
000566.png,1.0000002,train_03997
000567.png,0.9999998,train_07777
000568.png,1.0000001,train_00651
000569.png,1.0000001,train_02342
000570.png,1.0,train_04930
000571.png,1.0,train_00294
000572.png,1.0,train_04833
000573.png,0.9999999,train_05903
000574.png,1.0000005,train_05521
000575.png,1.0000002,train_06373
000576.png,1.0000001,train_02126
000577.png,1.0000002,train_05644
000578.png,0.9999999,train_03842
000579.png,1.0000001,train_03770
000580.png,1.0000002,train_01258
000581.png,0.9999999,train_03370
000582.png,1.0,train_06314
000583.png,1.0000002,train_01164
000584.png,1.0,train_00754
000585.png,1.0000002,train_06102
000586.png,0.9999999,train_03957
000587.png,1.0,train_01255
000588.png,1.0000001,train_05214
000589.png,1.0,train_01068
000590.png,1.0000002,train_07561
000591.png,1.0,train_00701
000592.png,1.0000002,train_07244
000593.png,1.0,train_07502
000594.png,1.0000001,train_02204
000595.png,0.9999999,train_03119
000596.png,0.9999999,train_06344
000597.png,0.9999999,train_07458
000598.png,1.0000001,train_03291
000599.png,1.0000002,train_01014
000600.png,1.0,train_05895
000601.png,1.0000004,train_03175
000602.png,1.0,train_06285
000603.png,1.0000001,train_01441
000604.png,0.9999998,train_04792
000605.png,0.99999976,train_05051
000606.png,1.0000001,train_00744
000607.png,1.0,train_05252
000608.png,1.0,train_00386
000609.png,0.99999964,train_00908
000610.png,1.0,train_06036
000611.png,1.0000002,train_02249
000612.png,1.0000002,train_06154
000613.png,0.9999999,train_02269
000614.png,0.9999999,train_07594
000615.png,1.0000001,train_04425
000616.png,1.0000002,train_07319
000617.png,1.0,train_00434
000618.png,0.9999999,train_03628
000619.png,0.99999994,train_07798
000620.png,1.0000004,train_02444
000621.png,1.0000002,train_07430
000622.png,1.0000001,train_05303
000623.png,0.99999964,train_00281
000624.png,1.0,train_05159
000625.png,0.9999999,train_07545
000626.png,1.0,train_05299
000627.png,0.9999999,train_00146
000628.png,1.0,train_05252
000629.png,0.99999964,train_01953
000630.png,1.0,train_03178
000631.png,1.0000002,train_02973
000632.png,1.0000002,train_00951
000633.png,0.9999999,train_02729
000634.png,1.0000002,train_00329
000635.png,1.0000004,train_00537
000636.png,1.0000005,train_01408
000637.png,1.0000001,train_07542
000638.png,0.9999999,train_02717
000639.png,1.0,train_04585
000640.png,1.0,train_01038
000641.png,1.0000001,train_02352
000642.png,1.0,train_07779
000643.png,1.0000002,train_03428
000644.png,1.0,train_07295
000645.png,0.99999994,train_03869
000646.png,1.0000002,train_05418
000647.png,1.0000002,train_01602
000648.png,1.0000001,train_03388
000649.png,1.0,train_02886
000650.png,1.0,train_07984
000651.png,1.0000002,train_02800
000652.png,0.99999976,train_05553
000653.png,1.0000001,train_03962
000654.png,1.0000002,train_02695
000655.png,0.9999999,train_07258
000656.png,1.0000002,train_03425
000657.png,1.0000002,train_01258
000658.png,1.0,train_00293
000659.png,1.0,train_01231
000660.png,1.0000001,train_01218
000661.png,1.0,train_04896
000662.png,1.0000002,train_01668
000663.png,1.0,train_02558
000664.png,1.0000002,train_06782
000665.png,1.0,train_03345
000666.png,1.0000002,train_06229
000667.png,1.0000001,train_05322
000668.png,0.99999976,train_05799
000669.png,1.0,train_00386
000670.png,0.99999976,train_07615
000671.png,1.0,train_06133
000672.png,1.0,train_05059
000673.png,1.0000001,train_07385
000674.png,1.0000002,train_02143
000675.png,1.0,train_06416
000676.png,1.0000002,train_07279
000677.png,1.0,train_04901
000678.png,0.9999999,train_03370
000679.png,1.0,train_01004
000680.png,0.9999997,train_07590
000681.png,1.0,train_04910
000682.png,1.0,train_01893
000683.png,1.0,train_05165
000684.png,0.9999998,train_04792
000685.png,1.0,train_00214
000686.png,1.0000001,train_04983
000687.png,1.0,train_01083
000688.png,1.0,train_07265
000689.png,1.0,train_01701
000690.png,1.0000002,train_02829
000691.png,0.9999998,train_05950
000692.png,0.99999994,train_00606
000693.png,0.99999994,train_03350
000694.png,1.0000001,train_01908
000695.png,0.99999994,train_05178
000696.png,1.0000002,train_06757
000697.png,0.9999999,train_02213
000698.png,1.0000001,train_07558
000699.png,1.0000001,train_03840
000700.png,1.0,train_02056
000701.png,1.0000002,train_05644
000702.png,1.0000002,train_07492
000703.png,1.0000001,train_03877
000704.png,1.0000002,train_02572
000705.png,1.0000004,train_06651
000706.png,0.9999999,train_04520
000707.png,1.0000001,train_06461
000708.png,0.9999999,train_07465
000709.png,0.9999999,train_02717
000710.png,0.99999994,train_01081
000711.png,1.0,train_02093
000712.png,0.9999999,train_07072
000713.png,0.99999994,train_00517
000714.png,1.0,train_00701
000715.png,0.99999994,train_07040
000716.png,1.0000002,train_07580
000717.png,0.9999998,train_05505
000718.png,1.0,train_00267
000719.png,1.0000001,train_07385
000720.png,1.0,train_04930
000721.png,0.99999976,train_00444
000722.png,0.99999976,train_07967
000723.png,0.9999999,train_03564
000724.png,0.99999976,train_01142
000725.png,0.9999999,train_08106
000726.png,1.0000002,train_07883
000727.png,1.0000002,train_03601
000728.png,1.0,train_04332
000729.png,1.0000002,train_05644
000730.png,1.0,train_07163
000731.png,1.0000001,train_01600
000732.png,1.0000001,train_07992
000733.png,1.0,train_05339
000734.png,0.9999999,train_02029
000735.png,0.9999998,train_00233
000736.png,0.9999999,train_07876
000737.png,0.99999994,train_01175
000738.png,0.9999999,train_05769
000739.png,1.0,train_07484
000740.png,1.0,train_02273
000741.png,1.0000002,train_01956
000742.png,1.0,train_05563
000743.png,1.0,train_07639
000744.png,0.9999999,train_02137
000745.png,1.0000001,train_02815
000746.png,1.0,train_04453
000747.png,0.99999976,train_03824
000748.png,1.0000001,train_02129
000749.png,0.99999994,train_02165
000750.png,0.99999994,train_07641
000751.png,1.0000001,train_04983
000752.png,1.0,train_07368
000753.png,1.0000002,train_04808
000754.png,0.9999997,train_00989
000755.png,0.9999999,train_07452
000756.png,1.0,train_00294
000757.png,1.0,train_04661
000758.png,1.0000001,train_04309
000759.png,1.0000002,train_02994
000760.png,1.0,train_00389
000761.png,1.0000001,train_02805
000762.png,1.0,train_07403
000763.png,1.0,train_06872
000764.png,1.0000001,train_05180
000765.png,1.0000002,train_00803
000766.png,1.0000002,train_06229
000767.png,0.9999999,train_02213
000768.png,0.9999998,train_03575
000769.png,1.0000002,train_07878
000770.png,0.9999999,train_04391
000771.png,1.0,train_07906
000772.png,0.99999994,train_01095
000773.png,1.0000001,train_05444
000774.png,1.0000002,train_00855
000775.png,1.0000001,train_01894
000776.png,0.9999999,train_06140
000777.png,1.0,train_03585
000778.png,1.0,train_04751
000779.png,1.0000001,train_06852
000780.png,1.0000002,train_08076
000781.png,1.0000002,train_03890
000782.png,1.0000001,train_01911
000783.png,1.0000002,train_01010
000784.png,0.99999976,train_01304
000785.png,1.0000002,train_00090
000786.png,1.0,train_07793
000787.png,1.0000001,train_04416
000788.png,0.99999976,train_07858
000789.png,0.9999999,train_06140
000790.png,1.0,train_01728
000791.png,1.0000001,train_04983
000792.png,1.0,train_07484
000793.png,0.9999999,train_07405
000794.png,0.99999976,train_05735
000795.png,1.0,train_04896
000796.png,0.9999999,train_03119
000797.png,1.0000002,train_06081
000798.png,0.9999999,train_07405
000799.png,0.9999998,train_06206
000800.png,0.9999999,train_03119
000801.png,1.0000001,train_05194
000802.png,1.0,train_02740
000803.png,1.0000001,train_02805
000804.png,1.0,train_05389
000805.png,1.0000002,train_00609
000806.png,0.99999994,train_03500
000807.png,1.0,train_02628
000808.png,1.0000002,train_01775
000809.png,0.9999999,train_00824
000810.png,1.0000002,train_02076
000811.png,1.0,train_00704
000812.png,1.0,train_07954
000813.png,1.0000002,train_00510
000814.png,1.0,train_02740
000815.png,1.0000001,train_02878
000816.png,1.0000002,train_06229
000817.png,0.99999994,train_00493
000818.png,1.0000002,train_02738
000819.png,1.0000004,train_05407
000820.png,1.0000001,train_01707
000821.png,1.0,train_07931
000822.png,1.0000002,train_04953
000823.png,0.9999996,train_08002
000824.png,1.0000004,train_05660
000825.png,1.0000002,train_02738
000826.png,0.9999999,train_06399
000827.png,1.0,train_00386
000828.png,1.0,train_04376
000829.png,1.0000004,train_01310
000830.png,1.0000001,train_02482
000831.png,1.0,train_02813
000832.png,1.0000004,train_01571
000833.png,1.0,train_04332
000834.png,0.99999976,train_04417
000835.png,1.0,train_05874
000836.png,1.0000002,train_02123
000837.png,1.0000001,train_07021
000838.png,1.0000001,train_00671
000839.png,1.0,train_07483
000840.png,1.0000002,train_02695
000841.png,1.0,train_00386
000842.png,1.0000002,train_04568
000843.png,1.0000002,train_03797
000844.png,0.99999994,train_02001
000845.png,1.0000001,train_00835
000846.png,1.0,train_07793
000847.png,1.0000001,train_02846
000848.png,1.0,train_02628
000849.png,1.0,train_03408
000850.png,0.99999976,train_03859
000851.png,1.0000001,train_06093
000852.png,1.0000004,train_05660
000853.png,1.0000002,train_00056
000854.png,0.9999999,train_05038
000855.png,0.99999994,train_01209
000856.png,1.0000001,train_05892
000857.png,1.0000002,train_02481
000858.png,1.0000001,train_03087
000859.png,0.9999997,train_07590
000860.png,0.99999994,train_06560
000861.png,1.0,train_07996
000862.png,1.0000001,train_02849
000863.png,1.0,train_01861
000864.png,0.99999994,train_02650
000865.png,1.0,train_03039
000866.png,1.0000002,train_06764
000867.png,1.0000002,train_07462
000868.png,1.0,train_02093
000869.png,0.99999976,train_02210
000870.png,1.0000002,train_03694
000871.png,1.0000004,train_06821
000872.png,1.0,train_07954
000873.png,1.0,train_05563
000874.png,1.0,train_00323
000875.png,0.99999976,train_01235
000876.png,1.0000001,train_00488
000877.png,0.99999976,train_07858
000878.png,1.0,train_05823
000879.png,0.9999999,train_06085
000880.png,0.99999994,train_01215
000881.png,1.0,train_00313
000882.png,0.99999976,train_01304
000883.png,1.0000002,train_02994
000884.png,1.0000002,train_03797
000885.png,0.99999994,train_00881
000886.png,1.0,train_03230
000887.png,1.0000001,train_04540
000888.png,0.99999994,train_05238
000889.png,1.0000002,train_00825
000890.png,1.0,train_00386
000891.png,0.9999999,train_03832
000892.png,1.0000004,train_06651
000893.png,0.99999994,train_02449
000894.png,1.0000001,train_07992
000895.png,0.9999999,train_04279
000896.png,0.9999999,train_04905
000897.png,0.99999994,train_02964
000898.png,1.0000002,train_05015
000899.png,1.0,train_04360
000900.png,0.99999994,train_01095
000901.png,1.0,train_01532
000902.png,0.9999999,train_05038
000903.png,1.0,train_06718
000904.png,1.0,train_07317
000905.png,0.9999999,train_02706
000906.png,1.0000002,train_01668
000907.png,0.9999999,train_06389
000908.png,1.0,train_04332
000909.png,1.0000002,train_07652
000910.png,1.0,train_04205
000911.png,1.0,train_01337
000912.png,1.0000001,train_00247
000913.png,0.99999994,train_00512
000914.png,1.0,train_01194
000915.png,1.0,train_05253
000916.png,1.0,train_00170
000917.png,0.9999998,train_02186
000918.png,1.0000001,train_01848
000919.png,1.0000001,train_03103
000920.png,0.9999999,train_07405
000921.png,0.99999994,train_07855
000922.png,1.0000001,train_02312
000923.png,0.99999976,train_07895
000924.png,1.0,train_01291
000925.png,0.99999994,train_01396
000926.png,1.0000001,train_03301
000927.png,0.99999994,train_07653
000928.png,1.0000002,train_05973
000929.png,0.99999994,train_07643
000930.png,1.0000001,train_07597
000931.png,1.0,train_04360
000932.png,1.0,train_02093
000933.png,1.0,train_01860
000934.png,0.99999994,train_01095
000935.png,0.9999999,train_06140
000936.png,1.0,train_04038
000937.png,0.99999976,train_01304
000938.png,1.0000001,train_07385
000939.png,1.0000001,train_05908
000940.png,1.0,train_04315
000941.png,0.99999994,train_03228
000942.png,1.0,train_07265
000943.png,1.0000001,train_00488
000944.png,0.99999994,train_06560
000945.png,0.9999999,train_03541
000946.png,1.0,train_04896
000947.png,1.0000002,train_03855
000948.png,1.0,train_05995
000949.png,1.0,train_02062
000950.png,1.0,train_03930
000951.png,0.9999998,train_02095
000952.png,1.0,train_00293
000953.png,0.9999999,train_07490
000954.png,1.0000001,train_01017
000955.png,1.0000001,train_04432
000956.png,0.9999997,train_04977
000957.png,1.0000001,train_05156
000958.png,1.0,train_03159
000959.png,0.9999999,train_02269
000960.png,0.99999976,train_04469
000961.png,0.9999999,train_06399
000962.png,1.0000001,train_00848
000963.png,1.0,train_07954
000964.png,1.0,train_01133
000965.png,1.0000002,train_07000
000966.png,0.9999998,train_02095
000967.png,1.0000001,train_05642
000968.png,1.0000001,train_07994
000969.png,1.0000002,train_07278
000970.png,1.0000001,train_02373
000971.png,1.0000002,train_01956
000972.png,1.0,train_07368
000973.png,0.99999976,train_05731
000974.png,0.99999994,train_02415
000975.png,1.0,train_03615
000976.png,0.99999994,train_02415
000977.png,0.9999998,train_03960
000978.png,1.0,train_01267
000979.png,1.0000002,train_01531
000980.png,1.0000001,train_04367
000981.png,1.0,train_01864
000982.png,1.0000002,train_00544
000983.png,1.0000001,train_04271
000984.png,0.9999999,train_04835
000985.png,1.0000001,train_00488
000986.png,1.0000001,train_04882
000987.png,1.0000001,train_01600
000988.png,1.0000004,train_04904
000989.png,0.9999999,train_06499
000990.png,1.0000001,train_02847
000991.png,0.9999999,train_04059
000992.png,1.0,train_03715
000993.png,1.0000001,train_07542
000994.png,0.9999997,train_05397
000995.png,1.0000002,train_07492
000996.png,1.0,train_04429
000997.png,1.0,train_08072
000998.png,1.0,train_04002
000999.png,1.0,train_05080
001000.png,1.0000001,train_01600
001001.png,1.0,train_04360
001002.png,1.0000001,train_03103
001003.png,1.0,train_03920
001004.png,0.99999976,train_06658
001005.png,0.9999999,train_05318
001006.png,1.0,train_04889
001007.png,0.9999999,train_02279
001008.png,1.0,train_01178
001009.png,1.0,train_02740
001010.png,1.0,train_01353
001011.png,1.0,train_02471
001012.png,0.9999998,train_06179
001013.png,1.0,train_01940
001014.png,1.0000004,train_07067
001015.png,1.0,train_07909
001016.png,1.0,train_04889
001017.png,1.0000002,train_01000
001018.png,0.99999964,train_02070
001019.png,0.9999999,train_02137
001020.png,1.0,train_02813
001021.png,0.9999999,train_00916
001022.png,1.0000001,train_04083
001023.png,1.0000002,train_03470
001024.png,1.0000001,train_01911
001025.png,1.0000002,train_06467
001026.png,0.99999994,train_06823
001027.png,1.0,train_01353
001028.png,0.9999999,train_07876
001029.png,0.9999999,train_03846
001030.png,0.9999998,train_00397
001031.png,1.0000001,train_06024
001032.png,1.0,train_07954
001033.png,0.99999964,train_05383
001034.png,1.0000004,train_00061
001035.png,1.0,train_07153
001036.png,1.0000002,train_07973
001037.png,1.0000001,train_03707
001038.png,0.9999999,train_05038
001039.png,0.99999964,train_00281
001040.png,1.0000001,train_05127
001041.png,1.0000004,train_02208
001042.png,1.0,train_04360
001043.png,1.0,train_00386
001044.png,1.0000002,train_06283
001045.png,0.99999994,train_01095
001046.png,1.0,train_05851
001047.png,1.0000001,train_05365
001048.png,1.0000001,train_02352
001049.png,1.0,train_03408
001050.png,1.0,train_02156
001051.png,1.0,train_07796
001052.png,1.0000001,train_01288
001053.png,0.9999999,train_00199
001054.png,1.0000002,train_01775
001055.png,1.0000002,train_01775
001056.png,1.0000002,train_05675
001057.png,1.0000005,train_05521
001058.png,1.0000004,train_00047
001059.png,0.9999999,train_05732
001060.png,0.9999999,train_07876
001061.png,1.0000004,train_05660
001062.png,1.0000001,train_04436
001063.png,0.9999999,train_05558
001064.png,1.0,train_02305
001065.png,1.0000002,train_07870
001066.png,1.0000001,train_01015
001067.png,1.0000005,train_02937
001068.png,1.0,train_07426
001069.png,1.0000002,train_01713
001070.png,1.0,train_07502
001071.png,0.99999994,train_06715
001072.png,1.0000002,train_00770
001073.png,1.0000002,train_02170
001074.png,0.9999999,train_07876
001075.png,1.0,train_07163
001076.png,1.0,train_04743
001077.png,1.0000001,train_04745
001078.png,1.0000001,train_00021
001079.png,0.99999964,train_01953
001080.png,1.0000001,train_01707
001081.png,1.0000002,train_02554
001082.png,1.0000002,train_05644
001083.png,0.99999976,train_02164
001084.png,1.0000002,train_07275
001085.png,1.0,train_00294
001086.png,1.0000002,train_01505
001087.png,1.0,train_04453
001088.png,0.99999964,train_06475
001089.png,0.99999976,train_06244
001090.png,0.99999994,train_01260
001091.png,0.99999994,train_07040
001092.png,1.0,train_04458
001093.png,1.0,train_02740
001094.png,0.9999999,train_03842
001095.png,1.0,train_04609
001096.png,1.0000001,train_06464
001097.png,1.0,train_00294
001098.png,1.0000002,train_01054
001099.png,1.0000001,train_08052
001100.png,0.9999999,train_07545
001101.png,1.0,train_02737
001102.png,1.0,train_00627
001103.png,1.0,train_08026
001104.png,1.0000001,train_03471
001105.png,1.0000001,train_04421
001106.png,1.0,train_04669
001107.png,1.0000001,train_04648
001108.png,1.0000002,train_03182
001109.png,0.9999999,train_07732
001110.png,0.9999999,train_03832
001111.png,1.0,train_00991
001112.png,1.0,train_00313
001113.png,1.0,train_00991
001114.png,1.0,train_04164
001115.png,1.0000002,train_01503
001116.png,0.9999999,train_06399
001117.png,1.0000002,train_02695
001118.png,1.0,train_01178
001119.png,0.9999999,train_03105
001120.png,1.0000001,train_05670
001121.png,1.0000002,train_00339
001122.png,1.0000002,train_02408
001123.png,1.0,train_05410
001124.png,1.0,train_00704
001125.png,1.0,train_00323
001126.png,1.0000004,train_02463
001127.png,1.0000001,train_02867
001128.png,0.9999999,train_01973
001129.png,0.9999999,train_04785
001130.png,0.9999999,train_05043
001131.png,1.0,train_03408
001132.png,0.9999999,train_00193
001133.png,1.0,train_00915
001134.png,1.0,train_00704
001135.png,0.99999994,train_01095
001136.png,0.9999999,train_03185
001137.png,1.0,train_03636
001138.png,1.0000002,train_01164
001139.png,1.0,train_06720
001140.png,1.0000002,train_06289
001141.png,1.0,train_02813
001142.png,1.0000004,train_06651
001143.png,1.0,train_06342
001144.png,1.0,train_06745
001145.png,1.0000001,train_02129
001146.png,0.99999976,train_07506
001147.png,1.0000001,train_07992
001148.png,0.9999999,train_02935
001149.png,1.0,train_08072
001150.png,0.99999976,train_07967
001151.png,1.0000004,train_04224
001152.png,1.0000001,train_03925
001153.png,1.0,train_06409
001154.png,1.0,train_05159
001155.png,1.0000001,train_00134
001156.png,1.0000001,train_01277
001157.png,1.0000002,train_04247
001158.png,0.9999998,train_05016
001159.png,1.0000002,train_03403
001160.png,1.0000001,train_00183
001161.png,1.0000001,train_04436
001162.png,1.0,train_00704
001163.png,0.9999999,train_00124
001164.png,1.0000001,train_00959
001165.png,1.0000001,train_06660
001166.png,1.0000001,train_05892
001167.png,1.0,train_04038
001168.png,1.0000005,train_02527
001169.png,1.0000001,train_04083
001170.png,1.0,train_03140
001171.png,0.9999997,train_07590
001172.png,1.0,train_04453
001173.png,1.0,train_03178
001174.png,1.0000002,train_01602
001175.png,1.0,train_04376
001176.png,0.9999997,train_03045
001177.png,0.99999976,train_00039
001178.png,1.0,train_01004
001179.png,1.0000001,train_07795
001180.png,1.0,train_06133
001181.png,1.0000002,train_05973
001182.png,1.0,train_04012
001183.png,1.0,train_06840
001184.png,1.0,train_03227
001185.png,0.99999994,train_01242
001186.png,1.0000001,train_05618
001187.png,1.0000002,train_01922
001188.png,1.0000002,train_01832
001189.png,0.9999999,train_02277
001190.png,1.0000004,train_02463
001191.png,1.0,train_04360
001192.png,0.9999999,train_03832
001193.png,1.0000002,train_00339
001194.png,1.0,train_03368
001195.png,1.0,train_00321
001196.png,1.0000002,train_06540
001197.png,0.99999976,train_03627
001198.png,0.9999999,train_03413
001199.png,1.0,train_01409
001200.png,1.0000002,train_00855
001201.png,0.99999976,train_00444
001202.png,1.0,train_03923
001203.png,1.0,train_05465
001204.png,1.0000004,train_06142
001205.png,1.0,train_06100
001206.png,1.0,train_01291
001207.png,0.9999999,train_06565
001208.png,1.0000001,train_07633
001209.png,1.0000001,train_04523
001210.png,0.99999994,train_01242
001211.png,0.9999998,train_02745
001212.png,1.0,train_07954
001213.png,0.9999999,train_02024
001214.png,1.0000001,train_07994
001215.png,1.0,train_00946
001216.png,0.9999999,train_00150
001217.png,1.0000004,train_05660
001218.png,1.0,train_03923
001219.png,0.9999999,train_07259
001220.png,1.0,train_07400
001221.png,1.0,train_00701
001222.png,1.0,train_06685
001223.png,0.9999999,train_07405
001224.png,1.0,train_03408
001225.png,1.0000001,train_06938
001226.png,1.0,train_07500
001227.png,1.0,train_00701
001228.png,1.0000002,train_01067
001229.png,1.0,train_04699
001230.png,1.0000001,train_06461
001231.png,1.0000001,train_04890
001232.png,1.0,train_07400
001233.png,1.0000001,train_01323
001234.png,1.0,train_02844
001235.png,1.0000002,train_03444
001236.png,1.0000002,train_02994
001237.png,1.0,train_04041
001238.png,1.0000004,train_06821
001239.png,1.0000001,train_01707
001240.png,0.99999976,train_05799
001241.png,1.0000002,train_00071
001242.png,1.0000001,train_08023
001243.png,0.9999999,train_01146
001244.png,1.0000001,train_00021
001245.png,1.0000004,train_01310
001246.png,0.9999998,train_08018
001247.png,1.0,train_02501
001248.png,1.0000002,train_00329
001249.png,1.0000001,train_05156
001250.png,1.0000001,train_06002
001251.png,1.0000002,train_04472
001252.png,1.0000002,train_01872
001253.png,1.0000001,train_00619
001254.png,0.99999994,train_05238
001255.png,1.0,train_04429
001256.png,1.0,train_07800
001257.png,0.9999999,train_02269
001258.png,1.0000002,train_01775
001259.png,1.0,train_02930
001260.png,1.0000005,train_00845
001261.png,1.0,train_04041
001262.png,1.0000001,train_06660
001263.png,0.9999998,train_05210
001264.png,1.0,train_04833
001265.png,1.0,train_06133
001266.png,0.99999994,train_03554
001267.png,0.99999976,train_00478
001268.png,1.0000001,train_07795
001269.png,1.0000002,train_04472
001270.png,1.0,train_04178
001271.png,0.99999994,train_06077
001272.png,1.0000001,train_05915
001273.png,1.0000001,train_05618
001274.png,0.9999999,train_07221
001275.png,0.9999999,train_02838
001276.png,0.99999994,train_07990
001277.png,1.0000002,train_06102
001278.png,1.0000001,train_06660
001279.png,1.0000001,train_07128
001280.png,0.99999994,train_01081
001281.png,0.99999976,train_00961
001282.png,1.0000004,train_07644
001283.png,1.0,train_01981
001284.png,0.9999999,train_02717
001285.png,1.0000002,train_03444
001286.png,1.0,train_07331
001287.png,0.99999976,train_06882
001288.png,1.0,train_05528
001289.png,0.99999976,train_06556
001290.png,1.0,train_07954
001291.png,1.0,train_04429
001292.png,1.0,train_05609
001293.png,0.9999999,train_05948
001294.png,1.0,train_05519
001295.png,0.9999998,train_00705
001296.png,0.9999999,train_05903
001297.png,0.9999999,train_03957
001298.png,0.9999999,train_05369
001299.png,1.0000002,train_06081
001300.png,1.0000002,train_00685
001301.png,0.99999964,train_05383
001302.png,0.9999999,train_06499
001303.png,0.9999999,train_00184
001304.png,0.99999976,train_06948
001305.png,1.0000001,train_03193
001306.png,0.9999999,train_03105
001307.png,1.0000002,train_05268
001308.png,1.0000001,train_03663
001309.png,1.0000005,train_00845
001310.png,1.0000001,train_00990
001311.png,1.0000001,train_03707
001312.png,1.0000002,train_02919
001313.png,1.0000001,train_05699
001314.png,1.0000004,train_02444
001315.png,1.0,train_02748
001316.png,1.0,train_05413
001317.png,1.0,train_00683
001318.png,0.9999999,train_04391
001319.png,0.9999999,train_02277
001320.png,1.0,train_00378
001321.png,1.0,train_05085
001322.png,0.99999994,train_06077
001323.png,1.0,train_03206
001324.png,1.0000002,train_07000
001325.png,1.0,train_01004
001326.png,1.0,train_03068
001327.png,1.0000002,train_05251
001328.png,1.0000002,train_03694
001329.png,0.9999999,train_03541
001330.png,1.0000001,train_06822
001331.png,1.0000002,train_04181
001332.png,1.0,train_00313
001333.png,1.0000004,train_05660
001334.png,1.0,train_06314
001335.png,0.99999994,train_06069
001336.png,1.0,train_07153
001337.png,1.0000001,train_05892
001338.png,0.99999976,train_01660
001339.png,1.0000001,train_02312
001340.png,1.0,train_04896
001341.png,0.9999999,train_04786
001342.png,0.9999999,train_05300
001343.png,1.0000001,train_01879
001344.png,0.9999999,train_03541
001345.png,1.0,train_04360
001346.png,1.0000001,train_00247
001347.png,0.9999997,train_01912
001348.png,1.0,train_04896
001349.png,1.0000002,train_04483
001350.png,0.9999999,train_02029
001351.png,1.0000001,train_06461
001352.png,0.9999998,train_01809
001353.png,1.0000001,train_01308
001354.png,0.9999998,train_00456
001355.png,1.0000002,train_01164
001356.png,1.0000002,train_07000
001357.png,1.0,train_04360
001358.png,1.0,train_01487
001359.png,1.0000001,train_07410
001360.png,1.0000001,train_02425
001361.png,0.9999999,train_06399
001362.png,0.99999976,train_01304
001363.png,1.0,train_01974
001364.png,1.0000002,train_08050
001365.png,0.9999999,train_02228
001366.png,1.0,train_05059
001367.png,1.0000002,train_03461
001368.png,1.0000004,train_05745
001369.png,1.0,train_05413
001370.png,1.0,train_04704
001371.png,1.0,train_01240
001372.png,1.0000004,train_04143
001373.png,1.0,train_06956
001374.png,0.99999994,train_04942
001375.png,1.0,train_00915
001376.png,0.9999999,train_03832
001377.png,1.0,train_08013
001378.png,0.99999994,train_04337
001379.png,1.0,train_01291
001380.png,0.9999998,train_07814
001381.png,0.99999976,train_06279
001382.png,0.99999976,train_06825
001383.png,1.0000005,train_02601
001384.png,1.0,train_06317
001385.png,1.0000002,train_01181
001386.png,1.0000001,train_06053
001387.png,1.0000002,train_04297
001388.png,1.0,train_07702
001389.png,0.99999976,train_06825
001390.png,1.0,train_07317
001391.png,0.9999999,train_07725
001392.png,1.0000001,train_03968
001393.png,0.99999976,train_00351
001394.png,1.0,train_00284
001395.png,1.0000001,train_07994
001396.png,1.0000001,train_02044
001397.png,0.9999999,train_05369
001398.png,1.0000002,train_06706
001399.png,1.0000002,train_01980
001400.png,1.0,train_00818
001401.png,1.0000001,train_02342
001402.png,0.9999999,train_05948
001403.png,1.0,train_04360
001404.png,0.9999999,train_05369
001405.png,0.99999994,train_05957
001406.png,0.99999976,train_08139
001407.png,1.0,train_07331
001408.png,0.9999999,train_00199
001409.png,0.9999998,train_04792
001410.png,0.9999999,train_07405
001411.png,0.99999976,train_02164
001412.png,1.0000001,train_06421
001413.png,1.0,train_01004
001414.png,0.9999999,train_06191
001415.png,1.0000001,train_03968
001416.png,0.99999994,train_05570
001417.png,1.0,train_08079
001418.png,1.0000001,train_00835
001419.png,1.0000001,train_03193
001420.png,1.0,train_03408
001421.png,1.0,train_07368
001422.png,0.99999994,train_05688
001423.png,1.0,train_03227
001424.png,0.99999976,train_02164
001425.png,1.0000002,train_00685
001426.png,0.9999999,train_01686
001427.png,1.0,train_07800
001428.png,1.0,train_07906
001429.png,0.9999997,train_05397
001430.png,0.99999976,train_05799
001431.png,1.0000002,train_05669
001432.png,1.0000002,train_04700
001433.png,1.0000001,train_05001
001434.png,1.0000001,train_01288
001435.png,1.0000002,train_07549
001436.png,1.0000002,train_03797
001437.png,1.0,train_05806
001438.png,1.0000002,train_03287
001439.png,1.0000002,train_07883
001440.png,1.0000002,train_04154
001441.png,1.0,train_03039
001442.png,1.0000002,train_07462
001443.png,1.0,train_05085
001444.png,1.0,train_05495
001445.png,1.0000002,train_04331
001446.png,1.0000002,train_01181
001447.png,1.0000001,train_01277
001448.png,1.0000004,train_01784
001449.png,1.0000001,train_05194
001450.png,1.0000001,train_05908
001451.png,1.0000004,train_06549
001452.png,0.9999999,train_07362
001453.png,1.0000002,train_03472
001454.png,1.0000001,train_07949
001455.png,1.0000002,train_07367
001456.png,1.0,train_03920
001457.png,1.0000001,train_02815
001458.png,0.99999976,train_04469
001459.png,0.9999997,train_06211
001460.png,1.0000002,train_03414
001461.png,1.0000002,train_05671
001462.png,1.0000002,train_01014
001463.png,1.0,train_02005
001464.png,1.0,train_07793
001465.png,1.0,train_03227
001466.png,0.9999999,train_05038
001467.png,0.9999999,train_00138
001468.png,1.0,train_01337
001469.png,1.0000002,train_01775
001470.png,1.0000001,train_01323
001471.png,0.9999999,train_03832
001472.png,1.0000002,train_04672
001473.png,1.0,train_02216
001474.png,0.9999999,train_07259
001475.png,1.0000002,train_02481
001476.png,1.0000001,train_01908
001477.png,1.0,train_02886
001478.png,0.99999994,train_05957
001479.png,1.0000001,train_04523
001480.png,0.9999999,train_06865
001481.png,0.9999999,train_07540
001482.png,0.99999964,train_05383
001483.png,1.0000001,train_06470
001484.png,1.0,train_02886
001485.png,1.0000002,train_06637
001486.png,1.0000002,train_07692
001487.png,0.99999994,train_04063
001488.png,1.0000005,train_07889
001489.png,1.0000002,train_00339
001490.png,1.0,train_06342
001491.png,1.0000001,train_03001
001492.png,1.0,train_07886
001493.png,1.0,train_02497
001494.png,0.9999998,train_06179
001495.png,0.9999999,train_02213
001496.png,1.0,train_05393
001497.png,0.9999999,train_06499
001498.png,1.0,train_03129
001499.png,1.0,train_04930
001500.png,1.0000002,train_03974
001501.png,1.0000001,train_05241
001502.png,1.0,train_05389
001503.png,1.0000001,train_07684
001504.png,0.9999999,train_02729
001505.png,0.99999976,train_01182
001506.png,0.99999994,train_02580
001507.png,0.9999999,train_07259
001508.png,1.0000002,train_04808
001509.png,1.0000002,train_00685
001510.png,0.99999994,train_06415
001511.png,1.0,train_04041
001512.png,1.0000002,train_00339
001513.png,1.0,train_01207
001514.png,0.9999999,train_06399
001515.png,1.0,train_00991
001516.png,1.0000002,train_00339
001517.png,1.0,train_07954
001518.png,0.9999998,train_04206
001519.png,1.0,train_01291
001520.png,1.0000002,train_05455
001521.png,1.0000001,train_01894
001522.png,0.99999976,train_04827
001523.png,1.0,train_01295
001524.png,0.9999999,train_04107
001525.png,0.99999976,train_01304
001526.png,0.99999976,train_00934
001527.png,1.0,train_06317
001528.png,1.0,train_02628
001529.png,1.0000001,train_07533
001530.png,1.0000002,train_03974
001531.png,1.0,train_03731
001532.png,0.9999996,train_02971
001533.png,0.99999964,train_04941
001534.png,1.0000001,train_04569
001535.png,1.0,train_07917
001536.png,1.0000001,train_06938
001537.png,0.99999994,train_01095
001538.png,0.99999994,train_04063
001539.png,1.0000002,train_04247
001540.png,0.9999997,train_07590
001541.png,1.0000002,train_00510
001542.png,1.0000001,train_00134
001543.png,0.99999964,train_06407
001544.png,1.0,train_04928
001545.png,0.99999994,train_05526
001546.png,0.9999999,train_03234
001547.png,1.0,train_01255
001548.png,1.0000001,train_00488
001549.png,0.99999994,train_01101
001550.png,1.0,train_06443
001551.png,1.0000002,train_04735
001552.png,0.99999964,train_04941
001553.png,0.9999999,train_03892
001554.png,1.0,train_00386
001555.png,1.0000004,train_00203
001556.png,1.0000002,train_01713
001557.png,1.0000001,train_01518
001558.png,1.0000001,train_05115
001559.png,1.0000002,train_04700
001560.png,1.0000001,train_02849
001561.png,1.0000002,train_06782
001562.png,1.0000001,train_03001
001563.png,0.9999999,train_03413
001564.png,1.0,train_04930
001565.png,1.0000001,train_03879
001566.png,0.99999976,train_01142
001567.png,1.0,train_05050
001568.png,1.0,train_04593
001569.png,1.0000001,train_04271
001570.png,1.0000002,train_02291
001571.png,1.0,train_01344
001572.png,0.9999999,train_07490
001573.png,0.99999976,train_01304
001574.png,1.0000002,train_02687
001575.png,1.0000001,train_04271
001576.png,0.9999998,train_05016
001577.png,1.0,train_06135
001578.png,1.0,train_06133
001579.png,1.0000001,train_06822
001580.png,0.9999999,train_04990
001581.png,1.0000001,train_00990
001582.png,1.0,train_07057
001583.png,1.0000002,train_02695
001584.png,0.9999999,train_02277
001585.png,0.99999976,train_05735
001586.png,1.0,train_05085
001587.png,0.9999999,train_03105
001588.png,1.0000001,train_01879
001589.png,1.0000001,train_05076
001590.png,1.0,train_07938
001591.png,1.0000001,train_01218
001592.png,1.0,train_03039
001593.png,1.0000002,train_00715
001594.png,1.0000002,train_07319
001595.png,1.0,train_04429
001596.png,1.0,train_05299
001597.png,1.0,train_07265
001598.png,0.9999999,train_03719
001599.png,1.0000004,train_02463
001600.png,1.0,train_00386
001601.png,0.99999994,train_03269
001602.png,1.0000001,train_03193
001603.png,1.0,train_07886
001604.png,1.0,train_01004
001605.png,1.0,train_00386
001606.png,1.0000001,train_00303
001607.png,0.99999994,train_04337
001608.png,0.9999999,train_03370
001609.png,1.0,train_07057
001610.png,1.0000001,train_01131
001611.png,1.0,train_01886
001612.png,1.0000002,train_02973
001613.png,1.0000001,train_06002
001614.png,0.99999976,train_06246
001615.png,1.0000002,train_01164
001616.png,1.0000001,train_03840
001617.png,1.0,train_02377
001618.png,0.9999999,train_04559
001619.png,1.0000004,train_00308
001620.png,1.0000001,train_01894
001621.png,1.0000002,train_00715
001622.png,1.0000001,train_07994
001623.png,1.0000005,train_00255
001624.png,0.99999994,train_07855
001625.png,1.0000001,train_07691
001626.png,0.9999999,train_05559
001627.png,1.0,train_05495
001628.png,1.0000002,train_02349
001629.png,0.9999999,train_06319
001630.png,0.9999999,train_00138
001631.png,1.0000001,train_01989
001632.png,1.0000002,train_00733
001633.png,1.0000001,train_02612
001634.png,1.0,train_07886
001635.png,1.0000002,train_02802
001636.png,1.0000002,train_02679
001637.png,1.0,train_00386
001638.png,0.99999994,train_02682
001639.png,1.0,train_06402
001640.png,1.0,train_05465
001641.png,1.0000001,train_04556
001642.png,1.0000002,train_07416
001643.png,1.0,train_00904
001644.png,0.99999976,train_03544
001645.png,0.9999998,train_03141
001646.png,1.0,train_06835
001647.png,0.9999999,train_07545
001648.png,1.0000001,train_00247
001649.png,1.0000002,train_02872
001650.png,1.0000002,train_01719
001651.png,0.99999994,train_04868
001652.png,1.0000002,train_01719
001653.png,0.9999999,train_02836
001654.png,1.0000004,train_02910
001655.png,1.0000002,train_02872
001656.png,0.99999976,train_05799
001657.png,1.0000002,train_06782
001658.png,0.9999999,train_06789
001659.png,0.99999976,train_03824
001660.png,0.9999998,train_07457
001661.png,0.9999999,train_07876
001662.png,0.9999997,train_06264
001663.png,1.0000004,train_02910
001664.png,0.9999997,train_04698
001665.png,1.0000001,train_04762
001666.png,1.0000002,train_06757
001667.png,0.9999999,train_07725
001668.png,1.0000002,train_07319
001669.png,1.0000002,train_03444
001670.png,1.0,train_04429
001671.png,1.0,train_08079
001672.png,1.0,train_07931
001673.png,1.0,train_03986
001674.png,1.0000002,train_01956
001675.png,0.9999998,train_07232
001676.png,0.9999999,train_04480
001677.png,1.0,train_04002
001678.png,1.0,train_02748
001679.png,1.0,train_00704
001680.png,1.0000002,train_02738
001681.png,1.0,train_05026
001682.png,1.0,train_01133
001683.png,1.0000002,train_00783
001684.png,0.99999994,train_02752
001685.png,1.0000004,train_03076
001686.png,1.0000002,train_03428
001687.png,0.99999976,train_05731
001688.png,1.0,train_07639
001689.png,1.0000001,train_06276
001690.png,1.0000001,train_05444
001691.png,1.0,train_02605
001692.png,1.0,train_06463
001693.png,1.0,train_04038
001694.png,0.9999999,train_07455
001695.png,1.0,train_07479
001696.png,1.0,train_04453
001697.png,1.0,train_07954
001698.png,1.0,train_02993
001699.png,1.0000001,train_05241
001700.png,1.0000001,train_03087
001701.png,1.0000001,train_07519
001702.png,1.0000002,train_01668
001703.png,1.0,train_01861
001704.png,1.0,train_05299
001705.png,1.0000004,train_04143
001706.png,1.0,train_04035
001707.png,1.0000002,train_04323
001708.png,0.9999998,train_02084
001709.png,1.0,train_00285
001710.png,0.9999999,train_03370
001711.png,1.0000002,train_03670
001712.png,1.0,train_05824
001713.png,0.9999997,train_02250
001714.png,1.0000004,train_04224
001715.png,0.99999976,train_06263
001716.png,0.9999999,train_07455
001717.png,1.0000004,train_06352
001718.png,1.0000001,train_05599
001719.png,1.0,train_04458
001720.png,1.0000005,train_03743
001721.png,1.0,train_01353
001722.png,0.9999999,train_07876
001723.png,1.0,train_01390
001724.png,1.0,train_02093
001725.png,0.99999994,train_07315
001726.png,1.0,train_01133
001727.png,1.0,train_01008
001728.png,1.0,train_00386
001729.png,1.0000001,train_00576
001730.png,0.9999999,train_04835
001731.png,1.0,train_04748
001732.png,1.0000002,train_04863
001733.png,1.0,train_03026
001734.png,1.0,train_07954
001735.png,1.0000001,train_04425
001736.png,1.0000002,train_04253
001737.png,1.0,train_01353
001738.png,1.0,train_04301
001739.png,0.9999998,train_04792
001740.png,0.99999994,train_01215
001741.png,1.0000001,train_07994
001742.png,0.9999999,train_03832
001743.png,0.99999976,train_03627
001744.png,1.0,train_01538
001745.png,1.0,train_04896
001746.png,1.0,train_01369
001747.png,0.9999999,train_03725
001748.png,1.0,train_01195
001749.png,1.0000004,train_02910
001750.png,1.0000002,train_05629
001751.png,1.0000002,train_01980
001752.png,1.0000002,train_05972
001753.png,1.0000001,train_05618
001754.png,0.9999999,train_07876
001755.png,0.99999994,train_07518
001756.png,1.0000001,train_01288
001757.png,0.99999994,train_03500
001758.png,1.0,train_07500
001759.png,1.0,train_07886
001760.png,1.0,train_05413
001761.png,1.0,train_01670
001762.png,1.0,train_00386
001763.png,0.9999999,train_08091
001764.png,0.9999999,train_03751
001765.png,0.99999976,train_00934
001766.png,1.0,train_07938
001767.png,1.0,train_03178
001768.png,1.0000001,train_07132
001769.png,1.0000002,train_07623
001770.png,1.0000001,train_05076
001771.png,1.0000001,train_00448
001772.png,1.0,train_05164
001773.png,1.0000002,train_01331
001774.png,0.9999999,train_05863
001775.png,1.0,train_02813
001776.png,0.9999999,train_00138
001777.png,0.9999999,train_05318
001778.png,1.0000001,train_02312
001779.png,0.9999999,train_01146
001780.png,1.0000002,train_01531
001781.png,1.0,train_04035
001782.png,0.9999998,train_02050
001783.png,1.0,train_01554
001784.png,1.0000002,train_07692
001785.png,1.0000001,train_00982
001786.png,1.0000002,train_06637
001787.png,1.0000002,train_05066
001788.png,1.0,train_02355
001789.png,1.0,train_04775
001790.png,1.0000001,train_01600
001791.png,1.0,train_00938
001792.png,1.0000001,train_04396
001793.png,0.9999999,train_06344
001794.png,0.9999998,train_02095
001795.png,0.9999999,train_06399
001796.png,1.0000001,train_05303
001797.png,1.0,train_04360
001798.png,1.0000001,train_07519
001799.png,1.0000002,train_00803
001800.png,1.0000002,train_04323
001801.png,1.0000001,train_03433
001802.png,0.9999999,train_04345
001803.png,0.99999994,train_01242
001804.png,1.0000002,train_01547
001805.png,1.0,train_01004
001806.png,1.0000001,train_00183
001807.png,1.0,train_06317
001808.png,1.0,train_03178
001809.png,0.9999999,train_06565
001810.png,0.9999999,train_06892
001811.png,1.0000001,train_07198
001812.png,0.99999976,train_06948
001813.png,1.0,train_05253
001814.png,1.0000001,train_00959
001815.png,0.9999999,train_03541
001816.png,1.0000002,train_01164
001817.png,1.0000002,train_02830
001818.png,1.0000002,train_01331
001819.png,0.99999976,train_05553
001820.png,1.0,train_01133
001821.png,0.9999999,train_03897
001822.png,1.0,train_01198
001823.png,0.99999994,train_08096
001824.png,1.0000002,train_07520
001825.png,1.0,train_07601
001826.png,1.0000002,train_02973
001827.png,1.0000001,train_02126
001828.png,1.0000002,train_03444
001829.png,1.0000001,train_05692
001830.png,1.0,train_00677
001831.png,1.0000004,train_03076
001832.png,1.0,train_02926
001833.png,1.0,train_02248
001834.png,1.0000002,train_00878
001835.png,1.0,train_03474
001836.png,0.9999999,train_02561
001837.png,1.0000005,train_00112
001838.png,1.0000002,train_06398
001839.png,0.9999998,train_05088
001840.png,0.9999999,train_00072
001841.png,0.9999999,train_04329
001842.png,1.0,train_01255
001843.png,0.9999999,train_07473
001844.png,0.99999976,train_00444
001845.png,1.0,train_07793
001846.png,1.0,train_02377
001847.png,1.0,train_03476
001848.png,1.0000002,train_07561
001849.png,1.0000002,train_01548
001850.png,1.0,train_05207
001851.png,0.99999994,train_08065
001852.png,0.9999998,train_05620
001853.png,1.0,train_03438
001854.png,0.9999999,train_07876
001855.png,1.0000001,train_05156
001856.png,1.0000001,train_04432
001857.png,1.0000002,train_03444
001858.png,1.0,train_02305
001859.png,1.0,train_07368
001860.png,0.9999999,train_01339
001861.png,1.0000001,train_00021
001862.png,1.0000002,train_00825
001863.png,0.99999994,train_07641
001864.png,0.9999999,train_04618
001865.png,0.9999999,train_06833
001866.png,0.9999999,train_03832
001867.png,1.0,train_03368
001868.png,1.0,train_05059
001869.png,1.0000001,train_05915
001870.png,1.0000004,train_01634
001871.png,1.0,train_00750
001872.png,1.0000002,train_03782
001873.png,1.0000001,train_01848
001874.png,1.0,train_04609
001875.png,1.0000002,train_00081
001876.png,1.0000002,train_00612
001877.png,1.0,train_06312
001878.png,1.0000001,train_05194
001879.png,1.0000001,train_01707
001880.png,1.0000002,train_01067
001881.png,1.0000002,train_03428
001882.png,0.9999998,train_08131
001883.png,1.0000002,train_01602
001884.png,1.0000001,train_05365
001885.png,0.9999999,train_02277
001886.png,1.0,train_05465
001887.png,1.0000001,train_06093
001888.png,0.9999999,train_07072
001889.png,0.9999998,train_08018
001890.png,1.0,train_01458
001891.png,0.9999999,train_05661
001892.png,0.9999999,train_03832
001893.png,1.0,train_04453
001894.png,0.9999999,train_01339
001895.png,0.99999976,train_00934
001896.png,1.0000001,train_07025
001897.png,1.0000002,train_07870
001898.png,0.9999999,train_07405
001899.png,1.0,train_01369
001900.png,1.0000001,train_02878
001901.png,1.0000002,train_00878
001902.png,1.0000002,train_01790
001903.png,1.0,train_07793
001904.png,0.99999976,train_03544
001905.png,1.0000002,train_05973
001906.png,1.0000001,train_07994
001907.png,1.0000001,train_03103
001908.png,1.0000002,train_00090
001909.png,1.0,train_07265
001910.png,1.0000004,train_01897
001911.png,1.0,train_00196
001912.png,1.0,train_04834
001913.png,1.0000002,train_07462
001914.png,1.0,train_05027
001915.png,0.99999976,train_06889
001916.png,0.9999999,train_01875
001917.png,0.99999994,train_01215
001918.png,1.0,train_01487
001919.png,0.99999976,train_06889
001920.png,1.0000002,train_07623
001921.png,0.99999976,train_01617
001922.png,1.0,train_04360
001923.png,1.0,train_06364
001924.png,0.99999994,train_01661
001925.png,0.9999999,train_06445
001926.png,1.0000002,train_06757
001927.png,1.0000004,train_01897
001928.png,1.0000002,train_00329
001929.png,1.0,train_02727
001930.png,1.0000005,train_00255
001931.png,1.0,train_01195
001932.png,1.0000001,train_06053
001933.png,1.0000001,train_00488
001934.png,1.0000002,train_04202
001935.png,0.99999964,train_01953
001936.png,1.0000002,train_07623
001937.png,0.9999996,train_08002
001938.png,1.0000001,train_05156
001939.png,1.0000001,train_01131
001940.png,1.0000001,train_03840
001941.png,1.0,train_05807
001942.png,1.0,train_02813
001943.png,0.99999964,train_06475
001944.png,1.0000001,train_04498
001945.png,1.0000002,train_03364
001946.png,1.0000002,train_03459
001947.png,1.0,train_06524
001948.png,0.99999994,train_03097
001949.png,1.0000002,train_05015
001950.png,0.9999997,train_00989
001951.png,0.9999999,train_04649
001952.png,0.9999998,train_04792
001953.png,0.99999994,train_03508
001954.png,1.0000001,train_06461
001955.png,1.0,train_01369
001956.png,1.0,train_04930
001957.png,1.0000002,train_02059
001958.png,1.0000002,train_01399
001959.png,0.9999999,train_03357
001960.png,0.9999999,train_02382
001961.png,0.9999999,train_01146
001962.png,1.0000002,train_00685
001963.png,1.0,train_06911
001964.png,0.99999994,train_01095
001965.png,1.0,train_04035
001966.png,1.0,train_02263
001967.png,1.0000002,train_01383
001968.png,1.0000002,train_02245
001969.png,1.0,train_04593
001970.png,0.9999999,train_03776
001971.png,0.99999976,train_03544
001972.png,1.0000001,train_03388
001973.png,1.0,train_04739
001974.png,1.0,train_01144
001975.png,1.0,train_02355
001976.png,1.0000001,train_05390
001977.png,0.9999999,train_07490
001978.png,1.0000002,train_00685
001979.png,0.9999999,train_07405
001980.png,1.0,train_05893
001981.png,1.0000002,train_01713
001982.png,1.0000002,train_06112
001983.png,1.0000002,train_02800
001984.png,1.0,train_06036
001985.png,1.0,train_05119
001986.png,0.9999999,train_03832
001987.png,1.0,train_04002
001988.png,1.0000002,train_02711
001989.png,0.99999976,train_01617
001990.png,0.9999999,train_07778
001991.png,1.0000002,train_06398
001992.png,1.0000001,train_07021
001993.png,1.0,train_01083
001994.png,0.9999999,train_02382
001995.png,1.0,train_00773
001996.png,1.0000002,train_05192
001997.png,1.0,train_06689
001998.png,0.99999994,train_03097
001999.png,1.0,train_02813
002000.png,1.0000002,train_05992
002001.png,0.99999976,train_05731
002002.png,1.0000002,train_05644
002003.png,1.0,train_04360
002004.png,1.0,train_04164
002005.png,0.99999994,train_06077
002006.png,1.0,train_01861
002007.png,1.0000002,train_02076
002008.png,0.9999999,train_06299
002009.png,1.0000004,train_01756
002010.png,1.0,train_06840
002011.png,1.0000001,train_00488
002012.png,1.0000001,train_03968
002013.png,1.0,train_04035
002014.png,0.9999999,train_06499
002015.png,1.0,train_04177
002016.png,1.0000002,train_04808
002017.png,1.0000004,train_02444
002018.png,0.9999999,train_00926
002019.png,0.99999976,train_02428
002020.png,1.0,train_06314
002021.png,1.0,train_05711
002022.png,1.0000002,train_06154
002023.png,1.0,train_01195
002024.png,1.0,train_05516
002025.png,1.0,train_03319
002026.png,1.0000004,train_08047
002027.png,0.99999976,train_04691
002028.png,1.0,train_07484
002029.png,0.99999994,train_01215
002030.png,1.0,train_05851
002031.png,1.0000002,train_07462
002032.png,1.0000002,train_00770
002033.png,0.9999999,train_04495
002034.png,0.99999976,train_07615
002035.png,1.0,train_06957
002036.png,1.0,train_02062
002037.png,1.0000001,train_02548
002038.png,1.0,train_07060
002039.png,1.0000002,train_02695
002040.png,1.0,train_01133
002041.png,1.0000002,train_01922
002042.png,1.0,train_01530
002043.png,0.99999976,train_07967
002044.png,1.0,train_02263
002045.png,1.0,train_07399
002046.png,1.0,train_04002
002047.png,1.0000002,train_08050
002048.png,1.0,train_07697
002049.png,1.0,train_06626
002050.png,1.0,train_06463
002051.png,0.99999994,train_08065
002052.png,1.0,train_00434
002053.png,0.9999999,train_06491
002054.png,1.0,train_03920
002055.png,1.0000004,train_02444
002056.png,0.99999976,train_01235
002057.png,1.0,train_07954
002058.png,0.9999999,train_02228
002059.png,1.0,train_02156
002060.png,1.0,train_00524
002061.png,1.0000002,train_01041
002062.png,1.0000002,train_03870
002063.png,1.0,train_07479
002064.png,1.0000001,train_01642
002065.png,0.99999994,train_06823
002066.png,1.0000002,train_07319
002067.png,0.99999994,train_07855
002068.png,1.0000002,train_02476
002069.png,1.0,train_00991
002070.png,1.0000002,train_06637
002071.png,1.0,train_06312
002072.png,1.0,train_03615
002073.png,0.9999999,train_07545
002074.png,1.0000001,train_07691
002075.png,1.0000002,train_07878
002076.png,1.0000001,train_03388
002077.png,1.0,train_06832
002078.png,0.9999999,train_01801
002079.png,0.99999994,train_01095
002080.png,1.0000002,train_02802
002081.png,1.0,train_02701
002082.png,1.0000002,train_07319
002083.png,1.0000001,train_05887
002084.png,1.0,train_00750
002085.png,0.99999994,train_03228
002086.png,0.9999999,train_06671
002087.png,0.99999976,train_04197
002088.png,1.0,train_00938
002089.png,0.99999994,train_05186
002090.png,1.0,train_00915
002091.png,1.0,train_06314
002092.png,1.0000002,train_01548
002093.png,1.0,train_03480
002094.png,0.99999994,train_02616
002095.png,0.99999994,train_05233
002096.png,0.9999999,train_04835
002097.png,0.9999999,train_04990
002098.png,0.9999999,train_02717
002099.png,1.0,train_05223
002100.png,1.0,train_04071
002101.png,0.99999994,train_01078
002102.png,0.9999999,train_02735
002103.png,1.0000001,train_01015
002104.png,1.0,train_04012
002105.png,1.0,train_05995
002106.png,1.0,train_05050
002107.png,1.0,train_00689
002108.png,1.0,train_07708
002109.png,0.99999994,train_02580
002110.png,1.0000001,train_01188
002111.png,1.0,train_06133
002112.png,1.0000001,train_01848
002113.png,1.0,train_01701
002114.png,1.0000001,train_03087
002115.png,1.0000002,train_03974
002116.png,1.0000002,train_02170
002117.png,0.9999999,train_02382
002118.png,1.0,train_04647
002119.png,1.0000002,train_00642
002120.png,1.0,train_07484
002121.png,1.0000004,train_00862
002122.png,1.0000002,train_05251
002123.png,1.0,train_06100
002124.png,1.0000001,train_03663
002125.png,0.9999999,train_02647
002126.png,1.0000005,train_01851
002127.png,0.9999999,train_02228
002128.png,0.9999999,train_01186
002129.png,1.0000001,train_03433
002130.png,0.9999998,train_04778
002131.png,0.9999999,train_07876
002132.png,1.0000002,train_01602
002133.png,1.0000002,train_07462
002134.png,1.0000002,train_03870
002135.png,1.0000002,train_02679
002136.png,1.0000002,train_06895
002137.png,0.99999976,train_07858
002138.png,1.0000001,train_01540
002139.png,1.0000002,train_06540
002140.png,1.0000002,train_03855
002141.png,1.0,train_07317
002142.png,1.0,train_04609
002143.png,1.0000002,train_00642
002144.png,1.0,train_03068
002145.png,1.0000002,train_03997
002146.png,0.99999994,train_02580
002147.png,0.9999998,train_07965
002148.png,0.9999999,train_03477
002149.png,1.0,train_05824
002150.png,1.0000001,train_03291
002151.png,0.99999994,train_07838
002152.png,0.9999999,train_02011
002153.png,1.0,train_00894
002154.png,1.0000001,train_03291
002155.png,1.0000002,train_03997
002156.png,0.9999999,train_07876
002157.png,1.0,train_04039
002158.png,1.0,train_02605
002159.png,1.0000001,train_05751
002160.png,1.0000002,train_03647
002161.png,1.0000005,train_07889
002162.png,1.0,train_00818
002163.png,1.0000001,train_00835
002164.png,0.9999999,train_07545
002165.png,0.9999999,train_01801
002166.png,1.0000001,train_06024
002167.png,0.99999976,train_00934
002168.png,0.99999976,train_07615
002169.png,1.0000001,train_00364
002170.png,0.9999999,train_05565
002171.png,0.9999998,train_00456
002172.png,1.0,train_00677
002173.png,1.0,train_04910
002174.png,1.0000002,train_02245
002175.png,1.0,train_02968
002176.png,1.0000002,train_07734
002177.png,1.0,train_07368
002178.png,1.0000001,train_04523
002179.png,1.0000001,train_02342
002180.png,1.0,train_04585
002181.png,0.9999999,train_06833
002182.png,1.0,train_06196
002183.png,1.0000002,train_02830
002184.png,1.0000001,train_04271
002185.png,1.0000002,train_01980
002186.png,0.9999998,train_05462
002187.png,1.0000001,train_01323
002188.png,0.9999999,train_03370
002189.png,1.0,train_07265
002190.png,0.9999999,train_06344
002191.png,1.0000002,train_02067
002192.png,0.99999976,train_06948
002193.png,1.0,train_00773
002194.png,1.0,train_06364
002195.png,0.9999999,train_02269
002196.png,0.99999976,train_05799
002197.png,1.0000001,train_04790
002198.png,0.9999999,train_01492
002199.png,1.0000002,train_00878
002200.png,1.0,train_02471
002201.png,1.0000002,train_02695
002202.png,1.0,train_04647
002203.png,1.0,train_07543
002204.png,0.99999976,train_07967
002205.png,1.0000002,train_05192
002206.png,0.9999999,train_07732
002207.png,0.99999994,train_06823
002208.png,0.9999998,train_01852
002209.png,1.0000002,train_01547
002210.png,1.0,train_05622
002211.png,0.99999994,train_05570
002212.png,0.9999999,train_07876
002213.png,1.0000005,train_01851
002214.png,1.0000002,train_00278
002215.png,1.0000001,train_00488
002216.png,0.99999976,train_01182
002217.png,1.0000002,train_07520
002218.png,1.0,train_05847
002219.png,0.99999976,train_05603
002220.png,1.0000002,train_00951
002221.png,1.0000002,train_07278
002222.png,0.9999998,train_04778
002223.png,1.0000004,train_01756
002224.png,1.0000002,train_03890
002225.png,1.0,train_00257
002226.png,1.0,train_06443
002227.png,1.0,train_07444
002228.png,1.0,train_02628
002229.png,1.0000002,train_04247
002230.png,0.99999976,train_07178
002231.png,1.0000004,train_00862
002232.png,0.99999994,train_05570
002233.png,1.0,train_07931
002234.png,1.0000002,train_05644
002235.png,1.0,train_06746
002236.png,1.0,train_04315
002237.png,0.9999998,train_04778
002238.png,1.0,train_00938
002239.png,1.0000001,train_01308
002240.png,1.0,train_05026
002241.png,1.0,train_07931
002242.png,0.99999976,train_01182
002243.png,1.0000004,train_07966
002244.png,0.99999976,train_06944
002245.png,1.0000002,train_05973
002246.png,0.9999999,train_00926
002247.png,0.9999998,train_07978
002248.png,1.0000002,train_00090
002249.png,0.99999994,train_02752
002250.png,1.0,train_07720
002251.png,1.0000002,train_03093
002252.png,1.0000002,train_07462
002253.png,1.0,train_04284
002254.png,1.0000004,train_04143
002255.png,1.0,train_04699
002256.png,0.99999964,train_05383
002257.png,1.0,train_02273
002258.png,1.0,train_01184
002259.png,1.0,train_04896
002260.png,1.0,train_03649
002261.png,1.0000001,train_00488
002262.png,0.9999999,train_03842
002263.png,0.9999999,train_07545
002264.png,1.0000005,train_04050
002265.png,1.0000002,train_04697
002266.png,1.0,train_01038
002267.png,1.0000001,train_05120
002268.png,1.0000002,train_06805
002269.png,1.0,train_04346
002270.png,1.0,train_01198
002271.png,1.0000002,train_07623
002272.png,1.0000002,train_06764
002273.png,0.99999994,train_00345
002274.png,1.0000002,train_02481
002275.png,0.99999994,train_04275
002276.png,1.0000001,train_01140
002277.png,1.0000002,train_00733
002278.png,1.0000002,train_05972
002279.png,0.99999976,train_06882
002280.png,0.99999994,train_00643
002281.png,1.0,train_04360
002282.png,0.9999998,train_06206
002283.png,1.0000004,train_06651
002284.png,1.0,train_02263
002285.png,0.99999994,train_07040
002286.png,1.0000002,train_04331
002287.png,0.9999999,train_02182
002288.png,0.9999999,train_07924
002289.png,0.9999999,train_01339
002290.png,1.0,train_04177
002291.png,1.0,train_07344
002292.png,1.0000005,train_00169
002293.png,1.0,train_04315
002294.png,1.0,train_00075
002295.png,1.0,train_01981
002296.png,1.0000002,train_00685
002297.png,1.0,train_00627
002298.png,1.0000004,train_02910
002299.png,1.0000002,train_05170
002300.png,0.99999994,train_01260
002301.png,1.0,train_05389
002302.png,1.0000001,train_06976
002303.png,1.0,train_02093
002304.png,1.0000004,train_05440
002305.png,0.9999998,train_02109
002306.png,1.0000001,train_05738
002307.png,1.0000002,train_00131
002308.png,1.0,train_02093
002309.png,1.0000002,train_05455
002310.png,1.0,train_06956
002311.png,1.0,train_07779
002312.png,1.0000001,train_05908
002313.png,1.0000001,train_05599
002314.png,0.9999999,train_01196
002315.png,1.0000001,train_03579
002316.png,1.0000001,train_00488
002317.png,1.0000002,train_03172
002318.png,1.0,train_01538
002319.png,0.9999999,train_00138
002320.png,0.9999999,train_06865
002321.png,1.0,train_05413
002322.png,1.0,train_04178
002323.png,1.0000001,train_07597
002324.png,0.99999994,train_05835
002325.png,1.0000001,train_03079
002326.png,0.9999999,train_03776
002327.png,1.0,train_03408
002328.png,1.0000002,train_00090
002329.png,0.9999999,train_02729
002330.png,1.0000001,train_02237
002331.png,1.0000002,train_03974
002332.png,0.9999998,train_00397
002333.png,1.0,train_00367
002334.png,1.0,train_02748
002335.png,0.99999994,train_01215
002336.png,0.9999998,train_06206
002337.png,1.0,train_02320
002338.png,1.0000001,train_04162
002339.png,1.0000002,train_01790
002340.png,1.0000002,train_01814
002341.png,0.99999994,train_07040
002342.png,1.0,train_03945
002343.png,0.9999999,train_06865
002344.png,1.0,train_06196
002345.png,1.0000002,train_02123
002346.png,1.0,train_01940
002347.png,1.0,train_03599
002348.png,1.0,train_05456
002349.png,0.99999976,train_01142
002350.png,0.9999998,train_00208
002351.png,1.0,train_01981
002352.png,1.0,train_07243
002353.png,1.0000001,train_07633
002354.png,1.0000002,train_06757
002355.png,1.0000001,train_01288
002356.png,0.9999999,train_00042
002357.png,1.0000004,train_02463
002358.png,1.0000002,train_05455
002359.png,0.9999999,train_07072
002360.png,0.99999976,train_07615
002361.png,1.0000001,train_06728
002362.png,1.0000005,train_07674
002363.png,0.99999994,train_05570
002364.png,1.0000001,train_02849
002365.png,1.0000002,train_04323
002366.png,1.0,train_07503
002367.png,0.9999999,train_01686
002368.png,1.0,train_01168
002369.png,1.0000002,train_02872
002370.png,1.0,train_06957
002371.png,0.9999999,train_02029
002372.png,0.99999994,train_03510
002373.png,0.99999964,train_02070
002374.png,1.0000002,train_07111
002375.png,1.0,train_04002
002376.png,1.0000002,train_07430
002377.png,1.0,train_04593
002378.png,0.99999964,train_04941
002379.png,0.9999998,train_00233
002380.png,1.0,train_04958
002381.png,1.0000002,train_04700
002382.png,1.0000002,train_00766
002383.png,0.9999999,train_03413
002384.png,1.0000001,train_07519
002385.png,1.0000005,train_02601
002386.png,1.0,train_01798
002387.png,1.0000004,train_06352
002388.png,1.0000002,train_06782
002389.png,1.0,train_05609
002390.png,1.0,train_00321
002391.png,1.0000001,train_03886
002392.png,0.9999998,train_05276
002393.png,1.0,train_02740
002394.png,1.0,train_06402
002395.png,0.9999998,train_08131
002396.png,1.0000002,train_03855
002397.png,1.0,train_05059
002398.png,1.0000002,train_06102
002399.png,1.0000001,train_02312
002400.png,1.0,train_04038
002401.png,1.0,train_00898
002402.png,1.0000001,train_03877
002403.png,0.9999999,train_00558
002404.png,1.0000002,train_03138
002405.png,1.0000001,train_00744
002406.png,1.0,train_02355
002407.png,1.0,train_07339
002408.png,0.99999976,train_04469
002409.png,1.0,train_03761
002410.png,1.0000002,train_05676
002411.png,0.9999999,train_05565
002412.png,1.0,train_03761
002413.png,1.0000002,train_00446
002414.png,1.0000002,train_05254
002415.png,1.0000001,train_06053
002416.png,1.0000002,train_00803
002417.png,1.0000001,train_03079
002418.png,0.99999994,train_05884
002419.png,0.9999999,train_03832
002420.png,0.99999994,train_05635
002421.png,1.0000001,train_02693
002422.png,1.0,train_05253
002423.png,1.0,train_07886
002424.png,1.0,train_06482
002425.png,1.0,train_00938
002426.png,1.0000001,train_03770
002427.png,1.0000002,train_01956
002428.png,1.0000002,train_02245
002429.png,1.0,train_01945
002430.png,1.0,train_05711
002431.png,1.0,train_03649
002432.png,1.0000002,train_06205
002433.png,0.99999994,train_01095
002434.png,1.0,train_06196
002435.png,1.0,train_01133
002436.png,0.99999976,train_08139
002437.png,1.0,train_05581
002438.png,1.0,train_04928
002439.png,1.0,train_05956
002440.png,0.99999994,train_03784
002441.png,1.0000001,train_06852
002442.png,1.0,train_07265
002443.png,1.0,train_04458
002444.png,1.0000002,train_03318
002445.png,0.9999999,train_07523
002446.png,0.99999994,train_06077
002447.png,1.0,train_07931
002448.png,1.0000001,train_00674
002449.png,1.0000002,train_02695
002450.png,1.0000001,train_01894
002451.png,0.99999994,train_01095
002452.png,1.0000001,train_04882
002453.png,1.0000001,train_05283
002454.png,1.0,train_01701
002455.png,1.0000004,train_02114
002456.png,0.9999999,train_04345
002457.png,1.0000005,train_02601
002458.png,0.99999964,train_01953
002459.png,1.0000002,train_01547
002460.png,1.0000002,train_04472
002461.png,1.0,train_06443
002462.png,1.0000002,train_03890
002463.png,0.9999999,train_00138
002464.png,1.0,train_06168
002465.png,0.9999999,train_01382
002466.png,1.0000002,train_01051
002467.png,0.99999964,train_01953
002468.png,1.0,train_02737
002469.png,1.0,train_03335
002470.png,1.0000002,train_07926
002471.png,1.0000005,train_01863
002472.png,1.0000002,train_02059
002473.png,0.9999998,train_04792
002474.png,0.99999994,train_06394
002475.png,1.0,train_02362
002476.png,1.0,train_02740
002477.png,1.0,train_04493
002478.png,1.0000002,train_08050
002479.png,1.0,train_01575
002480.png,1.0000002,train_01485
002481.png,1.0,train_01133
002482.png,0.9999999,train_06789
002483.png,1.0000001,train_02312
002484.png,1.0000001,train_03925
002485.png,1.0000001,train_03291
002486.png,0.99999994,train_02001
002487.png,1.0,train_00460
002488.png,1.0,train_01490
002489.png,1.0000002,train_01051
002490.png,1.0,train_06720
002491.png,1.0,train_05807
002492.png,1.0000001,train_00374
002493.png,1.0,train_07484
002494.png,1.0,train_00386
002495.png,1.0,train_03715
002496.png,0.9999999,train_05398
002497.png,0.99999976,train_05735
002498.png,1.0,train_05465
002499.png,1.0000002,train_05292
002500.png,1.0000002,train_07319
002501.png,0.9999999,train_05038
002502.png,1.0,train_01178
002503.png,0.9999999,train_05863
002504.png,1.0000001,train_00443
002505.png,1.0,train_06314
002506.png,1.0000001,train_05241
002507.png,1.0,train_07243
002508.png,1.0000002,train_06764
002509.png,1.0000002,train_04700
002510.png,1.0,train_04346
002511.png,0.9999999,train_07458
002512.png,1.0,train_04121
002513.png,1.0000002,train_03444
002514.png,1.0000001,train_01707
002515.png,1.0,train_00075
002516.png,1.0000002,train_06757
002517.png,1.0000001,train_00651
002518.png,1.0000002,train_01790
002519.png,1.0000001,train_06421
002520.png,1.0000001,train_04162
002521.png,1.0,train_07484
002522.png,1.0,train_00946
002523.png,1.0,train_05581
002524.png,1.0000002,train_00131
002525.png,1.0000004,train_07248
002526.png,1.0000002,train_00339
002527.png,1.0000004,train_05660
002528.png,1.0,train_05874
002529.png,1.0,train_05253
002530.png,1.0,train_04966
002531.png,0.99999994,train_03500
002532.png,0.99999976,train_02327
002533.png,1.0000002,train_01956
002534.png,1.0,train_00508
002535.png,1.0,train_02740
002536.png,0.9999999,train_00824
002537.png,1.0000002,train_03093
002538.png,1.0,train_06135
002539.png,1.0,train_00386
002540.png,1.0,train_06634
002541.png,1.0,train_05990
002542.png,1.0,train_07954
002543.png,0.99999964,train_02070
002544.png,1.0,train_00257
002545.png,1.0000001,train_01707
002546.png,1.0000001,train_02962
002547.png,1.0000002,train_04483
002548.png,1.0000004,train_01897
002549.png,1.0,train_05893
002550.png,0.99999976,train_00842
002551.png,1.0000002,train_03974
002552.png,1.0000002,train_06764
002553.png,1.0,train_00251
002554.png,1.0,train_06746
002555.png,0.9999999,train_02735
002556.png,1.0,train_00677
002557.png,1.0,train_01083
002558.png,0.9999999,train_04785
002559.png,1.0000005,train_01863
002560.png,1.0,train_02521
002561.png,0.9999999,train_07157
002562.png,1.0000002,train_06371
002563.png,1.0,train_02875
002564.png,1.0000001,train_03663
002565.png,0.9999999,train_05559
002566.png,1.0000005,train_07889
002567.png,0.99999994,train_01215
002568.png,0.99999976,train_06790
002569.png,1.0,train_04833
002570.png,1.0,train_03615
002571.png,1.0,train_00386
002572.png,1.0,train_01445
002573.png,0.99999976,train_01265
002574.png,0.99999994,train_04063
002575.png,1.0,train_04126
002576.png,1.0,train_04669
002577.png,1.0000004,train_06736
002578.png,1.0,train_03715
002579.png,1.0000001,train_00130
002580.png,0.99999976,train_08139
002581.png,1.0,train_01004
002582.png,0.9999999,train_03105
002583.png,1.0000001,train_03202
002584.png,1.0,train_01536
002585.png,1.0000002,train_00855
002586.png,0.99999994,train_01095
002587.png,1.0,train_01291
002588.png,0.99999994,train_05884
002589.png,1.0,train_04177
002590.png,0.99999994,train_00530
002591.png,0.99999976,train_02430
002592.png,1.0000001,train_01879
002593.png,1.0,train_02273
002594.png,1.0000002,train_02919
002595.png,1.0000004,train_02910
002596.png,1.0000001,train_05120
002597.png,0.99999994,train_07855
002598.png,0.99999976,train_06944
002599.png,0.9999999,train_05559
002600.png,1.0000002,train_07114
002601.png,0.99999994,train_06715
002602.png,1.0000001,train_05303
002603.png,1.0000001,train_02846
002604.png,0.99999994,train_08065
002605.png,0.9999999,train_06789
002606.png,0.9999999,train_05318
002607.png,1.0,train_05851
002608.png,1.0000001,train_03796
002609.png,1.0,train_01203
002610.png,1.0000005,train_00169
002611.png,1.0000002,train_01790
002612.png,1.0,train_04346
002613.png,1.0,train_06312
002614.png,1.0,train_00991
002615.png,1.0,train_00701
002616.png,1.0000002,train_06757
002617.png,1.0,train_02427
002618.png,1.0000002,train_05453
002619.png,1.0,train_07639
002620.png,1.0,train_07974
002621.png,1.0,train_04896
002622.png,1.0000001,train_05156
002623.png,1.0000001,train_01707
002624.png,1.0000005,train_07168
002625.png,1.0000002,train_06764
002626.png,0.99999994,train_05688
002627.png,1.0,train_02558
002628.png,1.0,train_05847
002629.png,0.9999999,train_05577
002630.png,1.0,train_08013
002631.png,0.9999999,train_07545
002632.png,1.0000001,train_05001
002633.png,1.0000004,train_04884
002634.png,1.0000005,train_07889
002635.png,0.9999998,train_00272
002636.png,1.0000001,train_05914
002637.png,0.99999964,train_02070
002638.png,1.0000002,train_01586
002639.png,0.9999998,train_03943
002640.png,1.0000001,train_07542
002641.png,0.9999999,train_01401
002642.png,1.0,train_04647
002643.png,1.0,train_04940
002644.png,1.0,train_04889
002645.png,0.9999999,train_03955
002646.png,1.0,train_00701
002647.png,1.0,train_06905
002648.png,0.99999976,train_06944
002649.png,1.0000002,train_01727
002650.png,0.99999994,train_01753
002651.png,1.0,train_02355
002652.png,0.9999998,train_03960
002653.png,0.9999999,train_03290
002654.png,1.0,train_02248
002655.png,1.0,train_06155
002656.png,1.0,train_02727
002657.png,0.9999999,train_04835
002658.png,1.0000001,train_05670
002659.png,1.0,train_02886
002660.png,1.0,train_04896
002661.png,0.9999999,train_07545
002662.png,1.0000002,train_00878
002663.png,0.9999999,train_02382
002664.png,1.0000001,train_01707
002665.png,1.0,train_00386
002666.png,0.9999999,train_06319
002667.png,1.0000001,train_05915
002668.png,1.0000002,train_06867
002669.png,1.0,train_07295
002670.png,1.0000002,train_06205
002671.png,0.9999999,train_06140
002672.png,0.9999999,train_05372
002673.png,1.0000001,train_02147
002674.png,0.99999994,train_03350
002675.png,1.0000002,train_02829
002676.png,1.0,train_03708
002677.png,0.99999976,train_05302
002678.png,1.0000001,train_07021
002679.png,0.99999994,train_04538
002680.png,1.0000002,train_05092
002681.png,1.0,train_02056
002682.png,1.0000001,train_00303
002683.png,0.99999994,train_01260
002684.png,1.0000002,train_07164
002685.png,1.0,train_00257
002686.png,0.99999994,train_07518
002687.png,0.9999999,train_03957
002688.png,1.0000001,train_05180
002689.png,1.0000001,train_02612
002690.png,0.9999999,train_07732
002691.png,1.0000001,train_01707
002692.png,1.0,train_00996
002693.png,0.9999999,train_04786
002694.png,0.9999999,train_02101
002695.png,0.9999999,train_00844
002696.png,1.0000001,train_00488
002697.png,1.0000001,train_00848
002698.png,1.0000002,train_03714
002699.png,1.0,train_06135
002700.png,1.0,train_04674
002701.png,1.0000001,train_00744
002702.png,1.0000002,train_07462
002703.png,1.0000001,train_03433
002704.png,1.0,train_07630
002705.png,0.9999999,train_03477
002706.png,1.0,train_05159
002707.png,0.99999994,train_04275
002708.png,1.0000004,train_05282
002709.png,0.99999976,train_08087
002710.png,0.99999994,train_07653
002711.png,1.0000002,train_04323
002712.png,1.0000002,train_02994
002713.png,1.0000002,train_03855
002714.png,1.0,train_07601
002715.png,1.0000001,train_06721
002716.png,0.99999976,train_04691
002717.png,1.0000002,train_02800
002718.png,1.0000002,train_03248
002719.png,1.0000002,train_07520
002720.png,1.0000002,train_07430
002721.png,1.0,train_07906
002722.png,0.99999976,train_05735
002723.png,1.0000002,train_00612
002724.png,1.0,train_08072
002725.png,1.0,train_05059
002726.png,0.9999998,train_00233
002727.png,1.0,train_07317
002728.png,0.99999994,train_07643
002729.png,1.0000001,train_05115
002730.png,1.0000002,train_07900
002731.png,1.0,train_05026
002732.png,1.0000001,train_06093
002733.png,1.0000001,train_03001
002734.png,0.9999999,train_01146
002735.png,1.0000001,train_06497
002736.png,1.0,train_08056
002737.png,1.0,train_03408
002738.png,1.0,train_02273
002739.png,1.0,train_03408
002740.png,1.0000001,train_08052
002741.png,0.99999994,train_03228
002742.png,0.9999998,train_07232
002743.png,1.0000001,train_06728
002744.png,1.0,train_07426
002745.png,0.9999997,train_03045
002746.png,1.0,train_04315
002747.png,1.0,train_00754
002748.png,1.0000002,train_07231
002749.png,0.99999976,train_01746
002750.png,1.0,train_02886
002751.png,1.0,train_06443
002752.png,1.0,train_00906
002753.png,1.0,train_05806
002754.png,1.0,train_01133
002755.png,0.99999994,train_06077
002756.png,1.0000002,train_01164
002757.png,1.0000004,train_02463
002758.png,1.0,train_06036
002759.png,1.0,train_02525
002760.png,1.0000001,train_01894
002761.png,1.0000002,train_07926
002762.png,1.0000001,train_07633
002763.png,1.0000001,train_05940
002764.png,0.9999999,train_01146
002765.png,1.0,train_04585
002766.png,1.0,train_07562
002767.png,1.0000002,train_03694
002768.png,0.99999976,train_03824
002769.png,1.0,train_00750
002770.png,1.0000004,train_04231
002771.png,1.0,train_03615
002772.png,0.99999976,train_01617
002773.png,1.0000001,train_02639
002774.png,1.0,train_04205
002775.png,1.0,train_05990
002776.png,1.0,train_03480
002777.png,1.0,train_02093
002778.png,1.0,train_04743
002779.png,1.0,train_04743
002780.png,0.99999994,train_07040
002781.png,1.0000001,train_04416
002782.png,0.99999976,train_01142
002783.png,1.0000002,train_02170
002784.png,1.0000001,train_02805
002785.png,1.0000001,train_01707
002786.png,1.0000002,train_00951
002787.png,1.0000004,train_06242
002788.png,1.0000001,train_05599
002789.png,1.0,train_02377
002790.png,0.9999999,train_01801
002791.png,1.0,train_00991
002792.png,0.9999999,train_03776
002793.png,1.0,train_07800
002794.png,0.9999999,train_02935
002795.png,1.0000001,train_06728
002796.png,0.9999999,train_07924
002797.png,1.0,train_02273
002798.png,1.0,train_01002
002799.png,1.0,train_05995
002800.png,0.99999994,train_01488
002801.png,1.0,train_05528
002802.png,1.0,train_04748
002803.png,1.0,train_00386
002804.png,0.9999999,train_01686
002805.png,1.0000002,train_01865
002806.png,1.0000004,train_07644
002807.png,1.0000001,train_01600
002808.png,1.0,train_02740
002809.png,1.0000001,train_01918
002810.png,1.0000001,train_03663
002811.png,1.0000002,train_06358
002812.png,1.0000002,train_00071
002813.png,0.9999997,train_06264
002814.png,1.0,train_03920
002815.png,1.0,train_04288
002816.png,1.0000002,train_05015
002817.png,1.0000002,train_01014
002818.png,1.0,train_06745
002819.png,1.0000002,train_01187
002820.png,0.99999976,train_05302
002821.png,1.0,train_07931
002822.png,1.0000004,train_05836
002823.png,0.99999994,train_01753
002824.png,1.0,train_07331
002825.png,1.0,train_00294
002826.png,0.9999999,train_01196
002827.png,1.0000002,train_00766
002828.png,1.0000002,train_01067
002829.png,0.99999994,train_00493
002830.png,1.0000002,train_07058
002831.png,1.0,train_07479
002832.png,1.0,train_02051
002833.png,1.0,train_00677
002834.png,1.0,train_01002
002835.png,0.9999999,train_03119
002836.png,1.0000001,train_01347
002837.png,0.9999999,train_01381
002838.png,1.0,train_03230
002839.png,0.99999994,train_00501
002840.png,1.0000001,train_08053
002841.png,0.9999999,train_07024
002842.png,0.9999999,train_04059
002843.png,0.99999994,train_02001
002844.png,1.0000001,train_02805
002845.png,1.0000001,train_02312
002846.png,0.99999976,train_00961
002847.png,0.9999999,train_05948
002848.png,1.0,train_04164
002849.png,1.0,train_01133
002850.png,1.0,train_05990
002851.png,1.0000002,train_05702
002852.png,0.99999994,train_00517
002853.png,0.9999999,train_07465
002854.png,1.0,train_07006
002855.png,0.99999964,train_00281
002856.png,1.0000001,train_05915
002857.png,1.0000001,train_06213
002858.png,1.0000001,train_05214
002859.png,1.0000001,train_06660
002860.png,1.0000002,train_00277
002861.png,1.0000001,train_03663
002862.png,1.0000001,train_01908
002863.png,0.9999999,train_03370
002864.png,1.0,train_04205
002865.png,0.9999999,train_06690
002866.png,1.0,train_01004
002867.png,1.0,train_00361
002868.png,1.0,train_07938
002869.png,0.9999998,train_05381
002870.png,1.0000001,train_07021
002871.png,1.0000002,train_02076
002872.png,0.9999998,train_02095
002873.png,1.0000001,train_00671
002874.png,1.0000002,train_02800
002875.png,0.9999999,train_03892
002876.png,0.9999999,train_07221
002877.png,0.99999994,train_00345
002878.png,1.0,train_02005
002879.png,0.99999994,train_03784
002880.png,1.0000002,train_07576
002881.png,1.0,train_06443
002882.png,1.0,train_04453
002883.png,0.9999999,train_00138
002884.png,1.0000002,train_00056
002885.png,1.0000005,train_02937
002886.png,1.0,train_01538
002887.png,1.0,train_07639
002888.png,1.0,train_04580
002889.png,0.99999994,train_03784
002890.png,1.0,train_01133
002891.png,1.0,train_00321
002892.png,1.0,train_03178
002893.png,0.99999976,train_04469
002894.png,1.0,train_07527
002895.png,1.0,train_04178
002896.png,1.0000001,train_01429
002897.png,1.0,train_01575
002898.png,1.0,train_06905
002899.png,0.9999999,train_07924
002900.png,1.0,train_00904
002901.png,0.9999999,train_02552
002902.png,1.0000004,train_00736
002903.png,1.0,train_01981
002904.png,0.9999999,train_02213
002905.png,1.0,train_04035
002906.png,1.0000002,train_04120
002907.png,1.0,train_04580
002908.png,1.0,train_04035
002909.png,1.0000002,train_01014
002910.png,1.0000001,train_05373
002911.png,0.9999999,train_01146
002912.png,0.9999999,train_02228
002913.png,1.0000002,train_02695
002914.png,1.0000002,train_00733
002915.png,0.9999999,train_07405
002916.png,0.9999999,train_06399
002917.png,0.9999998,train_02095
002918.png,1.0000002,train_01485
002919.png,1.0,train_02926
002920.png,1.0,train_06745
002921.png,1.0000002,train_02994
002922.png,1.0000001,train_07385
002923.png,0.99999994,train_04063
002924.png,1.0000002,train_04154
002925.png,1.0000002,train_05327
002926.png,1.0000004,train_05745
002927.png,1.0,train_01133
002928.png,1.0000001,train_02847
002929.png,0.99999964,train_04553
002930.png,0.99999976,train_06556
002931.png,0.9999999,train_07715
002932.png,0.99999976,train_04469
002933.png,0.9999999,train_00052
002934.png,1.0000002,train_04323
002935.png,1.0000002,train_06229
002936.png,1.0,train_01168
002937.png,1.0000002,train_07111
002938.png,1.0,train_07368
002939.png,1.0,train_01974
002940.png,1.0000002,train_03797
002941.png,1.0000002,train_00446
002942.png,1.0000004,train_05660
002943.png,1.0,train_03474
002944.png,1.0,train_06956
002945.png,1.0000002,train_07883
002946.png,1.0000001,train_08053
002947.png,0.99999994,train_03228
002948.png,0.99999976,train_07839
002949.png,0.9999999,train_03892
002950.png,0.9999999,train_00150
002951.png,1.0,train_00915
002952.png,1.0,train_00898
002953.png,0.99999976,train_00937
002954.png,1.0,train_07094
002955.png,1.0000002,train_02123
002956.png,1.0000001,train_00959
002957.png,1.0,train_06872
002958.png,1.0,train_02844
002959.png,0.99999994,train_03784
002960.png,1.0000002,train_03670
002961.png,0.9999998,train_00705
002962.png,0.99999976,train_04406
002963.png,0.99999976,train_00842
002964.png,0.99999994,train_00345
002965.png,1.0,train_02273
002966.png,1.0000002,train_04323
002967.png,0.9999999,train_06399
002968.png,1.0,train_04580
002969.png,1.0000002,train_03364
002970.png,0.9999999,train_07985
002971.png,1.0,train_00269
002972.png,0.9999999,train_04059
002973.png,0.99999994,train_07040
002974.png,1.0,train_05807
002975.png,1.0,train_07344
002976.png,0.99999994,train_02181
002977.png,1.0,train_00915
002978.png,1.0000002,train_03481
002979.png,1.0,train_02875
002980.png,1.0,train_07479
002981.png,1.0000001,train_00134
002982.png,1.0,train_04901
002983.png,1.0,train_01353
002984.png,1.0,train_02799
002985.png,1.0,train_00704
002986.png,1.0,train_04580
002987.png,1.0000002,train_05327
002988.png,1.0000002,train_04323
002989.png,0.9999999,train_04618
002990.png,1.0000001,train_01053
002991.png,1.0,train_00627
002992.png,1.0,train_07800
002993.png,0.9999999,train_02228
002994.png,1.0000002,train_01164
002995.png,1.0000002,train_03463
002996.png,0.99999994,train_00530
002997.png,1.0000005,train_03743
002998.png,0.9999999,train_04835
002999.png,1.0,train_04346
003000.png,1.0,train_04035
003001.png,1.0000001,train_04418
003002.png,1.0000001,train_08023
003003.png,1.0000001,train_05194
003004.png,0.9999999,train_06140
003005.png,0.9999999,train_03541
003006.png,0.9999998,train_04792
003007.png,1.0,train_04075
003008.png,1.0,train_02740
003009.png,1.0,train_00367
003010.png,1.0000002,train_07127
003011.png,1.0,train_07793
003012.png,0.9999999,train_00558
003013.png,1.0000002,train_02830
003014.png,1.0,train_07806
003015.png,1.0,train_00257
003016.png,1.0000001,train_02247
003017.png,0.9999998,train_04792
003018.png,1.0,train_04739
003019.png,1.0000001,train_06822
003020.png,1.0,train_05465
003021.png,1.0,train_03615
003022.png,1.0,train_05495
003023.png,1.0000001,train_02329
003024.png,1.0000004,train_02910
003025.png,1.0000001,train_07132
003026.png,0.99999976,train_03544
003027.png,1.0,train_00747
003028.png,1.0,train_06196
003029.png,1.0000004,train_05905
003030.png,1.0,train_04075
003031.png,1.0000001,train_03877
003032.png,1.0000002,train_05170
003033.png,0.9999999,train_02228
003034.png,0.9999999,train_04785
003035.png,1.0000004,train_05905
003036.png,0.99999976,train_00444
003037.png,0.99999994,train_04063
003038.png,1.0000002,train_03997
003039.png,1.0,train_04593
003040.png,1.0000005,train_04579
003041.png,1.0000001,train_08053
003042.png,0.99999976,train_03824
003043.png,0.99999994,train_00643
003044.png,0.99999994,train_02580
003045.png,0.99999976,train_04827
003046.png,1.0,train_05847
003047.png,1.0000001,train_03036
003048.png,1.0,train_00915
003049.png,1.0000001,train_06009
003050.png,1.0,train_00284
003051.png,1.0000002,train_04860
003052.png,1.0000001,train_00303
003053.png,1.0000001,train_03661
003054.png,1.0000001,train_05738
003055.png,1.0000001,train_07335
003056.png,1.0,train_05159
003057.png,1.0000004,train_02910
003058.png,1.0000002,train_02245
003059.png,1.0000002,train_03997
003060.png,0.99999976,train_06014
003061.png,1.0,train_07906
003062.png,0.9999998,train_05042
003063.png,1.0000004,train_01897
003064.png,1.0,train_07503
003065.png,0.9999999,train_03999
003066.png,1.0000002,train_04544
003067.png,0.9999999,train_03541
003068.png,1.0000001,train_07994
003069.png,1.0,train_04940
003070.png,1.0000001,train_04540
003071.png,1.0,train_02093
003072.png,0.99999994,train_03510
003073.png,0.9999999,train_07725
003074.png,1.0000001,train_05738
003075.png,1.0000001,train_07198
003076.png,1.0,train_04966
003077.png,1.0000004,train_05660
003078.png,0.9999998,train_00397
003079.png,0.9999999,train_01146
003080.png,0.99999976,train_04417
003081.png,0.99999976,train_05731
003082.png,1.0000001,train_00990
003083.png,1.0,train_06957
003084.png,1.0,train_05737
003085.png,1.0,train_07928
003086.png,1.0,train_04071
003087.png,0.9999999,train_02561
003088.png,1.0000005,train_07168
003089.png,1.0000002,train_05239
003090.png,1.0,train_01291
003091.png,1.0,train_05299
003092.png,0.9999999,train_07540
003093.png,1.0000001,train_00134
003094.png,1.0000001,train_05738
003095.png,1.0000001,train_06421
003096.png,1.0000002,train_05926
003097.png,1.0000004,train_05836
003098.png,0.9999999,train_06389
003099.png,1.0000001,train_00744
003100.png,1.0000002,train_05972
003101.png,1.0,train_05609
003102.png,0.9999998,train_07457
003103.png,1.0000001,train_07992
003104.png,1.0000002,train_05629
003105.png,0.9999998,train_01852
003106.png,0.99999994,train_04275
003107.png,1.0,train_07793
003108.png,1.0,train_03441
003109.png,1.0000001,train_04890
003110.png,1.0,train_07479
003111.png,0.9999999,train_07828
003112.png,1.0,train_03206
003113.png,1.0000002,train_00329
003114.png,1.0,train_02892
003115.png,1.0000001,train_00096
003116.png,0.99999994,train_04063
003117.png,0.9999999,train_03776
003118.png,0.99999976,train_00632
003119.png,1.0000001,train_00365
003120.png,0.99999976,train_00934
003121.png,0.9999996,train_02588
003122.png,1.0000004,train_05660
003123.png,1.0000002,train_04781
003124.png,0.9999999,train_06344
003125.png,1.0000001,train_05214
003126.png,0.9999998,train_05210
003127.png,1.0000002,train_05734
003128.png,1.0000002,train_05628
003129.png,0.9999999,train_04970
003130.png,0.9999999,train_05565
003131.png,1.0,train_04332
003132.png,1.0,train_03408
003133.png,1.0,train_04449
003134.png,1.0000001,train_06222
003135.png,1.0000004,train_01103
003136.png,1.0000002,train_05268
003137.png,0.9999999,train_02382
003138.png,1.0,train_00787
003139.png,1.0000001,train_04083
003140.png,1.0,train_07917
003141.png,0.99999994,train_07333
003142.png,1.0,train_00187
003143.png,1.0000001,train_05115
003144.png,1.0000005,train_00112
003145.png,1.0,train_05159
003146.png,1.0000002,train_03608
003147.png,1.0000001,train_07717
003148.png,1.0000002,train_01719
003149.png,0.9999999,train_02729
003150.png,0.9999999,train_07066
003151.png,0.99999994,train_03269
003152.png,1.0,train_04002
003153.png,1.0,train_07466
003154.png,1.0000001,train_01334
003155.png,1.0000001,train_05303
003156.png,0.9999998,train_07811
003157.png,1.0000002,train_00642
003158.png,0.9999998,train_00208
003159.png,1.0,train_01532
003160.png,0.99999994,train_06077
003161.png,1.0000002,train_05268
003162.png,1.0000002,train_02123
003163.png,0.9999998,train_05276
003164.png,1.0000005,train_00255
003165.png,0.99999976,train_04827
003166.png,0.99999994,train_01242
003167.png,1.0000002,train_00715
003168.png,1.0000002,train_06481
003169.png,1.0000001,train_03003
003170.png,1.0,train_06317
003171.png,1.0,train_05821
003172.png,0.9999999,train_06191
003173.png,1.0000001,train_03774
003174.png,1.0000002,train_01383
003175.png,0.99999976,train_03627
003176.png,0.99999964,train_04017
003177.png,1.0000002,train_03797
003178.png,1.0000001,train_03087
003179.png,1.0,train_07479
003180.png,1.0000002,train_07416
003181.png,1.0,train_01337
003182.png,1.0,train_02248
003183.png,1.0000001,train_07353
003184.png,0.9999998,train_06179
003185.png,1.0000004,train_07248
003186.png,1.0,train_01344
003187.png,1.0,train_00321
003188.png,0.9999999,train_07545
003189.png,0.99999976,train_03824
003190.png,0.99999994,train_04752
003191.png,1.0,train_01451
003192.png,1.0000002,train_02695
003193.png,1.0000004,train_06549
003194.png,0.9999999,train_07732
003195.png,1.0000002,train_05676
003196.png,0.9999999,train_03185
003197.png,1.0000002,train_04732
003198.png,1.0,train_00991
003199.png,1.0,train_05711
003200.png,1.0,train_00367
003201.png,1.0000004,train_00061
003202.png,0.9999999,train_03264
003203.png,1.0000002,train_03797
003204.png,0.9999995,train_06666
003205.png,1.0000001,train_05790
003206.png,1.0000001,train_06421
003207.png,0.9999999,train_07876
003208.png,1.0,train_02828
003209.png,0.9999999,train_04618
003210.png,1.0000001,train_07542
003211.png,1.0,train_01291
003212.png,1.0000002,train_04072
003213.png,1.0,train_01004
003214.png,1.0000001,train_08052
003215.png,1.0,train_01744
003216.png,1.0,train_03129
003217.png,0.9999998,train_03943
003218.png,1.0,train_03129
003219.png,1.0000001,train_00990
003220.png,0.9999999,train_01339
003221.png,1.0000002,train_01922
003222.png,1.0000002,train_00535
003223.png,1.0000001,train_00605
003224.png,1.0000002,train_03782
003225.png,0.9999999,train_02382
003226.png,1.0000002,train_00612
003227.png,1.0,train_05223
003228.png,0.9999999,train_05565
003229.png,0.99999976,train_06944
003230.png,1.0000002,train_03463
003231.png,0.99999994,train_02678
003232.png,0.9999998,train_03827
003233.png,1.0,train_04593
003234.png,1.0,train_02727
003235.png,1.0,train_05165
003236.png,1.0,train_06317
003237.png,1.0000001,train_03774
003238.png,1.0,train_07368
003239.png,1.0000001,train_00941
003240.png,1.0000002,train_06229
003241.png,0.9999999,train_05147
003242.png,1.0000002,train_00803
003243.png,0.99999994,train_00530
003244.png,1.0000002,train_02059
003245.png,1.0000001,train_06660
003246.png,1.0,train_04346
003247.png,0.9999999,train_02836
003248.png,1.0,train_01194
003249.png,1.0000002,train_01026
003250.png,1.0000001,train_07519
003251.png,1.0000002,train_07914
003252.png,1.0000002,train_01014
003253.png,1.0,train_05085
003254.png,0.9999999,train_02382
003255.png,0.99999976,train_06014
003256.png,1.0000002,train_00641
003257.png,1.0000001,train_01323
003258.png,1.0,train_01291
003259.png,1.0000004,train_06439
003260.png,0.9999999,train_00487
003261.png,0.99999994,train_03554
003262.png,1.0000002,train_03782
003263.png,1.0000001,train_07817
003264.png,0.9999999,train_07725
003265.png,1.0000001,train_07410
003266.png,1.0000001,train_07856
003267.png,1.0000001,train_02482
003268.png,1.0000002,train_00855
003269.png,0.9999999,train_04835
003270.png,1.0,train_01178
003271.png,1.0000005,train_01851
003272.png,0.99999976,train_06363
003273.png,1.0000001,train_01308
003274.png,1.0,train_03408
003275.png,0.99999976,train_01992
003276.png,1.0000001,train_07174
003277.png,1.0000002,train_07973
003278.png,1.0000002,train_05628
003279.png,1.0,train_00750
003280.png,1.0,train_06317
003281.png,0.99999976,train_06244
003282.png,1.0000001,train_06024
003283.png,1.0,train_00915
003284.png,1.0,train_01986
003285.png,0.99999976,train_05799
003286.png,0.99999976,train_05103
003287.png,1.0,train_00991
003288.png,0.9999999,train_02277
003289.png,1.0000001,train_00744
003290.png,1.0000002,train_03870
003291.png,1.0,train_07368
003292.png,0.9999998,train_00208
003293.png,1.0,train_07588
003294.png,1.0000002,train_00612
003295.png,1.0000002,train_03608
003296.png,1.0,train_01844
003297.png,1.0,train_03920
003298.png,0.9999996,train_08002
003299.png,1.0000002,train_00951
003300.png,1.0000001,train_00159
003301.png,1.0,train_07903
003302.png,0.9999999,train_00138
003303.png,1.0000002,train_01956
003304.png,0.9999999,train_00138
003305.png,1.0,train_02313
003306.png,1.0,train_01393
003307.png,1.0000002,train_05170
003308.png,1.0,train_05664
003309.png,1.0,train_02957
003310.png,1.0,train_01860
003311.png,1.0,train_05167
003312.png,1.0000001,train_00674
003313.png,1.0000001,train_02846
003314.png,1.0000001,train_01720
003315.png,0.99999994,train_03554
003316.png,1.0,train_04164
003317.png,1.0,train_00627
003318.png,1.0,train_01133
003319.png,1.0,train_05026
003320.png,1.0000002,train_05304
003321.png,1.0000002,train_08050
003322.png,1.0000001,train_05202
003323.png,1.0,train_06317
003324.png,1.0000002,train_02830
003325.png,1.0000001,train_07411
003326.png,1.0,train_00484
003327.png,0.9999999,train_00138
003328.png,1.0000001,train_04146
003329.png,1.0,train_05990
003330.png,0.9999999,train_05565
003331.png,0.9999999,train_02717
003332.png,0.9999998,train_00456
003333.png,0.9999999,train_07828
003334.png,0.9999999,train_06491
003335.png,1.0000001,train_02846
003336.png,0.9999998,train_06206
003337.png,1.0,train_03992
003338.png,1.0000001,train_02247
003339.png,0.99999994,train_02650
003340.png,1.0,train_04035
003341.png,1.0,train_07265
003342.png,1.0,train_07016
003343.png,1.0,train_06957
003344.png,1.0000001,train_06378
003345.png,1.0000001,train_04184
003346.png,1.0000001,train_01334
003347.png,1.0000001,train_04572
003348.png,0.99999994,train_02682
003349.png,1.0,train_04332
003350.png,1.0,train_04164
003351.png,1.0,train_01530
003352.png,1.0000001,train_01188
003353.png,0.99999976,train_03627
003354.png,0.9999999,train_03957
003355.png,1.0,train_05456
003356.png,1.0,train_04526
003357.png,0.9999998,train_05210
003358.png,1.0000001,train_04515
003359.png,0.99999994,train_02580
003360.png,1.0000001,train_06461
003361.png,0.9999999,train_07924
003362.png,1.0,train_00117
003363.png,1.0000002,train_03587
003364.png,0.99999994,train_06754
003365.png,0.99999976,train_07895
003366.png,1.0,train_05824
003367.png,1.0,train_03068
003368.png,0.9999999,train_01146
003369.png,1.0000004,train_00102
003370.png,1.0,train_05167
003371.png,1.0,train_05299
003372.png,1.0,train_01002
003373.png,0.9999999,train_07171
003374.png,0.9999996,train_02971
003375.png,1.0,train_01945
003376.png,1.0,train_02957
003377.png,1.0000001,train_01818
003378.png,0.9999999,train_07221
003379.png,1.0000002,train_04953
003380.png,1.0000002,train_04465
003381.png,1.0,train_07954
003382.png,1.0,train_00704
003383.png,1.0000001,train_02342
003384.png,1.0000001,train_03291
003385.png,0.99999994,train_02449
003386.png,0.99999976,train_05103
003387.png,1.0000005,train_01408
003388.png,1.0000004,train_06800
003389.png,0.99999976,train_06882
003390.png,0.9999999,train_06565
003391.png,0.9999997,train_06211
003392.png,1.0000002,train_01026
003393.png,0.99999994,train_03269
003394.png,0.99999994,train_03510
003395.png,0.9999999,train_04495
003396.png,0.99999964,train_02070
003397.png,1.0000001,train_03774
003398.png,0.9999999,train_00283
003399.png,0.99999976,train_06882
003400.png,1.0000002,train_07334
003401.png,0.9999998,train_05459
003402.png,1.0,train_01393
003403.png,1.0,train_04360
003404.png,1.0000002,train_00642
003405.png,0.99999976,train_07967
003406.png,0.9999999,train_05369
003407.png,0.9999999,train_07545
003408.png,1.0000002,train_02695
003409.png,1.0000001,train_06002
003410.png,1.0,train_01133
003411.png,0.99999994,train_03269
003412.png,0.99999994,train_07643
003413.png,0.9999999,train_04929
003414.png,1.0000002,train_05973
003415.png,0.9999997,train_06211
003416.png,1.0,train_02355
003417.png,0.99999994,train_05957
003418.png,1.0000001,train_03661
003419.png,0.99999976,train_05480
003420.png,1.0,train_02558
003421.png,1.0,train_03504
003422.png,0.9999999,train_02935
003423.png,0.99999994,train_07838
003424.png,1.0000002,train_01922
003425.png,0.9999998,train_07965
003426.png,1.0000001,train_05892
003427.png,0.99999994,train_07845
003428.png,1.0,train_04185
003429.png,0.99999994,train_07040
003430.png,1.0,train_02628
003431.png,1.0,train_04035
003432.png,1.0000002,train_06327
003433.png,0.9999999,train_04715
003434.png,1.0000001,train_01911
003435.png,0.9999998,train_03960
003436.png,1.0000005,train_07889
003437.png,1.0000002,train_03670
003438.png,1.0000001,train_05856
003439.png,1.0,train_04453
003440.png,0.9999999,train_06892
003441.png,0.99999976,train_01304
003442.png,0.99999994,train_00643
003443.png,1.0,train_00257
003444.png,1.0000001,train_07519
003445.png,1.0000002,train_01713
003446.png,1.0000004,train_05905
003447.png,1.0000001,train_02548
003448.png,1.0,train_07057
003449.png,1.0000001,train_05303
003450.png,0.99999976,train_04691
003451.png,0.9999999,train_03341
003452.png,0.9999999,train_06565
003453.png,1.0000002,train_04700
003454.png,0.9999999,train_00138
003455.png,1.0,train_05778
003456.png,1.0,train_07903
003457.png,1.0000002,train_06757
003458.png,1.0,train_04005
003459.png,0.9999999,train_00184
003460.png,1.0,train_00906
003461.png,1.0000002,train_05268
003462.png,1.0,train_04276
003463.png,1.0000002,train_00855
003464.png,0.99999976,train_04563
003465.png,1.0000002,train_01956
003466.png,1.0,train_02209
003467.png,0.9999999,train_01446
003468.png,0.99999976,train_01992
003469.png,0.9999999,train_02213
003470.png,0.9999999,train_05049
003471.png,0.9999999,train_02011
003472.png,0.9999999,train_04542
003473.png,1.0000001,train_07994
003474.png,1.0000001,train_04418
003475.png,1.0000001,train_04271
003476.png,1.0,train_03227
003477.png,1.0,train_04966
003478.png,0.99999994,train_06394
003479.png,0.9999999,train_01676
003480.png,1.0,train_07368
003481.png,1.0,train_03474
003482.png,0.9999999,train_06299
003483.png,1.0000001,train_03291
003484.png,1.0,train_05217
003485.png,1.0000002,train_05734
003486.png,1.0,train_01974
003487.png,1.0000002,train_07914
003488.png,1.0,train_07917
003489.png,1.0000004,train_02114
003490.png,1.0000004,train_05660
003491.png,1.0000002,train_02967
003492.png,0.9999999,train_06986
003493.png,0.9999999,train_07171
003494.png,0.9999999,train_07362
003495.png,1.0000004,train_06242
003496.png,0.99999994,train_07518
003497.png,0.99999994,train_05570
003498.png,0.9999999,train_07545
003499.png,0.9999999,train_00138
003500.png,1.0,train_06911
003501.png,1.0000002,train_04700
003502.png,1.0,train_05847
003503.png,1.0,train_00996
003504.png,1.0000002,train_05550
003505.png,1.0000001,train_00374
003506.png,1.0000001,train_02342
003507.png,0.99999976,train_04469
003508.png,0.99999994,train_06560
003509.png,0.9999999,train_03832
003510.png,0.9999999,train_00150
003511.png,1.0000002,train_01054
003512.png,1.0000004,train_05660
003513.png,1.0000001,train_01913
003514.png,0.9999999,train_07490
003515.png,1.0,train_04980
003516.png,0.9999998,train_02084
003517.png,1.0,train_03409
003518.png,1.0000001,train_05373
003519.png,1.0000002,train_05679
003520.png,1.0000002,train_05092
003521.png,1.0,train_07317
003522.png,1.0000001,train_01308
003523.png,1.0,train_07800
003524.png,1.0,train_06832
003525.png,1.0,train_07479
003526.png,1.0,train_04704
003527.png,1.0,train_00710
003528.png,1.0,train_00386
003529.png,0.9999999,train_02935
003530.png,0.9999999,train_03832
003531.png,1.0000002,train_03532
003532.png,1.0000001,train_07949
003533.png,1.0000002,train_03797
003534.png,0.9999998,train_07874
003535.png,1.0000001,train_00159
003536.png,0.9999999,train_02382
003537.png,1.0,train_06463
003538.png,1.0000001,train_05940
003539.png,1.0000002,train_03601
003540.png,0.99999976,train_01711
003541.png,1.0000002,train_00976
003542.png,1.0,train_07317
003543.png,0.9999999,train_06319
003544.png,1.0000002,train_06102
003545.png,0.9999999,train_03725
003546.png,1.0,train_04593
003547.png,1.0000001,train_03863
003548.png,0.9999999,train_04391
003549.png,0.9999999,train_02836
003550.png,0.9999999,train_07171
003551.png,1.0,train_05157
003552.png,0.99999976,train_04827
003553.png,0.9999999,train_01146
003554.png,1.0000002,train_06757
003555.png,0.9999999,train_02029
003556.png,0.9999998,train_02031
003557.png,1.0,train_06608
003558.png,1.0000004,train_00862
003559.png,0.99999994,train_02415
003560.png,1.0000002,train_01010
003561.png,1.0000004,train_02463
003562.png,0.99999976,train_05603
003563.png,1.0000002,train_05015
003564.png,0.9999999,train_06344
003565.png,0.9999999,train_03842
003566.png,1.0000001,train_01188
003567.png,1.0000002,train_05644
003568.png,1.0,train_03068
003569.png,0.9999996,train_02588
003570.png,1.0000002,train_07319
003571.png,0.9999999,train_03105
003572.png,1.0,train_06364
003573.png,1.0000001,train_07542
003574.png,1.0000001,train_07198
003575.png,1.0000002,train_05268
003576.png,1.0,train_06314
003577.png,0.9999999,train_03897
003578.png,1.0000002,train_04033
003579.png,1.0,train_01133
003580.png,0.9999999,train_07714
003581.png,1.0,train_04453
003582.png,1.0000002,train_00685
003583.png,1.0,train_05807
003584.png,1.0000001,train_04409
003585.png,1.0000001,train_00247
003586.png,1.0000001,train_00944
003587.png,1.0000001,train_04421
003588.png,1.0,train_07317
003589.png,1.0,train_02578
003590.png,1.0,train_06133
003591.png,1.0,train_05252
003592.png,1.0000001,train_03840
003593.png,1.0000002,train_00855
003594.png,0.9999999,train_03832
003595.png,1.0000001,train_02044
003596.png,0.9999999,train_00844
003597.png,1.0,train_03895
003598.png,1.0,train_06566
003599.png,0.9999999,train_08091
003600.png,1.0000001,train_00982
003601.png,1.0,train_05824
003602.png,1.0000002,train_03532
003603.png,1.0000001,train_03663
003604.png,1.0000002,train_00825
003605.png,0.9999999,train_07725
003606.png,0.9999999,train_07465
003607.png,0.9999999,train_05657
003608.png,0.99999994,train_01215
003609.png,1.0000002,train_05455
003610.png,1.0000002,train_00715
003611.png,1.0,train_03178
003612.png,1.0000005,train_05870
003613.png,1.0,train_02093
003614.png,1.0000002,train_03855
003615.png,1.0000002,train_05761
003616.png,0.99999994,train_01095
003617.png,0.99999994,train_03007
003618.png,1.0000001,train_03388
003619.png,0.99999964,train_01953
003620.png,0.9999999,train_00824
003621.png,1.0000002,train_05475
003622.png,1.0000005,train_06212
003623.png,1.0000001,train_00303
003624.png,1.0,train_05339
003625.png,1.0,train_07886
003626.png,1.0,train_00898
003627.png,0.99999976,train_04401
003628.png,1.0,train_02714
003629.png,1.0,train_07094
003630.png,1.0,train_06314
003631.png,1.0000001,train_05908
003632.png,1.0,train_01306
003633.png,1.0,train_03438
003634.png,1.0,train_02056
003635.png,0.99999994,train_07798
003636.png,1.0,train_07886
003637.png,0.99999994,train_05526
003638.png,1.0000001,train_02812
003639.png,1.0,train_05227
003640.png,1.0000002,train_01022
003641.png,1.0000002,train_08076
003642.png,1.0000002,train_06283
003643.png,0.9999998,train_02109
003644.png,1.0000001,train_05120
003645.png,0.9999999,train_04559
003646.png,1.0000005,train_03523
003647.png,1.0,train_04360
003648.png,0.9999999,train_04480
003649.png,0.9999999,train_01250
003650.png,1.0,train_04041
003651.png,0.9999999,train_07258
003652.png,1.0000002,train_04154
003653.png,1.0000001,train_01441
003654.png,0.9999999,train_02836
003655.png,0.9999999,train_00042
003656.png,0.99999994,train_04186
003657.png,1.0,train_00750
003658.png,1.0,train_03159
003659.png,1.0,train_01798
003660.png,1.0000002,train_07619
003661.png,0.9999999,train_01146
003662.png,0.99999976,train_01142
003663.png,1.0,train_04674
003664.png,1.0,train_06017
003665.png,1.0000001,train_00159
003666.png,1.0,train_01684
003667.png,1.0,train_01390
003668.png,1.0,train_07931
003669.png,1.0,train_01619
003670.png,0.9999999,train_06806
003671.png,1.0000001,train_05303
003672.png,1.0000002,train_01106
003673.png,0.99999994,train_00512
003674.png,0.9999999,train_03926
003675.png,1.0,train_01038
003676.png,1.0000001,train_07489
003677.png,1.0,train_02377
003678.png,0.9999999,train_07846
003679.png,1.0000001,train_03311
003680.png,1.0,train_02740
003681.png,1.0000001,train_06572
003682.png,0.99999994,train_05238
003683.png,0.99999994,train_03228
003684.png,1.0000002,train_00277
003685.png,0.9999999,train_07157
003686.png,1.0,train_01049
003687.png,1.0000002,train_03481
003688.png,1.0000002,train_03016
003689.png,0.99999976,train_04469
003690.png,0.9999999,train_05558
003691.png,1.0000002,train_01547
003692.png,1.0,train_06960
003693.png,0.9999998,train_02972
003694.png,1.0000002,train_02695
003695.png,0.9999999,train_04835
003696.png,1.0000001,train_07558
003697.png,1.0000001,train_07411
003698.png,1.0000001,train_02699
003699.png,1.0,train_04971
003700.png,0.99999976,train_06587
003701.png,0.99999976,train_00934
003702.png,1.0,train_07295
003703.png,1.0000002,train_04323
003704.png,1.0,train_04002
003705.png,1.0000002,train_03974
003706.png,1.0,train_04284
003707.png,1.0000001,train_00096
003708.png,1.0000001,train_05643
003709.png,0.99999976,train_07537
003710.png,1.0000002,train_00766
003711.png,1.0000002,train_02059
003712.png,1.0,train_06240
003713.png,0.9999999,train_04715
003714.png,0.99999976,train_04691
003715.png,0.99999994,train_05186
003716.png,1.0000002,train_02076
003717.png,1.0,train_02813
003718.png,0.99999976,train_01560
003719.png,0.99999994,train_04942
003720.png,0.9999999,train_03264
003721.png,1.0000002,train_06102
003722.png,0.99999976,train_01142
003723.png,1.0,train_05806
003724.png,0.9999999,train_00138
003725.png,0.99999964,train_01953
003726.png,1.0000002,train_00339
003727.png,1.0000002,train_03403
003728.png,0.99999976,train_00062
003729.png,1.0000001,train_01484
003730.png,0.9999999,train_06445
003731.png,1.0,train_08057
003732.png,0.9999999,train_07725
003733.png,1.0000001,train_05194
003734.png,0.99999976,train_04563
003735.png,1.0000002,train_05550
003736.png,1.0,train_03227
003737.png,1.0000004,train_06651
003738.png,1.0000001,train_06464
003739.png,1.0,train_07331
003740.png,1.0,train_00915
003741.png,0.9999999,train_03185
003742.png,1.0,train_07479
003743.png,1.0000001,train_04028
003744.png,0.99999994,train_05570
003745.png,1.0,train_05391
003746.png,0.99999994,train_07040
003747.png,0.9999999,train_07941
003748.png,1.0,train_02501
003749.png,1.0000001,train_06002
003750.png,1.0000001,train_03103
003751.png,1.0,train_05217
003752.png,1.0000002,train_06102
003753.png,1.0000002,train_06699
003754.png,1.0,train_04315
003755.png,1.0000004,train_03310
003756.png,1.0000002,train_04154
003757.png,1.0,train_05050
003758.png,1.0000002,train_03670
003759.png,1.0,train_04429
003760.png,0.9999999,train_07876
003761.png,1.0,train_03335
003762.png,1.0000002,train_02170
003763.png,1.0000004,train_02114
003764.png,1.0000001,train_02954
003765.png,1.0000002,train_07343
003766.png,1.0,train_05061
003767.png,1.0000002,train_04735
003768.png,0.9999999,train_03832
003769.png,0.9999999,train_00138
003770.png,1.0000001,train_02342
003771.png,1.0,train_05516
003772.png,1.0,train_01295
003773.png,0.99999994,train_07855
003774.png,1.0000001,train_07410
003775.png,1.0,train_08072
003776.png,0.99999964,train_04017
003777.png,1.0,train_07503
003778.png,1.0000001,train_03433
003779.png,1.0000001,train_00096
003780.png,1.0,train_04035
003781.png,1.0000002,train_00809
003782.png,1.0,train_07479
003783.png,1.0000002,train_02919
003784.png,0.9999999,train_06399
003785.png,0.9999998,train_05950
003786.png,1.0000002,train_04472
003787.png,0.99999994,train_02682
003788.png,1.0000002,train_05734
003789.png,0.9999999,train_01146
003790.png,1.0,train_00313
003791.png,1.0000001,train_04083
003792.png,1.0000004,train_05660
003793.png,1.0,train_03920
003794.png,0.9999999,train_02984
003795.png,1.0,train_01798
003796.png,1.0000002,train_07883
003797.png,0.99999994,train_01260
003798.png,1.0000001,train_02805
003799.png,1.0,train_07543
003800.png,1.0000004,train_00203
003801.png,0.9999999,train_06538
003802.png,1.0,train_00309
003803.png,1.0,train_04928
003804.png,1.0,train_03888
003805.png,1.0,train_02362
003806.png,0.99999964,train_05560
003807.png,1.0,train_07344
003808.png,1.0000002,train_02994
003809.png,1.0000001,train_05887
003810.png,1.0,train_01530
003811.png,1.0000001,train_01913
003812.png,1.0,train_07954
003813.png,1.0,train_03005
003814.png,1.0000002,train_07244
003815.png,1.0000002,train_03472
003816.png,1.0000001,train_04271
003817.png,1.0000002,train_03716
003818.png,1.0000002,train_03997
003819.png,1.0000001,train_01323
003820.png,0.99999976,train_02430
003821.png,1.0,train_03247
003822.png,1.0,train_00187
003823.png,1.0000001,train_05915
003824.png,1.0,train_02813
003825.png,1.0000001,train_05892
003826.png,1.0,train_04453
003827.png,0.99999964,train_01953
003828.png,1.0,train_05847
003829.png,1.0000001,train_01188
003830.png,0.9999998,train_07457
003831.png,0.99999976,train_01304
003832.png,1.0,train_06957
003833.png,1.0000004,train_06352
003834.png,1.0,train_03649
003835.png,1.0000002,train_07416
003836.png,1.0000002,train_07367
003837.png,1.0000002,train_02967
003838.png,0.9999998,train_05505
003839.png,1.0000005,train_00112
003840.png,1.0,train_04578
003841.png,1.0000002,train_05669
003842.png,1.0,train_02263
003843.png,0.99999976,train_02430
003844.png,1.0000001,train_03922
003845.png,0.9999998,train_05016
003846.png,1.0,train_04930
003847.png,0.9999999,train_07876
003848.png,0.9999999,train_02269
003849.png,1.0,train_06135
003850.png,1.0,train_00787
003851.png,1.0,train_02628
003852.png,1.0,train_01295
003853.png,1.0000002,train_04202
003854.png,1.0,train_04924
003855.png,1.0000002,train_03601
003856.png,0.9999999,train_06499
003857.png,1.0,train_07317
003858.png,1.0,train_07807
003859.png,1.0,train_06745
003860.png,0.99999964,train_01953
003861.png,1.0,train_07931
003862.png,1.0000002,train_01483
003863.png,1.0,train_02056
003864.png,1.0000001,train_01707
003865.png,1.0000002,train_00329
003866.png,0.99999976,train_00444
003867.png,1.0000001,train_01707
003868.png,0.99999976,train_02311
003869.png,1.0,train_07866
003870.png,1.0,train_01002
003871.png,0.9999999,train_00138
003872.png,0.9999999,train_07452
003873.png,1.0,train_00730
003874.png,0.9999997,train_05242
003875.png,1.0,train_01701
003876.png,1.0,train_00524
003877.png,1.0000002,train_00131
003878.png,0.9999999,train_07545
003879.png,0.99999994,train_00501
003880.png,1.0000002,train_01424
003881.png,1.0,train_04704
003882.png,0.9999999,train_04279
003883.png,0.99999994,train_02650
003884.png,1.0000001,train_03877
003885.png,1.0000001,train_03780
003886.png,1.0000001,train_05390
003887.png,1.0000001,train_03202
003888.png,1.0000001,train_01879
003889.png,0.9999999,train_01146
003890.png,1.0000002,train_03974
003891.png,1.0000002,train_02481
003892.png,1.0000001,train_02878
003893.png,1.0,train_07954
003894.png,0.9999999,train_03477
003895.png,0.9999999,train_01250
003896.png,0.99999994,train_01753
003897.png,1.0000001,train_04762
003898.png,1.0,train_07057
003899.png,1.0000002,train_01719
003900.png,1.0,train_07720
003901.png,0.9999999,train_07876
003902.png,1.0,train_03589
003903.png,0.99999976,train_01265
003904.png,1.0000002,train_00685
003905.png,1.0000002,train_02481
003906.png,0.9999999,train_03832
003907.png,1.0,train_02930
003908.png,0.9999999,train_02213
003909.png,1.0,train_04580
003910.png,1.0000001,train_06728
003911.png,1.0,train_03206
003912.png,0.99999994,train_01242
003913.png,0.9999999,train_00184
003914.png,1.0,train_05410
003915.png,0.9999999,train_07715
003916.png,0.99999976,train_01182
003917.png,1.0000004,train_00891
003918.png,0.9999999,train_07465
003919.png,1.0,train_00386
003920.png,1.0000002,train_00339
003921.png,1.0,train_01538
003922.png,0.9999999,train_03477
003923.png,1.0,train_00689
003924.png,1.0000002,train_07576
003925.png,1.0,train_04002
003926.png,1.0000004,train_02910
003927.png,1.0000002,train_02519
003928.png,1.0,train_05990
003929.png,1.0000001,train_04498
003930.png,1.0000002,train_03444
003931.png,1.0000001,train_04415
003932.png,0.9999999,train_03751
003933.png,1.0000002,train_05015
003934.png,0.9999999,train_02838
003935.png,1.0000001,train_01894
003936.png,0.9999997,train_00043
003937.png,1.0,train_00386
003938.png,0.99999976,train_04490
003939.png,1.0000002,train_03058
003940.png,0.9999999,train_06489
003941.png,1.0,train_04980
003942.png,1.0000001,train_02495
003943.png,0.99999994,train_01698
003944.png,1.0000002,train_07914
003945.png,1.0000002,train_07319
003946.png,0.9999999,train_02729
003947.png,1.0,train_02377
003948.png,1.0000002,train_01956
003949.png,1.0,train_00386
003950.png,1.0,train_04284
003951.png,1.0000001,train_05935
003952.png,1.0000001,train_06421
003953.png,1.0,train_01038
003954.png,1.0000002,train_01719
003955.png,0.9999999,train_03846
003956.png,1.0000001,train_02342
003957.png,1.0000002,train_00339
003958.png,1.0000001,train_01429
003959.png,1.0000001,train_04271
003960.png,0.9999999,train_07924
003961.png,1.0000002,train_07883
003962.png,0.9999999,train_00193
003963.png,1.0000001,train_02805
003964.png,1.0000004,train_01784
003965.png,1.0000004,train_06821
003966.png,1.0000004,train_02910
003967.png,0.9999999,train_03776
003968.png,1.0,train_07920
003969.png,0.9999999,train_05147
003970.png,1.0,train_02748
003971.png,1.0,train_04896
003972.png,1.0,train_04453
003973.png,1.0000002,train_00081
003974.png,1.0,train_01004
003975.png,0.9999998,train_06179
003976.png,1.0,train_06463
003977.png,1.0000001,train_01894
003978.png,0.9999999,train_02729
003979.png,1.0000001,train_02312
003980.png,1.0,train_02818
003981.png,1.0,train_04256
003982.png,0.99999976,train_06944
003983.png,1.0000002,train_02994
003984.png,1.0,train_04940
003985.png,1.0,train_00321
003986.png,1.0000001,train_05618
003987.png,1.0000001,train_01642
003988.png,0.9999999,train_06300
003989.png,0.9999999,train_07458
003990.png,0.9999999,train_02513
003991.png,0.9999997,train_01912
003992.png,1.0,train_04580
003993.png,1.0000002,train_04465
003994.png,0.9999998,train_05381
003995.png,1.0000002,train_05453
003996.png,1.0000004,train_03742
003997.png,1.0,train_01291
003998.png,1.0000002,train_01980
003999.png,0.9999999,train_06491
004000.png,1.0000001,train_03036
004001.png,1.0,train_06960
004002.png,1.0000004,train_02039
004003.png,1.0000001,train_07519
004004.png,1.0000001,train_07411
004005.png,1.0000002,train_04732
004006.png,1.0000002,train_07619
004007.png,1.0,train_01701
004008.png,1.0000002,train_07430
004009.png,0.99999964,train_04553
004010.png,0.99999994,train_05884
004011.png,1.0000001,train_05915
004012.png,1.0,train_04002
004013.png,1.0,train_06416
004014.png,1.0000001,train_07174
004015.png,1.0,train_07806
004016.png,1.0000002,train_06481
004017.png,1.0,train_08025
004018.png,0.9999998,train_07814
004019.png,1.0000002,train_00339
004020.png,1.0000002,train_07430
004021.png,0.9999999,train_03477
004022.png,1.0000001,train_04396
004023.png,0.99999976,train_00842
004024.png,0.9999996,train_02971
004025.png,0.99999976,train_01746
004026.png,0.9999999,train_00052
004027.png,1.0000002,train_03428
004028.png,1.0,train_07697
004029.png,1.0000002,train_01547
004030.png,0.9999999,train_05300
004031.png,1.0000001,train_00159
004032.png,1.0000001,train_04271
004033.png,0.9999998,train_04778
004034.png,1.0,train_06072
004035.png,0.99999994,train_03350
004036.png,0.9999999,train_05558
004037.png,0.99999994,train_05688
004038.png,1.0000002,train_06895
004039.png,1.0000001,train_05156
004040.png,1.0000002,train_02291
004041.png,1.0,train_05806
004042.png,1.0,train_00704
004043.png,1.0,train_01409
004044.png,0.9999999,train_02213
004045.png,0.9999999,train_03842
004046.png,1.0000001,train_05751
004047.png,0.9999999,train_04059
004048.png,0.99999964,train_00908
004049.png,1.0,train_08026
004050.png,1.0000002,train_00127
004051.png,1.0000002,train_04544
004052.png,1.0,train_04041
004053.png,1.0,train_04896
004054.png,1.0,train_07502
004055.png,0.99999964,train_01953
004056.png,1.0000002,train_03716
004057.png,1.0,train_07793
004058.png,1.0000002,train_04120
004059.png,1.0,train_06443
004060.png,1.0,train_02036
004061.png,1.0,train_05413
004062.png,0.99999964,train_07372
004063.png,1.0000004,train_07248
004064.png,1.0,train_06840
004065.png,0.9999999,train_07405
004066.png,1.0,train_00996
004067.png,1.0,train_04284
004068.png,1.0000002,train_02872
004069.png,1.0,train_00269
004070.png,1.0000002,train_02123
004071.png,0.99999994,train_00493
004072.png,1.0000001,train_07992
004073.png,1.0000001,train_01818
004074.png,1.0,train_04205
004075.png,1.0000001,train_02870
004076.png,1.0,train_03345
004077.png,1.0,train_03345
004078.png,0.99999976,train_06279
004079.png,0.9999999,train_02011
004080.png,1.0,train_01952
004081.png,1.0,train_07666
004082.png,1.0,train_05516
004083.png,1.0000001,train_05194
004084.png,1.0000002,train_00137
004085.png,0.99999994,train_01101
004086.png,1.0,train_00754
004087.png,0.9999999,train_02269
004088.png,1.0,train_05299
004089.png,1.0000002,train_02695
004090.png,1.0,train_00170
004091.png,1.0,train_03480
004092.png,1.0000001,train_01600
004093.png,1.0000002,train_02973
004094.png,1.0000004,train_02910
004095.png,1.0,train_07368
004096.png,1.0,train_00988
004097.png,0.99999976,train_05429
004098.png,1.0,train_04446
004099.png,1.0,train_04328
004100.png,1.0000002,train_07580
004101.png,1.0,train_00710
004102.png,1.0,train_00750
004103.png,0.99999994,train_00501
004104.png,1.0000001,train_04556
004105.png,0.99999976,train_01142
004106.png,1.0000002,train_03472
004107.png,1.0000002,train_02824
004108.png,1.0,train_00285
004109.png,0.9999999,train_05318
004110.png,1.0000002,train_00137
004111.png,0.9999998,train_04792
004112.png,1.0,train_02156
004113.png,1.0,train_05564
004114.png,1.0,train_02762
004115.png,1.0,train_07094
004116.png,1.0,train_03247
004117.png,1.0000002,train_03463
004118.png,0.99999964,train_04941
004119.png,1.0000002,train_02170
004120.png,1.0,train_03153
004121.png,0.9999999,train_00124
004122.png,1.0000002,train_02829
004123.png,0.99999976,train_03544
004124.png,1.0,train_08079
004125.png,1.0000002,train_00050
004126.png,1.0000004,train_07644
004127.png,0.99999994,train_02165
004128.png,0.99999994,train_07641
004129.png,1.0,train_07057
004130.png,1.0000001,train_03103
004131.png,0.99999964,train_06475
004132.png,1.0000001,train_02312
004133.png,1.0000004,train_06651
004134.png,1.0000001,train_03036
004135.png,1.0,train_07479
004136.png,1.0000002,train_02738
004137.png,0.99999976,train_06939
004138.png,0.99999994,train_06823
004139.png,1.0000002,train_07883
004140.png,1.0000001,train_05373
004141.png,1.0000002,train_01164
004142.png,1.0000002,train_02994
004143.png,0.99999976,train_06944
004144.png,1.0,train_05851
004145.png,1.0,train_01684
004146.png,0.99999964,train_04941
004147.png,1.0,train_04966
004148.png,1.0,train_02263
004149.png,1.0000001,train_05935
004150.png,1.0000001,train_03311
004151.png,1.0,train_02844
004152.png,1.0,train_06402
004153.png,1.0,train_05252
004154.png,1.0000002,train_02679
004155.png,1.0000004,train_01784
004156.png,0.9999998,train_04206
004157.png,0.9999999,train_05038
004158.png,1.0000001,train_04162
004159.png,1.0000004,train_01819
004160.png,0.99999994,train_02752
004161.png,1.0,train_06312
004162.png,0.9999999,train_05316
004163.png,0.9999999,train_01146
004164.png,0.9999999,train_03832
004165.png,1.0,train_04453
004166.png,1.0,train_05169
004167.png,1.0000002,train_00339
004168.png,0.9999999,train_02561
004169.png,0.9999999,train_05769
004170.png,0.9999999,train_07473
004171.png,1.0000002,train_00733
004172.png,1.0000002,train_07635
004173.png,0.9999998,train_02553
004174.png,1.0,train_01295
004175.png,0.9999999,train_05601
004176.png,0.99999994,train_03350
004177.png,1.0000001,train_01894
004178.png,1.0000004,train_01988
004179.png,0.9999999,train_07876
004180.png,1.0000002,train_03333
004181.png,0.9999999,train_01012
004182.png,1.0000002,train_02695
004183.png,1.0,train_03178
004184.png,0.9999997,train_00043
004185.png,1.0,train_04328
004186.png,1.0,train_03761
004187.png,1.0,train_00988
004188.png,0.9999999,train_01339
004189.png,0.99999976,train_03544
004190.png,1.0000002,train_02829
004191.png,0.9999999,train_03541
004192.png,1.0,train_05893
004193.png,1.0,train_06133
004194.png,1.0,train_06443
004195.png,1.0,train_06617
004196.png,0.99999964,train_04558
004197.png,1.0,train_04833
004198.png,1.0000001,train_02044
004199.png,1.0,train_07954
004200.png,1.0,train_04288
004201.png,1.0,train_01133
004202.png,1.0,train_07886
004203.png,0.99999994,train_01101
004204.png,1.0,train_05593
004205.png,1.0000001,train_06822
004206.png,1.0000002,train_00531
004207.png,1.0,train_01198
004208.png,0.99999994,train_07838
004209.png,0.9999999,train_06144
004210.png,1.0,train_01203
004211.png,0.99999976,train_07991
004212.png,0.99999976,train_06944
004213.png,0.99999994,train_01242
004214.png,1.0,train_05516
004215.png,1.0000002,train_02554
004216.png,0.9999999,train_08106
004217.png,1.0000004,train_04143
004218.png,1.0000002,train_01000
004219.png,1.0,train_06443
004220.png,1.0,train_06317
004221.png,1.0000002,train_07416
004222.png,1.0,train_00516
004223.png,1.0000002,train_06283
004224.png,1.0000001,train_07944
004225.png,1.0000002,train_07462
004226.png,0.99999976,train_07506
004227.png,0.9999999,train_03832
004228.png,1.0000002,train_01331
004229.png,1.0,train_03615
004230.png,0.9999999,train_07985
004231.png,1.0000002,train_03782
004232.png,1.0,train_00991
004233.png,1.0000002,train_03364
004234.png,1.0000001,train_06721
004235.png,1.0000004,train_00373
004236.png,0.9999999,train_03957
004237.png,1.0000001,train_03323
004238.png,1.0,train_03183
004239.png,0.9999998,train_00272
004240.png,1.0,train_00386
004241.png,1.0,train_01207
004242.png,1.0,train_04834
004243.png,1.0,train_07996
004244.png,1.0000002,train_05702
004245.png,1.0000002,train_04472
004246.png,1.0000001,train_05156
004247.png,1.0,train_04177
004248.png,1.0,train_04940
004249.png,0.9999999,train_00120
004250.png,1.0000001,train_06497
004251.png,1.0000001,train_05935
004252.png,0.9999999,train_03846
004253.png,1.0,train_01295
004254.png,1.0000002,train_06899
004255.png,0.9999999,train_01146
004256.png,0.9999999,train_02182
004257.png,1.0,train_04411
004258.png,0.99999976,train_05735
004259.png,1.0000002,train_04732
004260.png,1.0,train_05227
004261.png,1.0000002,train_02149
004262.png,1.0,train_05085
004263.png,1.0,train_07265
004264.png,1.0000004,train_02463
004265.png,1.0000004,train_05282
004266.png,1.0000001,train_01913
004267.png,0.99999976,train_06556
004268.png,1.0000001,train_03276
004269.png,1.0000002,train_01383
004270.png,0.9999998,train_07063
004271.png,0.9999998,train_04792
004272.png,1.0000002,train_03670
004273.png,0.99999994,train_03228
004274.png,1.0000001,train_05887
004275.png,1.0000001,train_01308
004276.png,1.0000001,train_05908
004277.png,1.0,train_05413
004278.png,1.0000001,train_06024
004279.png,0.99999964,train_04941
004280.png,1.0000002,train_02994
004281.png,0.9999999,train_00283
004282.png,1.0,train_06443
004283.png,1.0000001,train_05670
004284.png,1.0,train_00378
004285.png,1.0,train_07016
004286.png,0.99999994,train_07838
004287.png,1.0000001,train_06461
004288.png,1.0000002,train_02695
004289.png,1.0,train_06769
004290.png,0.9999999,train_03370
004291.png,1.0000002,train_04672
004292.png,0.99999994,train_08096
004293.png,1.0000004,train_05745
004294.png,1.0,train_07758
004295.png,1.0000002,train_05239
004296.png,1.0,train_01178
004297.png,0.99999994,train_01175
004298.png,0.9999999,train_07405
004299.png,0.9999999,train_02228
004300.png,1.0,train_03895
004301.png,0.9999999,train_03897
004302.png,1.0000001,train_02342
004303.png,0.99999964,train_05383
004304.png,1.0000002,train_03414
004305.png,1.0000002,train_03596
004306.png,0.9999999,train_01492
004307.png,1.0,train_06057
004308.png,0.9999999,train_05863
004309.png,1.0,train_02886
004310.png,0.9999999,train_00824
004311.png,1.0000002,train_00783
004312.png,0.9999999,train_04125
004313.png,1.0000002,train_02572
004314.png,1.0,train_06745
004315.png,1.0000002,train_07343
004316.png,0.99999994,train_05233
004317.png,0.9999999,train_06892
004318.png,1.0000002,train_05455
004319.png,0.9999999,train_04391
004320.png,0.99999976,train_00444
004321.png,1.0000004,train_00308
004322.png,0.9999998,train_00208
004323.png,1.0000001,train_01323
004324.png,0.99999994,train_05570
004325.png,1.0000001,train_02044
004326.png,1.0000002,train_02830
004327.png,0.99999994,train_07653
004328.png,1.0,train_05563
004329.png,1.0,train_05217
004330.png,0.9999999,train_06936
004331.png,1.0000002,train_02802
004332.png,0.99999976,train_06587
004333.png,0.9999999,train_04785
004334.png,1.0,train_04376
004335.png,1.0000002,train_04531
004336.png,0.9999999,train_07725
004337.png,1.0000002,train_00071
004338.png,1.0,train_03206
004339.png,1.0,train_01986
004340.png,1.0000002,train_04628
004341.png,0.99999976,train_01617
004342.png,1.0000004,train_03076
004343.png,0.99999976,train_05420
004344.png,1.0000002,train_03836
004345.png,0.99999976,train_00961
004346.png,1.0,train_04360
004347.png,1.0000001,train_04271
004348.png,0.9999999,train_06538
004349.png,1.0000001,train_06721
004350.png,1.0,train_00434
004351.png,0.9999999,train_07545
004352.png,1.0,train_01303
004353.png,0.99999994,train_02826
004354.png,1.0,train_03655
004355.png,0.99999976,train_08139
004356.png,0.9999998,train_00931
004357.png,1.0000002,train_05292
004358.png,0.9999999,train_07405
004359.png,1.0,train_07909
004360.png,1.0000001,train_01911
004361.png,1.0,train_04896
004362.png,1.0000001,train_03193
004363.png,1.0000004,train_01103
004364.png,1.0000001,train_03663
004365.png,0.9999999,train_01146
004366.png,1.0000001,train_01879
004367.png,0.99999976,train_04691
004368.png,1.0000006,train_07936
004369.png,1.0000001,train_07992
004370.png,0.9999999,train_00916
004371.png,1.0,train_03615
004372.png,1.0,train_00754
004373.png,0.9999999,train_00298
004374.png,1.0,train_02813
004375.png,1.0,train_01844
004376.png,1.0000001,train_02870
004377.png,0.9999998,train_07874
004378.png,1.0000004,train_02910
004379.png,1.0,train_07265
004380.png,1.0000002,train_03472
004381.png,0.99999994,train_04063
004382.png,0.99999976,train_03544
004383.png,0.9999999,train_06762
004384.png,1.0,train_05821
004385.png,1.0000002,train_07367
004386.png,1.0,train_05413
004387.png,0.99999976,train_06244
004388.png,1.0000001,train_03326
004389.png,1.0,train_05622
004390.png,1.0000004,train_08047
004391.png,0.9999997,train_02250
004392.png,1.0,train_01133
004393.png,1.0000001,train_00025
004394.png,0.99999976,train_06939
004395.png,1.0000001,train_04648
004396.png,0.9999999,train_01146
004397.png,1.0000002,train_05066
004398.png,1.0000005,train_00255
004399.png,1.0000001,train_04556
004400.png,1.0000001,train_06470
004401.png,1.0000004,train_06800
004402.png,1.0,train_06746
004403.png,1.0000001,train_03707
004404.png,0.9999999,train_07221
004405.png,0.9999999,train_07778
004406.png,1.0,train_03178
004407.png,1.0000001,train_04409
004408.png,1.0,train_07702
004409.png,1.0,train_04429
004410.png,1.0,train_04205
004411.png,1.0000002,train_03462
004412.png,1.0000005,train_04050
004413.png,1.0000004,train_08047
004414.png,1.0000002,train_06706
004415.png,1.0,train_02740
004416.png,1.0000004,train_06352
004417.png,1.0,train_07265
004418.png,1.0000001,train_01484
004419.png,0.99999976,train_00934
004420.png,1.0,train_05050
004421.png,1.0000001,train_03922
004422.png,1.0000001,train_00021
004423.png,0.99999994,train_07598
004424.png,1.0,train_05990
004425.png,0.99999994,train_07643
004426.png,1.0000001,train_05690
004427.png,0.99999994,train_07641
004428.png,0.9999999,train_04785
004429.png,0.9999999,train_03477
004430.png,0.9999999,train_04391
004431.png,1.0000001,train_03877
004432.png,1.0000001,train_00030
004433.png,1.0000004,train_02910
004434.png,0.9999999,train_04082
004435.png,1.0,train_01701
004436.png,1.0000001,train_00744
004437.png,0.99999994,train_08096
004438.png,1.0000002,train_01022
004439.png,0.9999999,train_03957
004440.png,1.0000001,train_07410
004441.png,0.99999976,train_04691
004442.png,0.99999994,train_05238
004443.png,1.0,train_03812
004444.png,0.99999994,train_02650
004445.png,1.0000001,train_05156
004446.png,1.0000001,train_01894
004447.png,1.0000004,train_01103
004448.png,1.0000001,train_01429
004449.png,1.0000001,train_04393
004450.png,0.99999976,train_07537
004451.png,1.0,train_03812
004452.png,1.0000001,train_05892
004453.png,1.0,train_06840
004454.png,1.0,train_06745
004455.png,0.99999994,train_03508
004456.png,1.0000002,train_01638
004457.png,0.99999994,train_03269
004458.png,0.9999999,train_00860
004459.png,0.9999999,train_04278
004460.png,1.0,train_03335
004461.png,0.99999994,train_03784
004462.png,1.0000001,train_00247
004463.png,1.0,train_07265
004464.png,1.0000006,train_07936
004465.png,1.0000002,train_03424
004466.png,1.0000001,train_00990
004467.png,1.0000001,train_01218
004468.png,1.0000002,train_06467
004469.png,1.0,train_08013
004470.png,1.0,train_03615
004471.png,1.0000001,train_06464
004472.png,1.0,train_00787
004473.png,1.0000002,train_03997
004474.png,1.0,train_03227
004475.png,0.9999997,train_05242
004476.png,1.0000002,train_01010
004477.png,1.0000002,train_00770
004478.png,0.9999999,train_00042
004479.png,0.99999994,train_01209
004480.png,0.9999998,train_05950
004481.png,1.0,train_05807
004482.png,1.0,train_08079
004483.png,1.0,train_04449
004484.png,0.9999999,train_01801
004485.png,0.9999998,train_03186
004486.png,1.0000002,train_06154
004487.png,1.0000004,train_01784
004488.png,0.9999999,train_03832
004489.png,1.0,train_03262
004490.png,1.0,train_07974
004491.png,0.9999999,train_07725
004492.png,0.99999994,train_05570
004493.png,0.99999976,train_03824
004494.png,1.0000002,train_05475
004495.png,0.99999976,train_01142
004496.png,1.0,train_02578
004497.png,0.9999999,train_07628
004498.png,0.99999976,train_04197
004499.png,1.0000002,train_03716
004500.png,1.0,train_04609
004501.png,0.99999964,train_04941
004502.png,0.99999994,train_04378
004503.png,0.99999994,train_04337
004504.png,0.9999999,train_02561
004505.png,0.9999999,train_03842
004506.png,1.0,train_00075
004507.png,0.99999994,train_05178
004508.png,1.0000002,train_00612
004509.png,1.0000002,train_02994
004510.png,1.0000004,train_00203
004511.png,1.0000001,train_06378
004512.png,1.0000002,train_08046
004513.png,1.0,train_01133
004514.png,1.0000002,train_01164
004515.png,1.0,train_07527
004516.png,1.0000002,train_01164
004517.png,1.0000002,train_05304
004518.png,0.9999999,train_07924
004519.png,0.99999994,train_02752
004520.png,0.9999997,train_07590
004521.png,1.0,train_05413
004522.png,1.0000002,train_05629
004523.png,1.0,train_06524
004524.png,1.0,train_07484
004525.png,0.9999997,train_02250
004526.png,1.0,train_04453
004527.png,1.0000002,train_02800
004528.png,1.0,train_03227
004529.png,0.9999999,train_00916
004530.png,0.99999994,train_03300
004531.png,1.0000004,train_04904
004532.png,1.0000001,train_05690
004533.png,1.0000001,train_00674
004534.png,1.0000001,train_07597
004535.png,1.0,train_03497
004536.png,1.0000002,train_02800
004537.png,1.0,train_07793
004538.png,1.0000004,train_05660
004539.png,1.0000001,train_01015
004540.png,1.0000001,train_02510
004541.png,1.0,train_00321
004542.png,0.9999998,train_08018
004543.png,1.0,train_04708
004544.png,1.0,train_05413
004545.png,1.0000002,train_04483
004546.png,1.0000001,train_07542
004547.png,1.0000002,train_00642
004548.png,0.99999976,train_06363
004549.png,1.0,train_02578
004550.png,0.9999996,train_02588
004551.png,1.0,train_07057
004552.png,1.0000001,train_01600
004553.png,1.0000001,train_04523
004554.png,0.9999999,train_02029
004555.png,0.9999999,train_04279
004556.png,1.0000002,train_02170
004557.png,0.9999999,train_06865
004558.png,1.0,train_05711
004559.png,1.0000004,train_07248
004560.png,0.9999999,train_07405
004561.png,0.9999998,train_04206
004562.png,0.99999994,train_03269
004563.png,1.0,train_02578
004564.png,1.0,train_02740
004565.png,1.0000002,train_03287
004566.png,1.0,train_07793
004567.png,1.0,train_07344
004568.png,0.9999999,train_03751
004569.png,1.0,train_07630
004570.png,1.0000001,train_05283
004571.png,1.0000002,train_01662
004572.png,1.0000002,train_04700
004573.png,1.0000002,train_05972
004574.png,1.0,train_02445
004575.png,0.9999999,train_03477
004576.png,1.0,train_03615
004577.png,0.9999999,train_02228
004578.png,0.9999999,train_03234
004579.png,1.0,train_07265
004580.png,1.0,train_00170
004581.png,1.0,train_05711
004582.png,0.99999976,train_02327
004583.png,1.0000001,train_07174
004584.png,1.0000001,train_07992
004585.png,1.0000001,train_00303
004586.png,1.0000002,train_01586
004587.png,1.0000001,train_06795
004588.png,1.0000004,train_01103
004589.png,1.0000002,train_01956
004590.png,1.0000002,train_00770
004591.png,1.0,train_03319
004592.png,0.9999999,train_05559
004593.png,1.0,train_04971
004594.png,1.0000002,train_05354
004595.png,1.0,train_00627
004596.png,1.0,train_02628
004597.png,1.0,train_06746
004598.png,1.0,train_00701
004599.png,0.9999998,train_02095
004600.png,1.0,train_04376
004601.png,1.0000002,train_00662
004602.png,1.0000001,train_03087
004603.png,1.0,train_02892
004604.png,0.9999999,train_03477
004605.png,1.0000002,train_02291
004606.png,1.0000002,train_04908
004607.png,1.0,train_06312
004608.png,1.0,train_02355
004609.png,1.0000002,train_06102
004610.png,0.99999964,train_01953
004611.png,1.0000002,train_03138
004612.png,0.9999999,train_02011
004613.png,0.99999994,train_05178
004614.png,1.0,train_00257
004615.png,1.0,train_07562
004616.png,1.0000005,train_01851
004617.png,1.0,train_06236
004618.png,1.0,train_05895
004619.png,1.0000002,train_05628
004620.png,0.9999999,train_03370
004621.png,1.0000001,train_03968
004622.png,1.0,train_04177
004623.png,1.0000002,train_05679
004624.png,0.99999976,train_06363
004625.png,1.0000002,train_00131
004626.png,0.99999976,train_06948
004627.png,1.0,train_05413
004628.png,1.0000002,train_02123
004629.png,1.0,train_04767
004630.png,1.0000001,train_01323
004631.png,1.0,train_00906
004632.png,1.0000001,train_07944
004633.png,1.0,train_05563
004634.png,0.9999999,train_05766
004635.png,0.99999976,train_05534
004636.png,1.0000002,train_05182
004637.png,1.0000002,train_01181
004638.png,1.0,train_05391
004639.png,1.0000001,train_03087
004640.png,1.0,train_01008
004641.png,1.0000002,train_07870
004642.png,1.0,train_05217
004643.png,1.0000001,train_04983
004644.png,1.0000002,train_07416
004645.png,0.99999994,train_07643
004646.png,1.0,train_04743
004647.png,1.0000002,train_04323
004648.png,1.0000002,train_01000
004649.png,0.99999976,train_05731
004650.png,0.99999976,train_03627
004651.png,1.0,train_05413
004652.png,1.0000004,train_07067
004653.png,0.99999994,train_07990
004654.png,1.0000001,train_00374
004655.png,1.0,train_07484
004656.png,0.9999999,train_04929
004657.png,1.0000001,train_01429
004658.png,0.9999999,train_07405
004659.png,1.0000005,train_01851
004660.png,1.0000001,train_03968
004661.png,0.9999999,train_02717
004662.png,1.0000004,train_02114
004663.png,1.0000001,train_06461
004664.png,1.0000002,train_03403
004665.png,1.0000001,train_03103
004666.png,1.0000002,train_03716
004667.png,1.0000002,train_02572
004668.png,0.99999964,train_01216
004669.png,1.0,train_06443
004670.png,1.0,train_06769
004671.png,0.9999999,train_07362
004672.png,0.9999998,train_05505
004673.png,1.0000001,train_06002
004674.png,1.0000001,train_04432
004675.png,0.9999999,train_06299
004676.png,1.0,train_04035
004677.png,0.99999994,train_03869
004678.png,1.0000002,train_00855
004679.png,1.0000001,train_02699
004680.png,1.0,train_04376
004681.png,1.0,train_02558
004682.png,0.9999998,train_05210
004683.png,1.0,train_05976
004684.png,1.0,train_05027
004685.png,0.99999976,train_00271
004686.png,1.0000001,train_02482
004687.png,1.0,train_00898
004688.png,1.0000002,train_01331
004689.png,1.0,train_02501
004690.png,0.99999976,train_05553
004691.png,1.0000001,train_01848
004692.png,1.0000004,train_02910
004693.png,1.0,train_05864
004694.png,0.9999995,train_06666
004695.png,0.9999999,train_06319
004696.png,1.0000002,train_05014
004697.png,1.0000001,train_00488
004698.png,1.0,train_04896
004699.png,0.9999998,train_08018
004700.png,0.99999976,train_07858
004701.png,1.0,train_01945
004702.png,1.0,train_04360
004703.png,1.0000002,train_01586
004704.png,1.0,train_04005
004705.png,0.99999964,train_06475
004706.png,1.0000002,train_03716
004707.png,0.99999994,train_07855
004708.png,0.99999994,train_06182
004709.png,1.0000002,train_07275
004710.png,1.0,train_03039
004711.png,1.0,train_07400
004712.png,1.0000001,train_00939
004713.png,1.0000002,train_01956
004714.png,1.0000002,train_03716
004715.png,1.0,train_07666
004716.png,1.0000002,train_01164
004717.png,1.0,train_02818
004718.png,0.9999999,train_01146
004719.png,0.99999994,train_07643
004720.png,1.0,train_02762
004721.png,1.0000001,train_05133
004722.png,1.0000002,train_05015
004723.png,1.0,train_05389
004724.png,0.9999999,train_02137
004725.png,1.0000001,train_03008
004726.png,0.9999999,train_03541
004727.png,1.0,train_02813
004728.png,1.0000002,train_03716
004729.png,1.0,train_05253
004730.png,1.0,train_06504
004731.png,1.0,train_07754
004732.png,1.0000002,train_01051
004733.png,1.0000001,train_07100
004734.png,0.99999976,train_00351
004735.png,1.0000005,train_07674
004736.png,1.0,train_07153
004737.png,1.0000002,train_08050
004738.png,1.0000002,train_01022
004739.png,0.99999994,train_01095
004740.png,1.0000001,train_00576
004741.png,1.0000001,train_00488
004742.png,1.0000001,train_03968
004743.png,1.0000001,train_05303
004744.png,0.9999999,train_05049
004745.png,0.9999999,train_06671
004746.png,1.0,train_06443
004747.png,1.0,train_03615
004748.png,0.99999994,train_03554
004749.png,1.0,train_01353
004750.png,1.0000001,train_01879
004751.png,0.99999994,train_07172
004752.png,1.0,train_05916
004753.png,1.0000001,train_03301
004754.png,0.9999999,train_07171
004755.png,0.99999976,train_00385
004756.png,1.0000001,train_07994
004757.png,0.9999999,train_03957
004758.png,1.0,train_07931
004759.png,1.0,train_07057
004760.png,0.9999999,train_02647
004761.png,0.9999999,train_06565
004762.png,1.0000002,train_03333
004763.png,1.0000002,train_03287
004764.png,0.9999999,train_01381
004765.png,1.0,train_07368
004766.png,1.0000005,train_00112
004767.png,1.0000002,train_04181
004768.png,1.0000001,train_00134
004769.png,1.0000001,train_03103
004770.png,1.0000002,train_03741
004771.png,1.0000001,train_06461
004772.png,1.0,train_06260
004773.png,1.0000001,train_01484
004774.png,1.0000004,train_06821
004775.png,1.0000002,train_03472
004776.png,1.0,train_07057
004777.png,1.0,train_01217
004778.png,1.0,train_00710
004779.png,1.0000001,train_04271
004780.png,0.9999999,train_02729
004781.png,1.0,train_04126
004782.png,1.0000002,train_08050
004783.png,0.9999999,train_07545
004784.png,1.0000005,train_00112
004785.png,1.0000002,train_08088
004786.png,1.0000002,train_07367
004787.png,1.0,train_01240
004788.png,0.99999994,train_01488
004789.png,0.9999999,train_04785
004790.png,0.9999999,train_06690
004791.png,1.0000002,train_01164
004792.png,1.0,train_06840
004793.png,0.9999999,train_05398
004794.png,0.9999999,train_06565
004795.png,0.9999999,train_07545
004796.png,1.0000004,train_06352
004797.png,0.9999999,train_06565
004798.png,1.0,train_00915
004799.png,1.0000002,train_02687
004800.png,0.99999964,train_05383
004801.png,1.0000001,train_04309
004802.png,1.0000001,train_04393
004803.png,1.0000001,train_02071
004804.png,1.0000001,train_05643
004805.png,1.0,train_03408
004806.png,1.0000001,train_01540
004807.png,1.0,train_07917
004808.png,0.9999999,train_06191
004809.png,1.0000001,train_07519
004810.png,0.9999999,train_06299
004811.png,0.99999976,train_04691
004812.png,1.0000001,train_05241
004813.png,1.0,train_06236
004814.png,1.0000001,train_04418
004815.png,1.0000002,train_01022
004816.png,0.9999999,train_04542
004817.png,1.0000001,train_02247
004818.png,0.9999999,train_00124
004819.png,0.9999999,train_06319
004820.png,1.0,train_07920
004821.png,1.0,train_06221
004822.png,1.0,train_02273
004823.png,1.0,train_02248
004824.png,0.99999994,train_07855
004825.png,1.0,train_00701
004826.png,0.99999994,train_07643
004827.png,1.0000002,train_06102
004828.png,1.0000001,train_02193
004829.png,1.0000004,train_00158
004830.png,0.9999999,train_07418
004831.png,1.0,train_07954
004832.png,1.0,train_08079
004833.png,1.0000002,train_02692
004834.png,1.0000002,train_01104
004835.png,0.99999994,train_04275
004836.png,0.99999994,train_01242
004837.png,1.0000002,train_04664
004838.png,1.0,train_01004
004839.png,0.9999999,train_02513
004840.png,1.0,train_02813
004841.png,1.0000001,train_05643
004842.png,1.0,train_06376
004843.png,1.0,train_01945
004844.png,1.0000002,train_07319
004845.png,1.0,train_05847
004846.png,1.0000004,train_02910
004847.png,0.9999998,train_00208
004848.png,0.9999999,train_03892
004849.png,0.99999976,train_07935
004850.png,0.9999999,train_02277
004851.png,1.0000002,train_00050
004852.png,1.0000002,train_00783
004853.png,0.9999999,train_03185
004854.png,0.9999999,train_07024
004855.png,1.0,train_07954
004856.png,1.0000002,train_02064
004857.png,0.99999994,train_04215
004858.png,0.9999998,train_07811
004859.png,1.0,train_04493
004860.png,0.9999999,train_07259
004861.png,1.0,train_01198
004862.png,1.0000001,train_02742
004863.png,1.0000002,train_01547
004864.png,1.0000001,train_03661
004865.png,1.0000004,train_01897
004866.png,1.0,train_03408
004867.png,1.0000001,train_05892
004868.png,1.0000001,train_02201
004869.png,1.0,train_05376
004870.png,1.0000001,train_05156
004871.png,1.0,train_01203
004872.png,1.0,train_05874
004873.png,1.0,train_07344
004874.png,1.0000002,train_00278
004875.png,1.0,train_07666
004876.png,1.0,train_06841
004877.png,0.9999999,train_06191
004878.png,0.99999994,train_03269
004879.png,1.0,train_07996
004880.png,1.0000001,train_03291
004881.png,1.0000001,train_03886
004882.png,1.0000001,train_06464
004883.png,1.0000001,train_07553
004884.png,1.0000001,train_02693
004885.png,1.0000001,train_01989
004886.png,1.0,train_05806
004887.png,0.99999976,train_06244
004888.png,0.99999976,train_06948
004889.png,1.0000001,train_04271
004890.png,1.0000001,train_03173
004891.png,1.0,train_04035
004892.png,0.9999998,train_00397
004893.png,0.99999964,train_04941
004894.png,1.0,train_05711
004895.png,1.0000002,train_03782
004896.png,0.9999998,train_02084
004897.png,1.0000002,train_03444
004898.png,0.99999976,train_06279
004899.png,1.0000001,train_03193
004900.png,1.0000001,train_02693
004901.png,0.9999999,train_05361
004902.png,0.99999964,train_01953
004903.png,1.0,train_02320
004904.png,1.0000001,train_02312
004905.png,1.0000001,train_01911
004906.png,1.0000002,train_07334
004907.png,1.0000001,train_06002
004908.png,1.0,train_02578
004909.png,1.0,train_01249
004910.png,1.0,train_04282
004911.png,1.0000004,train_08047
004912.png,1.0,train_06443
004913.png,1.0,train_07758
004914.png,1.0,train_00284
004915.png,1.0000001,train_04173
004916.png,0.99999976,train_00351
004917.png,1.0000001,train_01911
004918.png,1.0000002,train_00466
004919.png,1.0000005,train_00255
004920.png,1.0000001,train_05156
004921.png,1.0000001,train_02812
004922.png,1.0,train_05169
004923.png,1.0,train_05253
004924.png,1.0000002,train_00685
004925.png,1.0,train_03026
004926.png,1.0,train_05916
004927.png,1.0000001,train_03276
004928.png,1.0,train_02313
004929.png,1.0000001,train_03879
004930.png,1.0,train_07886
004931.png,1.0000002,train_03414
004932.png,0.99999976,train_07306
004933.png,1.0000001,train_04994
004934.png,1.0000005,train_03493
004935.png,1.0000002,train_07319
004936.png,0.9999999,train_07490
004937.png,0.9999999,train_05147
004938.png,0.99999976,train_07967
004939.png,0.9999998,train_08018
004940.png,1.0,train_05516
004941.png,1.0,train_04041
004942.png,0.99999976,train_04469
004943.png,0.9999999,train_04059
004944.png,1.0000001,train_07949
004945.png,1.0000001,train_05444
004946.png,1.0,train_04896
004947.png,1.0000001,train_04790
004948.png,0.9999999,train_00072
004949.png,0.99999994,train_05884
004950.png,0.9999999,train_05398
004951.png,1.0000001,train_01140
004952.png,1.0,train_06956
004953.png,1.0,train_00730
004954.png,1.0000002,train_00329
004955.png,0.99999976,train_06944
004956.png,1.0000001,train_01707
004957.png,1.0,train_06745
004958.png,1.0000002,train_04483
004959.png,1.0000002,train_02955
004960.png,0.9999999,train_03846
004961.png,0.99999976,train_02293
004962.png,1.0000001,train_05076
004963.png,1.0,train_04940
004964.png,1.0,train_00704
004965.png,1.0000001,train_02878
004966.png,1.0,train_05807
004967.png,0.9999999,train_00146
004968.png,0.99999964,train_02070
004969.png,1.0,train_06260
004970.png,1.0000001,train_01218
004971.png,1.0000002,train_03855
004972.png,0.99999976,train_01992
004973.png,1.0,train_02968
004974.png,1.0000001,train_05156
004975.png,1.0000002,train_01956
004976.png,1.0,train_08011
004977.png,0.99999976,train_03544
004978.png,1.0,train_02248
004979.png,1.0000001,train_05156
004980.png,1.0,train_07931
004981.png,1.0000001,train_01323
004982.png,1.0000001,train_05915
004983.png,1.0,train_00323
004984.png,0.9999999,train_04059
004985.png,1.0,train_00386
004986.png,0.9999999,train_07258
004987.png,1.0,train_02960
004988.png,1.0,train_03098
004989.png,0.9999999,train_05766
004990.png,1.0000002,train_00050
004991.png,1.0000001,train_04515
004992.png,0.9999999,train_03477
004993.png,1.0,train_06364
004994.png,1.0,train_06957
004995.png,1.0000001,train_00990
004996.png,1.0000002,train_04953
004997.png,1.0,train_00367
004998.png,1.0000002,train_07549
004999.png,1.0000001,train_01429
005000.png,0.9999999,train_02836
005001.png,0.9999999,train_06892
005002.png,1.0000001,train_07011
005003.png,0.9999999,train_03296
005004.png,0.9999999,train_01146
005005.png,1.0,train_05668
005006.png,0.99999994,train_01095
005007.png,1.0000002,train_07900
005008.png,1.0000001,train_01498
005009.png,1.0,train_03408
005010.png,1.0000002,train_00339
005011.png,0.9999999,train_01686
005012.png,1.0000001,train_00488
005013.png,1.0,train_02273
005014.png,1.0,train_06317
005015.png,1.0000002,train_04700
005016.png,1.0000001,train_00025
005017.png,1.0000002,train_07278
005018.png,1.0000004,train_00862
005019.png,1.0000001,train_07411
005020.png,1.0000001,train_02548
005021.png,1.0,train_00906
005022.png,1.0,train_03005
005023.png,1.0000002,train_07462
005024.png,0.99999994,train_07040
005025.png,1.0,train_03140
005026.png,1.0000001,train_06461
005027.png,0.99999964,train_01787
005028.png,0.99999994,train_01175
005029.png,1.0,train_04075
005030.png,0.9999998,train_00931
005031.png,1.0000002,train_01067
005032.png,0.99999994,train_04942
005033.png,1.0000002,train_03670
005034.png,1.0,train_03345
005035.png,1.0,train_00036
005036.png,1.0,train_07265
005037.png,1.0000001,train_02742
005038.png,1.0000002,train_05992
005039.png,1.0,train_07484
005040.png,1.0,train_04429
005041.png,1.0,train_04708
005042.png,1.0000001,train_03003
005043.png,1.0000001,train_07542
005044.png,0.9999999,train_00768
005045.png,1.0,train_06221
005046.png,0.9999997,train_01912
005047.png,1.0000002,train_02994
005048.png,1.0,train_05050
005049.png,1.0000001,train_04271
005050.png,1.0000001,train_04514
005051.png,1.0,train_06317
005052.png,1.0,train_07344
005053.png,1.0000002,train_05068
005054.png,1.0000001,train_03433
005055.png,1.0000002,train_04472
005056.png,1.0,train_03178
005057.png,1.0000002,train_02919
005058.png,1.0000002,train_05139
005059.png,1.0000002,train_01258
005060.png,0.9999999,train_06299
005061.png,0.9999999,train_07465
005062.png,1.0,train_07666
005063.png,1.0,train_04360
005064.png,1.0,train_02727
005065.png,1.0000001,train_06461
005066.png,1.0,train_05581
005067.png,1.0000001,train_07401
005068.png,0.99999994,train_05635
005069.png,1.0000002,train_01289
005070.png,0.99999994,train_02181
005071.png,0.9999999,train_03413
005072.png,0.99999994,train_00345
005073.png,0.9999999,train_03185
005074.png,1.0000001,train_01911
005075.png,1.0,train_01004
005076.png,0.9999999,train_00768
005077.png,1.0,train_07399
005078.png,1.0000002,train_07319
005079.png,0.99999976,train_01235
005080.png,1.0000001,train_04432
005081.png,0.99999994,train_01215
005082.png,0.9999999,train_00031
005083.png,0.9999999,train_02836
005084.png,1.0000001,train_07970
005085.png,1.0000002,train_05972
005086.png,0.9999998,train_05016
005087.png,1.0000001,train_00374
005088.png,1.0,train_06036
005089.png,1.0,train_04446
005090.png,1.0,train_03615
005091.png,1.0,train_07588
005092.png,0.99999994,train_06823
005093.png,0.99999976,train_01182
005094.png,1.0000001,train_05892
005095.png,1.0,train_05199
005096.png,0.99999994,train_05186
005097.png,1.0000002,train_00316
005098.png,1.0000002,train_07319
005099.png,1.0000001,train_05156
005100.png,1.0000002,train_00803
005101.png,1.0000002,train_03974
005102.png,0.9999999,train_00065
005103.png,1.0000001,train_03707
005104.png,1.0000002,train_04961
005105.png,1.0,train_01487
005106.png,1.0000001,train_07542
005107.png,1.0,train_02209
005108.png,1.0000001,train_06421
005109.png,1.0000002,train_00770
005110.png,0.9999998,train_02553
005111.png,1.0000001,train_00247
005112.png,1.0000001,train_08053
005113.png,0.99999976,train_03544
005114.png,1.0,train_06100
005115.png,1.0000001,train_07374
005116.png,1.0,train_00915
005117.png,1.0000001,train_01707
005118.png,1.0000001,train_04762
005119.png,1.0000002,train_06330
005120.png,1.0,train_03068
005121.png,1.0000001,train_02342
005122.png,1.0000001,train_07597
005123.png,1.0000002,train_05973
005124.png,0.99999976,train_02164
005125.png,1.0,train_04453
005126.png,1.0000001,train_03433
005127.png,1.0,train_01004
005128.png,0.99999994,train_02616
005129.png,0.99999994,train_07838
005130.png,1.0000004,train_06800
005131.png,1.0,train_03206
005132.png,1.0,train_05668
005133.png,1.0000005,train_00255
005134.png,1.0,train_05413
005135.png,1.0000002,train_05453
005136.png,1.0,train_05207
005137.png,1.0000002,train_07058
005138.png,1.0000002,train_07914
005139.png,1.0000002,train_04531
005140.png,0.9999999,train_07523
005141.png,1.0,train_06832
005142.png,0.99999976,train_05553
005143.png,1.0000002,train_06757
005144.png,1.0,train_04315
005145.png,1.0000002,train_01483
005146.png,1.0000002,train_07989
005147.png,0.99999976,train_07991
005148.png,1.0000002,train_00544
005149.png,1.0000001,train_01894
005150.png,1.0,train_06832
005151.png,1.0,train_05893
005152.png,1.0000002,train_04568
005153.png,1.0,train_05026
005154.png,1.0000004,train_05660
005155.png,1.0,train_06221
005156.png,0.99999976,train_06246
005157.png,1.0000002,train_01790
005158.png,1.0000001,train_07542
005159.png,1.0,train_00323
005160.png,0.9999997,train_01912
005161.png,0.99999976,train_03824
005162.png,1.0,train_03247
005163.png,1.0000001,train_06533
005164.png,1.0000001,train_03193
005165.png,0.9999999,train_03842
005166.png,0.9999999,train_07545
005167.png,1.0000002,train_01727
005168.png,1.0,train_01701
005169.png,1.0000001,train_02329
005170.png,1.0,train_00257
005171.png,1.0000002,train_00339
005172.png,0.9999999,train_06344
005173.png,1.0,train_03408
005174.png,1.0,train_05227
005175.png,0.9999998,train_05459
005176.png,1.0,train_07265
005177.png,0.99999976,train_00351
005178.png,0.9999999,train_06892
005179.png,1.0,train_02660
005180.png,1.0000002,train_04472
005181.png,0.99999976,train_04691
005182.png,1.0,train_02290
005183.png,0.9999999,train_04786
005184.png,0.99999976,train_05799
005185.png,1.0,train_04178
005186.png,1.0000002,train_05675
005187.png,0.9999999,train_04876
005188.png,0.9999999,train_03897
005189.png,1.0,train_01532
005190.png,1.0000002,train_01775
005191.png,1.0,train_02471
005192.png,0.99999994,train_01260
005193.png,1.0,train_01575
005194.png,1.0000001,train_04162
005195.png,0.9999999,train_00860
005196.png,1.0000002,train_04863
005197.png,1.0,train_04580
005198.png,1.0000001,train_07385
005199.png,0.9999999,train_06319
005200.png,1.0,train_00988
005201.png,1.0000002,train_06007
005202.png,0.9999999,train_02277
005203.png,0.9999999,train_07846
005204.png,1.0000001,train_05194
005205.png,0.99999994,train_01095
005206.png,1.0000004,train_01784
005207.png,0.99999976,train_03544
005208.png,1.0,train_03474
005209.png,0.99999976,train_07967
005210.png,1.0,train_06196
005211.png,0.9999999,train_03290
005212.png,1.0000002,train_05192
005213.png,1.0000001,train_07633
005214.png,1.0,train_04910
005215.png,1.0000001,train_05753
005216.png,1.0000002,train_02695
005217.png,1.0000002,train_02059
005218.png,1.0,train_03026
005219.png,0.99999994,train_00345
005220.png,0.99999994,train_07653
005221.png,0.9999997,train_03045
005222.png,0.9999999,train_02279
005223.png,1.0,train_07265
005224.png,1.0,train_04669
005225.png,0.9999996,train_02971
005226.png,0.99999994,train_04275
005227.png,0.9999999,train_07876
005228.png,1.0,train_02886
005229.png,1.0000001,train_04762
005230.png,0.9999999,train_05732
005231.png,1.0,train_04896
005232.png,0.99999994,train_07990
005233.png,0.9999998,train_02031
005234.png,1.0000002,train_06899
005235.png,1.0,train_02886
005236.png,1.0,train_02521
005237.png,1.0000002,train_07462
005238.png,1.0000002,train_00329
005239.png,1.0,train_06594
005240.png,0.9999999,train_06299
005241.png,1.0000001,train_07411
005242.png,1.0000002,train_02800
005243.png,1.0,train_03480
005244.png,1.0000002,train_02554
005245.png,1.0000001,train_00744
005246.png,1.0,train_04360
005247.png,0.99999994,train_08096
005248.png,1.0000002,train_00446
005249.png,1.0000001,train_02312
005250.png,0.9999996,train_08002
005251.png,1.0000001,train_05856
005252.png,1.0000002,train_07231
005253.png,0.99999976,train_06889
005254.png,1.0,train_02355
005255.png,1.0,train_04315
005256.png,1.0000001,train_02847
005257.png,0.9999996,train_08002
005258.png,1.0,train_07185
005259.png,1.0,train_02290
005260.png,1.0,train_01353
005261.png,0.99999994,train_07518
005262.png,1.0000002,train_01383
005263.png,1.0,train_07295
005264.png,1.0000002,train_01426
005265.png,0.9999999,train_00120
005266.png,1.0000001,train_05214
005267.png,1.0000001,train_01308
005268.png,0.99999964,train_02229
005269.png,0.9999999,train_00916
005270.png,0.9999999,train_03776
005271.png,1.0000001,train_02849
005272.png,1.0000004,train_02910
005273.png,1.0000001,train_00030
005274.png,0.9999998,train_04344
005275.png,0.9999999,train_06491
005276.png,1.0,train_06924
005277.png,0.9999999,train_03713
005278.png,1.0000001,train_06461
005279.png,1.0,train_01530
005280.png,1.0000004,train_04811
005281.png,1.0,train_04205
005282.png,1.0000001,train_06728
005283.png,1.0000001,train_01911
005284.png,1.0,train_07754
005285.png,0.9999999,train_07405
005286.png,1.0000001,train_00021
005287.png,1.0,train_06443
005288.png,0.9999998,train_06206
005289.png,0.9999999,train_07157
005290.png,1.0000004,train_01897
005291.png,1.0000002,train_01775
005292.png,0.9999999,train_04618
005293.png,1.0000002,train_06102
005294.png,0.9999999,train_05769
005295.png,1.0,train_03599
005296.png,1.0000001,train_07992
005297.png,0.9999999,train_04542
005298.png,1.0000002,train_06757
005299.png,0.9999999,train_06491
005300.png,1.0000004,train_01784
005301.png,1.0,train_06072
005302.png,1.0000001,train_00247
005303.png,0.9999999,train_06344
005304.png,0.9999999,train_02561
005305.png,0.99999976,train_07615
005306.png,1.0000002,train_02919
005307.png,1.0,train_02062
005308.png,1.0000001,train_00159
005309.png,1.0000002,train_00339
005310.png,1.0000002,train_00510
005311.png,1.0000001,train_06822
005312.png,1.0000002,train_08076
005313.png,1.0,train_04453
005314.png,1.0000002,train_05702
005315.png,1.0,train_01133
005316.png,1.0000001,train_01053
005317.png,0.9999999,train_02836
005318.png,1.0000004,train_04884
005319.png,1.0,train_05026
005320.png,1.0,train_01255
005321.png,1.0000001,train_02312
005322.png,0.99999994,train_07641
005323.png,1.0000002,train_06637
005324.png,1.0000001,train_01908
005325.png,1.0,train_07793
005326.png,1.0,train_07006
005327.png,0.9999999,train_01196
005328.png,0.9999999,train_07490
005329.png,1.0000001,train_07198
005330.png,1.0000002,train_03670
005331.png,0.99999976,train_06948
005332.png,0.99999976,train_01142
005333.png,1.0000004,train_02910
005334.png,0.99999976,train_02733
005335.png,1.0,train_06463
005336.png,0.9999997,train_05397
005337.png,1.0,train_06443
005338.png,1.0000001,train_00183
005339.png,1.0000002,train_00531
005340.png,0.9999999,train_07876
005341.png,1.0000001,train_02693
005342.png,1.0000004,train_02463
005343.png,1.0000002,train_06154
005344.png,1.0,train_02286
005345.png,1.0000001,train_03202
005346.png,1.0,train_04178
005347.png,0.99999976,train_01142
005348.png,1.0,train_07588
005349.png,1.0000002,train_07244
005350.png,1.0000001,train_03661
005351.png,0.9999998,train_06206
005352.png,1.0000002,train_04202
005353.png,1.0,train_05851
005354.png,1.0,train_03095
005355.png,1.0000001,train_04184
005356.png,1.0000002,train_01922
005357.png,1.0,train_02320
005358.png,1.0000001,train_05887
005359.png,1.0000005,train_07889
005360.png,1.0000001,train_00835
005361.png,0.99999994,train_03350
005362.png,1.0000002,train_01383
005363.png,1.0000004,train_02910
005364.png,0.99999976,train_01560
005365.png,0.9999999,train_01250
005366.png,1.0000002,train_01980
005367.png,1.0000002,train_02059
005368.png,1.0000002,train_00510
005369.png,1.0,train_06072
005370.png,0.9999999,train_00031
005371.png,1.0000001,train_00671
005372.png,1.0,train_01701
005373.png,1.0,train_04012
005374.png,1.0,train_05299
005375.png,1.0000002,train_03364
005376.png,1.0,train_06443
005377.png,0.9999999,train_03370
005378.png,0.9999999,train_03264
005379.png,1.0,train_07799
005380.png,1.0,train_02273
005381.png,1.0,train_04178
005382.png,0.9999999,train_01569
005383.png,1.0,train_03812
005384.png,0.99999994,train_07518
005385.png,1.0000002,train_00685
005386.png,1.0000001,train_05643
005387.png,1.0,train_01231
005388.png,1.0,train_05777
005389.png,1.0,train_07793
005390.png,0.9999999,train_07715
005391.png,1.0000004,train_02463
005392.png,1.0,train_04453
005393.png,1.0,train_06911
005394.png,0.9999999,train_02213
005395.png,0.9999999,train_01801
005396.png,1.0,train_07639
005397.png,0.99999976,train_01182
005398.png,1.0000002,train_05192
005399.png,0.9999999,train_02029
005400.png,1.0,train_01625
005401.png,1.0000001,train_01323
005402.png,1.0,train_04940
005403.png,0.9999998,train_04792
005404.png,1.0000001,train_04556
005405.png,1.0000002,train_07416
005406.png,0.9999999,train_03370
005407.png,1.0000001,train_07353
005408.png,1.0000004,train_06352
005409.png,1.0,train_05668
005410.png,1.0000001,train_03519
005411.png,1.0000005,train_04050
005412.png,1.0000002,train_01638
005413.png,0.99999976,train_03257
005414.png,1.0000001,train_05652
005415.png,1.0000002,train_02869
005416.png,1.0,train_02273
005417.png,1.0,train_01390
005418.png,1.0,train_04041
005419.png,0.99999994,train_00512
005420.png,1.0000001,train_05914
005421.png,0.99999976,train_01711
005422.png,0.9999999,train_06892
005423.png,1.0000002,train_07973
005424.png,1.0000001,train_06533
005425.png,1.0000001,train_06024
005426.png,1.0000001,train_01288
005427.png,1.0000002,train_04323
005428.png,0.9999999,train_01146
005429.png,1.0000002,train_05170
005430.png,0.99999994,train_06754
005431.png,1.0,train_05253
005432.png,1.0000001,train_07994
005433.png,1.0,train_01893
005434.png,0.99999994,train_03007
005435.png,0.99999976,train_04406
005436.png,0.99999976,train_04691
005437.png,0.9999999,train_07725
005438.png,1.0,train_03005
005439.png,1.0000001,train_00944
005440.png,0.99999976,train_03824
005441.png,0.9999999,train_05559
005442.png,0.9999999,train_02101
005443.png,0.9999999,train_01146
005444.png,1.0000002,train_04961
005445.png,1.0000001,train_04523
005446.png,1.0000002,train_03608
005447.png,1.0000001,train_02191
005448.png,1.0,train_05299
005449.png,1.0000002,train_00783
005450.png,0.9999999,train_03477
005451.png,1.0000001,train_01447
005452.png,1.0000004,train_04884
005453.png,0.9999999,train_01250
005454.png,1.0000001,train_04271
005455.png,1.0000001,train_00025
005456.png,1.0000002,train_05992
005457.png,1.0,train_02209
005458.png,0.99999976,train_02164
005459.png,1.0,train_03335
005460.png,1.0000001,train_06461
005461.png,1.0,train_04910
005462.png,1.0,train_02112
005463.png,1.0000002,train_00071
005464.png,1.0,train_05227
005465.png,1.0,train_03615
005466.png,1.0000002,train_03797
005467.png,1.0,train_05625
005468.png,0.9999999,train_06191
005469.png,1.0,train_00284
005470.png,1.0,train_06314
005471.png,1.0000002,train_05669
005472.png,1.0000002,train_03647
005473.png,1.0000001,train_06421
005474.png,1.0000001,train_05670
005475.png,0.9999999,train_06489
005476.png,1.0000001,train_00488
005477.png,1.0000001,train_03301
005478.png,1.0,train_04035
005479.png,1.0000002,train_00339
005480.png,1.0,train_05668
005481.png,0.9999999,train_07258
005482.png,1.0000001,train_04694
005483.png,1.0000001,train_05021
005484.png,1.0,train_04940
005485.png,0.99999994,train_02001
005486.png,0.9999999,train_00916
005487.png,1.0000005,train_05870
005488.png,1.0000002,train_03403
005489.png,1.0000001,train_05156
005490.png,1.0,train_04896
005491.png,0.99999976,train_01467
005492.png,1.0000001,train_04409
005493.png,0.9999999,train_02228
005494.png,1.0000004,train_00061
005495.png,1.0,train_00754
005496.png,1.0,train_03715
005497.png,1.0000004,train_06651
005498.png,1.0000001,train_05892
005499.png,1.0,train_06443
005500.png,1.0000002,train_05268
005501.png,0.9999999,train_03892
005502.png,1.0,train_06317
005503.png,1.0000002,train_01814
005504.png,1.0000001,train_01894
005505.png,0.99999976,train_03544
005506.png,0.99999994,train_01698
005507.png,1.0,train_00386
005508.png,1.0000001,train_05115
005509.png,1.0,train_01184
005510.png,0.99999994,train_08096
005511.png,1.0,train_00991
005512.png,1.0000001,train_00835
005513.png,1.0000002,train_03608
005514.png,1.0000002,train_00685
005515.png,1.0,train_04164
005516.png,1.0000001,train_00021
005517.png,1.0,train_01291
005518.png,0.99999976,train_04563
005519.png,1.0,train_06835
005520.png,0.9999999,train_02011
005521.png,1.0000002,train_05172
005522.png,0.99999964,train_02070
005523.png,1.0,train_02813
005524.png,0.9999998,train_02095
005525.png,1.0000004,train_01988
005526.png,0.9999999,train_01492
005527.png,1.0000002,train_00878
005528.png,0.9999999,train_03725
005529.png,0.9999999,train_04786
005530.png,1.0,train_00317
005531.png,1.0000001,train_05127
005532.png,1.0000001,train_03962
005533.png,1.0,train_06685
005534.png,0.9999995,train_06666
005535.png,1.0000004,train_02114
005536.png,1.0,train_06745
005537.png,1.0000002,train_06706
005538.png,1.0000001,train_04890
005539.png,1.0000001,train_00671
005540.png,0.99999976,train_06882
005541.png,0.9999999,train_02101
005542.png,1.0000004,train_02463
005543.png,1.0000002,train_00662
005544.png,1.0,train_00257
005545.png,1.0,train_03026
005546.png,1.0000001,train_04425
005547.png,1.0000004,train_06651
005548.png,1.0000001,train_03110
005549.png,0.9999999,train_02561
005550.png,1.0000001,train_01707
005551.png,1.0,train_08011
005552.png,1.0000001,train_04271
005553.png,0.99999994,train_08065
005554.png,0.99999994,train_00517
005555.png,1.0000002,train_04253
005556.png,1.0,train_05851
005557.png,1.0,train_04315
005558.png,1.0000001,train_08053
005559.png,1.0000002,train_04483
005560.png,0.9999999,train_04542
005561.png,1.0000001,train_02373
005562.png,1.0000001,train_03663
005563.png,1.0,train_07917
005564.png,1.0000002,train_01719
005565.png,1.0000001,train_04022
005566.png,1.0,train_07331
005567.png,1.0000001,train_03962
005568.png,0.99999994,train_02165
005569.png,1.0000002,train_03974
005570.png,0.99999976,train_05603
005571.png,0.9999999,train_07985
005572.png,1.0000002,train_07164
005573.png,0.9999998,train_02911
005574.png,1.0000002,train_00090
005575.png,1.0000002,train_01547
005576.png,1.0,train_00434
005577.png,1.0000001,train_02312
005578.png,1.0000002,train_05510
005579.png,1.0000001,train_05127
005580.png,0.9999999,train_07258
005581.png,0.9999999,train_02647
005582.png,0.9999999,train_07490
005583.png,0.9999999,train_04786
005584.png,0.9999999,train_01569
005585.png,1.0,train_05851
005586.png,1.0,train_04580
005587.png,0.9999999,train_04091
005588.png,1.0,train_01002
005589.png,0.9999999,train_00146
005590.png,1.0,train_04889
005591.png,0.99999994,train_01215
005592.png,1.0000004,train_00203
005593.png,1.0,train_03900
005594.png,1.0,train_05864
005595.png,1.0,train_07057
005596.png,1.0,train_06135
005597.png,1.0000002,train_01719
005598.png,1.0,train_04896
005599.png,0.9999999,train_02213
005600.png,0.9999998,train_00456
005601.png,1.0,train_05622
005602.png,1.0,train_01267
005603.png,0.9999999,train_03042
005604.png,1.0,train_07800
005605.png,1.0,train_06957
005606.png,0.9999999,train_07732
005607.png,0.9999999,train_02717
005608.png,1.0000001,train_00442
005609.png,1.0,train_05995
005610.png,1.0,train_07601
005611.png,1.0,train_06443
005612.png,1.0000002,train_01331
005613.png,1.0000005,train_00255
005614.png,1.0000005,train_00112
005615.png,1.0000002,train_03428
005616.png,1.0,train_07866
005617.png,0.99999994,train_06754
005618.png,1.0000002,train_07058
005619.png,0.99999976,train_01304
005620.png,1.0,train_05851
005621.png,1.0,train_07444
005622.png,1.0000001,train_05390
005623.png,0.9999999,train_02228
005624.png,1.0000002,train_02692
005625.png,1.0,train_07368
005626.png,1.0,train_02818
005627.png,1.0,train_04896
005628.png,1.0000002,train_03463
005629.png,1.0,train_01008
005630.png,1.0000002,train_05679
005631.png,1.0,train_01353
005632.png,1.0000004,train_07248
005633.png,1.0000002,train_00951
005634.png,1.0000001,train_01429
005635.png,0.9999999,train_07362
005636.png,1.0000001,train_07994
005637.png,0.99999976,train_05735
005638.png,1.0000004,train_02910
005639.png,0.9999998,train_00705
005640.png,1.0000002,train_05251
005641.png,1.0,train_04178
005642.png,0.99999964,train_05383
005643.png,1.0000001,train_03774
005644.png,1.0,train_00386
005645.png,1.0000005,train_01851
005646.png,0.9999999,train_07465
005647.png,1.0000005,train_03245
005648.png,1.0000001,train_07795
005649.png,1.0000002,train_03974
005650.png,1.0000002,train_01289
005651.png,1.0,train_00378
005652.png,1.0000001,train_08141
005653.png,1.0000004,train_03061
005654.png,1.0000002,train_05644
005655.png,1.0000004,train_05660
005656.png,1.0000002,train_00510
005657.png,1.0,train_07484
005658.png,1.0,train_03615
005659.png,1.0,train_05465
005660.png,1.0,train_05465
005661.png,1.0,train_08079
005662.png,1.0000002,train_01790
005663.png,0.9999999,train_02277
005664.png,1.0000001,train_07210
005665.png,0.99999976,train_00934
005666.png,0.9999999,train_07465
005667.png,1.0000002,train_06229
005668.png,1.0,train_04084
005669.png,0.99999976,train_07537
005670.png,1.0,train_04041
005671.png,0.99999994,train_06394
005672.png,0.9999999,train_01801
005673.png,0.9999999,train_07594
005674.png,1.0,train_01619
005675.png,0.9999996,train_02588
005676.png,1.0000005,train_04050
005677.png,1.0,train_06957
005678.png,1.0000004,train_00862
005679.png,0.99999994,train_07845
005680.png,1.0000001,train_01441
005681.png,1.0000001,train_03579
005682.png,1.0,train_04600
005683.png,0.9999999,train_00184
005684.png,0.99999994,train_04378
005685.png,0.9999998,train_07874
005686.png,1.0,train_03992
005687.png,1.0000002,train_07244
005688.png,0.99999994,train_06823
005689.png,0.99999976,train_07615
005690.png,1.0,train_01291
005691.png,0.9999998,train_05276
005692.png,1.0,train_01004
005693.png,1.0000002,train_07900
005694.png,1.0,train_05159
005695.png,1.0000002,train_03403
005696.png,0.9999999,train_06445
005697.png,1.0,train_05593
005698.png,1.0000001,train_01818
005699.png,0.9999998,train_07232
005700.png,0.99999964,train_04553
005701.png,0.9999999,train_07405
005702.png,1.0,train_04038
005703.png,0.9999999,train_05863
005704.png,1.0000001,train_06552
005705.png,1.0000002,train_05775
005706.png,0.9999999,train_00065
005707.png,1.0,train_01004
005708.png,0.99999964,train_01953
005709.png,1.0000004,train_02208
005710.png,1.0,train_03655
005711.png,1.0000004,train_05745
005712.png,0.9999999,train_03119
005713.png,1.0,train_01004
005714.png,1.0,train_04002
005715.png,1.0,train_04516
005716.png,0.9999997,train_01912
005717.png,1.0,train_05806
005718.png,1.0000002,train_02919
005719.png,0.9999999,train_03357
005720.png,0.99999976,train_00836
005721.png,0.9999998,train_00272
005722.png,1.0,train_04743
005723.png,1.0,train_04896
005724.png,1.0000002,train_01067
005725.png,1.0,train_06317
005726.png,1.0,train_04315
005727.png,1.0000002,train_01394
005728.png,0.9999999,train_07714
005729.png,1.0000001,train_00990
005730.png,1.0000002,train_03463
005731.png,1.0000002,train_06481
005732.png,1.0,train_02961
005733.png,1.0,train_01861
005734.png,1.0000001,train_04162
005735.png,0.99999994,train_06823
005736.png,1.0,train_00797
005737.png,0.9999999,train_06319
005738.png,1.0000001,train_01308
005739.png,1.0000001,train_00959
005740.png,1.0,train_01255
005741.png,1.0000002,train_08046
005742.png,0.9999999,train_04391
005743.png,0.99999976,train_00656
005744.png,0.99999964,train_04553
005745.png,1.0,train_05582
005746.png,1.0000001,train_00303
005747.png,1.0,train_00988
005748.png,0.9999999,train_07545
005749.png,1.0,train_05956
005750.png,1.0000002,train_07482
005751.png,0.9999999,train_02137
005752.png,1.0,train_05159
005753.png,1.0,train_02628
005754.png,1.0000001,train_06421
005755.png,1.0000002,train_03333
005756.png,1.0000002,train_05092
005757.png,1.0000002,train_00250
005758.png,1.0,train_05821
005759.png,1.0,train_06317
005760.png,0.9999999,train_01146
005761.png,0.99999976,train_03627
005762.png,1.0,train_04360
005763.png,1.0,train_06594
005764.png,1.0000002,train_00127
005765.png,1.0000002,train_05550
005766.png,1.0,train_05413
005767.png,0.99999976,train_00632
005768.png,1.0,train_01203
005769.png,0.99999994,train_02752
005770.png,0.9999999,train_00844
005771.png,1.0000001,train_03879
005772.png,1.0,train_01861
005773.png,0.9999999,train_04059
005774.png,0.9999998,train_00705
005775.png,0.99999994,train_01260
005776.png,1.0000001,train_07835
005777.png,1.0000002,train_01022
005778.png,0.9999999,train_03842
005779.png,1.0000005,train_03293
005780.png,1.0000001,train_03886
005781.png,1.0,train_04185
005782.png,1.0000001,train_07542
005783.png,1.0000004,train_05745
005784.png,1.0,train_05085
005785.png,1.0000001,train_01894
005786.png,0.99999976,train_06944
005787.png,0.9999999,train_00191
005788.png,1.0000002,train_00609
005789.png,0.99999976,train_04691
005790.png,0.9999997,train_04698
005791.png,1.0,train_04126
005792.png,1.0000002,train_03444
005793.png,1.0000002,train_00672
005794.png,1.0000002,train_06481
005795.png,1.0000002,train_01010
005796.png,1.0000002,train_01067
005797.png,1.0000002,train_04072
005798.png,1.0000002,train_01956
005799.png,1.0,train_01133
005800.png,1.0,train_06295
005801.png,1.0000004,train_00862
005802.png,1.0,train_02924
005803.png,0.99999964,train_04553
005804.png,1.0,train_00285
005805.png,0.9999999,train_02731
005806.png,0.9999999,train_03290
005807.png,0.9999999,train_02279
005808.png,0.99999976,train_02164
005809.png,1.0,train_06285
005810.png,0.99999976,train_06944
005811.png,0.99999994,train_06823
005812.png,1.0,train_00214
005813.png,1.0,train_00894
005814.png,1.0000001,train_00488
005815.png,0.9999998,train_00397
005816.png,1.0000004,train_02039
005817.png,1.0000004,train_01897
005818.png,1.0000005,train_01851
005819.png,1.0,train_01409
005820.png,0.9999999,train_03541
005821.png,0.99999976,train_00934
005822.png,1.0,train_03615
005823.png,1.0000002,train_01383
005824.png,1.0000002,train_00071
005825.png,1.0,train_07859
005826.png,1.0,train_05874
005827.png,0.99999994,train_04275
005828.png,1.0000001,train_07684
005829.png,1.0,train_04699
005830.png,0.9999999,train_00487
005831.png,1.0,train_00313
005832.png,0.99999994,train_02616
005833.png,1.0000001,train_04402
005834.png,0.99999994,train_00530
005835.png,0.9999998,train_00397
005836.png,0.9999999,train_07985
005837.png,1.0000002,train_00446
005838.png,1.0000002,train_00715
005839.png,0.99999994,train_04063
005840.png,0.99999976,train_06363
005841.png,1.0000002,train_07058
005842.png,1.0000001,train_05156
005843.png,0.99999976,train_01711
005844.png,0.99999976,train_01182
005845.png,1.0,train_06745
005846.png,1.0,train_04360
005847.png,1.0000002,train_06900
005848.png,1.0,train_05299
005849.png,1.0000005,train_04050
005850.png,1.0,train_02892
005851.png,1.0,train_02526
005852.png,0.99999976,train_03257
005853.png,1.0000001,train_04425
005854.png,0.99999994,train_02415
005855.png,0.9999998,train_02745
005856.png,0.9999999,train_03541
005857.png,1.0000004,train_02910
005858.png,1.0,train_01575
005859.png,1.0000004,train_03310
005860.png,1.0000001,train_07353
005861.png,0.9999999,train_05038
005862.png,1.0000001,train_01707
005863.png,1.0000001,train_01447
005864.png,1.0,train_04593
005865.png,1.0000001,train_03840
005866.png,1.0000002,train_04860
005867.png,1.0000001,train_00159
005868.png,0.9999999,train_03832
005869.png,1.0,train_04038
005870.png,1.0000001,train_07992
005871.png,1.0000001,train_01429
005872.png,0.99999976,train_05302
005873.png,0.9999996,train_02971
005874.png,1.0,train_06956
005875.png,1.0000002,train_01956
005876.png,1.0000002,train_02802
005877.png,1.0,train_03068
005878.png,0.9999999,train_03725
005879.png,1.0,train_00689
005880.png,1.0,train_05874
005881.png,0.99999976,train_04469
005882.png,1.0000004,train_00862
005883.png,1.0000002,train_01719
005884.png,1.0,train_07403
005885.png,1.0,train_05711
005886.png,1.0,train_02568
005887.png,1.0,train_05823
005888.png,1.0,train_03408
005889.png,1.0000001,train_01600
005890.png,1.0,train_03452
005891.png,1.0000001,train_02342
005892.png,1.0000001,train_01879
005893.png,0.9999999,train_02137
005894.png,1.0000001,train_03079
005895.png,1.0000002,train_00662
005896.png,1.0,train_03408
005897.png,1.0,train_07974
005898.png,0.99999976,train_00632
005899.png,1.0000001,train_03774
005900.png,1.0000001,train_00488
005901.png,1.0,train_03068
005902.png,1.0,train_07931
005903.png,1.0,train_00284
005904.png,1.0,train_07295
005905.png,1.0000005,train_04361
005906.png,1.0000001,train_06024
005907.png,0.9999999,train_03278
005908.png,1.0000002,train_03855
005909.png,0.9999999,train_06491
005910.png,1.0000002,train_00855
005911.png,1.0,train_04177
005912.png,1.0000002,train_06266
005913.png,1.0000002,train_01014
005914.png,1.0000001,train_02639
005915.png,1.0,train_07404
005916.png,1.0000005,train_02601
005917.png,0.9999999,train_00860
005918.png,1.0000001,train_03663
005919.png,0.99999994,train_02682
005920.png,0.9999999,train_00860
005921.png,1.0000001,train_03886
005922.png,0.9999999,train_07714
005923.png,0.99999976,train_04469
005924.png,1.0,train_04699
005925.png,1.0000002,train_02829
005926.png,1.0,train_02740
005927.png,0.99999976,train_07991
005928.png,1.0,train_01393
005929.png,1.0000001,train_04396
005930.png,1.0000004,train_04224
005931.png,0.99999994,train_06560
005932.png,1.0,train_06957
005933.png,1.0,train_05223
005934.png,1.0000001,train_06938
005935.png,1.0000001,train_07994
005936.png,1.0,train_06168
005937.png,1.0000002,train_01531
005938.png,1.0000002,train_01000
005939.png,1.0000001,train_01913
005940.png,1.0,train_04935
005941.png,0.9999999,train_03370
005942.png,0.9999999,train_03725
005943.png,1.0000002,train_02695
005944.png,1.0,train_04038
005945.png,1.0,train_07931
005946.png,1.0,train_01893
005947.png,0.9999999,train_05565
005948.png,1.0000001,train_00835
005949.png,1.0,train_00750
005950.png,1.0000002,train_07619
005951.png,1.0000001,train_05692
005952.png,0.9999999,train_07545
005953.png,1.0,train_00389
005954.png,1.0,train_02813
005955.png,1.0,train_04288
005956.png,1.0000001,train_07476
005957.png,1.0000004,train_01819
005958.png,0.9999999,train_05732
005959.png,0.99999976,train_00385
005960.png,0.9999999,train_01250
005961.png,0.9999999,train_02836
005962.png,0.99999994,train_01095
005963.png,0.9999999,train_04480
005964.png,1.0,train_04164
005965.png,1.0000001,train_07533
005966.png,0.9999999,train_07540
005967.png,0.9999999,train_03996
005968.png,0.9999999,train_01703
005969.png,1.0000001,train_00488
005970.png,1.0,train_07666
005971.png,1.0000002,train_00803
005972.png,1.0,train_04585
005973.png,1.0000002,train_04323
005974.png,1.0000002,train_01503
005975.png,1.0000002,train_04700
005976.png,1.0,train_04516
005977.png,0.99999994,train_02752
005978.png,1.0,train_07444
005979.png,1.0,train_01684
005980.png,1.0000001,train_06093
005981.png,1.0000001,train_02129
005982.png,0.9999999,train_00138
005983.png,1.0000002,train_01460
005984.png,1.0000004,train_06736
005985.png,1.0,train_05806
005986.png,1.0000005,train_02601
005987.png,1.0000001,train_06149
005988.png,1.0000001,train_00183
005989.png,0.9999999,train_02029
005990.png,1.0000001,train_07684
005991.png,0.9999998,train_00705
005992.png,1.0,train_03005
005993.png,1.0000001,train_04393
005994.png,1.0000002,train_05644
005995.png,1.0,train_01195
005996.png,1.0000005,train_00255
005997.png,1.0,train_02355
005998.png,1.0,train_07917
005999.png,0.9999999,train_07405
006000.png,1.0000002,train_02519
006001.png,1.0,train_04453
006002.png,1.0,train_00389
006003.png,1.0000001,train_00990
006004.png,1.0,train_03159
006005.png,0.9999999,train_00146
006006.png,1.0000001,train_07353
006007.png,0.9999999,train_05357
006008.png,1.0000001,train_04421
006009.png,1.0000004,train_01819
006010.png,0.99999976,train_00444
006011.png,1.0000001,train_00619
006012.png,1.0,train_08056
006013.png,1.0,train_04041
006014.png,1.0,train_01301
006015.png,1.0000001,train_07385
006016.png,0.9999999,train_00052
006017.png,0.99999994,train_05178
006018.png,1.0000002,train_05775
006019.png,1.0000001,train_01707
006020.png,0.99999994,train_06823
006021.png,0.9999999,train_06389
006022.png,1.0,train_06674
006023.png,0.9999999,train_02228
006024.png,0.99999994,train_07518
006025.png,1.0,train_04593
006026.png,1.0,train_06674
006027.png,1.0000001,train_07817
006028.png,1.0000002,train_00612
006029.png,0.99999976,train_01725
006030.png,1.0000002,train_04531
006031.png,1.0000002,train_00510
006032.png,1.0000002,train_05644
006033.png,1.0000002,train_05992
006034.png,1.0000002,train_02695
006035.png,1.0,train_04458
006036.png,1.0000002,train_07322
006037.png,0.99999976,train_02164
006038.png,1.0000001,train_07994
006039.png,1.0000005,train_01851
006040.png,0.9999999,train_06423
006041.png,0.9999998,train_05276
006042.png,1.0000002,train_04181
006043.png,1.0,train_06746
006044.png,1.0,train_01004
006045.png,1.0,train_05252
006046.png,1.0,train_06133
006047.png,1.0,train_01575
006048.png,1.0000002,train_00339
006049.png,1.0000001,train_01908
006050.png,0.9999999,train_03290
006051.png,0.99999994,train_03269
006052.png,1.0,train_05851
006053.png,0.9999997,train_07590
006054.png,0.9999999,train_02228
006055.png,1.0,train_00915
006056.png,1.0000002,train_00976
006057.png,1.0,train_03636
006058.png,1.0000002,train_02919
006059.png,1.0,train_06295
006060.png,1.0000001,train_00576
006061.png,1.0000001,train_01879
006062.png,0.9999999,train_04345
006063.png,0.9999999,train_04004
006064.png,1.0000002,train_05015
006065.png,1.0000002,train_04103
006066.png,1.0000002,train_02829
006067.png,1.0000002,train_02123
006068.png,1.0000002,train_02572
006069.png,1.0000001,train_00576
006070.png,0.99999994,train_06823
006071.png,1.0000002,train_08050
006072.png,1.0000001,train_05914
006073.png,1.0000004,train_02444
006074.png,1.0000001,train_00159
006075.png,1.0000002,train_07462
006076.png,1.0000002,train_07416
006077.png,1.0,train_05217
006078.png,1.0,train_04429
006079.png,1.0000005,train_04050
006080.png,0.9999999,train_07715
006081.png,1.0,train_00704
006082.png,1.0,train_02271
006083.png,0.9999999,train_06986
006084.png,1.0000001,train_05156
006085.png,1.0000002,train_07870
006086.png,1.0,train_01008
006087.png,1.0000001,train_04849
006088.png,1.0000001,train_01929
006089.png,1.0,train_01255
006090.png,1.0000004,train_05660
006091.png,0.9999999,train_06806
006092.png,1.0000001,train_04556
006093.png,1.0,train_07807
006094.png,1.0000002,train_04664
006095.png,0.99999994,train_07518
006096.png,0.9999999,train_07473
006097.png,1.0000001,train_06572
006098.png,0.99999994,train_07855
006099.png,0.99999976,train_03544
006100.png,1.0000002,train_04247
006101.png,1.0,train_02930
006102.png,0.9999999,train_02029
006103.png,0.99999994,train_04868
006104.png,0.99999994,train_07845
006105.png,1.0000001,train_05599
006106.png,1.0000001,train_03323
006107.png,1.0000001,train_03388
006108.png,1.0,train_07317
006109.png,1.0000001,train_02532
006110.png,1.0,train_03504
006111.png,1.0000002,train_03797
006112.png,1.0,train_04360
006113.png,0.99999994,train_04186
006114.png,1.0000001,train_02849
006115.png,0.9999999,train_02729
006116.png,1.0000002,train_01164
006117.png,1.0,train_06196
006118.png,1.0000001,train_01271
006119.png,1.0,train_04429
006120.png,1.0000001,train_01894
006121.png,1.0,train_01981
006122.png,1.0,train_01133
006123.png,1.0,train_02902
006124.png,1.0000002,train_02059
006125.png,1.0000001,train_02805
006126.png,1.0,train_01451
006127.png,0.9999999,train_02717
006128.png,1.0000002,train_01775
006129.png,1.0,train_04121
006130.png,1.0000001,train_00183
006131.png,1.0,train_00386
006132.png,0.99999994,train_04942
006133.png,0.99999994,train_05957
006134.png,1.0000002,train_05354
006135.png,0.99999994,train_05570
006136.png,1.0,train_03005
006137.png,1.0000001,train_02425
006138.png,1.0,train_03655
006139.png,1.0000001,train_03103
006140.png,1.0,train_00750
006141.png,1.0,train_01207
006142.png,1.0,train_06835
006143.png,0.9999999,train_06319
006144.png,1.0000001,train_06875
006145.png,0.99999976,train_06244
006146.png,1.0000004,train_02208
006147.png,1.0,train_04896
006148.png,1.0000001,train_06002
006149.png,1.0000002,train_01516
006150.png,1.0,train_05410
006151.png,0.9999998,train_07874
006152.png,1.0,train_02605
006153.png,1.0000001,train_01131
006154.png,1.0000001,train_02805
006155.png,0.99999994,train_00574
006156.png,1.0000001,train_02870
006157.png,1.0,train_05393
006158.png,1.0000002,train_00446
006159.png,1.0000001,train_06370
006160.png,0.99999994,train_03869
006161.png,0.99999994,train_03007
006162.png,1.0000002,train_07058
006163.png,0.99999976,train_06263
006164.png,0.99999976,train_05103
006165.png,0.9999999,train_05361
006166.png,1.0,train_07466
006167.png,1.0,train_06314
006168.png,1.0000002,train_05014
006169.png,0.9999999,train_00824
006170.png,1.0000001,train_04393
006171.png,1.0000001,train_07198
006172.png,0.9999998,train_01809
006173.png,0.9999999,train_06530
006174.png,1.0000001,train_07411
006175.png,0.99999994,train_03228
006176.png,1.0000002,train_03670
006177.png,1.0,train_04041
006178.png,1.0,train_06443
006179.png,1.0000002,train_04253
006180.png,1.0,train_06135
006181.png,1.0,train_03206
006182.png,1.0,train_00294
006183.png,0.99999976,train_05553
006184.png,1.0,train_04910
006185.png,0.9999999,train_04278
006186.png,0.99999976,train_04691
006187.png,1.0,train_02817
006188.png,1.0,train_05664
006189.png,1.0,train_02578
006190.png,1.0000001,train_05914
006191.png,0.99999964,train_04941
006192.png,1.0000002,train_04863
006193.png,1.0000002,train_01258
006194.png,0.9999999,train_02137
006195.png,1.0,train_05956
006196.png,0.9999999,train_03832
006197.png,0.99999994,train_03228
006198.png,1.0,train_04038
006199.png,0.99999994,train_02449
006200.png,1.0,train_04647
006201.png,1.0000002,train_01719
006202.png,1.0,train_06674
006203.png,1.0,train_01303
006204.png,1.0,train_06840
006205.png,1.0000004,train_00203
006206.png,1.0,train_00321
006207.png,1.0000001,train_03291
006208.png,0.9999999,train_00860
006209.png,1.0000001,train_05892
006210.png,1.0000001,train_00247
006211.png,1.0000002,train_01258
006212.png,1.0,train_05027
006213.png,0.9999999,train_00138
006214.png,1.0,train_05389
006215.png,1.0000002,train_06764
006216.png,1.0000002,train_01719
006217.png,0.99999976,train_05731
006218.png,1.0000001,train_01308
006219.png,0.99999964,train_06475
006220.png,1.0000002,train_04953
006221.png,0.9999999,train_07465
006222.png,1.0000001,train_00959
006223.png,1.0000002,train_01385
006224.png,0.9999999,train_02269
006225.png,1.0000002,train_02830
006226.png,1.0,train_00267
006227.png,1.0,train_07265
006228.png,0.99999964,train_04941
006229.png,1.0,train_00689
006230.png,1.0000001,train_03661
006231.png,1.0,train_03159
006232.png,1.0,train_06236
006233.png,1.0,train_06036
006234.png,0.99999994,train_03350
006235.png,1.0,train_04276
006236.png,1.0000001,train_07717
006237.png,1.0,train_06911
006238.png,1.0,train_03206
006239.png,1.0000002,train_03601
006240.png,1.0,train_00389
006241.png,1.0000001,train_03863
006242.png,0.9999999,train_03725
006243.png,1.0000002,train_00855
006244.png,1.0,train_04002
006245.png,1.0,train_07265
006246.png,1.0,train_06840
006247.png,1.0000001,train_00303
006248.png,1.0000002,train_00510
006249.png,0.9999999,train_04785
006250.png,1.0000001,train_00939
006251.png,1.0000001,train_07994
006252.png,1.0,train_05026
006253.png,1.0000002,train_03093
006254.png,0.9999999,train_00727
006255.png,1.0000001,train_04135
006256.png,1.0,train_04284
006257.png,1.0,train_08079
006258.png,1.0,train_05711
006259.png,0.99999994,train_07990
006260.png,0.9999999,train_02717
006261.png,1.0000001,train_04083
006262.png,1.0,train_03039
006263.png,1.0,train_02056
006264.png,1.0000002,train_07652
006265.png,0.9999998,train_03827
006266.png,1.0,train_01144
006267.png,0.99999994,train_01175
006268.png,0.9999999,train_06892
006269.png,1.0000004,train_00061
006270.png,1.0,train_00704
006271.png,1.0000001,train_07553
006272.png,0.9999999,train_01012
006273.png,0.9999999,train_03999
006274.png,0.99999994,train_02650
006275.png,1.0000001,train_04770
006276.png,1.0,train_05227
006277.png,1.0,train_00117
006278.png,1.0000002,train_03093
006279.png,1.0000001,train_02342
006280.png,0.9999999,train_07640
006281.png,0.9999999,train_02717
006282.png,0.9999999,train_03541
006283.png,0.99999994,train_05688
006284.png,1.0000004,train_07248
006285.png,1.0000001,train_02190
006286.png,1.0000002,train_03444
006287.png,1.0,train_02526
006288.png,1.0,train_01255
006289.png,1.0000002,train_01243
006290.png,0.99999994,train_04063
006291.png,1.0000001,train_02870
006292.png,1.0000001,train_02847
006293.png,1.0,train_04038
006294.png,0.9999999,train_08073
006295.png,1.0,train_03005
006296.png,1.0000001,train_07992
006297.png,1.0000002,train_05239
006298.png,1.0000002,train_05455
006299.png,1.0,train_01267
006300.png,0.9999999,train_07732
006301.png,1.0000001,train_01429
006302.png,1.0,train_04751
006303.png,1.0,train_01068
006304.png,1.0000002,train_00825
006305.png,0.9999998,train_02972
006306.png,0.99999964,train_05560
006307.png,1.0000002,train_03647
006308.png,0.99999976,train_00632
006309.png,1.0,train_03599
006310.png,0.9999999,train_05300
006311.png,1.0,train_07057
006312.png,1.0,train_03900
006313.png,0.9999999,train_00072
006314.png,0.99999976,train_07615
006315.png,1.0000001,train_08053
006316.png,0.99999976,train_03859
006317.png,1.0000001,train_02342
006318.png,1.0000002,train_03425
006319.png,1.0,train_01002
006320.png,0.99999976,train_06825
006321.png,1.0000002,train_02519
006322.png,0.9999999,train_04542
006323.png,0.9999999,train_01186
006324.png,0.99999976,train_01142
006325.png,1.0,train_06566
006326.png,1.0,train_07931
006327.png,1.0,train_06135
006328.png,0.99999976,train_06263
006329.png,0.9999999,train_08091
006330.png,1.0000001,train_05350
006331.png,1.0000002,train_04472
006332.png,1.0,train_04276
006333.png,1.0000001,train_03291
006334.png,1.0,train_03408
006335.png,1.0,train_07931
006336.png,0.9999999,train_00138
006337.png,0.99999976,train_00937
006338.png,1.0000002,train_06358
006339.png,1.0000004,train_00596
006340.png,1.0000002,train_00770
006341.png,1.0,train_00516
006342.png,1.0000004,train_05607
006343.png,1.0000004,train_07248
006344.png,1.0000002,train_07623
006345.png,1.0000001,train_00488
006346.png,1.0000005,train_06212
006347.png,0.99999994,train_00493
006348.png,1.0,train_05564
006349.png,1.0000002,train_07334
006350.png,1.0,train_00321
006351.png,1.0,train_05413
006352.png,1.0,train_07006
006353.png,1.0,train_00257
006354.png,1.0000001,train_02129
006355.png,1.0000001,train_01131
006356.png,0.9999999,train_04618
006357.png,0.99999976,train_05799
006358.png,1.0000002,train_00329
006359.png,1.0,train_03615
006360.png,1.0000004,train_05660
006361.png,1.0000001,train_01188
006362.png,1.0,train_02740
006363.png,1.0000002,train_03855
006364.png,1.0000002,train_07883
006365.png,1.0,train_01301
006366.png,1.0,train_00915
006367.png,0.99999994,train_03228
006368.png,0.99999964,train_01953
006369.png,0.9999997,train_00043
006370.png,0.9999999,train_01401
006371.png,0.9999999,train_01875
006372.png,1.0000002,train_01548
006373.png,1.0,train_04585
006374.png,1.0000001,train_06093
006375.png,1.0000002,train_00770
006376.png,1.0,train_01893
006377.png,0.99999976,train_07840
006378.png,0.9999999,train_04047
006379.png,1.0,train_04580
006380.png,1.0,train_04002
006381.png,0.9999999,train_02277
006382.png,1.0,train_08025
006383.png,1.0000002,train_04700
006384.png,0.9999997,train_00043
006385.png,1.0000001,train_02352
006386.png,1.0,train_04041
006387.png,0.9999999,train_00926
006388.png,1.0,train_01004
006389.png,0.9999999,train_04329
006390.png,1.0,train_07265
006391.png,1.0000001,train_05738
006392.png,0.9999999,train_05318
006393.png,1.0,train_04896
006394.png,1.0,train_07265
006395.png,1.0000001,train_01911
006396.png,1.0000002,train_03797
006397.png,1.0,train_06314
006398.png,1.0000002,train_03694
006399.png,1.0,train_02305
006400.png,0.9999999,train_06140
006401.png,0.9999999,train_00124
006402.png,1.0,train_01002
006403.png,1.0000001,train_00489
006404.png,1.0,train_01255
006405.png,1.0,train_02926
006406.png,1.0,train_07484
006407.png,1.0000004,train_03175
006408.png,1.0000001,train_00247
006409.png,1.0,train_03408
006410.png,1.0000002,train_05455
006411.png,1.0,train_01393
006412.png,0.99999964,train_04941
006413.png,0.9999999,train_06538
006414.png,0.9999998,train_06870
006415.png,1.0,train_04833
006416.png,0.99999976,train_05735
006417.png,1.0,train_04704
006418.png,1.0,train_01295
006419.png,0.99999976,train_06882
006420.png,0.99999976,train_05420
006421.png,0.9999999,train_00138
006422.png,1.0000001,train_05915
006423.png,1.0,train_07793
006424.png,0.99999994,train_00501
006425.png,1.0,train_01195
006426.png,1.0000001,train_02247
006427.png,0.9999999,train_07221
006428.png,1.0000002,train_02291
006429.png,1.0000001,train_03863
006430.png,1.0000001,train_06461
006431.png,1.0,train_01178
006432.png,1.0000002,train_00127
006433.png,1.0000001,train_03840
006434.png,0.9999999,train_06399
006435.png,1.0000002,train_01956
006436.png,1.0000001,train_00944
006437.png,1.0000001,train_04083
006438.png,1.0,train_03441
006439.png,0.99999994,train_02001
006440.png,1.0000002,train_06154
006441.png,1.0000001,train_01879
006442.png,1.0000004,train_06736
006443.png,1.0,train_03731
006444.png,1.0000001,train_04421
006445.png,1.0000002,train_00339
006446.png,1.0,train_05609
006447.png,0.9999999,train_03832
006448.png,0.9999999,train_00138
006449.png,1.0000001,train_01848
006450.png,1.0,train_04958
006451.png,1.0000004,train_01784
006452.png,1.0000002,train_01719
006453.png,0.99999994,train_02682
006454.png,1.0000005,train_03245
006455.png,0.99999976,train_07967
006456.png,1.0,train_01002
006457.png,1.0000001,train_07856
006458.png,1.0000001,train_03103
006459.png,1.0,train_06674
006460.png,0.99999976,train_03544
006461.png,1.0,train_03335
006462.png,1.0,train_06041
006463.png,1.0,train_02740
006464.png,1.0,train_05664
006465.png,1.0000002,train_05292
006466.png,1.0,train_00701
006467.png,1.0,train_04889
006468.png,1.0,train_07938
006469.png,0.9999999,train_05043
006470.png,1.0,train_05995
006471.png,1.0,train_03345
006472.png,1.0000002,train_01000
006473.png,0.9999999,train_03628
006474.png,1.0000001,train_07410
006475.png,1.0000002,train_02922
006476.png,0.99999994,train_01488
006477.png,1.0000001,train_05618
006478.png,1.0,train_06317
006479.png,1.0,train_02248
006480.png,0.9999999,train_00138
006481.png,0.9999999,train_06445
006482.png,1.0,train_04203
006483.png,0.9999999,train_05891
006484.png,1.0,train_04889
006485.png,1.0000004,train_06651
006486.png,1.0,train_00386
006487.png,1.0000001,train_03886
006488.png,0.99999994,train_06077
006489.png,1.0,train_05916
006490.png,0.99999994,train_05178
006491.png,0.99999994,train_03007
006492.png,1.0,train_00497
006493.png,1.0,train_01940
006494.png,0.99999994,train_03269
006495.png,0.9999996,train_04353
006496.png,1.0000001,train_02805
006497.png,1.0000002,train_02830
006498.png,1.0,train_06718
006499.png,1.0000002,train_02695
006500.png,1.0000001,train_03110
006501.png,0.99999994,train_01078
006502.png,1.0000002,train_05268
006503.png,1.0000002,train_07462
006504.png,1.0,train_04168
006505.png,1.0000001,train_03128
006506.png,0.99999964,train_01953
006507.png,1.0000002,train_01383
006508.png,1.0000004,train_01664
006509.png,0.9999999,train_02029
006510.png,1.0000001,train_07132
006511.png,1.0000004,train_04224
006512.png,1.0000002,train_06764
006513.png,1.0,train_04002
006514.png,0.99999994,train_03869
006515.png,0.99999994,train_01242
006516.png,1.0,train_01353
006517.png,0.99999994,train_00517
006518.png,0.9999999,train_07732
006519.png,0.9999999,train_03957
006520.png,1.0000001,train_01707
006521.png,0.99999976,train_05731
006522.png,1.0,train_04075
006523.png,1.0000002,train_01051
006524.png,1.0,train_03474
006525.png,1.0000001,train_00488
006526.png,1.0,train_00075
006527.png,1.0000001,train_00488
006528.png,1.0,train_07479
006529.png,1.0,train_06317
006530.png,1.0000002,train_00250
006531.png,1.0000002,train_05550
006532.png,1.0000002,train_03424
006533.png,1.0000002,train_02064
006534.png,1.0,train_06236
006535.png,1.0,train_05516
006536.png,1.0000001,train_04890
006537.png,1.0,train_01532
006538.png,1.0000001,train_07519
006539.png,0.9999998,train_02084
006540.png,1.0,train_00367
006541.png,1.0000001,train_03519
006542.png,1.0000001,train_00744
006543.png,1.0000002,train_05644
006544.png,1.0,train_05582
006545.png,1.0,train_03368
006546.png,1.0000001,train_01140
006547.png,1.0000001,train_02147
006548.png,1.0,train_06004
006549.png,1.0000001,train_01350
006550.png,1.0,train_00123
006551.png,0.9999999,train_03430
006552.png,1.0000001,train_01218
006553.png,1.0000001,train_04762
006554.png,1.0,train_01353
006555.png,0.9999999,train_03296
006556.png,1.0000005,train_06212
006557.png,0.9999999,train_01492
006558.png,1.0,train_02062
006559.png,0.99999994,train_07040
006560.png,0.99999994,train_02616
006561.png,1.0000002,train_04672
006562.png,1.0000001,train_04416
006563.png,1.0,train_07479
006564.png,1.0,train_05050
006565.png,0.9999999,train_08091
006566.png,1.0000002,train_06757
006567.png,1.0,train_07920
006568.png,1.0000002,train_03974
006569.png,1.0,train_01840
006570.png,1.0000001,train_01447
006571.png,0.9999999,train_03119
006572.png,0.9999999,train_01146
006573.png,1.0000004,train_05660
006574.png,1.0000005,train_07168
006575.png,1.0,train_05563
006576.png,0.9999999,train_03185
006577.png,1.0,train_05651
006578.png,0.99999976,train_00836
006579.png,1.0,train_04966
006580.png,1.0,train_00991
006581.png,1.0000002,train_06757
006582.png,0.9999999,train_03832
006583.png,1.0,train_02093
006584.png,1.0,train_00627
006585.png,1.0000001,train_02342
006586.png,1.0000002,train_01041
006587.png,1.0,train_06314
006588.png,1.0,train_03178
006589.png,1.0000001,train_01908
006590.png,1.0,train_07974
006591.png,1.0000001,train_04162
006592.png,1.0000004,train_01756
006593.png,0.9999999,train_03185
006594.png,0.9999999,train_05732
006595.png,1.0000002,train_01480
006596.png,1.0000002,train_05068
006597.png,1.0000001,train_00488
006598.png,1.0000002,train_00662
006599.png,1.0000002,train_04154
006600.png,0.99999976,train_04490
006601.png,1.0000004,train_02114
006602.png,0.9999999,train_07876
006603.png,1.0000002,train_05292
006604.png,1.0000001,train_07410
006605.png,1.0000001,train_04162
006606.png,1.0,train_00309
006607.png,1.0,train_02112
006608.png,1.0,train_07484
006609.png,1.0,train_04940
006610.png,1.0,train_04585
006611.png,1.0000001,train_05915
006612.png,1.0000001,train_01929
006613.png,1.0000002,train_00783
006614.png,0.99999964,train_06475
006615.png,1.0,train_06314
006616.png,0.9999998,train_07814
006617.png,0.9999999,train_03275
006618.png,1.0000001,train_00651
006619.png,1.0000002,train_01668
006620.png,1.0000002,train_02994
006621.png,1.0,train_04041
006622.png,1.0,train_04593
006623.png,1.0,train_01538
006624.png,1.0000004,train_01897
006625.png,1.0000001,train_00959
006626.png,0.99999976,train_01304
006627.png,1.0000004,train_00891
006628.png,0.99999976,train_01142
006629.png,1.0,train_06443
006630.png,1.0000005,train_07889
006631.png,0.99999964,train_06475
006632.png,0.9999999,train_00824
006633.png,1.0000002,train_00878
006634.png,1.0000002,train_01067
006635.png,1.0000002,train_03601
006636.png,1.0,train_06397
006637.png,1.0,train_06416
006638.png,1.0000001,train_00576
006639.png,0.9999998,train_07978
006640.png,1.0,train_00321
006641.png,1.0,train_02056
006642.png,0.9999999,train_05565
006643.png,1.0,train_01002
006644.png,0.99999994,train_03869
006645.png,1.0,train_03068
006646.png,0.99999964,train_06407
006647.png,0.9999999,train_02729
006648.png,1.0000002,train_00339
006649.png,1.0,train_07483
006650.png,0.99999964,train_04558
006651.png,1.0,train_06463
006652.png,1.0,train_04966
006653.png,0.99999994,train_03097
006654.png,1.0000002,train_01331
006655.png,1.0000001,train_05915
006656.png,1.0000001,train_00835
006657.png,1.0000004,train_02910
006658.png,1.0000001,train_03886
006659.png,0.99999994,train_04099
006660.png,0.9999999,train_03832
006661.png,1.0000001,train_00835
006662.png,1.0000002,train_04813
006663.png,0.9999999,train_04160
006664.png,0.99999976,train_01304
006665.png,1.0000002,train_02291
006666.png,1.0000001,train_06350
006667.png,0.9999999,train_02561
006668.png,1.0000004,train_05745
006669.png,1.0000002,train_04033
006670.png,0.99999976,train_00385
006671.png,1.0000001,train_00674
006672.png,1.0000002,train_06154
006673.png,1.0000001,train_03774
006674.png,0.9999999,train_01146
006675.png,1.0000002,train_05015
006676.png,0.9999995,train_06666
006677.png,0.99999976,train_05553
006678.png,0.99999994,train_02616
006679.png,0.9999999,train_06865
006680.png,1.0,train_06841
006681.png,1.0000001,train_01989
006682.png,0.9999998,train_00397
006683.png,1.0,train_01487
006684.png,1.0,train_00117
006685.png,1.0,train_01575
006686.png,1.0,train_04453
006687.png,1.0,train_04458
006688.png,1.0000001,train_00651
006689.png,1.0000001,train_02312
006690.png,0.99999994,train_05570
006691.png,0.99999976,train_04469
006692.png,0.9999999,train_00193
006693.png,1.0,train_01353
006694.png,0.9999999,train_01012
006695.png,1.0,train_07057
006696.png,1.0000001,train_04367
006697.png,1.0000002,train_03248
006698.png,0.99999964,train_06475
006699.png,0.99999994,train_02616
006700.png,1.0000004,train_01784
006701.png,1.0,train_04580
006702.png,1.0,train_07265
006703.png,1.0,train_06685
006704.png,1.0000002,train_02919
006705.png,0.9999999,train_06865
006706.png,1.0000002,train_01000
006707.png,1.0000002,train_04483
006708.png,1.0,train_03206
006709.png,1.0000001,train_04421
006710.png,1.0,train_01353
006711.png,1.0000001,train_04790
006712.png,1.0000002,train_03890
006713.png,1.0,train_02578
006714.png,1.0000002,train_02170
006715.png,0.9999999,train_03957
006716.png,1.0,train_01393
006717.png,1.0,train_05153
006718.png,1.0,train_07006
006719.png,1.0,train_07094
006720.png,1.0,train_06835
006721.png,1.0000001,train_02312
006722.png,1.0,train_02740
006723.png,0.99999976,train_01182
006724.png,1.0,train_03043
006725.png,1.0000001,train_04556
006726.png,0.99999976,train_05103
006727.png,0.9999998,train_00272
006728.png,1.0,train_08079
006729.png,1.0,train_07601
006730.png,0.9999998,train_02911
006731.png,1.0000001,train_07021
006732.png,1.0,train_00257
006733.png,1.0000005,train_00255
006734.png,1.0,train_04012
006735.png,1.0000001,train_05915
006736.png,1.0,train_02892
006737.png,1.0,train_03599
006738.png,0.99999976,train_05302
006739.png,1.0000002,train_02955
006740.png,1.0,train_02273
006741.png,1.0,train_03039
006742.png,1.0,train_07404
006743.png,1.0000001,train_04648
006744.png,1.0,train_03888
006745.png,1.0,train_05821
006746.png,1.0,train_04126
006747.png,1.0,train_06674
006748.png,1.0000002,train_06757
006749.png,1.0000002,train_06757
006750.png,0.9999999,train_06499
006751.png,1.0000001,train_04890
006752.png,0.99999994,train_06415
006753.png,0.99999994,train_04099
006754.png,1.0000002,train_07734
006755.png,1.0000002,train_04323
006756.png,1.0000001,train_05753
006757.png,1.0000001,train_00671
006758.png,1.0000001,train_02193
006759.png,1.0000001,train_02805
006760.png,1.0000001,train_07817
006761.png,0.9999997,train_01912
006762.png,1.0000002,train_00733
006763.png,0.99999976,train_06014
006764.png,1.0,train_01945
006765.png,0.9999999,train_02137
006766.png,1.0,train_01083
006767.png,1.0000002,train_03333
006768.png,1.0,train_07630
006769.png,1.0000001,train_05892
006770.png,0.99999976,train_01467
006771.png,0.99999976,train_02293
006772.png,0.9999999,train_01146
006773.png,1.0,train_06100
006774.png,0.99999994,train_06823
006775.png,1.0,train_07400
006776.png,1.0,train_05622
006777.png,0.99999976,train_04197
006778.png,0.99999994,train_08096
006779.png,1.0000004,train_03061
006780.png,0.9999999,train_06344
006781.png,1.0,train_01047
006782.png,1.0,train_03715
006783.png,1.0,train_08079
006784.png,1.0000002,train_03138
006785.png,1.0000005,train_07168
006786.png,0.99999976,train_06014
006787.png,1.0000002,train_03855
006788.png,0.99999964,train_00281
006789.png,1.0,train_04924
006790.png,1.0,train_05995
006791.png,0.9999999,train_05577
006792.png,0.99999976,train_06948
006793.png,1.0,train_06745
006794.png,1.0000001,train_02044
006795.png,1.0000002,train_07430
006796.png,1.0,train_01038
006797.png,0.9999999,train_03105
006798.png,1.0,train_00701
006799.png,1.0,train_05687
006800.png,1.0000002,train_06481
006801.png,0.99999976,train_04691
006802.png,1.0000002,train_07914
006803.png,0.9999999,train_07924
006804.png,0.9999998,train_04778
006805.png,1.0000002,train_05251
006806.png,0.9999999,train_02228
006807.png,1.0000002,train_03997
006808.png,1.0000002,train_06229
006809.png,1.0,train_01760
006810.png,1.0,train_04593
006811.png,1.0000002,train_04472
006812.png,1.0000002,train_03272
006813.png,0.9999999,train_02717
006814.png,1.0,train_04930
006815.png,0.99999976,train_07537
006816.png,1.0000002,train_07623
006817.png,1.0,train_04041
006818.png,1.0000001,train_06822
006819.png,1.0,train_04177
006820.png,1.0000002,train_05170
006821.png,1.0,train_01670
006822.png,1.0000004,train_03076
006823.png,1.0,train_00704
006824.png,0.99999976,train_03544
006825.png,1.0000002,train_01980
006826.png,0.9999999,train_02717
006827.png,0.99999976,train_02327
006828.png,0.9999999,train_00860
006829.png,1.0,train_05080
006830.png,1.0,train_04041
006831.png,1.0000001,train_03774
006832.png,1.0,train_00991
006833.png,1.0000002,train_07593
006834.png,1.0000001,train_05908
006835.png,1.0,train_01267
006836.png,1.0000001,train_05915
006837.png,1.0000001,train_02846
006838.png,1.0000001,train_06367
006839.png,1.0000001,train_05941
006840.png,1.0000001,train_03886
006841.png,1.0,train_04075
006842.png,1.0000001,train_01879
006843.png,1.0,train_02199
006844.png,1.0,train_07768
006845.png,0.9999999,train_04649
006846.png,1.0000001,train_00488
006847.png,1.0,train_04203
006848.png,1.0000001,train_00096
006849.png,1.0000002,train_04568
006850.png,1.0000002,train_01956
006851.png,1.0,train_04075
006852.png,1.0000002,train_05676
006853.png,1.0000002,train_02076
006854.png,1.0000001,train_04146
006855.png,0.99999976,train_06556
006856.png,1.0000002,train_06895
006857.png,0.99999976,train_04406
006858.png,0.99999976,train_05799
006859.png,0.99999994,train_07333
006860.png,0.9999999,train_02137
006861.png,0.99999994,train_06560
006862.png,1.0000001,train_03079
006863.png,0.9999999,train_01686
006864.png,1.0000004,train_02907
006865.png,0.99999994,train_01175
006866.png,1.0,train_07903
006867.png,1.0000002,train_02349
006868.png,0.9999998,train_01852
006869.png,1.0,train_04164
006870.png,1.0,train_05413
006871.png,1.0000002,train_07430
006872.png,1.0,train_00257
006873.png,1.0000002,train_06540
006874.png,0.9999999,train_03185
006875.png,1.0,train_02051
006876.png,1.0000001,train_04425
006877.png,1.0000001,train_00159
006878.png,1.0,train_05376
006879.png,1.0,train_04958
006880.png,1.0000002,train_02994
006881.png,1.0,train_02093
006882.png,1.0000001,train_05915
006883.png,1.0,train_04041
006884.png,1.0,train_06364
006885.png,0.99999994,train_03350
006886.png,0.9999999,train_06892
006887.png,1.0,train_00386
006888.png,1.0000002,train_01531
006889.png,1.0000001,train_07970
006890.png,1.0000001,train_00160
006891.png,1.0000001,train_01053
006892.png,0.9999999,train_02228
006893.png,0.99999994,train_04275
006894.png,0.99999994,train_04016
006895.png,1.0,train_05164
006896.png,1.0000002,train_07114
006897.png,1.0,train_05227
006898.png,1.0,train_00117
006899.png,1.0,train_04038
006900.png,1.0000002,train_03287
006901.png,1.0000002,train_05244
006902.png,0.99999976,train_06825
006903.png,1.0,train_05217
006904.png,1.0000002,train_03472
006905.png,1.0,train_05252
006906.png,1.0000004,train_00736
006907.png,0.9999999,train_03119
006908.png,1.0,train_07543
006909.png,0.99999994,train_00345
006910.png,1.0000002,train_01956
006911.png,1.0000001,train_05156
006912.png,1.0,train_02727
006913.png,0.99999994,train_02650
006914.png,1.0000001,train_05365
006915.png,1.0,train_07927
006916.png,0.99999994,train_01095
006917.png,1.0,train_06745
006918.png,0.9999999,train_06538
006919.png,1.0000004,train_02463
006920.png,1.0,train_02628
006921.png,0.9999999,train_04786
006922.png,0.99999976,train_00934
006923.png,0.9999999,train_05732
006924.png,1.0000002,train_01956
006925.png,1.0000001,train_08115
006926.png,1.0000001,train_06378
006927.png,1.0,train_00386
006928.png,0.99999994,train_06823
006929.png,1.0000002,train_00339
006930.png,1.0,train_03474
006931.png,0.99999994,train_07040
006932.png,1.0,train_07331
006933.png,1.0000004,train_02910
006934.png,1.0000002,train_03836
006935.png,1.0,train_04969
006936.png,1.0,train_01237
006937.png,1.0,train_07543
006938.png,1.0,train_04256
006939.png,1.0000002,train_02123
006940.png,0.9999999,train_06319
006941.png,1.0,train_03515
006942.png,0.9999999,train_07515
006943.png,1.0,train_01487
006944.png,1.0,train_03615
006945.png,1.0,train_07426
006946.png,0.9999999,train_05398
006947.png,1.0000002,train_07111
006948.png,1.0000002,train_01662
006949.png,1.0000002,train_05455
006950.png,1.0000002,train_02994
006951.png,0.9999999,train_07405
006952.png,1.0,train_05995
006953.png,0.9999999,train_06565
006954.png,0.9999999,train_06399
006955.png,0.9999999,train_03832
006956.png,1.0000001,train_00671
006957.png,1.0,train_07339
006958.png,1.0000001,train_02190
006959.png,0.9999998,train_06950
006960.png,0.9999999,train_04835
006961.png,0.9999999,train_00193
006962.png,0.9999997,train_00989
006963.png,1.0,train_03504
006964.png,0.9999999,train_03370
006965.png,1.0000002,train_06757
006966.png,1.0,train_03474
006967.png,1.0,train_05995
006968.png,1.0000002,train_04154
006969.png,1.0,train_04585
006970.png,1.0000001,train_07817
006971.png,1.0000001,train_05908
006972.png,1.0000002,train_05092
006973.png,1.0,train_01133
006974.png,1.0000002,train_00127
006975.png,1.0,train_07265
006976.png,1.0,train_03715
006977.png,1.0000001,train_07385
006978.png,0.99999976,train_03544
006979.png,0.9999999,train_01012
006980.png,1.0000001,train_05156
006981.png,1.0000002,train_03364
006982.png,1.0,train_04453
006983.png,1.0,train_06364
006984.png,0.99999994,train_03784
006985.png,1.0000001,train_06795
006986.png,1.0,train_05516
006987.png,0.99999964,train_06475
006988.png,1.0000002,train_04672
006989.png,1.0000001,train_04983
006990.png,1.0000001,train_01600
006991.png,0.99999994,train_00512
006992.png,0.9999999,train_00138
006993.png,1.0000002,train_07244
006994.png,0.99999976,train_04691
006995.png,1.0000001,train_05915
006996.png,0.9999999,train_00184
006997.png,1.0,train_04453
006998.png,0.99999994,train_06415
006999.png,1.0000004,train_02910
007000.png,1.0,train_00075
007001.png,1.0000002,train_03444
007002.png,1.0,train_02263
007003.png,0.99999994,train_04538
007004.png,0.9999999,train_07258
007005.png,1.0000005,train_00169
007006.png,0.99999964,train_05383
007007.png,0.99999994,train_02001
007008.png,1.0,train_03504
007009.png,0.9999999,train_02836
007010.png,0.99999976,train_00842
007011.png,0.9999998,train_07810
007012.png,1.0000002,train_07870
007013.png,1.0,train_07886
007014.png,1.0,train_05824
007015.png,0.99999976,train_03560
007016.png,1.0000002,train_05192
007017.png,1.0000001,train_04648
007018.png,1.0,train_02960
007019.png,1.0000001,train_06660
007020.png,0.9999999,train_00065
007021.png,0.9999997,train_03045
007022.png,1.0,train_00313
007023.png,0.9999999,train_06140
007024.png,1.0000001,train_00744
007025.png,1.0,train_00214
007026.png,1.0000001,train_04859
007027.png,1.0,train_03920
007028.png,0.99999976,train_03560
007029.png,1.0000002,train_01426
007030.png,0.99999964,train_04553
007031.png,1.0000001,train_03338
007032.png,1.0000001,train_07817
007033.png,1.0000001,train_07489
007034.png,0.9999999,train_05049
007035.png,1.0,train_00898
007036.png,0.9999999,train_00138
007037.png,0.9999999,train_04542
007038.png,0.9999999,train_04004
007039.png,0.99999976,train_04401
007040.png,1.0,train_04647
007041.png,1.0000001,train_05699
007042.png,1.0,train_04315
007043.png,1.0000002,train_01193
007044.png,1.0000001,train_02815
007045.png,1.0000005,train_00112
007046.png,1.0,train_07317
007047.png,1.0,train_02056
007048.png,1.0000005,train_01408
007049.png,0.99999994,train_03869
007050.png,0.99999994,train_00493
007051.png,0.9999999,train_00120
007052.png,0.99999994,train_04186
007053.png,0.9999998,train_08018
007054.png,1.0000001,train_06005
007055.png,0.9999999,train_00065
007056.png,0.9999998,train_07978
007057.png,1.0000005,train_01607
007058.png,0.99999994,train_01175
007059.png,1.0,train_00516
007060.png,0.99999994,train_05782
007061.png,1.0000001,train_03079
007062.png,1.0000002,train_05092
007063.png,0.99999976,train_00351
007064.png,0.9999999,train_07465
007065.png,1.0000001,train_04556
007066.png,0.9999998,train_02520
007067.png,1.0000002,train_06283
007068.png,1.0,train_03497
007069.png,1.0000002,train_05675
007070.png,1.0,train_06317
007071.png,1.0,train_04035
007072.png,1.0000004,train_00061
007073.png,1.0000001,train_06852
007074.png,1.0,train_01860
007075.png,0.9999999,train_01686
007076.png,0.9999999,train_07405
007077.png,1.0000001,train_05908
007078.png,1.0,train_05389
007079.png,0.9999999,train_07876
007080.png,0.9999999,train_02717
007081.png,1.0,train_07057
007082.png,1.0,train_07317
007083.png,0.99999994,train_03784
007084.png,1.0,train_06745
007085.png,1.0,train_04743
007086.png,0.99999994,train_07456
007087.png,1.0000005,train_07674
007088.png,1.0,train_04681
007089.png,1.0,train_03322
007090.png,1.0,train_01004
007091.png,0.99999976,train_01560
007092.png,1.0,train_06364
007093.png,1.0000001,train_03579
007094.png,1.0000002,train_01956
007095.png,1.0,train_04580
007096.png,0.9999999,train_05369
007097.png,1.0,train_04453
007098.png,1.0,train_00689
007099.png,1.0000002,train_05702
007100.png,0.9999999,train_03185
007101.png,1.0000001,train_06149
007102.png,1.0,train_03319
007103.png,1.0,train_03615
007104.png,1.0,train_07331
007105.png,0.99999994,train_03269
007106.png,0.9999999,train_03290
007107.png,0.99999994,train_07641
007108.png,1.0,train_01840
007109.png,1.0,train_03039
007110.png,0.99999976,train_07967
007111.png,1.0,train_05687
007112.png,1.0000001,train_02201
007113.png,0.9999999,train_03713
007114.png,1.0,train_05299
007115.png,1.0,train_05207
007116.png,1.0000004,train_05282
007117.png,1.0000002,train_00594
007118.png,1.0,train_07807
007119.png,1.0,train_05995
007120.png,0.9999999,train_00072
007121.png,1.0000004,train_01088
007122.png,0.9999999,train_04715
007123.png,1.0000001,train_02312
007124.png,0.99999964,train_02070
007125.png,1.0,train_03408
007126.png,0.99999994,train_06069
007127.png,1.0,train_04708
007128.png,0.9999999,train_04059
007129.png,0.9999999,train_01339
007130.png,1.0000001,train_06464
007131.png,1.0000002,train_03608
007132.png,1.0000004,train_02463
007133.png,0.99999976,train_07946
007134.png,1.0000002,train_01051
007135.png,1.0,train_01701
007136.png,0.9999999,train_01401
007137.png,1.0000005,train_00112
007138.png,0.9999999,train_07171
007139.png,0.99999976,train_07839
007140.png,1.0000001,train_05076
007141.png,1.0000002,train_07244
007142.png,1.0,train_02740
007143.png,1.0,train_04449
007144.png,1.0,train_01458
007145.png,1.0,train_04035
007146.png,1.0,train_05847
007147.png,0.9999999,train_03290
007148.png,1.0000001,train_07970
007149.png,1.0,train_07057
007150.png,1.0000001,train_00134
007151.png,1.0000004,train_02114
007152.png,0.9999999,train_06499
007153.png,1.0000002,train_00446
007154.png,1.0000005,train_04967
007155.png,1.0,train_07588
007156.png,1.0,train_07337
007157.png,0.99999976,train_06948
007158.png,1.0000004,train_07644
007159.png,1.0,train_02056
007160.png,0.9999999,train_02382
007161.png,1.0000002,train_07593
007162.png,0.99999964,train_06475
007163.png,1.0000002,train_00222
007164.png,1.0,train_03068
007165.png,0.9999999,train_04059
007166.png,1.0000001,train_05156
007167.png,0.9999999,train_02029
007168.png,1.0,train_01004
007169.png,1.0,train_01203
007170.png,1.0000001,train_00488
007171.png,1.0000002,train_04247
007172.png,1.0,train_03615
007173.png,1.0000002,train_03248
007174.png,0.9999999,train_01801
007175.png,1.0,train_06932
007176.png,0.9999999,train_02836
007177.png,1.0000004,train_04884
007178.png,1.0,train_07866
007179.png,1.0,train_07426
007180.png,1.0000001,train_02693
007181.png,1.0,train_03140
007182.png,1.0,train_06196
007183.png,1.0,train_03129
007184.png,0.9999999,train_01146
007185.png,1.0,train_04578
007186.png,0.99999976,train_06889
007187.png,1.0,train_01353
007188.png,1.0000004,train_03076
007189.png,0.9999999,train_02228
007190.png,1.0,train_03084
007191.png,1.0,train_04332
007192.png,0.99999976,train_05534
007193.png,0.9999999,train_02024
007194.png,1.0,train_03332
007195.png,1.0000001,train_00551
007196.png,1.0000002,train_04033
007197.png,0.9999999,train_05558
007198.png,0.9999999,train_00146
007199.png,1.0000001,train_05115
007200.png,1.0,train_06932
007201.png,0.9999999,train_08073
007202.png,1.0,train_00036
007203.png,1.0,train_07931
007204.png,1.0000001,train_05941
007205.png,1.0000002,train_08076
007206.png,0.9999999,train_05732
007207.png,1.0000001,train_02878
007208.png,1.0000002,train_01980
007209.png,0.99999976,train_07447
007210.png,0.99999994,train_00530
007211.png,1.0000001,train_02044
007212.png,0.9999999,train_07640
007213.png,1.0,train_04002
007214.png,0.99999994,train_05186
007215.png,1.0000001,train_07542
007216.png,0.99999994,train_05570
007217.png,1.0,train_03005
007218.png,1.0000001,train_05892
007219.png,1.0000002,train_03463
007220.png,1.0,train_05080
007221.png,0.9999999,train_01492
007222.png,1.0000002,train_05628
007223.png,1.0000002,train_01067
007224.png,1.0000002,train_07058
007225.png,1.0,train_01458
007226.png,1.0000001,train_04515
007227.png,0.99999994,train_00501
007228.png,0.9999999,train_06565
007229.png,0.9999999,train_00138
007230.png,1.0000002,train_03890
007231.png,1.0000001,train_01323
007232.png,1.0,train_06689
007233.png,1.0000002,train_07416
007234.png,0.99999994,train_08096
007235.png,1.0,train_00361
007236.png,1.0000001,train_01288
007237.png,1.0000002,train_00733
007238.png,0.99999994,train_07544
007239.png,1.0,train_02995
007240.png,1.0,train_05665
007241.png,1.0000002,train_00339
007242.png,1.0000001,train_00570
007243.png,1.0,train_03068
007244.png,0.9999999,train_07628
007245.png,1.0000002,train_02889
007246.png,1.0000002,train_05973
007247.png,0.9999999,train_00860
007248.png,1.0,train_01532
007249.png,0.9999999,train_04618
007250.png,1.0000002,train_02245
007251.png,1.0000002,train_08050
007252.png,1.0000002,train_01956
007253.png,1.0,train_07484
007254.png,1.0,train_07588
007255.png,1.0000001,train_01707
007256.png,1.0,train_02892
007257.png,0.99999994,train_06823
007258.png,1.0000002,train_03870
007259.png,0.99999976,train_07447
007260.png,1.0,train_00689
007261.png,0.99999994,train_01095
007262.png,1.0,train_00704
007263.png,1.0000002,train_05254
007264.png,1.0000002,train_04154
007265.png,1.0,train_01353
007266.png,1.0,train_06314
007267.png,1.0000001,train_06461
007268.png,0.99999994,train_06823
007269.png,1.0,train_07639
007270.png,1.0,train_03615
007271.png,1.0000001,train_04415
007272.png,1.0000002,train_07878
007273.png,1.0,train_03068
007274.png,1.0000002,train_00339
007275.png,1.0,train_03987
007276.png,1.0000001,train_02342
007277.png,1.0,train_01532
007278.png,0.9999999,train_04091
007279.png,1.0000001,train_00374
007280.png,1.0000002,train_06327
007281.png,1.0000002,train_01026
007282.png,1.0,train_06364
007283.png,1.0,train_01004
007284.png,1.0,train_07466
007285.png,1.0000002,train_03608
007286.png,1.0000001,train_04569
007287.png,1.0000004,train_05607
007288.png,0.9999999,train_07490
007289.png,1.0000004,train_04143
007290.png,1.0000002,train_02695
007291.png,1.0000005,train_02601
007292.png,1.0000002,train_01331
007293.png,1.0,train_07265
007294.png,1.0,train_04609
007295.png,1.0000004,train_00308
007296.png,1.0,train_06957
007297.png,1.0,train_01008
007298.png,1.0000001,train_02129
007299.png,1.0000002,train_03318
007300.png,1.0,train_00214
007301.png,1.0000002,train_00612
007302.png,0.9999999,train_06423
007303.png,0.9999999,train_03541
007304.png,1.0,train_04674
007305.png,0.9999999,train_04451
007306.png,1.0,train_00750
007307.png,1.0,train_03408
007308.png,1.0000002,train_01956
007309.png,1.0,train_02628
007310.png,0.9999999,train_02836
007311.png,1.0000002,train_03608
007312.png,1.0000002,train_05304
007313.png,1.0000002,train_00685
007314.png,0.9999999,train_06762
007315.png,0.9999999,train_07545
007316.png,1.0000001,train_07970
007317.png,1.0,train_06036
007318.png,0.9999999,train_05804
007319.png,1.0,train_02822
007320.png,1.0,train_04896
007321.png,1.0,train_03408
007322.png,1.0000002,train_01424
007323.png,1.0000002,train_01719
007324.png,1.0000001,train_00096
007325.png,1.0000004,train_04884
007326.png,1.0000002,train_04483
007327.png,0.9999999,train_03842
007328.png,0.99999994,train_07598
007329.png,1.0,train_07479
007330.png,1.0000001,train_00944
007331.png,0.9999999,train_01492
007332.png,1.0000001,train_07553
007333.png,1.0,train_07483
007334.png,1.0,train_01981
007335.png,1.0,train_04585
007336.png,1.0,train_07793
007337.png,1.0,train_02355
007338.png,1.0000002,train_00090
007339.png,1.0000002,train_04628
007340.png,1.0000004,train_07644
007341.png,0.9999999,train_07465
007342.png,1.0,train_06314
007343.png,1.0000001,train_04745
007344.png,1.0,train_07057
007345.png,1.0,train_04580
007346.png,1.0000001,train_07476
007347.png,1.0,train_04896
007348.png,1.0000001,train_06852
007349.png,1.0,train_03408
007350.png,0.9999999,train_04495
007351.png,1.0,train_06221
007352.png,1.0,train_01344
007353.png,1.0,train_07344
007354.png,0.9999999,train_05577
007355.png,1.0,train_06236
007356.png,0.99999976,train_07506
007357.png,1.0000001,train_07970
007358.png,1.0,train_00701
007359.png,1.0,train_08079
007360.png,0.9999999,train_04559
007361.png,1.0,train_04315
007362.png,0.99999976,train_05534
007363.png,0.9999999,train_05038
007364.png,1.0,train_01002
007365.png,0.9999999,train_04542
007366.png,0.9999999,train_00926
007367.png,1.0000001,train_05095
007368.png,1.0,train_05976
007369.png,0.9999996,train_02971
007370.png,0.99999964,train_00908
007371.png,0.99999994,train_05957
007372.png,1.0000001,train_03843
007373.png,1.0,train_04041
007374.png,1.0,train_04896
007375.png,1.0000002,train_06805
007376.png,1.0000002,train_02123
007377.png,1.0000002,train_01719
007378.png,0.9999999,train_00916
007379.png,0.99999994,train_04455
007380.png,1.0,train_04833
007381.png,1.0,train_04896
007382.png,1.0,train_01390
007383.png,1.0,train_07720
007384.png,1.0000002,train_00329
007385.png,1.0000001,train_00488
007386.png,0.99999994,train_04275
007387.png,1.0000001,train_06795
007388.png,1.0000002,train_07847
007389.png,1.0,train_01619
007390.png,1.0000001,train_05127
007391.png,0.9999999,train_03341
007392.png,1.0000001,train_07174
007393.png,1.0000002,train_00510
007394.png,1.0000001,train_06470
007395.png,1.0000002,train_03974
007396.png,1.0000001,train_02312
007397.png,1.0000001,train_01308
007398.png,1.0,train_07057
007399.png,1.0000001,train_00744
007400.png,1.0,train_06376
007401.png,0.99999964,train_06407
007402.png,1.0,train_01004
007403.png,1.0,train_06911
007404.png,1.0000001,train_03323
007405.png,1.0,train_00704
007406.png,1.0000002,train_01164
007407.png,1.0,train_03615
007408.png,0.9999999,train_00298
007409.png,1.0000001,train_01017
007410.png,0.9999999,train_07405
007411.png,1.0,train_05807
007412.png,1.0,train_00284
007413.png,1.0000001,train_01498
007414.png,0.9999999,train_05357
007415.png,1.0,train_04038
007416.png,1.0,train_01353
007417.png,1.0000002,train_04860
007418.png,1.0000002,train_05628
007419.png,1.0000001,train_03519
007420.png,1.0,train_01981
007421.png,1.0000002,train_07900
007422.png,1.0000001,train_03873
007423.png,0.9999999,train_03541
007424.png,1.0000001,train_07021
007425.png,1.0,train_03297
007426.png,1.0,train_07331
007427.png,1.0,train_07163
007428.png,0.99999976,train_05429
007429.png,1.0,train_05585
007430.png,1.0000001,train_04271
007431.png,0.99999994,train_05380
007432.png,1.0000002,train_01956
007433.png,0.9999999,train_06423
007434.png,1.0000001,train_00247
007435.png,1.0,train_01337
007436.png,1.0000001,train_00990
007437.png,0.99999976,train_00961
007438.png,1.0000002,train_02687
007439.png,1.0000001,train_06852
007440.png,0.9999999,train_02717
007441.png,1.0000002,train_06757
007442.png,0.9999999,train_01973
007443.png,1.0000002,train_05092
007444.png,1.0000002,train_05092
007445.png,0.9999999,train_03185
007446.png,1.0000002,train_01922
007447.png,1.0000002,train_05628
007448.png,1.0000001,train_04436
007449.png,1.0000001,train_00025
007450.png,1.0000001,train_04425
007451.png,0.99999976,train_02430
007452.png,0.99999994,train_04215
007453.png,0.9999999,train_00522
007454.png,0.9999999,train_00031
007455.png,1.0,train_02740
007456.png,1.0,train_03708
007457.png,1.0,train_06482
007458.png,1.0000002,train_07462
007459.png,1.0000005,train_02601
007460.png,1.0000001,train_01131
007461.png,0.99999994,train_01242
007462.png,1.0,train_02286
007463.png,1.0000001,train_02639
007464.png,1.0000002,train_02824
007465.png,0.99999976,train_07877
007466.png,1.0,train_01530
007467.png,1.0,train_07339
007468.png,1.0,train_07954
007469.png,1.0000001,train_02532
007470.png,1.0000001,train_06370
007471.png,1.0000001,train_07519
007472.png,1.0000001,train_04882
007473.png,1.0,train_03729
007474.png,0.99999994,train_02181
007475.png,0.9999998,train_02972
007476.png,1.0,train_04346
007477.png,0.9999999,train_04649
007478.png,0.99999994,train_02284
007479.png,1.0,train_04035
007480.png,1.0000001,train_07494
007481.png,0.99999994,train_07333
007482.png,0.99999976,train_03560
007483.png,1.0,train_04360
007484.png,1.0,train_01195
007485.png,0.9999999,train_04107
007486.png,1.0000002,train_00766
007487.png,1.0000001,train_05241
007488.png,1.0000004,train_00308
007489.png,1.0000002,train_06764
007490.png,0.99999976,train_07935
007491.png,1.0000001,train_00247
007492.png,1.0000001,train_04648
007493.png,1.0000002,train_07635
007494.png,0.9999999,train_07876
007495.png,1.0000001,train_03388
007496.png,1.0000002,train_06205
007497.png,1.0,train_02445
007498.png,1.0,train_01203
007499.png,0.9999999,train_00184
007500.png,1.0000001,train_06421
007501.png,1.0000001,train_00488
007502.png,0.99999994,train_01101
007503.png,1.0,train_05169
007504.png,1.0000001,train_00619
007505.png,1.0,train_07479
007506.png,0.9999999,train_03832
007507.png,0.9999996,train_02588
007508.png,1.0000005,train_02601
007509.png,1.0000004,train_08047
007510.png,0.99999976,train_03824
007511.png,0.9999999,train_06565
007512.png,1.0,train_02605
007513.png,1.0,train_00313
007514.png,1.0,train_04360
007515.png,1.0000001,train_08141
007516.png,0.9999999,train_06499
007517.png,0.9999999,train_05559
007518.png,1.0,train_04038
007519.png,0.9999999,train_04786
007520.png,1.0000002,train_01399
007521.png,1.0000002,train_05550
007522.png,1.0000001,train_07817
007523.png,1.0,train_02813
007524.png,1.0000005,train_00255
007525.png,1.0000001,train_03036
007526.png,1.0,train_06956
007527.png,1.0,train_05223
007528.png,1.0000001,train_04790
007529.png,1.0000002,train_04700
007530.png,1.0000002,train_05092
007531.png,1.0000001,train_04432
007532.png,1.0000001,train_02342
007533.png,1.0,train_04177
007534.png,1.0000002,train_02291
007535.png,1.0000002,train_07111
007536.png,1.0000001,train_06660
007537.png,1.0000002,train_01956
007538.png,0.9999999,train_01446
007539.png,1.0000001,train_04271
007540.png,0.9999999,train_06299
007541.png,1.0000002,train_02687
007542.png,1.0000001,train_07021
007543.png,1.0000001,train_04402
007544.png,1.0,train_04035
007545.png,1.0000002,train_04323
007546.png,1.0,train_01291
007547.png,1.0,train_01861
007548.png,1.0000002,train_02695
007549.png,1.0,train_04896
007550.png,1.0,train_03615
007551.png,1.0,train_04075
007552.png,0.9999999,train_07714
007553.png,0.9999999,train_03185
007554.png,1.0,train_07094
007555.png,1.0000002,train_06283
007556.png,1.0000002,train_06127
007557.png,1.0000002,train_06266
007558.png,0.99999994,train_01175
007559.png,1.0,train_06957
007560.png,1.0,train_03474
007561.png,0.9999999,train_03897
007562.png,1.0000002,train_00641
007563.png,1.0000002,train_04483
007564.png,1.0,train_04896
007565.png,0.99999976,train_06944
007566.png,1.0000001,train_05892
007567.png,1.0000002,train_01022
007568.png,1.0,train_01844
007569.png,0.9999999,train_01146
007570.png,1.0,train_03258
007571.png,1.0,train_04940
007572.png,1.0,train_07339
007573.png,1.0,train_01536
007574.png,1.0000001,train_07553
007575.png,0.9999999,train_03477
007576.png,1.0,train_05582
007577.png,1.0000002,train_04472
007578.png,1.0000001,train_05001
007579.png,0.9999998,train_07874
007580.png,0.9999999,train_04059
007581.png,1.0000001,train_03519
007582.png,1.0,train_03161
007583.png,1.0000002,train_03694
007584.png,0.9999999,train_07405
007585.png,1.0,train_03408
007586.png,0.9999999,train_03628
007587.png,1.0,train_00267
007588.png,0.99999994,train_01095
007589.png,1.0000002,train_03716
007590.png,1.0,train_06057
007591.png,1.0000002,train_06540
007592.png,0.99999976,train_05103
007593.png,1.0,train_06746
007594.png,1.0000002,train_04323
007595.png,0.9999999,train_03897
007596.png,1.0000001,train_00248
007597.png,1.0000001,train_03087
007598.png,0.9999999,train_06762
007599.png,1.0000002,train_07319
007600.png,0.99999994,train_05835
007601.png,1.0,train_00754
007602.png,0.9999999,train_07545
007603.png,0.99999976,train_05799
007604.png,1.0,train_07931
007605.png,1.0000002,train_02123
007606.png,1.0,train_01861
007607.png,1.0000004,train_07248
007608.png,0.9999999,train_07560
007609.png,1.0000002,train_01431
007610.png,0.9999999,train_02011
007611.png,0.9999999,train_04618
007612.png,1.0000001,train_02044
007613.png,1.0000001,train_02247
007614.png,1.0,train_06957
007615.png,1.0000002,train_03974
007616.png,1.0000002,train_07492
007617.png,1.0,train_05035
007618.png,1.0,train_00906
007619.png,0.9999999,train_03541
007620.png,1.0,train_07153
007621.png,1.0000002,train_02519
007622.png,1.0000002,train_04181
007623.png,1.0,train_05609
007624.png,1.0,train_04453
007625.png,1.0,train_00389
007626.png,1.0,train_06397
007627.png,1.0000001,train_07410
007628.png,1.0,train_02036
007629.png,1.0,train_04002
007630.png,0.99999976,train_01560
007631.png,0.9999998,train_07965
007632.png,0.9999999,train_07071
007633.png,1.0,train_06017
007634.png,0.9999999,train_07365
007635.png,1.0000001,train_00248
007636.png,1.0,train_01981
007637.png,1.0,train_01981
007638.png,1.0,train_04084
007639.png,1.0000002,train_07334
007640.png,1.0,train_07006
007641.png,1.0000004,train_06549
007642.png,1.0,train_06674
007643.png,1.0000001,train_05115
007644.png,0.99999994,train_01175
007645.png,0.99999976,train_07858
007646.png,1.0000002,train_01014
007647.png,1.0,train_01240
007648.png,0.99999976,train_05534
007649.png,1.0000004,train_05905
007650.png,1.0000002,train_03997
007651.png,1.0000002,train_03472
007652.png,0.9999999,train_02561
007653.png,1.0000002,train_06757
007654.png,0.9999999,train_00138
007655.png,1.0,train_01184
007656.png,1.0000002,train_02919
007657.png,0.99999994,train_03007
007658.png,1.0000001,train_05753
007659.png,1.0000001,train_04523
007660.png,1.0,train_02578
007661.png,1.0000001,train_04396
007662.png,1.0,train_07779
007663.png,0.9999999,train_03290
007664.png,1.0000001,train_03311
007665.png,1.0,train_00497
007666.png,0.9999997,train_07590
007667.png,1.0,train_06957
007668.png,1.0,train_00386
007669.png,1.0000001,train_05753
007670.png,1.0,train_00075
007671.png,0.99999994,train_03510
007672.png,1.0000001,train_01131
007673.png,1.0,train_07799
007674.png,0.9999999,train_06865
007675.png,0.99999976,train_01992
007676.png,0.99999964,train_06475
007677.png,1.0000002,train_00339
007678.png,1.0000001,train_00990
007679.png,0.9999999,train_03892
007680.png,1.0,train_01555
007681.png,1.0,train_05824
007682.png,1.0000001,train_03291
007683.png,1.0,train_01458
007684.png,1.0000002,train_07430
007685.png,1.0,train_06317
007686.png,1.0,train_02248
007687.png,1.0000002,train_06102
007688.png,1.0000001,train_07353
007689.png,1.0,train_01038
007690.png,1.0000001,train_05680
007691.png,1.0000004,train_07248
007692.png,1.0000001,train_02312
007693.png,1.0,train_04332
007694.png,1.0000004,train_02444
007695.png,1.0000005,train_00112
007696.png,1.0000005,train_05870
007697.png,1.0,train_07886
007698.png,1.0000002,train_01483
007699.png,1.0000002,train_01872
007700.png,0.9999999,train_07405
007701.png,0.9999999,train_07640
007702.png,0.99999976,train_02164
007703.png,1.0000002,train_02679
007704.png,1.0,train_06957
007705.png,1.0000004,train_00061
007706.png,1.0000002,train_00494
007707.png,0.99999994,train_05178
007708.png,1.0000001,train_07021
007709.png,1.0000002,train_02800
007710.png,0.99999994,train_01260
007711.png,1.0000002,train_01164
007712.png,1.0,train_01198
007713.png,1.0000001,train_00959
007714.png,0.9999999,train_02836
007715.png,1.0000002,train_01193
007716.png,1.0000002,train_04331
007717.png,0.99999994,train_08096
007718.png,0.9999999,train_05300
007719.png,1.0,train_04205
007720.png,0.99999994,train_02580
007721.png,1.0000001,train_02329
007722.png,1.0000002,train_00186
007723.png,1.0000002,train_07734
007724.png,1.0000002,train_01483
007725.png,1.0,train_03615
007726.png,0.9999999,train_06399
007727.png,0.9999999,train_06319
007728.png,1.0000001,train_03873
007729.png,0.99999994,train_07040
007730.png,1.0,train_04748
007731.png,1.0000004,train_06800
007732.png,0.9999999,train_05558
007733.png,1.0000001,train_00303
007734.png,1.0,train_01133
007735.png,1.0000002,train_02554
007736.png,0.99999976,train_06556
007737.png,1.0,train_01291
007738.png,1.0000002,train_00641
007739.png,0.9999998,train_00272
007740.png,1.0000001,train_06976
007741.png,1.0,train_01532
007742.png,0.9999999,train_02137
007743.png,1.0,train_01670
007744.png,1.0000001,train_07992
007745.png,1.0000002,train_07058
007746.png,1.0,train_05581
007747.png,1.0000002,train_02802
007748.png,1.0,train_03927
007749.png,1.0000002,train_05292
007750.png,0.9999999,train_01875
007751.png,1.0000002,train_01187
007752.png,1.0000001,train_01131
007753.png,0.99999994,train_03508
007754.png,1.0,train_03345
007755.png,1.0000002,train_00803
007756.png,1.0,train_05916
007757.png,1.0000002,train_03670
007758.png,1.0,train_01184
007759.png,0.9999999,train_04785
007760.png,0.99999994,train_02001
007761.png,1.0000002,train_07883
007762.png,1.0000002,train_01383
007763.png,1.0000002,train_00510
007764.png,1.0000002,train_05671
007765.png,1.0,train_02628
007766.png,1.0,train_02748
007767.png,1.0,train_05990
007768.png,1.0,train_02156
007769.png,1.0000002,train_05268
007770.png,0.9999999,train_01330
007771.png,1.0,train_04833
007772.png,1.0,train_05299
007773.png,1.0000001,train_02342
007774.png,1.0000002,train_03716
007775.png,1.0000001,train_06938
007776.png,1.0,train_07265
007777.png,0.99999994,train_07040
007778.png,0.9999999,train_02717
007779.png,1.0,train_05495
007780.png,1.0000005,train_03743
007781.png,1.0,train_00285
007782.png,1.0,train_00991
007783.png,0.99999994,train_00530
007784.png,1.0000001,train_07994
007785.png,0.99999994,train_02752
007786.png,0.9999999,train_00335
007787.png,0.99999994,train_07838
007788.png,1.0000001,train_07542
007789.png,0.9999998,train_06206
007790.png,1.0,train_01976
007791.png,1.0,train_04593
007792.png,1.0000001,train_01323
007793.png,1.0000002,train_03890
007794.png,1.0,train_01981
007795.png,0.9999998,train_00705
007796.png,1.0000004,train_06549
007797.png,1.0000001,train_05390
007798.png,1.0,train_05389
007799.png,0.99999994,train_07653
007800.png,1.0000002,train_04672
007801.png,1.0000002,train_07319
007802.png,1.0,train_06314
007803.png,1.0,train_02605
007804.png,1.0,train_04411
007805.png,1.0000004,train_01103
007806.png,1.0000002,train_04860
007807.png,1.0000001,train_06822
007808.png,1.0000001,train_03291
007809.png,1.0000002,train_01483
007810.png,1.0000001,train_04882
007811.png,1.0,train_07931
007812.png,1.0,train_07444
007813.png,1.0000002,train_04672
007814.png,0.9999999,train_02717
007815.png,1.0000001,train_07141
007816.png,0.9999999,train_03892
007817.png,0.99999994,train_08129
007818.png,1.0,train_03615
007819.png,1.0000002,train_00127
007820.png,1.0000005,train_00169
007821.png,0.9999998,train_04792
007822.png,1.0000001,train_02044
007823.png,1.0000001,train_04415
007824.png,1.0000002,train_02245
007825.png,1.0,train_07403
007826.png,1.0,train_03639
007827.png,1.0000002,train_03670
007828.png,1.0,train_05252
007829.png,1.0,train_07938
007830.png,1.0000001,train_07494
007831.png,1.0,train_06159
007832.png,1.0,train_05777
007833.png,1.0000004,train_01897
007834.png,1.0,train_05622
007835.png,1.0000004,train_02039
007836.png,1.0,train_00214
007837.png,0.99999994,train_07172
007838.png,0.9999999,train_00124
007839.png,0.99999994,train_06823
007840.png,0.9999999,train_01801
007841.png,1.0000001,train_02482
007842.png,1.0,train_04038
007843.png,0.9999999,train_00138
007844.png,1.0,train_03319
007845.png,1.0,train_02051
007846.png,1.0,train_02429
007847.png,0.9999999,train_03751
007848.png,1.0000002,train_01480
007849.png,0.9999999,train_02836
007850.png,1.0,train_01369
007851.png,0.9999999,train_02561
007852.png,1.0000002,train_01719
007853.png,1.0000002,train_07482
007854.png,1.0000002,train_03782
007855.png,1.0,train_06135
007856.png,1.0000002,train_07878
007857.png,1.0,train_07562
007858.png,1.0,train_04704
007859.png,0.9999998,train_01809
007860.png,0.99999976,train_02311
007861.png,0.9999998,train_00705
007862.png,1.0000002,train_03424
007863.png,1.0,train_04035
007864.png,1.0000005,train_01851
007865.png,0.9999998,train_03960
007866.png,1.0000002,train_07926
007867.png,1.0,train_01538
007868.png,1.0,train_07931
007869.png,1.0000001,train_05751
007870.png,1.0000002,train_02800
007871.png,1.0000001,train_04882
007872.png,1.0,train_04526
007873.png,1.0,train_03013
007874.png,1.0,train_01458
007875.png,1.0000002,train_01775
007876.png,1.0000002,train_04813
007877.png,0.99999976,train_06244
007878.png,0.9999999,train_03832
007879.png,1.0,train_06956
007880.png,1.0000002,train_02994
007881.png,1.0,train_03345
007882.png,1.0000002,train_01383
007883.png,0.9999999,train_02182
007884.png,0.9999999,train_02213
007885.png,1.0,train_06835
007886.png,1.0,train_07954
007887.png,1.0000002,train_06757
007888.png,1.0000002,train_08050
007889.png,0.9999998,train_04792
007890.png,1.0000002,train_03403
007891.png,0.9999999,train_06565
007892.png,1.0,train_07639
007893.png,0.9999999,train_04618
007894.png,1.0000001,train_04890
007895.png,1.0000002,train_01814
007896.png,1.0000002,train_00339
007897.png,1.0000001,train_06461
007898.png,0.9999997,train_02104
007899.png,1.0,train_01240
007900.png,1.0,train_02960
007901.png,1.0000005,train_03523
007902.png,1.0,train_05080
007903.png,1.0,train_05851
007904.png,1.0,train_02740
007905.png,1.0000002,train_00339
007906.png,1.0000002,train_03694
007907.png,0.9999999,train_06491
007908.png,1.0,train_02290
007909.png,0.9999999,train_04279
007910.png,1.0000001,train_05643
007911.png,0.9999999,train_02024
007912.png,1.0000001,train_05915
007913.png,1.0000001,train_00744
007914.png,0.9999999,train_03776
007915.png,1.0,train_06849
007916.png,0.99999994,train_07845
007917.png,1.0,train_05495
007918.png,1.0000002,train_05644
007919.png,0.9999998,train_08131
007920.png,1.0000002,train_06289
007921.png,1.0000002,train_03587
007922.png,1.0,train_04288
007923.png,1.0000001,train_06245
007924.png,1.0,train_04708
007925.png,1.0,train_04276
007926.png,1.0000002,train_03318
007927.png,0.9999999,train_06489
007928.png,0.9999999,train_02011
007929.png,1.0000002,train_03403
007930.png,1.0000002,train_03797
007931.png,0.99999976,train_02164
007932.png,1.0,train_04262
007933.png,1.0,train_04593
007934.png,1.0000001,train_00990
007935.png,1.0,train_05563
007936.png,1.0000001,train_04035
007937.png,1.0,train_01004
007938.png,0.9999999,train_04146
007939.png,1.0000001,train_00138
007940.png,0.99999976,train_05699
007941.png,0.99999976,train_02059
007942.png,1.0000002,train_03061
007943.png,1.0,train_04353
007944.png,0.9999999,train_01095
007945.png,0.99999976,train_05194
007946.png,0.9999999,train_03824
007947.png,0.9999999,train_05921
007948.png,0.99999976,train_01250
007949.png,1.0000001,train_01146
007950.png,0.99999964,train_00988
007951.png,1.0000001,train_07562
007952.png,0.99999994,train_00701
007953.png,0.99999994,train_06892
