filename,sscd_sim,nn_train_id
000000.png,0.59151936,train_02351
000001.png,0.33637422,train_05188
000002.png,0.3707081,train_00683
000003.png,0.49461305,train_04720
000004.png,0.43128395,train_04394
000005.png,0.41785857,train_01656
000006.png,0.31660593,train_01246
000007.png,0.44581163,train_02952
000008.png,0.40632474,train_05661
000009.png,0.44563812,train_03967
000010.png,0.3893962,train_04450
000011.png,0.3009521,train_05518
000012.png,0.52196026,train_06685
000013.png,0.38754767,train_00369
000014.png,0.3904093,train_02126
000015.png,0.26835957,train_06679
000016.png,0.4471571,train_04825
000017.png,0.55379975,train_06761
000018.png,0.4611186,train_04607
000019.png,0.31850523,train_05992
000020.png,0.32841882,train_04898
000021.png,0.66472554,train_05886
000022.png,0.37963867,train_01604
000023.png,0.3689098,train_05177
000024.png,0.29809192,train_05738
000025.png,0.34292564,train_05043
000026.png,0.39255637,train_04237
000027.png,0.34928274,train_00593
000028.png,0.38686025,train_01945
000029.png,0.3747388,train_01961
000030.png,0.41921765,train_06039
000031.png,0.3696212,train_00777
000032.png,0.4347975,train_02213
000033.png,0.39631575,train_08122
000034.png,0.37964123,train_07889
000035.png,0.43705493,train_07510
000036.png,0.4268811,train_07122
000037.png,0.71922266,train_05924
000038.png,0.39922866,train_00635
000039.png,0.47785476,train_03625
000040.png,0.36025742,train_06131
000041.png,0.46585393,train_05492
000042.png,0.35975957,train_07786
000043.png,0.70365685,train_03893
000044.png,0.35159516,train_02285
000045.png,0.41889822,train_05266
000046.png,0.7557969,train_03753
000047.png,0.41796058,train_06146
000048.png,0.5360993,train_02791
000049.png,0.44715828,train_07081
000050.png,0.39548647,train_07999
000051.png,0.37516564,train_03065
000052.png,0.38405535,train_03091
000053.png,0.38182068,train_04145
000054.png,0.42994863,train_04237
000055.png,0.38121796,train_00212
000056.png,0.4139109,train_00777
000057.png,0.42055655,train_04308
000058.png,0.34094018,train_00413
000059.png,0.46348912,train_07250
000060.png,0.41718924,train_04859
000061.png,0.4238401,train_07767
000062.png,0.5456433,train_04149
000063.png,0.3320132,train_01060
000064.png,0.33485425,train_00600
000065.png,0.8505664,train_00165
000066.png,0.289337,train_05029
000067.png,0.5143566,train_02449
000068.png,0.33706433,train_02898
000069.png,0.54266167,train_02880
000070.png,0.529857,train_06486
000071.png,0.45844173,train_01241
000072.png,0.21802084,train_00719
000073.png,0.35857636,train_04367
000074.png,0.52153546,train_07255
000075.png,0.35860187,train_07826
000076.png,0.33578345,train_04640
000077.png,0.4198265,train_06861
000078.png,0.3436002,train_01821
000079.png,0.3268708,train_01949
000080.png,0.4069091,train_02540
000081.png,0.338888,train_07342
000082.png,0.42567903,train_01287
000083.png,0.64134115,train_02009
000084.png,0.39548624,train_05158
000085.png,0.4236697,train_07122
000086.png,0.741243,train_08114
000087.png,0.47171247,train_00730
000088.png,0.4458738,train_02095
000089.png,0.42771417,train_03748
000090.png,0.42376363,train_00791
000091.png,0.38260823,train_02559
000092.png,0.40321648,train_00908
000093.png,0.40350837,train_08017
000094.png,0.3561924,train_01136
000095.png,0.4305751,train_06940
000096.png,0.42339602,train_02234
000097.png,0.23847303,train_01239
000098.png,0.5013586,train_03771
000099.png,0.3305017,train_05359
000100.png,0.36487868,train_04228
000101.png,0.47046572,train_07081
000102.png,0.45756644,train_05213
000103.png,0.49642652,train_03275
000104.png,0.46439922,train_06769
000105.png,0.45675218,train_03499
000106.png,0.24775344,train_07071
000107.png,0.48102486,train_03337
000108.png,0.39743125,train_04038
000109.png,0.26849842,train_04066
000110.png,0.43735132,train_00629
000111.png,0.520306,train_05628
000112.png,0.37210324,train_00985
000113.png,0.44089043,train_04502
000114.png,0.3818205,train_03075
000115.png,0.34759742,train_08144
000116.png,0.40751258,train_00052
000117.png,0.44782013,train_06905
000118.png,0.3447256,train_06649
000119.png,0.34835643,train_01917
000120.png,0.44979995,train_03337
000121.png,0.4169861,train_02491
000122.png,0.39325958,train_06406
000123.png,0.23381162,train_04949
000124.png,0.34304312,train_02253
000125.png,0.3621879,train_05773
000126.png,0.45435953,train_03322
000127.png,0.378565,train_02388
000128.png,0.28828752,train_02165
000129.png,0.43482485,train_03501
000130.png,0.36821494,train_05894
000131.png,0.43359682,train_04788
000132.png,0.36032096,train_04095
000133.png,0.5033591,train_05118
000134.png,0.38417554,train_04044
000135.png,0.37211695,train_05639
000136.png,0.49921966,train_00128
000137.png,0.48637876,train_04148
000138.png,0.41049534,train_02855
000139.png,0.3672856,train_08033
000140.png,0.42622718,train_07076
000141.png,0.31017476,train_06173
000142.png,0.4283486,train_05962
000143.png,0.4157158,train_07090
000144.png,0.5463482,train_01473
000145.png,0.35582864,train_00570
000146.png,0.3760023,train_01382
000147.png,0.39913285,train_08070
000148.png,0.35863847,train_02943
000149.png,0.33161545,train_01210
000150.png,0.44224638,train_01552
000151.png,0.7516756,train_00054
000152.png,0.42901492,train_02581
000153.png,0.43129903,train_00446
000154.png,0.24373513,train_03425
000155.png,0.35291114,train_01782
000156.png,0.43874675,train_00076
000157.png,0.37384343,train_04855
000158.png,0.33406174,train_05516
000159.png,0.47609717,train_01409
000160.png,0.2012733,train_03721
000161.png,0.37995988,train_05096
000162.png,0.56034696,train_02826
000163.png,0.36768186,train_07558
000164.png,0.29932678,train_02026
000165.png,0.20298007,train_01251
000166.png,0.3610999,train_02098
000167.png,0.26843616,train_03084
000168.png,0.42696476,train_01849
000169.png,0.44982603,train_03065
000170.png,0.47002316,train_00743
000171.png,0.62372833,train_05841
000172.png,0.43648618,train_05603
000173.png,0.24272737,train_07931
000174.png,0.65141404,train_00291
000175.png,0.41994137,train_07001
000176.png,0.4252056,train_02935
000177.png,0.2610178,train_03673
000178.png,0.41985548,train_00012
000179.png,0.43897605,train_03542
000180.png,0.67447144,train_06830
000181.png,0.37992582,train_07693
000182.png,0.4065131,train_05912
000183.png,0.35971922,train_01949
000184.png,0.51684964,train_01206
000185.png,0.4050088,train_05510
000186.png,0.39177352,train_04480
000187.png,0.31879824,train_03564
000188.png,0.38760394,train_03176
000189.png,0.6600368,train_00178
000190.png,0.40465432,train_00848
000191.png,0.45161998,train_02450
000192.png,0.3747323,train_05964
000193.png,0.30470088,train_04182
000194.png,0.41787994,train_05549
000195.png,0.36524013,train_03507
000196.png,0.20754018,train_00223
000197.png,0.43109915,train_03504
000198.png,0.44448444,train_06919
000199.png,0.32096356,train_05112
000200.png,0.42456657,train_04607
000201.png,0.432225,train_04985
000202.png,0.34898758,train_05598
000203.png,0.38047007,train_06627
000204.png,0.42274004,train_00090
000205.png,0.3257071,train_07927
000206.png,0.34773064,train_01694
000207.png,0.4038449,train_01365
000208.png,0.5903076,train_01120
000209.png,0.45159477,train_00971
000210.png,0.35055697,train_07111
000211.png,0.31210792,train_04942
000212.png,0.38687134,train_02627
000213.png,0.42958945,train_01793
000214.png,0.3358236,train_03254
000215.png,0.32458848,train_07082
000216.png,0.48858565,train_05825
000217.png,0.38698596,train_06143
000218.png,0.35688597,train_00081
000219.png,0.42682195,train_03040
000220.png,0.38683677,train_05777
000221.png,0.57919455,train_02880
000222.png,0.30506906,train_05766
000223.png,0.4353518,train_03727
000224.png,0.30556434,train_06206
000225.png,0.47671014,train_05143
000226.png,0.39296252,train_05622
000227.png,0.37901843,train_02283
000228.png,0.3752878,train_06888
000229.png,0.595376,train_03844
000230.png,0.3916555,train_02534
000231.png,0.5717596,train_00777
000232.png,0.36340088,train_05943
000233.png,0.5679304,train_01241
000234.png,0.62114,train_02674
000235.png,0.5930414,train_03659
000236.png,0.8196282,train_04908
000237.png,0.51975393,train_03471
000238.png,0.32783407,train_03237
000239.png,0.36762345,train_01540
000240.png,0.3049185,train_00742
000241.png,0.40323716,train_07904
000242.png,0.41891092,train_07001
000243.png,0.30405915,train_07591
000244.png,0.37992537,train_03970
000245.png,0.45783198,train_03453
000246.png,0.41956753,train_05158
000247.png,0.45387718,train_07070
000248.png,0.4713208,train_01212
000249.png,0.47656953,train_00496
000250.png,0.34933937,train_01449
000251.png,0.3997184,train_01416
000252.png,0.37617818,train_06201
000253.png,0.4136645,train_07054
000254.png,0.43029255,train_00908
000255.png,0.3070255,train_06495
000256.png,0.55744624,train_05046
000257.png,0.30601656,train_02665
000258.png,0.51589924,train_01190
000259.png,0.47801438,train_00098
000260.png,0.5141079,train_00823
000261.png,0.36764628,train_05927
000262.png,0.37731105,train_03332
000263.png,0.35481834,train_02758
000264.png,0.5806816,train_03512
000265.png,0.33390978,train_04150
000266.png,0.40716106,train_03482
000267.png,0.40380457,train_00629
000268.png,0.34987444,train_06994
000269.png,0.47659022,train_07310
000270.png,0.34599343,train_03338
000271.png,0.3277825,train_01075
000272.png,0.41955763,train_06975
000273.png,0.3627112,train_01383
000274.png,0.46772447,train_07349
000275.png,0.54799104,train_05317
000276.png,0.3278454,train_04285
000277.png,0.37075776,train_02602
000278.png,0.34762427,train_03611
000279.png,0.3810252,train_07716
000280.png,0.49277878,train_00956
000281.png,0.35466045,train_03021
000282.png,0.48184985,train_05115
000283.png,0.3705425,train_01662
000284.png,0.27080077,train_05944
000285.png,0.24065325,train_06254
000286.png,0.40013176,train_01267
000287.png,0.4532964,train_07580
000288.png,0.43639308,train_05410
000289.png,0.4027614,train_07045
000290.png,0.38560563,train_03588
000291.png,0.38107878,train_00448
000292.png,0.52668834,train_04688
000293.png,0.40305525,train_04351
000294.png,0.2942457,train_03408
000295.png,0.43494922,train_06681
000296.png,0.4129678,train_01407
000297.png,0.41239083,train_02691
000298.png,0.30771464,train_01412
000299.png,0.4266746,train_00519
000300.png,0.36213547,train_06687
000301.png,0.34689426,train_07154
000302.png,0.39406416,train_02130
000303.png,0.33072633,train_06955
000304.png,0.30774617,train_01907
000305.png,0.26816782,train_03376
000306.png,0.49378937,train_03634
000307.png,0.4377387,train_02553
000308.png,0.4961366,train_00058
000309.png,0.31286496,train_03025
000310.png,0.3565787,train_00506
000311.png,0.40186214,train_04580
000312.png,0.4052702,train_04715
000313.png,0.45587778,train_04328
000314.png,0.372361,train_07601
000315.png,0.3801386,train_03893
000316.png,0.36951965,train_01518
000317.png,0.28303298,train_02952
000318.png,0.52943987,train_04502
000319.png,0.43714625,train_00467
000320.png,0.3657571,train_02511
000321.png,0.40260643,train_04685
000322.png,0.38154542,train_08108
000323.png,0.4109609,train_02593
000324.png,0.36539224,train_05499
000325.png,0.4252441,train_05714
000326.png,0.30138668,train_03405
000327.png,0.33946416,train_08088
000328.png,0.45107728,train_02878
000329.png,0.63747036,train_06500
000330.png,0.5030887,train_07609
000331.png,0.34939796,train_05421
000332.png,0.37831578,train_04746
000333.png,0.29312277,train_04315
000334.png,0.5849541,train_02333
000335.png,0.31982356,train_02044
000336.png,0.4286973,train_02720
000337.png,0.33064392,train_05797
000338.png,0.43731433,train_03493
000339.png,0.35776874,train_00326
000340.png,0.32339084,train_06319
000341.png,0.50019115,train_06089
000342.png,0.49044862,train_06376
000343.png,0.3540712,train_07158
000344.png,0.48512307,train_04328
000345.png,0.38271272,train_00126
000346.png,0.25987634,train_05603
000347.png,0.3972873,train_04916
000348.png,0.35467935,train_05044
000349.png,0.38028607,train_00079
000350.png,0.42206717,train_02799
000351.png,0.5884764,train_04577
000352.png,0.3682438,train_03979
000353.png,0.4932281,train_05109
000354.png,0.7261017,train_07565
000355.png,0.39755988,train_01366
000356.png,0.56939125,train_05398
000357.png,0.5292909,train_07915
000358.png,0.5742018,train_01181
000359.png,0.36080116,train_04893
000360.png,0.3125662,train_07391
000361.png,0.58782035,train_05622
000362.png,0.27932975,train_01373
000363.png,0.3412503,train_07687
000364.png,0.5898863,train_03482
000365.png,0.3835433,train_00321
000366.png,0.20851174,train_01586
000367.png,0.6837921,train_05917
000368.png,0.41047472,train_04763
000369.png,0.36961886,train_06273
000370.png,0.42865556,train_06088
000371.png,0.5511266,train_04155
000372.png,0.43121684,train_02736
000373.png,0.5502709,train_01581
000374.png,0.50548196,train_07059
000375.png,0.39446908,train_00706
000376.png,0.384059,train_06077
000377.png,0.4505641,train_00237
000378.png,0.40333283,train_02310
000379.png,0.4107009,train_04344
000380.png,0.35009152,train_03169
000381.png,0.49364907,train_04744
000382.png,0.23521304,train_06851
000383.png,0.41315717,train_06544
000384.png,0.38899842,train_07769
000385.png,0.42781332,train_06194
000386.png,0.30293417,train_01897
000387.png,0.3590653,train_03198
000388.png,0.3653048,train_04439
000389.png,0.3153476,train_04476
000390.png,0.4354126,train_04316
000391.png,0.32155493,train_06731
000392.png,0.55712503,train_01736
000393.png,0.206415,train_02835
000394.png,0.3672691,train_01414
000395.png,0.49222517,train_03230
000396.png,0.35243034,train_02382
000397.png,0.31891486,train_05246
000398.png,0.35260075,train_04588
000399.png,0.3488338,train_06257
000400.png,0.30256218,train_01972
000401.png,0.32954907,train_07545
000402.png,0.38761503,train_06443
000403.png,0.39639467,train_02399
000404.png,0.4157493,train_04389
000405.png,0.30967984,train_04996
000406.png,0.39404768,train_06557
000407.png,0.3102963,train_01382
000408.png,0.3580022,train_05360
000409.png,0.4725215,train_04310
000410.png,0.3828823,train_07896
000411.png,0.4595114,train_07390
000412.png,0.42644843,train_01330
000413.png,0.5197333,train_06596
000414.png,0.39894122,train_07643
000415.png,0.41981137,train_07767
000416.png,0.42810565,train_05596
000417.png,0.40272838,train_07609
000418.png,0.3880874,train_00631
000419.png,0.44427088,train_02729
000420.png,0.3733999,train_05167
000421.png,0.2742499,train_03129
000422.png,0.40559328,train_03032
000423.png,0.46803805,train_01370
000424.png,0.39008093,train_02626
000425.png,0.42927286,train_00634
000426.png,0.5449048,train_01793
000427.png,0.41688132,train_06882
000428.png,0.327636,train_06396
000429.png,0.46018925,train_04439
000430.png,0.41577938,train_07588
000431.png,0.36338276,train_01518
000432.png,0.38517916,train_02393
000433.png,0.36198127,train_04493
000434.png,0.46034402,train_00097
000435.png,0.43783933,train_07368
000436.png,0.43640915,train_02853
000437.png,0.3789426,train_04995
000438.png,0.45674062,train_06347
000439.png,0.42377472,train_06830
000440.png,0.5451244,train_07704
000441.png,0.46146098,train_00390
000442.png,0.361817,train_02719
000443.png,0.3228565,train_06131
000444.png,0.35358205,train_00479
000445.png,0.3683144,train_02453
000446.png,0.39066184,train_04053
000447.png,0.60284483,train_02717
000448.png,0.28437376,train_02895
000449.png,0.3098953,train_05742
000450.png,0.35388798,train_00132
000451.png,0.38324684,train_04199
000452.png,0.36208397,train_06897
000453.png,0.3970673,train_07864
000454.png,0.42285126,train_01181
000455.png,0.38570064,train_04423
000456.png,0.29333565,train_00491
000457.png,0.38646477,train_03800
000458.png,0.55976474,train_00076
000459.png,0.41633707,train_00629
000460.png,0.28894973,train_00681
000461.png,0.38143688,train_05291
000462.png,0.44212943,train_06634
000463.png,0.43057817,train_00387
000464.png,0.44401556,train_03994
000465.png,0.5177312,train_06292
000466.png,0.28155127,train_07763
000467.png,0.48626822,train_06469
000468.png,0.35796243,train_03870
000469.png,0.35648933,train_01516
000470.png,0.33868188,train_02692
000471.png,0.36533195,train_01388
000472.png,0.4019973,train_04392
000473.png,0.30007607,train_06247
000474.png,0.39692003,train_00160
000475.png,0.30374083,train_01304
000476.png,0.51725066,train_02321
000477.png,0.37131828,train_04607
000478.png,0.37048042,train_06583
000479.png,0.6955102,train_04608
000480.png,0.5430572,train_03208
000481.png,0.33666015,train_03018
000482.png,0.39173937,train_01152
000483.png,0.3485018,train_03104
000484.png,0.44717312,train_05708
000485.png,0.27166206,train_02730
000486.png,0.36979514,train_06206
000487.png,0.4119178,train_01958
000488.png,0.4190747,train_05436
000489.png,0.4788237,train_01214
000490.png,0.49351674,train_02185
000491.png,0.29550207,train_05286
000492.png,0.37596112,train_00985
000493.png,0.21308053,train_02426
000494.png,0.41336012,train_04733
000495.png,0.32453066,train_05127
000496.png,0.35943553,train_07640
000497.png,0.33045343,train_00030
000498.png,0.51819265,train_05153
000499.png,0.4490415,train_04414
000500.png,0.408067,train_00152
000501.png,0.4039648,train_06823
000502.png,0.5298387,train_08077
000503.png,0.37582433,train_01255
000504.png,0.31466025,train_00740
000505.png,0.4267087,train_02537
000506.png,0.38210964,train_02582
000507.png,0.40323243,train_06026
000508.png,0.39141485,train_01414
000509.png,0.42506295,train_04501
000510.png,0.4152621,train_02729
000511.png,0.38354182,train_07412
000512.png,0.38468054,train_04916
000513.png,0.3057179,train_03414
000514.png,0.50069654,train_00164
000515.png,0.33302593,train_06802
000516.png,0.39960864,train_06975
000517.png,0.32960975,train_06350
000518.png,0.37883005,train_07155
000519.png,0.50262064,train_06214
000520.png,0.44186532,train_03349
000521.png,0.38895088,train_00668
000522.png,0.5690905,train_05795
000523.png,0.3421331,train_04181
000524.png,0.50278795,train_08027
000525.png,0.24558726,train_00385
000526.png,0.35984752,train_04854
000527.png,0.50306153,train_03490
000528.png,0.74668634,train_05742
000529.png,0.45931756,train_03504
000530.png,0.64162135,train_02277
000531.png,0.27323204,train_00761
000532.png,0.39535293,train_05894
000533.png,0.5510438,train_04844
000534.png,0.4125743,train_03147
000535.png,0.33056775,train_00883
000536.png,0.36864734,train_04331
000537.png,0.49936828,train_07689
000538.png,0.36260766,train_07616
000539.png,0.3502518,train_02599
000540.png,0.38097984,train_02500
000541.png,0.39949274,train_00686
000542.png,0.39269212,train_03517
000543.png,0.4691052,train_00713
000544.png,0.43853825,train_01336
000545.png,0.5866615,train_02674
000546.png,0.33155853,train_05796
000547.png,0.51362866,train_01975
000548.png,0.42537004,train_03276
000549.png,0.36848053,train_07436
000550.png,0.39610147,train_07232
000551.png,0.3173116,train_08110
000552.png,0.28339845,train_02385
000553.png,0.3578987,train_06651
000554.png,0.4753499,train_02835
000555.png,0.36236945,train_02373
000556.png,0.32483643,train_01480
000557.png,0.56670094,train_03771
000558.png,0.5022675,train_03207
000559.png,0.34819192,train_00703
000560.png,0.31387883,train_00257
000561.png,0.3945768,train_06849
000562.png,0.34960616,train_02694
000563.png,0.42626685,train_06651
000564.png,0.47629583,train_03712
000565.png,0.41112185,train_03033
000566.png,0.356997,train_00324
000567.png,0.42122233,train_00471
000568.png,0.3346464,train_03255
000569.png,0.42077166,train_01938
000570.png,0.39535525,train_01031
000571.png,0.40491307,train_05757
000572.png,0.5933988,train_05153
000573.png,0.4190418,train_03091
000574.png,0.38885635,train_07401
000575.png,0.3755495,train_01465
000576.png,0.4490942,train_04832
000577.png,0.40141237,train_03571
000578.png,0.39400786,train_03511
000579.png,0.5921989,train_06981
000580.png,0.37308905,train_06063
000581.png,0.3947165,train_02283
000582.png,0.34644115,train_02368
000583.png,0.5293928,train_05687
000584.png,0.28367686,train_03819
000585.png,0.62811124,train_02951
000586.png,0.602932,train_06143
000587.png,0.2902887,train_01812
000588.png,0.38306826,train_03916
000589.png,0.46421152,train_04790
000590.png,0.4606175,train_06185
000591.png,0.29835808,train_06241
000592.png,0.38983575,train_00446
000593.png,0.33917138,train_00171
000594.png,0.41799384,train_02319
000595.png,0.46873963,train_03237
000596.png,0.43648115,train_01908
000597.png,0.27067214,train_04096
000598.png,0.536651,train_01426
000599.png,0.26318413,train_01871
000600.png,0.39116865,train_02575
000601.png,0.4132405,train_02021
000602.png,0.43794733,train_01877
000603.png,0.40981057,train_02295
000604.png,0.6902355,train_07648
000605.png,0.38386846,train_07390
000606.png,0.76201904,train_01687
000607.png,0.44311374,train_03810
000608.png,0.3905893,train_03511
000609.png,0.39656186,train_03195
000610.png,0.43128884,train_05794
000611.png,0.3902166,train_01132
000612.png,0.559296,train_03540
000613.png,0.39030787,train_06272
000614.png,0.2978382,train_02866
000615.png,0.39556095,train_01212
000616.png,0.33318645,train_05449
000617.png,0.37092203,train_05851
000618.png,0.4183262,train_01200
000619.png,0.67842954,train_07700
000620.png,0.42443445,train_04304
000621.png,0.39556548,train_07865
000622.png,0.36071098,train_03986
000623.png,0.4066819,train_00805
000624.png,0.49841076,train_06128
000625.png,0.45724776,train_02944
000626.png,0.2826255,train_00616
000627.png,0.29492792,train_00909
000628.png,0.43194443,train_02706
000629.png,0.33910057,train_02906
000630.png,0.4202925,train_03800
000631.png,0.4970117,train_04148
000632.png,0.2582609,train_06603
000633.png,0.40750536,train_07556
000634.png,0.46107167,train_05177
000635.png,0.34819877,train_00629
000636.png,0.41541824,train_00889
000637.png,0.43513307,train_06316
000638.png,0.4705243,train_01292
000639.png,0.38121647,train_05992
000640.png,0.2947324,train_02109
000641.png,0.4170176,train_05379
000642.png,0.34315443,train_05977
000643.png,0.41750956,train_04760
000644.png,0.3787896,train_04916
000645.png,0.34962058,train_02874
000646.png,0.39826655,train_01198
000647.png,0.29391563,train_01779
000648.png,0.31917453,train_01472
000649.png,0.37205157,train_00028
000650.png,0.43448165,train_06986
000651.png,0.34882966,train_07754
000652.png,0.3702119,train_01712
000653.png,0.3668096,train_03729
000654.png,0.4611432,train_06509
000655.png,0.2682724,train_01811
000656.png,0.43571544,train_05714
000657.png,0.38864195,train_05953
000658.png,0.3125074,train_02182
000659.png,0.41723534,train_00839
000660.png,0.47875515,train_03457
000661.png,0.36955577,train_01246
000662.png,0.34256864,train_04474
000663.png,0.27578032,train_03089
000664.png,0.35320467,train_05095
000665.png,0.3803693,train_04579
000666.png,0.3622495,train_05708
000667.png,0.37991917,train_00884
000668.png,0.36647364,train_00519
000669.png,0.46027482,train_04402
000670.png,0.35350475,train_03505
000671.png,0.44880182,train_00094
000672.png,0.31181866,train_07487
000673.png,0.29495612,train_04324
000674.png,0.37905225,train_01538
000675.png,0.43349186,train_07781
000676.png,0.5210065,train_03861
000677.png,0.35784346,train_05733
000678.png,0.3916184,train_05058
000679.png,0.41315335,train_01896
000680.png,0.33071035,train_05454
000681.png,0.4958012,train_05041
000682.png,0.33900303,train_04170
000683.png,0.21072856,train_02087
000684.png,0.3391496,train_05237
000685.png,0.4910637,train_00094
000686.png,0.43844354,train_07583
000687.png,0.3896715,train_07830
000688.png,0.37958348,train_07188
000689.png,0.39222857,train_04199
000690.png,0.36289036,train_03233
000691.png,0.44949418,train_04477
000692.png,0.37667197,train_04580
000693.png,0.40424418,train_04556
000694.png,0.30226138,train_00598
000695.png,0.4532091,train_07609
000696.png,0.4225926,train_04310
000697.png,0.40125567,train_02101
000698.png,0.4208017,train_01545
000699.png,0.29643846,train_05828
000700.png,0.40084612,train_04229
000701.png,0.47067335,train_00549
000702.png,0.38755572,train_07485
000703.png,0.4095211,train_03664
000704.png,0.35981548,train_03235
000705.png,0.28741246,train_01449
000706.png,0.38850066,train_01793
000707.png,0.3692751,train_04205
000708.png,0.38759598,train_01697
000709.png,0.42654413,train_07011
000710.png,0.4413615,train_06459
000711.png,0.513155,train_00969
000712.png,0.44726855,train_04520
000713.png,0.23835227,train_00462
000714.png,0.4269203,train_07824
000715.png,0.3860693,train_03522
000716.png,0.38104045,train_05488
000717.png,0.308398,train_06035
000718.png,0.35321355,train_02052
000719.png,0.21915016,train_01244
000720.png,0.47164607,train_07356
000721.png,0.4347306,train_02944
000722.png,0.30191824,train_00775
000723.png,0.4151482,train_01886
000724.png,0.5000287,train_08032
000725.png,0.48463374,train_05372
000726.png,0.33507404,train_02811
000727.png,0.35078928,train_03079
000728.png,0.59273183,train_05841
000729.png,0.28800035,train_06519
000730.png,0.5099162,train_04789
000731.png,0.28204554,train_00082
000732.png,0.5072037,train_06446
000733.png,0.4339214,train_04111
000734.png,0.4223506,train_01024
000735.png,0.45199603,train_02580
000736.png,0.4905191,train_05153
000737.png,0.38022074,train_07378
000738.png,0.3521155,train_05774
000739.png,0.604987,train_04920
000740.png,0.31851315,train_01292
000741.png,0.397864,train_01460
000742.png,0.44299626,train_04755
000743.png,0.45333865,train_03922
000744.png,0.4000902,train_03403
000745.png,0.3800875,train_02555
000746.png,0.42751345,train_04878
000747.png,0.23379296,train_05849
000748.png,0.41109604,train_05397
000749.png,0.40790483,train_07230
000750.png,0.3453393,train_06276
000751.png,0.39557344,train_05956
000752.png,0.3948276,train_02013
000753.png,0.47067893,train_03976
000754.png,0.4695611,train_04505
000755.png,0.3598009,train_07756
000756.png,0.4984827,train_03271
000757.png,0.3574252,train_07989
000758.png,0.36969808,train_07046
000759.png,0.41400507,train_01067
000760.png,0.2956931,train_07180
000761.png,0.31739518,train_00171
000762.png,0.406362,train_07769
000763.png,0.46469325,train_00285
000764.png,0.34874454,train_06199
000765.png,0.36533612,train_05024
000766.png,0.45834708,train_04473
000767.png,0.4545136,train_05449
000768.png,0.3524893,train_03547
000769.png,0.42124692,train_04780
000770.png,0.3514164,train_04361
000771.png,0.31924132,train_03207
000772.png,0.42378938,train_07932
000773.png,0.3459149,train_06786
000774.png,0.58396685,train_04634
000775.png,0.33157825,train_05026
000776.png,0.41370308,train_00436
000777.png,0.57630503,train_05576
000778.png,0.39369896,train_03186
000779.png,0.28642124,train_04790
000780.png,0.3289184,train_00727
000781.png,0.39473078,train_06691
000782.png,0.40279454,train_03392
000783.png,0.32837757,train_03444
000784.png,0.4373517,train_06266
000785.png,0.63015354,train_05841
000786.png,0.4241016,train_00600
000787.png,0.38854817,train_04502
000788.png,0.38890642,train_04113
000789.png,0.7964459,train_07232
000790.png,0.3726822,train_07268
000791.png,0.4541434,train_02573
000792.png,0.44809234,train_03258
000793.png,0.36861998,train_06742
000794.png,0.3934317,train_01033
000795.png,0.4030139,train_00310
000796.png,0.35306966,train_06130
000797.png,0.4238692,train_04757
000798.png,0.37377784,train_03759
000799.png,0.67978454,train_03157
000800.png,0.36616963,train_05438
000801.png,0.39084738,train_02601
000802.png,0.31332067,train_06052
000803.png,0.37882498,train_06105
000804.png,0.29439974,train_08124
000805.png,0.36182153,train_03744
000806.png,0.39428872,train_00237
000807.png,0.3736409,train_00593
000808.png,0.37862122,train_05165
000809.png,0.30169675,train_01508
000810.png,0.5108948,train_05634
000811.png,0.37673444,train_07767
000812.png,0.35730222,train_07349
000813.png,0.4548502,train_05529
000814.png,0.39071053,train_02311
000815.png,0.48464817,train_03351
000816.png,0.33123,train_03805
000817.png,0.2963826,train_06277
000818.png,0.46575755,train_03322
000819.png,0.41655064,train_06551
000820.png,0.49208194,train_02558
000821.png,0.49204183,train_03207
000822.png,0.38314092,train_00799
000823.png,0.21822195,train_00122
000824.png,0.2908549,train_00210
000825.png,0.5208445,train_02994
000826.png,0.44378984,train_01475
000827.png,0.37721252,train_00758
000828.png,0.45168936,train_01075
000829.png,0.62622726,train_04149
000830.png,0.3239317,train_03356
000831.png,0.63807416,train_00816
000832.png,0.43161902,train_03359
000833.png,0.40727675,train_02822
000834.png,0.41100392,train_05111
000835.png,0.572477,train_00468
000836.png,0.2925542,train_07331
000837.png,0.6189343,train_03563
000838.png,0.52499855,train_01181
000839.png,0.47335178,train_04442
000840.png,0.41146958,train_03908
000841.png,0.35392493,train_02906
000842.png,0.42270982,train_05989
000843.png,0.38053674,train_06786
000844.png,0.32445532,train_03944
000845.png,0.7442565,train_07029
000846.png,0.47228116,train_06425
000847.png,0.6358185,train_02166
000848.png,0.5039065,train_04627
000849.png,0.36119038,train_01028
000850.png,0.3464327,train_06239
000851.png,0.45106632,train_06918
000852.png,0.36332786,train_06965
000853.png,0.35878533,train_02918
000854.png,0.2896604,train_01876
000855.png,0.39101928,train_02400
000856.png,0.44058794,train_05118
000857.png,0.40428892,train_02284
000858.png,0.34490114,train_02791
000859.png,0.33835927,train_04474
000860.png,0.33978155,train_02682
000861.png,0.2750137,train_05941
000862.png,0.40635353,train_02364
000863.png,0.44695663,train_04473
000864.png,0.3536694,train_05119
000865.png,0.33173972,train_05977
000866.png,0.34349805,train_05244
000867.png,0.38093475,train_01787
000868.png,0.42030632,train_06338
000869.png,0.6055167,train_04278
000870.png,0.3420242,train_06869
000871.png,0.40995353,train_04383
000872.png,0.2795593,train_05763
000873.png,0.36401045,train_08123
000874.png,0.38785172,train_05135
000875.png,0.43370524,train_04824
000876.png,0.32667166,train_03923
000877.png,0.48513648,train_04824
000878.png,0.37889475,train_07556
000879.png,0.36200273,train_04974
000880.png,0.30214673,train_03217
000881.png,0.47397667,train_06245
000882.png,0.3826995,train_03607
000883.png,0.41719818,train_05119
000884.png,0.439978,train_07890
000885.png,0.3263033,train_03860
000886.png,0.47468907,train_01842
000887.png,0.45373726,train_06954
000888.png,0.2889211,train_06467
000889.png,0.3174771,train_06721
000890.png,0.42676803,train_04932
000891.png,0.38478145,train_05603
000892.png,0.546588,train_07262
000893.png,0.5307288,train_03628
000894.png,0.40797135,train_04726
000895.png,0.44736978,train_05534
000896.png,0.41238165,train_00456
000897.png,0.32379866,train_07769
000898.png,0.2919054,train_04508
000899.png,0.3621778,train_06583
000900.png,0.4155655,train_02952
000901.png,0.36411193,train_08010
000902.png,0.32488894,train_01653
000903.png,0.38294238,train_00075
000904.png,0.40959966,train_04757
000905.png,0.31890377,train_01531
000906.png,0.43709886,train_00909
000907.png,0.5150211,train_07803
000908.png,0.8746485,train_06558
000909.png,0.38019884,train_03512
000910.png,0.3011412,train_06510
000911.png,0.44448644,train_06790
000912.png,0.39097428,train_02721
000913.png,0.4720495,train_07022
000914.png,0.33932066,train_05942
000915.png,0.6719552,train_04909
000916.png,0.43898857,train_00993
000917.png,0.41149238,train_02349
000918.png,0.3662374,train_02974
000919.png,0.3911812,train_01026
000920.png,0.36408573,train_03147
000921.png,0.31548488,train_05844
000922.png,0.47154045,train_02482
000923.png,0.39221746,train_01934
000924.png,0.44236618,train_03267
000925.png,0.3318116,train_01718
000926.png,0.44744027,train_08133
000927.png,0.34138894,train_01390
000928.png,0.49395865,train_05063
000929.png,0.47207618,train_02352
000930.png,0.27236658,train_03148
000931.png,0.4334221,train_03666
000932.png,0.40390474,train_07711
000933.png,0.37148964,train_04128
000934.png,0.47894973,train_03989
000935.png,0.37814903,train_05603
000936.png,0.4021666,train_05661
000937.png,0.5301462,train_00074
000938.png,0.44610345,train_03536
000939.png,0.34589317,train_06376
000940.png,0.3069489,train_01259
000941.png,0.35299507,train_05630
000942.png,0.44674966,train_07059
000943.png,0.39651513,train_01563
000944.png,0.38842928,train_02790
000945.png,0.3207448,train_07937
000946.png,0.32182828,train_08112
000947.png,0.3479187,train_08025
000948.png,0.5267409,train_05277
000949.png,0.3735642,train_07858
000950.png,0.37012792,train_03768
000951.png,0.5563282,train_07506
000952.png,0.4420775,train_02082
000953.png,0.39785087,train_05653
000954.png,0.49845803,train_06947
000955.png,0.4602495,train_01075
000956.png,0.44738322,train_03401
000957.png,0.42332703,train_03744
000958.png,0.36026058,train_01688
000959.png,0.3929084,train_02752
000960.png,0.35811195,train_05953
000961.png,0.39572772,train_04036
000962.png,0.37007922,train_01897
000963.png,0.3758741,train_05802
000964.png,0.4625159,train_00254
000965.png,0.30112517,train_00586
000966.png,0.36590374,train_06691
000967.png,0.37947398,train_07661
000968.png,0.45998597,train_04755
000969.png,0.39200726,train_03891
000970.png,0.3194294,train_07477
000971.png,0.3158123,train_04207
000972.png,0.4901669,train_05690
000973.png,0.40444303,train_06827
000974.png,0.19320957,train_01666
000975.png,0.34927636,train_05940
000976.png,0.5593988,train_05933
000977.png,0.5210315,train_02665
000978.png,0.49218273,train_02299
000979.png,0.32075807,train_06999
000980.png,0.33834136,train_00390
000981.png,0.5701083,train_07235
000982.png,0.35809106,train_06489
000983.png,0.39119983,train_03376
000984.png,0.25564557,train_06493
000985.png,0.40531248,train_06838
000986.png,0.39269426,train_02572
000987.png,0.2849253,train_02661
000988.png,0.36291587,train_03308
000989.png,0.49340174,train_06357
000990.png,0.22182831,train_05082
000991.png,0.2912441,train_04246
000992.png,0.59863365,train_07148
000993.png,0.5431932,train_03163
000994.png,0.6697799,train_06465
000995.png,0.369313,train_06741
000996.png,0.47889167,train_07174
000997.png,0.4009611,train_07629
000998.png,0.33163434,train_02321
000999.png,0.5321782,train_07366
001000.png,0.5290145,train_06404
001001.png,0.44525662,train_07262
001002.png,0.4806478,train_06055
001003.png,0.50609034,train_04918
001004.png,0.6612544,train_00097
001005.png,0.4486363,train_00344
001006.png,0.39706895,train_06479
001007.png,0.3698731,train_07936
001008.png,0.47818303,train_04047
001009.png,0.38724416,train_07237
001010.png,0.30287147,train_02284
001011.png,0.46925747,train_06724
001012.png,0.3589779,train_05536
001013.png,0.44041258,train_02490
001014.png,0.28714728,train_05269
001015.png,0.41144425,train_05425
001016.png,0.38889667,train_02295
001017.png,0.39210576,train_04262
001018.png,0.37566268,train_04414
001019.png,0.37257308,train_00185
001020.png,0.51712227,train_00062
001021.png,0.40840554,train_04937
001022.png,0.45729095,train_03273
001023.png,0.3184284,train_02112
001024.png,0.5826607,train_01791
001025.png,0.41292247,train_01188
001026.png,0.3424399,train_07849
001027.png,0.41558704,train_03230
001028.png,0.39265534,train_00316
001029.png,0.35718828,train_01322
001030.png,0.3293177,train_03752
001031.png,0.41593003,train_02449
001032.png,0.33915484,train_02101
001033.png,0.35692108,train_01055
001034.png,0.45865887,train_06252
001035.png,0.32672507,train_07268
001036.png,0.36303943,train_06095
001037.png,0.42495245,train_00385
001038.png,0.40877604,train_07558
001039.png,0.4120625,train_00177
001040.png,0.32017243,train_05819
001041.png,0.25154114,train_02076
001042.png,0.3718695,train_03875
001043.png,0.22780724,train_06254
001044.png,0.36893314,train_05284
001045.png,0.44355088,train_05459
001046.png,0.44155505,train_00229
001047.png,0.3961504,train_04262
001048.png,0.34254378,train_08046
001049.png,0.3161667,train_07030
001050.png,0.29292315,train_03297
001051.png,0.3394462,train_05794
001052.png,0.34607136,train_03916
001053.png,0.3897369,train_08023
001054.png,0.5950003,train_01315
001055.png,0.36380112,train_04851
001056.png,0.3315574,train_05669
001057.png,0.3232383,train_02182
001058.png,0.24704772,train_00660
001059.png,0.42689764,train_05044
001060.png,0.5612186,train_03887
001061.png,0.43023232,train_03313
001062.png,0.5739057,train_05109
001063.png,0.4527083,train_07716
001064.png,0.40742582,train_07896
001065.png,0.36017784,train_05013
001066.png,0.43685967,train_05958
001067.png,0.42009997,train_01348
001068.png,0.34486538,train_01932
001069.png,0.43985122,train_05910
001070.png,0.503393,train_01432
001071.png,0.35340843,train_04246
001072.png,0.4757705,train_00519
001073.png,0.78111196,train_00642
001074.png,0.376191,train_02761
001075.png,0.38054228,train_04178
001076.png,0.40650886,train_01842
001077.png,0.34254116,train_02856
001078.png,0.51512206,train_06413
001079.png,0.43807793,train_04640
001080.png,0.41137433,train_07094
001081.png,0.42027983,train_02037
001082.png,0.33565974,train_06160
001083.png,0.3234849,train_01203
001084.png,0.396645,train_04564
001085.png,0.48913792,train_06583
001086.png,0.35909137,train_06469
001087.png,0.52214134,train_07335
001088.png,0.3646922,train_04450
001089.png,0.40508765,train_06583
001090.png,0.20709442,train_04454
001091.png,0.32949376,train_03870
001092.png,0.31958356,train_07297
001093.png,0.62882566,train_04664
001094.png,0.3762843,train_00731
001095.png,0.35771465,train_02333
001096.png,0.5837476,train_02973
001097.png,0.3456076,train_06208
001098.png,0.38844684,train_04529
001099.png,0.26896602,train_05580
001100.png,0.3282742,train_01075
001101.png,0.3399879,train_01923
001102.png,0.60691965,train_01287
001103.png,0.55384105,train_00178
001104.png,0.50422597,train_00657
001105.png,0.6010579,train_01471
001106.png,0.38914984,train_07447
001107.png,0.37204397,train_03131
001108.png,0.43200707,train_02661
001109.png,0.36540848,train_05013
001110.png,0.56904125,train_07162
001111.png,0.38433984,train_08072
001112.png,0.33644092,train_00743
001113.png,0.35233673,train_04629
001114.png,0.36756667,train_06848
001115.png,0.47733122,train_01892
001116.png,0.38214207,train_04403
001117.png,0.42934504,train_00529
001118.png,0.38502753,train_01551
001119.png,0.43043208,train_02405
001120.png,0.6065476,train_05534
001121.png,0.49853966,train_06055
001122.png,0.36029643,train_00547
001123.png,0.42604244,train_04022
001124.png,0.42063814,train_02548
001125.png,0.40511727,train_00002
001126.png,0.43211898,train_07430
001127.png,0.47206336,train_01949
001128.png,0.33424872,train_01415
001129.png,0.3711559,train_04100
001130.png,0.30621848,train_06661
001131.png,0.37304378,train_01313
001132.png,0.4015166,train_00916
001133.png,0.4060055,train_06199
001134.png,0.42813796,train_03079
001135.png,0.31283307,train_06721
001136.png,0.44705832,train_07276
001137.png,0.23586847,train_01708
001138.png,0.3547156,train_07903
001139.png,0.4077987,train_05328
001140.png,0.42836827,train_05062
001141.png,0.28685114,train_07195
001142.png,0.4456473,train_07605
001143.png,0.36027738,train_04145
001144.png,0.46634242,train_07917
001145.png,0.24290386,train_02618
001146.png,0.3691308,train_02959
001147.png,0.27062646,train_00422
001148.png,0.39997602,train_02746
001149.png,0.47634315,train_05787
001150.png,0.40191245,train_06283
001151.png,0.38854355,train_00219
001152.png,0.40852016,train_07643
001153.png,0.34472215,train_05118
001154.png,0.470944,train_05070
001155.png,0.43132728,train_05980
001156.png,0.45208043,train_03768
001157.png,0.5090177,train_03572
001158.png,0.38711745,train_00534
001159.png,0.4225707,train_00219
001160.png,0.45063576,train_07162
001161.png,0.48491395,train_03240
001162.png,0.4884961,train_08054
001163.png,0.36807713,train_01081
001164.png,0.38994062,train_05549
001165.png,0.44436118,train_00593
001166.png,0.36981305,train_05911
001167.png,0.38615113,train_06722
001168.png,0.40103754,train_07776
001169.png,0.50176233,train_08108
001170.png,0.3783512,train_02299
001171.png,0.4316212,train_04299
001172.png,0.45171458,train_05933
001173.png,0.39935356,train_04662
001174.png,0.4144191,train_07441
001175.png,0.61531126,train_03528
001176.png,0.37731102,train_03081
001177.png,0.45719457,train_06634
001178.png,0.26585293,train_02816
001179.png,0.4514143,train_03912
001180.png,0.38937083,train_01808
001181.png,0.2871083,train_01922
001182.png,0.50839406,train_07391
001183.png,0.44519895,train_00294
001184.png,0.3715478,train_05288
001185.png,0.4637103,train_04423
001186.png,0.3326069,train_06460
001187.png,0.36924446,train_04782
001188.png,0.4657098,train_02379
001189.png,0.46635485,train_03476
001190.png,0.39116174,train_02100
001191.png,0.39185476,train_04573
001192.png,0.37167072,train_00930
001193.png,0.3935171,train_02987
001194.png,0.36214745,train_00059
001195.png,0.4660356,train_05696
001196.png,0.7056338,train_01262
001197.png,0.43531972,train_07059
001198.png,0.36756048,train_02212
001199.png,0.43867785,train_06338
001200.png,0.69172513,train_03543
001201.png,0.2548381,train_02295
001202.png,0.338409,train_03864
001203.png,0.33052087,train_06666
001204.png,0.4142386,train_05992
001205.png,0.48323905,train_06218
001206.png,0.37075025,train_01638
001207.png,0.3881945,train_04425
001208.png,0.4910416,train_05389
001209.png,0.39217806,train_04991
001210.png,0.35899282,train_00058
001211.png,0.45221332,train_07681
001212.png,0.26279968,train_07976
001213.png,0.43790275,train_04780
001214.png,0.3584573,train_04539
001215.png,0.30253032,train_04700
001216.png,0.38781548,train_01038
001217.png,0.33616784,train_02867
001218.png,0.6362691,train_08114
001219.png,0.44200414,train_05432
001220.png,0.39751548,train_02703
001221.png,0.41709995,train_07803
001222.png,0.325,train_01326
001223.png,0.6059287,train_07122
001224.png,0.32801294,train_06974
001225.png,0.39605466,train_02739
001226.png,0.5418065,train_03528
001227.png,0.450784,train_05218
001228.png,0.53292644,train_04937
001229.png,0.48712647,train_03337
001230.png,0.2983147,train_06869
001231.png,0.38678724,train_00148
001232.png,0.37575042,train_05776
001233.png,0.80489147,train_04900
001234.png,0.35702047,train_03413
001235.png,0.5188612,train_01143
001236.png,0.5040414,train_07566
001237.png,0.3407539,train_03874
001238.png,0.38870746,train_02413
001239.png,0.34710366,train_00957
001240.png,0.4045275,train_01125
001241.png,0.47853208,train_07729
001242.png,0.34280834,train_01700
001243.png,0.4453843,train_01313
001244.png,0.4669876,train_01460
001245.png,0.38432992,train_05900
001246.png,0.3762263,train_02746
001247.png,0.4606309,train_02913
001248.png,0.39739275,train_05044
001249.png,0.2807938,train_07601
001250.png,0.30262238,train_00371
001251.png,0.36387902,train_05087
001252.png,0.43854475,train_06792
001253.png,0.4714338,train_04199
001254.png,0.36611187,train_04038
001255.png,0.3759893,train_00667
001256.png,0.35867926,train_04028
001257.png,0.47538173,train_01036
001258.png,0.45429006,train_08110
001259.png,0.21119708,train_05520
001260.png,0.3842839,train_00905
001261.png,0.30654028,train_06924
001262.png,0.43608457,train_05804
001263.png,0.46091086,train_02358
001264.png,0.3625339,train_03667
001265.png,0.35370716,train_04926
001266.png,0.39168593,train_05974
001267.png,0.393573,train_04743
001268.png,0.50072765,train_00009
001269.png,0.39125392,train_06547
001270.png,0.33710515,train_07735
001271.png,0.45981193,train_04780
001272.png,0.6007632,train_06569
001273.png,0.32805052,train_06544
001274.png,0.38660067,train_00296
001275.png,0.35038066,train_04331
001276.png,0.49357706,train_03457
001277.png,0.3798611,train_05824
001278.png,0.279082,train_06796
001279.png,0.39167213,train_07220
001280.png,0.41494858,train_01340
001281.png,0.41156453,train_04742
001282.png,0.24833581,train_00425
001283.png,0.30494684,train_02056
001284.png,0.41584045,train_01868
001285.png,0.3412093,train_07387
001286.png,0.36359853,train_02588
001287.png,0.49002028,train_05670
001288.png,0.5239228,train_02486
001289.png,0.37792933,train_04421
001290.png,0.2606601,train_01848
001291.png,0.5342701,train_06569
001292.png,0.3397578,train_03509
001293.png,0.43602717,train_03710
001294.png,0.4952194,train_01984
001295.png,0.51490754,train_03938
001296.png,0.37957475,train_07349
001297.png,0.43799073,train_02673
001298.png,0.4229769,train_01727
001299.png,0.530179,train_03759
001300.png,0.43904495,train_05784
001301.png,0.39241531,train_02152
001302.png,0.41791034,train_07329
001303.png,0.27643278,train_01102
001304.png,0.4493055,train_00186
001305.png,0.34608895,train_02800
001306.png,0.45363307,train_04044
001307.png,0.48159906,train_00446
001308.png,0.38245094,train_02627
001309.png,0.48812932,train_00237
001310.png,0.3975898,train_04700
001311.png,0.45855612,train_06389
001312.png,0.3626919,train_03976
001313.png,0.3535485,train_02086
001314.png,0.36854446,train_01462
001315.png,0.4734973,train_02333
001316.png,0.52860266,train_04654
001317.png,0.44247323,train_05502
001318.png,0.26821077,train_04197
001319.png,0.36794838,train_06712
001320.png,0.31910348,train_01433
001321.png,0.43603584,train_06236
001322.png,0.40363812,train_04553
001323.png,0.39740306,train_06691
001324.png,0.2713266,train_02547
001325.png,0.5041369,train_05063
001326.png,0.23320416,train_04806
001327.png,0.45259082,train_04907
001328.png,0.46838093,train_01031
001329.png,0.7340152,train_04713
001330.png,0.37758225,train_08008
001331.png,0.50834644,train_03395
001332.png,0.39694238,train_04474
001333.png,0.45772302,train_03892
001334.png,0.4150207,train_07690
001335.png,0.4621082,train_00837
001336.png,0.35500818,train_08027
001337.png,0.480811,train_05113
001338.png,0.34824267,train_03922
001339.png,0.7793244,train_01671
001340.png,0.5045359,train_01075
001341.png,0.38551462,train_00405
001342.png,0.42264044,train_00569
001343.png,0.2992012,train_00672
001344.png,0.37504536,train_01316
001345.png,0.3659052,train_04913
001346.png,0.48977768,train_05329
001347.png,0.39241666,train_01214
001348.png,0.35422418,train_00324
001349.png,0.5224379,train_04573
001350.png,0.18956953,train_05112
001351.png,0.30162293,train_02070
001352.png,0.4212759,train_06579
001353.png,0.35207385,train_05109
001354.png,0.36529303,train_05124
001355.png,0.3955369,train_03032
001356.png,0.30627418,train_02696
001357.png,0.37721598,train_06810
001358.png,0.35022655,train_07522
001359.png,0.47651634,train_03573
001360.png,0.34812868,train_04505
001361.png,0.5431065,train_00330
001362.png,0.37362072,train_01998
001363.png,0.38079202,train_01163
001364.png,0.37948388,train_02019
001365.png,0.4436644,train_06359
001366.png,0.35457397,train_02058
001367.png,0.38967752,train_04282
001368.png,0.30586722,train_02327
001369.png,0.41229132,train_04325
001370.png,0.39776838,train_03290
001371.png,0.34700203,train_03803
001372.png,0.35241157,train_01606
001373.png,0.41265666,train_01136
001374.png,0.4168384,train_00787
001375.png,0.40488666,train_02130
001376.png,0.24298985,train_03668
001377.png,0.30877513,train_02019
001378.png,0.42356455,train_00259
001379.png,0.59652555,train_03975
001380.png,0.26307642,train_04832
001381.png,0.33543313,train_01153
001382.png,0.4543109,train_01313
001383.png,0.40441668,train_00675
001384.png,0.44435704,train_01002
001385.png,0.36079204,train_00328
001386.png,0.294757,train_02095
001387.png,0.53921616,train_02170
001388.png,0.37491235,train_02428
001389.png,0.31192607,train_04375
001390.png,0.3559283,train_04964
001391.png,0.5486404,train_07706
001392.png,0.4811142,train_00371
001393.png,0.25511,train_00578
001394.png,0.49884456,train_05941
001395.png,0.4479137,train_03337
001396.png,0.41511637,train_05696
001397.png,0.3718391,train_02038
001398.png,0.3550233,train_01568
001399.png,0.30121613,train_05608
001400.png,0.32523477,train_05681
001401.png,0.39374828,train_01249
001402.png,0.38624382,train_03183
001403.png,0.26986757,train_08112
001404.png,0.43003458,train_06986
001405.png,0.3361157,train_03441
001406.png,0.42406154,train_05548
001407.png,0.33697534,train_07584
001408.png,0.34202486,train_05132
001409.png,0.30378634,train_07281
001410.png,0.34762406,train_06826
001411.png,0.40709242,train_04682
001412.png,0.43080622,train_00676
001413.png,0.31690496,train_05729
001414.png,0.3168496,train_02382
001415.png,0.32598612,train_04150
001416.png,0.3880728,train_05326
001417.png,0.25828776,train_00784
001418.png,0.77624786,train_07635
001419.png,0.4315326,train_01106
001420.png,0.40082306,train_07989
001421.png,0.30682737,train_05146
001422.png,0.342601,train_01462
001423.png,0.3525676,train_01892
001424.png,0.57679677,train_05468
001425.png,0.44482064,train_01316
001426.png,0.29108384,train_05530
001427.png,0.33712196,train_07203
001428.png,0.508557,train_06422
001429.png,0.41115004,train_07450
001430.png,0.49876922,train_02135
001431.png,0.5152067,train_07142
001432.png,0.47155908,train_02913
001433.png,0.27150077,train_06778
001434.png,0.4368297,train_05401
001435.png,0.3458442,train_02482
001436.png,0.4027661,train_03051
001437.png,0.48646998,train_01810
001438.png,0.36883718,train_07122
001439.png,0.3472039,train_02820
001440.png,0.4459021,train_06984
001441.png,0.3876841,train_01233
001442.png,0.3812515,train_06823
001443.png,0.46831006,train_00993
001444.png,0.24743597,train_02399
001445.png,0.40427473,train_02620
001446.png,0.384647,train_00906
001447.png,0.44154984,train_02703
001448.png,0.3362923,train_00094
001449.png,0.5042764,train_07051
001450.png,0.4395048,train_04264
001451.png,0.46485233,train_05432
001452.png,0.25397,train_08105
001453.png,0.54087347,train_03142
001454.png,0.42776144,train_07417
001455.png,0.58033776,train_03590
001456.png,0.30700994,train_07706
001457.png,0.5523995,train_07122
001458.png,0.3846862,train_06420
001459.png,0.40860432,train_03784
001460.png,0.39241517,train_04145
001461.png,0.36522436,train_03966
001462.png,0.28470016,train_01297
001463.png,0.4128379,train_01453
001464.png,0.36014265,train_07681
001465.png,0.4526528,train_01507
001466.png,0.44053543,train_07976
001467.png,0.40079504,train_03962
001468.png,0.5516777,train_02062
001469.png,0.42718792,train_03737
001470.png,0.39747858,train_01728
001471.png,0.35032004,train_05215
001472.png,0.31158775,train_06843
001473.png,0.5173258,train_00636
001474.png,0.37724918,train_05910
001475.png,0.3788057,train_04100
001476.png,0.39123237,train_07275
001477.png,0.31648153,train_03971
001478.png,0.39069116,train_03895
001479.png,0.5588197,train_02349
001480.png,0.3769486,train_07144
001481.png,0.47500038,train_02719
001482.png,0.3377123,train_00105
001483.png,0.40938658,train_02943
001484.png,0.35732663,train_00750
001485.png,0.6550343,train_07358
001486.png,0.41526735,train_03369
001487.png,0.34134838,train_04921
001488.png,0.48316336,train_02787
001489.png,0.30201656,train_00681
001490.png,0.34671593,train_01037
001491.png,0.4433071,train_05733
001492.png,0.3839235,train_07094
001493.png,0.3918311,train_03290
001494.png,0.4036819,train_05718
001495.png,0.41605115,train_06446
001496.png,0.3996581,train_03792
001497.png,0.44458264,train_00607
001498.png,0.3756793,train_07016
001499.png,0.3289956,train_07465
001500.png,0.26505035,train_01404
001501.png,0.31132418,train_01973
001502.png,0.2722526,train_01006
001503.png,0.36634028,train_01567
001504.png,0.38660747,train_04655
001505.png,0.43111622,train_07613
001506.png,0.4642567,train_02999
001507.png,0.47233725,train_00717
001508.png,0.32045823,train_06557
001509.png,0.26986858,train_04688
001510.png,0.36889052,train_01897
001511.png,0.4305898,train_04135
001512.png,0.46601838,train_00313
001513.png,0.41501522,train_01508
001514.png,0.34261346,train_00513
001515.png,0.32368547,train_04881
001516.png,0.38590625,train_02880
001517.png,0.37126827,train_03073
001518.png,0.37560165,train_04199
001519.png,0.4395148,train_03189
001520.png,0.34799364,train_01365
001521.png,0.23812063,train_01290
001522.png,0.65039927,train_07033
001523.png,0.36671802,train_07637
001524.png,0.34298766,train_07839
001525.png,0.50102055,train_04915
001526.png,0.46857533,train_08138
001527.png,0.29914922,train_03355
001528.png,0.35438436,train_06943
001529.png,0.32816213,train_02363
001530.png,0.5410979,train_05633
001531.png,0.36044055,train_04081
001532.png,0.40602598,train_01600
001533.png,0.47500902,train_00864
001534.png,0.48032618,train_00626
001535.png,0.27945584,train_03690
001536.png,0.5070705,train_00743
001537.png,0.51426744,train_00146
001538.png,0.54740834,train_02388
001539.png,0.38218707,train_03542
001540.png,0.41009045,train_03438
001541.png,0.31505546,train_06063
001542.png,0.46191707,train_00873
001543.png,0.590708,train_03085
001544.png,0.36133927,train_01231
001545.png,0.42408252,train_01602
001546.png,0.59253585,train_01120
001547.png,0.28286785,train_00623
001548.png,0.6313127,train_03501
001549.png,0.2976898,train_03170
001550.png,0.36318573,train_06130
001551.png,0.49456885,train_06719
001552.png,0.327245,train_05500
001553.png,0.47736952,train_00593
001554.png,0.48813203,train_06956
001555.png,0.3947361,train_05373
001556.png,0.44842392,train_07717
001557.png,0.4285419,train_02382
001558.png,0.27158338,train_03956
001559.png,0.523654,train_03771
001560.png,0.51684314,train_04757
001561.png,0.2731008,train_06182
001562.png,0.33914804,train_07016
001563.png,0.37687728,train_03823
001564.png,0.29450855,train_00670
001565.png,0.40399122,train_03540
001566.png,0.33922952,train_07720
001567.png,0.35741234,train_05705
001568.png,0.368393,train_03811
001569.png,0.41635874,train_05257
001570.png,0.35047817,train_01270
001571.png,0.3467419,train_00782
001572.png,0.4630881,train_03094
001573.png,0.3175264,train_05981
001574.png,0.45829022,train_03729
001575.png,0.44884217,train_07195
001576.png,0.34481966,train_07250
001577.png,0.24319665,train_00318
001578.png,0.40900877,train_06571
001579.png,0.32247844,train_02257
001580.png,0.41031277,train_04324
001581.png,0.5523087,train_06292
001582.png,0.37227914,train_04762
001583.png,0.45018387,train_02251
001584.png,0.34038216,train_00329
001585.png,0.42251098,train_01746
001586.png,0.3724409,train_03210
001587.png,0.36473954,train_01932
001588.png,0.4137486,train_06642
001589.png,0.3417103,train_04396
001590.png,0.38114202,train_04755
001591.png,0.32773143,train_07592
001592.png,0.50843966,train_07904
001593.png,0.50528914,train_00956
001594.png,0.3016678,train_04825
001595.png,0.5661199,train_02674
001596.png,0.28635168,train_00099
001597.png,0.3473499,train_07608
001598.png,0.36211032,train_01379
001599.png,0.30347663,train_06460
001600.png,0.5719497,train_02486
001601.png,0.5572848,train_00645
001602.png,0.4372713,train_04872
001603.png,0.35023612,train_05547
001604.png,0.43134946,train_03454
001605.png,0.4922632,train_03329
001606.png,0.42519864,train_05843
001607.png,0.33833522,train_03131
001608.png,0.41456923,train_00873
001609.png,0.36802518,train_01754
001610.png,0.45632038,train_03441
001611.png,0.4402903,train_02008
001612.png,0.38836277,train_06552
001613.png,0.34719193,train_07436
001614.png,0.3917709,train_06420
001615.png,0.39078462,train_06370
001616.png,0.35918856,train_03001
001617.png,0.28170902,train_02384
001618.png,0.3326304,train_04671
001619.png,0.29740202,train_04088
001620.png,0.49130183,train_05508
001621.png,0.42223218,train_00212
001622.png,0.35540557,train_01565
001623.png,0.24794051,train_03068
001624.png,0.5190452,train_01515
001625.png,0.4776228,train_00765
001626.png,0.46413234,train_02422
001627.png,0.2713173,train_06140
001628.png,0.34994054,train_00317
001629.png,0.4245686,train_05851
001630.png,0.29469928,train_01313
001631.png,0.4267886,train_03766
001632.png,0.45978934,train_05218
001633.png,0.3800946,train_01327
001634.png,0.5039801,train_01312
001635.png,0.27602106,train_00069
001636.png,0.37590563,train_01858
001637.png,0.46196562,train_06495
001638.png,0.3592916,train_05141
001639.png,0.41273695,train_02855
001640.png,0.34443596,train_06661
001641.png,0.6123111,train_00765
001642.png,0.27933228,train_03976
001643.png,0.36975694,train_04493
001644.png,0.35936344,train_03261
001645.png,0.5438173,train_04844
001646.png,0.5437095,train_00296
001647.png,0.39608854,train_03636
001648.png,0.37487668,train_04967
001649.png,0.36051053,train_01238
001650.png,0.3757694,train_07824
001651.png,0.56266236,train_00923
001652.png,0.52479106,train_01753
001653.png,0.40923572,train_05406
001654.png,0.45626104,train_03454
001655.png,0.6059878,train_08083
001656.png,0.47230896,train_05743
001657.png,0.43880096,train_07611
001658.png,0.37522674,train_06864
001659.png,0.47121182,train_00279
001660.png,0.5254997,train_02333
001661.png,0.386405,train_03731
001662.png,0.4533959,train_06173
001663.png,0.29672235,train_01184
001664.png,0.42167485,train_04473
001665.png,0.24076235,train_07373
001666.png,0.3663966,train_03975
001667.png,0.39500946,train_04341
001668.png,0.44235882,train_07532
001669.png,0.4036578,train_01645
001670.png,0.4082953,train_07609
001671.png,0.45789462,train_07689
001672.png,0.3348784,train_03975
001673.png,0.39721808,train_02434
001674.png,0.46678185,train_04793
001675.png,0.40676674,train_05901
001676.png,0.4202136,train_01114
001677.png,0.44272575,train_00157
001678.png,0.3845958,train_02864
001679.png,0.38097626,train_06495
001680.png,0.54335296,train_07338
001681.png,0.41853175,train_06080
001682.png,0.26449853,train_07890
001683.png,0.317431,train_07783
001684.png,0.37647188,train_05039
001685.png,0.3230657,train_01504
001686.png,0.41429758,train_07818
001687.png,0.3834498,train_07111
001688.png,0.43585613,train_05265
001689.png,0.7333755,train_04020
001690.png,0.33695194,train_08139
001691.png,0.44069102,train_02561
001692.png,0.35243362,train_06634
001693.png,0.41389227,train_02687
001694.png,0.43383753,train_04051
001695.png,0.2897686,train_04848
001696.png,0.4310519,train_01198
001697.png,0.3810742,train_05680
001698.png,0.30613697,train_03488
001699.png,0.3529654,train_01059
001700.png,0.387322,train_07783
001701.png,0.4694647,train_04017
001702.png,0.33198982,train_03811
001703.png,0.38454014,train_00863
001704.png,0.5721755,train_07068
001705.png,0.2422156,train_07620
001706.png,0.5772617,train_02449
001707.png,0.38159454,train_06954
001708.png,0.40017444,train_03576
001709.png,0.3436402,train_07901
001710.png,0.3930085,train_00099
001711.png,0.4736653,train_00600
001712.png,0.5511335,train_04213
001713.png,0.33970076,train_06626
001714.png,0.73490053,train_03978
001715.png,0.32462484,train_00222
001716.png,0.57391596,train_00166
001717.png,0.3461696,train_07947
001718.png,0.3001188,train_06674
001719.png,0.40889025,train_01643
001720.png,0.39330018,train_07204
001721.png,0.32331413,train_04862
001722.png,0.39720306,train_05653
001723.png,0.27789629,train_05277
001724.png,0.44798404,train_03501
001725.png,0.57929033,train_02623
001726.png,0.37468213,train_05058
001727.png,0.5769092,train_01181
001728.png,0.43222213,train_01246
001729.png,0.5357876,train_00621
001730.png,0.73677576,train_03721
001731.png,0.48764974,train_03131
001732.png,0.33904496,train_05423
001733.png,0.38699794,train_05517
001734.png,0.357023,train_06588
001735.png,0.41483742,train_07178
001736.png,0.4962372,train_01029
001737.png,0.26784512,train_02812
001738.png,0.5156695,train_06359
001739.png,0.35366625,train_04116
001740.png,0.4016127,train_05580
001741.png,0.28615943,train_03668
001742.png,0.31353942,train_00318
001743.png,0.37274852,train_04845
001744.png,0.3902809,train_06634
001745.png,0.47463945,train_03471
001746.png,0.39368868,train_02912
001747.png,0.40513408,train_00621
001748.png,0.47372538,train_00600
001749.png,0.42878738,train_06151
001750.png,0.2842415,train_05281
001751.png,0.59225804,train_02277
001752.png,0.4411724,train_03131
001753.png,0.519706,train_00478
001754.png,0.36443636,train_02623
001755.png,0.3843031,train_05337
001756.png,0.40232328,train_05733
001757.png,0.5644429,train_02355
001758.png,0.29648495,train_01930
001759.png,0.4166351,train_01172
001760.png,0.3319486,train_02687
001761.png,0.34428006,train_02954
001762.png,0.33709395,train_03921
001763.png,0.26314372,train_05843
001764.png,0.420034,train_06258
001765.png,0.3161263,train_05186
001766.png,0.42272168,train_05026
001767.png,0.2716853,train_05333
001768.png,0.4002006,train_05106
001769.png,0.23184578,train_07526
001770.png,0.39814302,train_07436
001771.png,0.35010815,train_00236
001772.png,0.51909804,train_00146
001773.png,0.23354292,train_03846
001774.png,0.47436473,train_04670
001775.png,0.3994686,train_04357
001776.png,0.29198554,train_00226
001777.png,0.3533697,train_06823
001778.png,0.30499855,train_08106
001779.png,0.39383534,train_00094
001780.png,0.35624817,train_05413
001781.png,0.37254465,train_07397
001782.png,0.20331952,train_00276
001783.png,0.4517362,train_04277
001784.png,0.41201097,train_06470
001785.png,0.47578233,train_04824
001786.png,0.3886015,train_02469
001787.png,0.40164518,train_02907
001788.png,0.75402606,train_06670
001789.png,0.51567507,train_00855
001790.png,0.37977296,train_07913
001791.png,0.5914671,train_02333
001792.png,0.37026373,train_05967
001793.png,0.453691,train_00296
001794.png,0.36444494,train_07967
001795.png,0.5300205,train_02447
001796.png,0.38862848,train_06688
001797.png,0.34764338,train_00302
001798.png,0.42310905,train_06933
001799.png,0.5073432,train_04998
001800.png,0.6168369,train_01415
001801.png,0.39499077,train_03228
001802.png,0.39400512,train_06537
001803.png,0.290075,train_03764
001804.png,0.43935835,train_00389
001805.png,0.46533695,train_00247
001806.png,0.2823704,train_04753
001807.png,0.48023355,train_05505
001808.png,0.34826106,train_05886
001809.png,0.4017275,train_00812
001810.png,0.38665712,train_01988
001811.png,0.3536942,train_03499
001812.png,0.3534006,train_01934
001813.png,0.33295265,train_00880
001814.png,0.42398572,train_05898
001815.png,0.34979504,train_04284
001816.png,0.3577678,train_01966
001817.png,0.34387222,train_05824
001818.png,0.33739802,train_07773
001819.png,0.4137242,train_03092
001820.png,0.3650716,train_08072
001821.png,0.36843184,train_02053
001822.png,0.33464277,train_01879
001823.png,0.30245575,train_07249
001824.png,0.44186306,train_01578
001825.png,0.39632013,train_04256
001826.png,0.42176092,train_05458
001827.png,0.28544965,train_06708
001828.png,0.4518358,train_03607
001829.png,0.38747334,train_02474
001830.png,0.37439865,train_07249
001831.png,0.40206346,train_04104
001832.png,0.464697,train_05272
001833.png,0.42082125,train_03342
001834.png,0.36160743,train_00005
001835.png,0.4441875,train_05018
001836.png,0.36236978,train_03816
001837.png,0.6541631,train_04856
001838.png,0.37193385,train_00508
001839.png,0.3852527,train_03796
001840.png,0.73726964,train_04099
001841.png,0.42433333,train_03874
001842.png,0.22335844,train_00092
001843.png,0.37896645,train_07118
001844.png,0.2772728,train_01435
001845.png,0.4556678,train_06634
001846.png,0.24160069,train_02818
001847.png,0.40804467,train_05787
001848.png,0.48181522,train_06425
001849.png,0.54726166,train_04937
001850.png,0.2116364,train_03450
001851.png,0.39572433,train_02452
001852.png,0.5282532,train_06596
001853.png,0.21173657,train_03907
001854.png,0.38059318,train_06765
001855.png,0.4088241,train_00549
001856.png,0.39038604,train_02837
001857.png,0.38683712,train_03476
001858.png,0.34170175,train_05585
001859.png,0.33758342,train_02180
001860.png,0.370517,train_04688
001861.png,0.41691232,train_06319
001862.png,0.45872387,train_04260
001863.png,0.41180873,train_07967
001864.png,0.43705252,train_04618
001865.png,0.450374,train_03000
001866.png,0.40334773,train_04028
001867.png,0.38001776,train_04781
001868.png,0.39188576,train_07111
001869.png,0.22166237,train_00096
001870.png,0.331729,train_05232
001871.png,0.30440462,train_02296
001872.png,0.41257012,train_04310
001873.png,0.32678232,train_03218
001874.png,0.7278716,train_04949
001875.png,0.4698596,train_08110
001876.png,0.3717286,train_02252
001877.png,0.45564377,train_00009
001878.png,0.43902886,train_03131
001879.png,0.4454218,train_02959
001880.png,0.5473534,train_02734
001881.png,0.29888815,train_06409
001882.png,0.42805824,train_03768
001883.png,0.458956,train_04431
001884.png,0.31160718,train_05203
001885.png,0.2582777,train_02367
001886.png,0.4142066,train_04368
001887.png,0.3620264,train_06731
001888.png,0.40697694,train_02733
001889.png,0.3694659,train_02635
001890.png,0.64754593,train_04756
001891.png,0.43672287,train_05881
001892.png,0.46135917,train_03795
001893.png,0.37852874,train_04062
001894.png,0.3133818,train_03499
001895.png,0.38065025,train_04152
001896.png,0.4882762,train_02913
001897.png,0.42106295,train_05980
001898.png,0.30945337,train_06180
001899.png,0.3025725,train_08081
001900.png,0.44598514,train_03094
001901.png,0.40594685,train_03446
001902.png,0.37597898,train_05758
001903.png,0.45401758,train_06347
001904.png,0.4932804,train_01113
001905.png,0.43752712,train_00600
001906.png,0.4343253,train_02799
001907.png,0.39711463,train_00522
001908.png,0.3651328,train_04328
001909.png,0.7703924,train_07952
001910.png,0.29394868,train_07875
001911.png,0.4469857,train_04580
001912.png,0.36525756,train_00597
001913.png,0.46752965,train_02112
001914.png,0.47308522,train_04428
001915.png,0.45930308,train_05676
001916.png,0.3948455,train_03515
001917.png,0.39839098,train_00068
001918.png,0.42107493,train_01174
001919.png,0.49242216,train_01623
001920.png,0.35204095,train_06420
001921.png,0.36006302,train_00540
001922.png,0.38473767,train_04916
001923.png,0.36163163,train_02492
001924.png,0.44519907,train_03041
001925.png,0.3908999,train_06262
001926.png,0.45447636,train_07262
001927.png,0.54926926,train_02486
001928.png,0.3369047,train_07026
001929.png,0.73555475,train_06875
001930.png,0.40350676,train_03096
001931.png,0.40684205,train_01389
001932.png,0.42129254,train_07315
001933.png,0.47642434,train_05108
001934.png,0.32406056,train_00933
001935.png,0.465664,train_05972
001936.png,0.3490457,train_00353
001937.png,0.41865277,train_07819
001938.png,0.45484716,train_05063
001939.png,0.36561984,train_07628
001940.png,0.369616,train_03015
001941.png,0.39371246,train_02382
001942.png,0.44107258,train_07707
001943.png,0.32646707,train_03170
001944.png,0.4397152,train_04611
001945.png,0.42790645,train_00212
001946.png,0.39466172,train_02214
001947.png,0.37706682,train_01227
001948.png,0.37737542,train_01871
001949.png,0.27454537,train_06500
001950.png,0.37720764,train_03684
001951.png,0.37166673,train_02252
001952.png,0.41612685,train_06740
001953.png,0.5295334,train_07957
001954.png,0.41265687,train_02261
001955.png,0.40181735,train_00615
001956.png,0.5283934,train_02947
001957.png,0.31199387,train_03811
001958.png,0.39520398,train_00622
001959.png,0.3547113,train_00349
001960.png,0.5002475,train_06304
001961.png,0.40395063,train_05284
001962.png,0.3944503,train_05144
001963.png,0.19809917,train_03726
001964.png,0.30593786,train_01134
001965.png,0.3264711,train_00948
001966.png,0.31595185,train_00563
001967.png,0.32137552,train_02725
001968.png,0.38889438,train_05254
001969.png,0.5408976,train_03001
001970.png,0.56086826,train_05108
001971.png,0.44083542,train_06131
001972.png,0.37980556,train_00622
001973.png,0.28912348,train_06561
001974.png,0.38744608,train_06579
001975.png,0.6453381,train_05795
001976.png,0.3781417,train_00564
001977.png,0.522014,train_06271
001978.png,0.57094234,train_02997
001979.png,0.30560228,train_05342
001980.png,0.44269544,train_00674
001981.png,0.50674164,train_03230
001982.png,0.41886422,train_04560
001983.png,0.370637,train_02356
001984.png,0.38586587,train_05966
001985.png,0.33994457,train_03652
001986.png,0.5554916,train_07257
001987.png,0.37962598,train_03750
001988.png,0.30284274,train_06466
001989.png,0.55152476,train_03337
001990.png,0.3562764,train_04580
001991.png,0.5202527,train_01662
001992.png,0.33401144,train_05539
001993.png,0.41191584,train_06042
001994.png,0.3518368,train_03927
001995.png,0.39260733,train_00194
001996.png,0.41956222,train_07111
001997.png,0.34536046,train_04202
001998.png,0.34714022,train_00250
001999.png,0.43118542,train_00061
002000.png,0.6506801,train_04604
002001.png,0.38726652,train_03159
002002.png,0.29748613,train_01444
002003.png,0.51221466,train_03482
002004.png,0.3403021,train_06182
002005.png,0.48030245,train_02658
002006.png,0.3262961,train_02643
002007.png,0.4638896,train_00219
002008.png,0.47812855,train_02112
002009.png,0.45521623,train_01945
002010.png,0.3941188,train_06108
002011.png,0.36651516,train_07321
002012.png,0.57093334,train_04502
002013.png,0.3442031,train_03428
002014.png,0.34007105,train_03710
002015.png,0.40457,train_00386
002016.png,0.54948545,train_06080
002017.png,0.32598424,train_02013
002018.png,0.41576016,train_05128
002019.png,0.5593621,train_05733
002020.png,0.528355,train_04024
002021.png,0.40558702,train_03944
002022.png,0.39805877,train_01203
002023.png,0.37711284,train_05007
002024.png,0.5662034,train_02537
002025.png,0.32884005,train_01277
002026.png,0.37319592,train_03725
002027.png,0.43771386,train_02388
002028.png,0.23968795,train_03713
002029.png,0.3470171,train_03202
002030.png,0.44845155,train_00300
002031.png,0.47874844,train_06360
002032.png,0.37435225,train_03893
002033.png,0.38508543,train_03456
002034.png,0.38706577,train_00451
002035.png,0.3054909,train_04403
002036.png,0.29914737,train_04424
002037.png,0.41565055,train_00787
002038.png,0.44702852,train_07009
002039.png,0.39177176,train_02936
002040.png,0.42802268,train_00376
002041.png,0.4758886,train_01127
002042.png,0.43884426,train_06055
002043.png,0.22449753,train_02884
002044.png,0.3108092,train_05129
002045.png,0.3073625,train_05315
002046.png,0.43887702,train_01390
002047.png,0.4678344,train_06529
002048.png,0.34456426,train_08055
002049.png,0.69057643,train_03218
002050.png,0.3976493,train_01089
002051.png,0.5428417,train_05960
002052.png,0.40396214,train_06053
002053.png,0.42692286,train_03028
002054.png,0.5083535,train_04560
002055.png,0.30548155,train_05591
002056.png,0.40213984,train_04175
002057.png,0.4033041,train_01075
002058.png,0.46587104,train_07875
002059.png,0.37644994,train_06547
002060.png,0.37227842,train_04471
002061.png,0.4793945,train_01137
002062.png,0.23693895,train_03577
002063.png,0.3771183,train_08124
002064.png,0.40726584,train_06548
002065.png,0.3539522,train_05132
002066.png,0.34787565,train_05732
002067.png,0.41521508,train_01508
002068.png,0.58570284,train_02230
002069.png,0.35896766,train_08046
002070.png,0.3268304,train_03138
002071.png,0.32000452,train_05372
002072.png,0.5911634,train_03005
002073.png,0.24415764,train_02606
002074.png,0.3777417,train_07857
002075.png,0.3946216,train_07694
002076.png,0.46941972,train_01801
002077.png,0.21620858,train_00906
002078.png,0.45320487,train_05449
002079.png,0.39567673,train_00379
002080.png,0.3818164,train_04368
002081.png,0.39618057,train_02183
002082.png,0.32592943,train_04583
002083.png,0.40451854,train_00668
002084.png,0.4106372,train_06714
002085.png,0.39757735,train_01233
002086.png,0.30575135,train_06834
002087.png,0.39316967,train_03710
002088.png,0.30726635,train_08135
002089.png,0.29876766,train_04772
002090.png,0.61363673,train_01879
002091.png,0.3785427,train_05829
002092.png,0.28584993,train_05492
002093.png,0.38140017,train_06057
002094.png,0.51946265,train_01415
002095.png,0.4067094,train_02626
002096.png,0.39786944,train_04556
002097.png,0.67735565,train_04525
002098.png,0.30666912,train_04808
002099.png,0.41889346,train_01691
002100.png,0.3108817,train_01348
002101.png,0.4686645,train_04079
002102.png,0.55136096,train_07366
002103.png,0.54803246,train_03850
002104.png,0.3229851,train_05213
002105.png,0.33890426,train_02837
002106.png,0.48071885,train_05362
002107.png,0.40367645,train_08057
002108.png,0.40576652,train_05645
002109.png,0.39510995,train_04421
002110.png,0.2719596,train_03875
002111.png,0.35511494,train_03797
002112.png,0.3355903,train_01310
002113.png,0.43791014,train_05096
002114.png,0.3557595,train_04421
002115.png,0.41869295,train_01657
002116.png,0.37356883,train_05179
002117.png,0.3888843,train_05553
002118.png,0.43174928,train_02996
002119.png,0.71353304,train_05895
002120.png,0.3045863,train_00098
002121.png,0.42713386,train_01282
002122.png,0.34636086,train_03276
002123.png,0.39192957,train_03735
002124.png,0.4022571,train_00081
002125.png,0.21407498,train_06334
002126.png,0.42415136,train_01031
002127.png,0.37435812,train_07558
002128.png,0.34840187,train_02974
002129.png,0.44263297,train_03441
002130.png,0.5769351,train_05584
002131.png,0.537905,train_05744
002132.png,0.32144302,train_07230
002133.png,0.21940655,train_00232
002134.png,0.3916546,train_05733
002135.png,0.39305866,train_01137
002136.png,0.3071957,train_05715
002137.png,0.38338113,train_01277
002138.png,0.3636508,train_02210
002139.png,0.3458237,train_01017
002140.png,0.3540227,train_07547
002141.png,0.34324348,train_07601
002142.png,0.41846663,train_07629
002143.png,0.5156491,train_04829
002144.png,0.4264844,train_07354
002145.png,0.53888685,train_05799
002146.png,0.48697364,train_00337
002147.png,0.55624807,train_05362
002148.png,0.38408524,train_07074
002149.png,0.23461507,train_02238
002150.png,0.4254406,train_00706
002151.png,0.37640804,train_08100
002152.png,0.5273838,train_01453
002153.png,0.42145774,train_01290
002154.png,0.37647563,train_06129
002155.png,0.37996903,train_01233
002156.png,0.64730537,train_00449
002157.png,0.37327614,train_01659
002158.png,0.8958299,train_00197
002159.png,0.30004844,train_00244
002160.png,0.26780972,train_04812
002161.png,0.62876904,train_02944
002162.png,0.43996325,train_01629
002163.png,0.37057745,train_01233
002164.png,0.37143683,train_03476
002165.png,0.56015503,train_02277
002166.png,0.42390126,train_06844
002167.png,0.32503894,train_01587
002168.png,0.33164972,train_06821
002169.png,0.44349927,train_01290
002170.png,0.49738932,train_06821
002171.png,0.42142248,train_04026
002172.png,0.48089588,train_02792
002173.png,0.72145087,train_01957
002174.png,0.517293,train_00697
002175.png,0.4653886,train_00704
002176.png,0.36421308,train_03614
002177.png,0.42199278,train_01359
002178.png,0.21406892,train_06322
002179.png,0.32782638,train_01672
002180.png,0.3710175,train_01523
002181.png,0.3860313,train_04786
002182.png,0.33099663,train_03660
002183.png,0.63672423,train_04310
002184.png,0.40517077,train_04414
002185.png,0.4338898,train_06921
002186.png,0.38174665,train_04397
002187.png,0.373837,train_05966
002188.png,0.3150281,train_03686
002189.png,0.3038119,train_07832
002190.png,0.42147925,train_03131
002191.png,0.35058773,train_07055
002192.png,0.36514485,train_06875
002193.png,0.46124533,train_00095
002194.png,0.4457615,train_05158
002195.png,0.41843113,train_06278
002196.png,0.9129234,train_05709
002197.png,0.39017135,train_05379
002198.png,0.38574374,train_06937
002199.png,0.30763647,train_05162
002200.png,0.47940037,train_06430
002201.png,0.31503528,train_00012
002202.png,0.42793125,train_01665
002203.png,0.3182038,train_04794
002204.png,0.40379196,train_02739
002205.png,0.4316568,train_01532
002206.png,0.28749642,train_04763
002207.png,0.42573336,train_03380
002208.png,0.287214,train_01592
002209.png,0.40701523,train_04124
002210.png,0.46854347,train_01975
002211.png,0.3256171,train_02701
002212.png,0.38463116,train_05272
002213.png,0.41627342,train_06244
002214.png,0.41612315,train_04591
002215.png,0.48351163,train_00657
002216.png,0.39016673,train_02999
002217.png,0.4827685,train_07615
002218.png,0.38600785,train_01572
002219.png,0.41454148,train_05986
002220.png,0.4965439,train_03576
002221.png,0.3086356,train_01651
002222.png,0.41381347,train_07588
002223.png,0.29213688,train_06663
002224.png,0.3463917,train_01180
002225.png,0.43849874,train_01103
002226.png,0.38363063,train_07245
002227.png,0.45616835,train_00994
002228.png,0.3611989,train_03444
002229.png,0.41464138,train_07075
002230.png,0.41588104,train_02455
002231.png,0.28024268,train_06608
002232.png,0.6981956,train_01865
002233.png,0.35405472,train_01460
002234.png,0.35301608,train_03903
002235.png,0.42617247,train_01998
002236.png,0.38669875,train_00936
002237.png,0.5497051,train_07758
002238.png,0.42193872,train_06688
002239.png,0.2531882,train_02511
002240.png,0.2934442,train_01597
002241.png,0.3985188,train_02645
002242.png,0.32068408,train_04873
002243.png,0.36105412,train_01318
002244.png,0.39046156,train_03230
002245.png,0.44263652,train_05716
002246.png,0.4384815,train_06649
002247.png,0.43061495,train_00177
002248.png,0.40033567,train_06147
002249.png,0.43187317,train_07911
002250.png,0.6369733,train_04726
002251.png,0.39591745,train_03406
002252.png,0.43254545,train_03233
002253.png,0.45247477,train_02952
002254.png,0.38075924,train_03893
002255.png,0.37774026,train_00785
002256.png,0.42771232,train_00164
002257.png,0.36626706,train_06020
002258.png,0.3656724,train_07864
002259.png,0.44753814,train_07519
002260.png,0.3321964,train_02029
002261.png,0.5960027,train_06040
002262.png,0.38312507,train_07331
002263.png,0.40847707,train_03367
002264.png,0.3913534,train_00095
002265.png,0.3979735,train_06283
002266.png,0.3445444,train_00329
002267.png,0.37398273,train_06959
002268.png,0.5498781,train_01181
002269.png,0.2744216,train_04716
002270.png,0.43428212,train_00543
002271.png,0.45772594,train_02562
002272.png,0.3999831,train_00027
002273.png,0.40514612,train_02112
002274.png,0.41648728,train_06305
002275.png,0.35678324,train_07739
002276.png,0.31824753,train_06425
002277.png,0.26801693,train_00649
002278.png,0.3802055,train_01868
002279.png,0.35603324,train_00761
002280.png,0.56808335,train_02766
002281.png,0.40896234,train_05733
002282.png,0.28721464,train_06650
002283.png,0.38941523,train_07197
002284.png,0.4441203,train_05609
002285.png,0.69558614,train_07282
002286.png,0.37243304,train_07085
002287.png,0.501832,train_06328
002288.png,0.3463711,train_00281
002289.png,0.47296745,train_02540
002290.png,0.36980438,train_04818
002291.png,0.35097325,train_00554
002292.png,0.36217234,train_06214
002293.png,0.4501506,train_03308
002294.png,0.42509308,train_04823
002295.png,0.38941705,train_00593
002296.png,0.46046,train_06731
002297.png,0.30107898,train_06330
002298.png,0.4220087,train_00378
002299.png,0.505007,train_07796
002300.png,0.43880743,train_06116
002301.png,0.36449897,train_00279
002302.png,0.38387305,train_00042
002303.png,0.32425022,train_04820
002304.png,0.3572003,train_02426
002305.png,0.40256524,train_06320
002306.png,0.40557337,train_01379
002307.png,0.41938362,train_02161
002308.png,0.4388879,train_05942
002309.png,0.3608749,train_07454
002310.png,0.39030373,train_07725
002311.png,0.37342477,train_01779
002312.png,0.28082073,train_03983
002313.png,0.3720262,train_05859
002314.png,0.38239053,train_00370
002315.png,0.42150688,train_00363
002316.png,0.41910967,train_07865
002317.png,0.22322962,train_00634
002318.png,0.38475475,train_03425
002319.png,0.43727964,train_05634
002320.png,0.40038776,train_07725
002321.png,0.44164738,train_07379
002322.png,0.49430847,train_03684
002323.png,0.4069684,train_07735
002324.png,0.30933952,train_05432
002325.png,0.3651032,train_07310
002326.png,0.5382665,train_04995
002327.png,0.3025484,train_01089
002328.png,0.4149796,train_02299
002329.png,0.4480116,train_03280
002330.png,0.27778262,train_01470
002331.png,0.39520156,train_06336
002332.png,0.3718767,train_06706
002333.png,0.28679484,train_05163
002334.png,0.40830147,train_05105
002335.png,0.40841097,train_04450
002336.png,0.3336393,train_00367
002337.png,0.48356086,train_00399
002338.png,0.32768834,train_05677
002339.png,0.281098,train_07186
002340.png,0.540092,train_01535
002341.png,0.37314016,train_02019
002342.png,0.47222322,train_07759
002343.png,0.7246044,train_00317
002344.png,0.47642362,train_02334
002345.png,0.3960867,train_01298
002346.png,0.43033105,train_05452
002347.png,0.5629524,train_04823
002348.png,0.27885872,train_00378
002349.png,0.3862561,train_02600
002350.png,0.69678533,train_05006
002351.png,0.33718473,train_07840
002352.png,0.36285,train_01664
002353.png,0.39057732,train_07077
002354.png,0.336595,train_01881
002355.png,0.40469474,train_03456
002356.png,0.4349234,train_05905
002357.png,0.42028934,train_04474
002358.png,0.46390313,train_05630
002359.png,0.36134154,train_07154
002360.png,0.3683341,train_00260
002361.png,0.427599,train_04874
002362.png,0.33254114,train_00042
002363.png,0.53989196,train_02252
002364.png,0.260624,train_06549
002365.png,0.4056707,train_04893
002366.png,0.28225532,train_00474
002367.png,0.40536729,train_07717
002368.png,0.5449017,train_06292
002369.png,0.478733,train_00743
002370.png,0.34051305,train_00453
002371.png,0.4588439,train_00715
002372.png,0.32886294,train_03010
002373.png,0.47602063,train_06214
002374.png,0.4591527,train_03131
002375.png,0.36825007,train_07137
002376.png,0.5243891,train_06292
002377.png,0.36857927,train_05340
002378.png,0.40493122,train_03670
002379.png,0.465569,train_02913
002380.png,0.46260452,train_00245
002381.png,0.33252233,train_03343
002382.png,0.36208183,train_01336
002383.png,0.63149154,train_02356
002384.png,0.46496186,train_07827
002385.png,0.34823892,train_04246
002386.png,0.27702758,train_04964
002387.png,0.3286156,train_03103
002388.png,0.513056,train_07961
002389.png,0.3571421,train_02555
002390.png,0.4110281,train_07195
002391.png,0.4301523,train_02594
002392.png,0.39090043,train_04905
002393.png,0.41721666,train_00812
002394.png,0.45587558,train_05155
002395.png,0.33288234,train_04601
002396.png,0.5085958,train_01939
002397.png,0.7094264,train_00729
002398.png,0.3869356,train_05986
002399.png,0.3148051,train_01566
002400.png,0.4260636,train_06947
002401.png,0.3891322,train_04316
002402.png,0.28318545,train_05901
002403.png,0.3793636,train_03174
002404.png,0.4195457,train_02117
002405.png,0.5143121,train_00985
002406.png,0.44522467,train_04175
002407.png,0.3345715,train_05956
002408.png,0.42132968,train_02940
002409.png,0.33742225,train_01254
002410.png,0.66933143,train_00229
002411.png,0.41024846,train_01932
002412.png,0.42223048,train_06582
002413.png,0.42004305,train_04098
002414.png,0.36027437,train_04571
002415.png,0.60830235,train_06474
002416.png,0.40875307,train_02859
002417.png,0.40859935,train_08027
002418.png,0.45535403,train_01002
002419.png,0.40183905,train_07882
002420.png,0.368195,train_06359
002421.png,0.3513049,train_03552
002422.png,0.39254513,train_05315
002423.png,0.33741403,train_07354
002424.png,0.35646328,train_02952
002425.png,0.34222525,train_06321
002426.png,0.6042043,train_05462
002427.png,0.30220985,train_01949
002428.png,0.3909701,train_02866
002429.png,0.7381407,train_04787
002430.png,0.35821557,train_03065
002431.png,0.51400983,train_01631
002432.png,0.4731086,train_03765
002433.png,0.30157322,train_04884
002434.png,0.36938357,train_00688
002435.png,0.34270966,train_01998
002436.png,0.38355482,train_03683
002437.png,0.32539815,train_00317
002438.png,0.34856716,train_02283
002439.png,0.3204068,train_00543
002440.png,0.45678547,train_00625
002441.png,0.32341805,train_08042
002442.png,0.34055242,train_01712
002443.png,0.38605675,train_03563
002444.png,0.34657288,train_01637
002445.png,0.473468,train_04755
002446.png,0.41476795,train_00533
002447.png,0.3408869,train_01010
002448.png,0.3094073,train_00812
002449.png,0.39140838,train_04100
002450.png,0.3032271,train_04776
002451.png,0.43876278,train_04384
002452.png,0.43115282,train_04469
002453.png,0.5683361,train_06406
002454.png,0.26802194,train_02874
002455.png,0.3893137,train_02822
002456.png,0.37842768,train_03512
002457.png,0.45881745,train_05151
002458.png,0.47264802,train_00539
002459.png,0.4212327,train_07297
002460.png,0.39174518,train_05266
002461.png,0.4066055,train_07372
002462.png,0.2601479,train_02724
002463.png,0.33262125,train_06477
002464.png,0.34966168,train_04477
002465.png,0.34504104,train_05894
002466.png,0.38279065,train_04316
002467.png,0.5094515,train_05007
002468.png,0.3965872,train_00593
002469.png,0.4132515,train_01359
002470.png,0.52405095,train_01888
002471.png,0.44699118,train_05360
002472.png,0.42886573,train_06338
002473.png,0.36711562,train_08014
002474.png,0.3229494,train_00784
002475.png,0.28995243,train_04549
002476.png,0.34894943,train_07839
002477.png,0.6121031,train_05108
002478.png,0.24778351,train_06529
002479.png,0.4002275,train_03383
002480.png,0.35290945,train_02242
002481.png,0.5525403,train_01918
002482.png,0.30008864,train_06356
002483.png,0.29664618,train_01461
002484.png,0.5009326,train_00725
002485.png,0.33937767,train_00042
002486.png,0.4044428,train_03892
002487.png,0.55390686,train_06546
002488.png,0.3342824,train_07347
002489.png,0.3810694,train_03939
002490.png,0.3544628,train_03546
002491.png,0.2976659,train_08116
002492.png,0.3115637,train_03131
002493.png,0.3632987,train_06523
002494.png,0.38797313,train_06714
002495.png,0.49163175,train_06711
002496.png,0.31860363,train_05010
002497.png,0.4577253,train_06632
002498.png,0.3927955,train_02935
002499.png,0.62990093,train_06253
002500.png,0.5101397,train_06416
002501.png,0.42772102,train_01022
002502.png,0.4892494,train_03634
002503.png,0.2621075,train_01214
002504.png,0.35965532,train_04790
002505.png,0.38645154,train_00254
002506.png,0.65308815,train_08114
002507.png,0.36520234,train_02382
002508.png,0.2537985,train_03083
002509.png,0.34305227,train_04664
002510.png,0.42060167,train_04414
002511.png,0.47936004,train_07547
002512.png,0.4449948,train_00863
002513.png,0.37045676,train_04389
002514.png,0.45270774,train_04443
002515.png,0.27108186,train_07485
002516.png,0.35211062,train_00758
002517.png,0.41401073,train_07094
002518.png,0.25277492,train_04682
002519.png,0.45508814,train_06579
002520.png,0.26328045,train_02797
002521.png,0.40048653,train_03930
002522.png,0.5470221,train_08073
002523.png,0.473468,train_04886
002524.png,0.49783444,train_01348
002525.png,0.42561442,train_00645
002526.png,0.33121663,train_07757
002527.png,0.26232994,train_02666
002528.png,0.4599924,train_03900
002529.png,0.2845899,train_00486
002530.png,0.68575585,train_01352
002531.png,0.4049678,train_02954
002532.png,0.23443924,train_03618
002533.png,0.3967033,train_04919
002534.png,0.31202674,train_02730
002535.png,0.3369914,train_01913
002536.png,0.437558,train_00179
002537.png,0.8941759,train_07390
002538.png,0.42821473,train_06425
002539.png,0.61644137,train_02805
002540.png,0.3429138,train_06763
002541.png,0.50350106,train_04937
002542.png,0.37625033,train_06704
002543.png,0.44404894,train_00448
002544.png,0.43863428,train_04664
002545.png,0.31062853,train_04556
002546.png,0.4975449,train_05425
002547.png,0.47030655,train_07889
002548.png,0.44117028,train_06661
002549.png,0.38571212,train_01718
002550.png,0.36093318,train_01359
002551.png,0.35183367,train_05590
002552.png,0.38639414,train_05953
002553.png,0.43657446,train_01945
002554.png,0.31678766,train_08072
002555.png,0.3076923,train_02068
002556.png,0.60728884,train_00446
002557.png,0.5703217,train_03386
002558.png,0.3080721,train_05758
002559.png,0.4776544,train_04386
002560.png,0.3966748,train_00554
002561.png,0.42909598,train_07993
002562.png,0.28543863,train_06758
002563.png,0.82785994,train_01767
002564.png,0.47522604,train_04780
002565.png,0.3456288,train_03924
002566.png,0.37823904,train_02039
002567.png,0.4081331,train_03290
002568.png,0.3375077,train_02411
002569.png,0.32394993,train_03586
002570.png,0.22038639,train_01206
002571.png,0.39041942,train_07029
002572.png,0.446429,train_00638
002573.png,0.35811704,train_05639
002574.png,0.36974794,train_06772
002575.png,0.32376766,train_00096
002576.png,0.27383956,train_03149
002577.png,0.4440078,train_07144
002578.png,0.3273772,train_02654
002579.png,0.4558296,train_00927
002580.png,0.37776068,train_07917
002581.png,0.2789672,train_06251
002582.png,0.42858782,train_01137
002583.png,0.2826233,train_03172
002584.png,0.36105233,train_02283
002585.png,0.35116798,train_03557
002586.png,0.3071676,train_06081
002587.png,0.5366056,train_04914
002588.png,0.33225983,train_06427
002589.png,0.34318912,train_03297
002590.png,0.37137935,train_03406
002591.png,0.4176293,train_05636
002592.png,0.36402354,train_00379
002593.png,0.4186378,train_02383
002594.png,0.3902729,train_06328
002595.png,0.37346864,train_04575
002596.png,0.41755456,train_00684
002597.png,0.41185278,train_03812
002598.png,0.39227802,train_07188
002599.png,0.39334,train_00227
002600.png,0.33149874,train_01427
002601.png,0.35795456,train_05653
002602.png,0.39498368,train_06956
002603.png,0.4179726,train_04573
002604.png,0.34605533,train_07744
002605.png,0.3388497,train_01691
002606.png,0.5508982,train_06292
002607.png,0.2306394,train_02991
002608.png,0.42010644,train_07463
002609.png,0.29962668,train_06908
002610.png,0.42839593,train_07485
002611.png,0.33423418,train_07223
002612.png,0.43808264,train_07876
002613.png,0.43474516,train_02530
002614.png,0.3537228,train_07824
002615.png,0.34720227,train_07822
002616.png,0.3940413,train_05582
002617.png,0.33880532,train_02306
002618.png,0.33997428,train_01578
002619.png,0.5225768,train_03609
002620.png,0.35740894,train_03918
002621.png,0.39385825,train_04127
002622.png,0.5131891,train_03209
002623.png,0.42689964,train_03146
002624.png,0.48636127,train_06271
002625.png,0.44822282,train_04886
002626.png,0.4284909,train_03402
002627.png,0.32794756,train_02433
002628.png,0.44289443,train_04586
002629.png,0.44436842,train_05326
002630.png,0.31287706,train_03832
002631.png,0.3906509,train_06085
002632.png,0.31384695,train_03187
002633.png,0.35572267,train_06215
002634.png,0.5702783,train_01051
002635.png,0.35239214,train_03894
002636.png,0.39230007,train_07477
002637.png,0.29872388,train_07849
002638.png,0.24982311,train_05360
002639.png,0.42887586,train_06425
002640.png,0.38869718,train_07022
002641.png,0.47694156,train_03634
002642.png,0.35249943,train_00880
002643.png,0.4000081,train_00675
002644.png,0.5417798,train_05960
002645.png,0.53130555,train_06635
002646.png,0.45636106,train_07414
002647.png,0.77673924,train_07844
002648.png,0.35768172,train_04146
002649.png,0.41467506,train_00715
002650.png,0.43481648,train_01203
002651.png,0.26032996,train_02676
002652.png,0.36558288,train_06100
002653.png,0.5162691,train_00324
002654.png,0.4248379,train_03010
002655.png,0.32116148,train_04860
002656.png,0.31465298,train_05876
002657.png,0.3835048,train_04428
002658.png,0.3401126,train_07742
002659.png,0.80298936,train_02081
002660.png,0.45748338,train_07444
002661.png,0.383058,train_05634
002662.png,0.38579285,train_02609
002663.png,0.32863474,train_06425
002664.png,0.40587568,train_03620
002665.png,0.39555794,train_00952
002666.png,0.2350707,train_06070
002667.png,0.3374586,train_05699
002668.png,0.46200472,train_04835
002669.png,0.3489139,train_03675
002670.png,0.27919012,train_06177
002671.png,0.40819508,train_01849
002672.png,0.348912,train_06781
002673.png,0.36898226,train_02864
002674.png,0.39300823,train_01739
002675.png,0.410296,train_00324
002676.png,0.40982115,train_07922
002677.png,0.43464953,train_03847
002678.png,0.33648682,train_06987
002679.png,0.3107855,train_00069
002680.png,0.3349796,train_02864
002681.png,0.47875386,train_06393
002682.png,0.33165014,train_04024
002683.png,0.41024673,train_03836
002684.png,0.5736706,train_05749
002685.png,0.45758137,train_01662
002686.png,0.44133958,train_06852
002687.png,0.37421006,train_04742
002688.png,0.46420825,train_03000
002689.png,0.27136043,train_07623
002690.png,0.3960781,train_03295
002691.png,0.668864,train_06518
002692.png,0.75045323,train_04774
002693.png,0.35906154,train_05149
002694.png,0.37917405,train_04241
002695.png,0.37834144,train_03736
002696.png,0.3703292,train_05346
002697.png,0.41768682,train_06529
002698.png,0.44076255,train_06595
002699.png,0.37056506,train_00229
002700.png,0.3362034,train_00533
002701.png,0.36715347,train_07000
002702.png,0.4554042,train_06100
002703.png,0.31852406,train_07341
002704.png,0.44235873,train_06619
002705.png,0.6178794,train_03540
002706.png,0.5369835,train_04247
002707.png,0.43508774,train_07948
002708.png,0.3854267,train_00682
002709.png,1.0000004,train_00862
002710.png,0.3883587,train_04044
002711.png,0.33979774,train_05530
002712.png,0.47682726,train_00087
002713.png,0.30076784,train_04576
002714.png,0.3285638,train_02932
002715.png,0.50106394,train_00368
002716.png,0.37110507,train_06309
002717.png,0.42048997,train_04420
002718.png,0.34744892,train_03283
002719.png,0.42083454,train_05284
002720.png,0.37463424,train_06325
002721.png,0.31857985,train_04588
002722.png,0.4462913,train_07706
002723.png,0.37341863,train_05603
002724.png,0.6539392,train_05384
002725.png,0.35252723,train_08128
002726.png,0.5776471,train_01241
002727.png,0.41402104,train_05598
002728.png,0.4050337,train_04264
002729.png,0.58458287,train_02486
002730.png,0.5101811,train_07134
002731.png,0.3618138,train_02954
002732.png,0.31597602,train_03748
002733.png,0.32654935,train_03048
002734.png,0.35688812,train_05025
002735.png,0.30179602,train_00233
002736.png,0.36285114,train_01116
002737.png,0.31969285,train_07465
002738.png,0.43360978,train_00634
002739.png,0.32522026,train_00296
002740.png,0.2713862,train_08132
002741.png,0.63416785,train_01048
002742.png,0.3866576,train_06929
002743.png,0.39736143,train_00451
002744.png,0.35984957,train_02672
002745.png,0.40921634,train_04047
002746.png,0.536195,train_03094
002747.png,0.38552672,train_03736
002748.png,0.38773146,train_07832
002749.png,0.6534711,train_07957
002750.png,0.46842998,train_03962
002751.png,0.47827512,train_00703
002752.png,0.44303018,train_05953
002753.png,0.7152533,train_00252
002754.png,0.37003297,train_01033
002755.png,0.29641432,train_03669
002756.png,0.5605062,train_05372
002757.png,0.41769558,train_04414
002758.png,0.39990366,train_01998
002759.png,0.37769046,train_02815
002760.png,0.32648158,train_07089
002761.png,0.39426404,train_02021
002762.png,0.35321575,train_00167
002763.png,0.33790958,train_05787
002764.png,0.5731017,train_04818
002765.png,0.39927468,train_05674
002766.png,0.4012059,train_04330
002767.png,0.6000171,train_05960
002768.png,0.35771137,train_01857
002769.png,0.3474316,train_02310
002770.png,0.6048876,train_05340
002771.png,0.33210856,train_05559
002772.png,0.434112,train_06016
002773.png,0.37916106,train_05559
002774.png,0.45247102,train_06658
002775.png,0.56491303,train_04083
002776.png,0.34518307,train_05653
002777.png,0.6279179,train_07714
002778.png,0.43476653,train_04309
002779.png,0.39514783,train_05722
002780.png,0.3603353,train_06207
002781.png,0.50266135,train_04937
002782.png,0.42253244,train_05044
002783.png,0.28463677,train_01697
002784.png,0.4709022,train_06714
002785.png,0.3303653,train_05964
002786.png,0.32291335,train_06912
002787.png,0.6231526,train_05799
002788.png,0.2716792,train_03636
002789.png,0.40250582,train_08076
002790.png,0.44784313,train_04221
002791.png,0.4079563,train_01656
002792.png,0.39984095,train_01669
002793.png,0.32029927,train_00948
002794.png,0.46544802,train_00539
002795.png,0.43531355,train_00296
002796.png,0.42078894,train_04087
002797.png,0.30740175,train_02569
002798.png,0.30508852,train_07596
002799.png,0.74691415,train_07467
002800.png,0.4216449,train_05903
002801.png,0.35439825,train_00451
002802.png,0.3892354,train_07338
002803.png,0.55808115,train_07904
002804.png,0.2715856,train_00709
002805.png,0.5362854,train_06691
002806.png,0.42987758,train_04973
002807.png,0.24898808,train_04970
002808.png,0.3233416,train_04893
002809.png,0.5550204,train_04723
002810.png,0.46298492,train_06283
002811.png,0.42928874,train_07527
002812.png,0.41018525,train_07875
002813.png,0.40627393,train_03131
002814.png,0.47214207,train_01390
002815.png,0.50080174,train_04158
002816.png,0.4534325,train_04937
002817.png,0.69026506,train_05966
002818.png,0.23598246,train_04501
002819.png,0.42210394,train_00329
002820.png,0.36587283,train_06586
002821.png,0.39256936,train_00594
002822.png,0.43716305,train_07693
002823.png,0.67299974,train_04663
002824.png,0.4207347,train_06507
002825.png,0.53943217,train_00549
002826.png,0.3597734,train_05380
002827.png,0.3740664,train_05274
002828.png,0.3935298,train_01054
002829.png,0.3933712,train_05437
002830.png,0.51076627,train_00128
002831.png,0.4102201,train_06544
002832.png,0.30514652,train_05694
002833.png,0.37017927,train_01033
002834.png,0.39386466,train_05787
002835.png,0.29729602,train_07232
002836.png,0.35370818,train_04588
002837.png,0.30728096,train_04818
002838.png,0.5781802,train_06041
002839.png,0.57851994,train_01422
002840.png,0.25127375,train_05711
002841.png,0.5045133,train_02347
002842.png,0.44572687,train_04726
002843.png,0.3077812,train_05913
002844.png,0.43496338,train_00211
002845.png,0.34669408,train_02836
002846.png,0.26597098,train_06335
002847.png,0.79522103,train_02731
002848.png,0.41144815,train_00623
002849.png,0.3891384,train_06477
002850.png,0.3035187,train_07417
002851.png,0.3514046,train_00232
002852.png,0.388385,train_02422
002853.png,0.37430018,train_00495
002854.png,0.6440015,train_04014
002855.png,0.48161715,train_04757
002856.png,0.41388798,train_03094
002857.png,0.32177952,train_00480
002858.png,0.44295275,train_06614
002859.png,0.31535757,train_07570
002860.png,0.32759446,train_01946
002861.png,0.38984612,train_04428
002862.png,0.6737455,train_00582
002863.png,0.42518592,train_00909
002864.png,0.41412637,train_02039
002865.png,0.35875243,train_08066
002866.png,0.3845944,train_07709
002867.png,0.3603344,train_03883
002868.png,0.29926696,train_00256
002869.png,0.5672082,train_01365
002870.png,0.41384745,train_03051
002871.png,0.3987481,train_01604
002872.png,0.38240927,train_02701
002873.png,0.3462428,train_01131
002874.png,0.4074836,train_05264
002875.png,0.50872827,train_05035
002876.png,0.4256929,train_02072
002877.png,0.37316364,train_00567
002878.png,0.31253594,train_04753
002879.png,0.47611392,train_04957
002880.png,0.33631465,train_04149
002881.png,0.3166451,train_04646
002882.png,0.37720484,train_07346
002883.png,0.53078794,train_01243
002884.png,0.47442812,train_07566
002885.png,0.22275311,train_06348
002886.png,0.35371035,train_05774
002887.png,0.5564489,train_06035
002888.png,0.39219496,train_06116
002889.png,0.3498624,train_04916
002890.png,0.4345378,train_06258
002891.png,0.28967756,train_07510
002892.png,0.26841074,train_05973
002893.png,0.45070416,train_05690
002894.png,0.46567792,train_02973
002895.png,0.42563552,train_08037
002896.png,0.35088462,train_03196
002897.png,0.22508907,train_03793
002898.png,0.37030363,train_03051
002899.png,0.6259109,train_04023
002900.png,0.3164282,train_06821
002901.png,0.37722576,train_02871
002902.png,0.5292736,train_04601
002903.png,0.55407184,train_05372
002904.png,0.4762857,train_02112
002905.png,0.30603263,train_04988
002906.png,0.37183064,train_05881
002907.png,0.38914004,train_00446
002908.png,0.4001465,train_02789
002909.png,0.3994365,train_08019
002910.png,0.3881628,train_08106
002911.png,0.2839569,train_00289
002912.png,0.44001865,train_07710
002913.png,0.2994481,train_04948
002914.png,0.33665487,train_04218
002915.png,0.37270272,train_02026
002916.png,0.5317829,train_07672
002917.png,0.32948074,train_03127
002918.png,0.40224433,train_05555
002919.png,0.33941823,train_01055
002920.png,0.3803996,train_04473
002921.png,0.3761919,train_01061
002922.png,0.34164387,train_01636
002923.png,0.34860474,train_03564
002924.png,0.39381695,train_06714
002925.png,0.35272628,train_04723
002926.png,0.34824467,train_01090
002927.png,0.38851452,train_06672
002928.png,0.49853235,train_04918
002929.png,0.32600367,train_01455
002930.png,0.3813428,train_02052
002931.png,0.40509504,train_04424
002932.png,0.37001377,train_01048
002933.png,0.38911542,train_04895
002934.png,0.4348647,train_03930
002935.png,0.46157244,train_07236
002936.png,0.42512673,train_00798
002937.png,0.38936263,train_01861
002938.png,0.5724956,train_07501
002939.png,0.29313707,train_01659
002940.png,0.4091111,train_06208
002941.png,0.66471624,train_05114
002942.png,0.46308285,train_00109
002943.png,0.3024125,train_02026
002944.png,0.3805881,train_03509
002945.png,0.43820962,train_06789
002946.png,0.5354527,train_00315
002947.png,0.39165488,train_03130
002948.png,0.4533444,train_04755
002949.png,0.41511905,train_03447
002950.png,0.2413913,train_06757
002951.png,0.24054706,train_02490
002952.png,0.34419706,train_05442
002953.png,0.35027614,train_02768
002954.png,0.3938477,train_04013
002955.png,0.3340093,train_04368
002956.png,0.3725953,train_00036
002957.png,0.38023692,train_04330
002958.png,0.46720952,train_02112
002959.png,0.513115,train_04157
002960.png,0.31225806,train_01812
002961.png,0.5092752,train_06040
002962.png,0.4731709,train_05727
002963.png,0.3140408,train_04928
002964.png,0.41054726,train_03552
002965.png,0.35759637,train_07940
002966.png,0.45338777,train_04801
002967.png,0.37811232,train_04316
002968.png,0.75173223,train_00122
002969.png,0.39911574,train_00989
002970.png,0.3503969,train_03573
002971.png,0.5520647,train_05011
002972.png,0.42711368,train_04608
002973.png,0.25008345,train_00154
002974.png,0.38951677,train_02739
002975.png,0.33550638,train_01169
002976.png,0.55897653,train_05529
002977.png,0.4176138,train_02983
002978.png,0.48445737,train_05841
002979.png,0.338953,train_07116
002980.png,0.4637831,train_05269
002981.png,0.37339061,train_06566
002982.png,0.42801964,train_06608
002983.png,0.54166293,train_06866
002984.png,0.5610593,train_05733
002985.png,0.40443623,train_06731
002986.png,0.41528505,train_06093
002987.png,0.35477686,train_05877
002988.png,0.44843966,train_03874
002989.png,0.3662842,train_02791
002990.png,0.2629418,train_03846
002991.png,0.39967033,train_05783
002992.png,0.38199615,train_06905
002993.png,0.30792546,train_07706
002994.png,0.43014264,train_05549
002995.png,0.43888646,train_03812
002996.png,0.4182468,train_00920
002997.png,0.4130125,train_06328
002998.png,0.43125796,train_06855
002999.png,0.40271193,train_04788
003000.png,0.30407536,train_07186
003001.png,0.38220152,train_01614
003002.png,0.44457358,train_02733
003003.png,0.3728779,train_03737
003004.png,0.335746,train_02530
003005.png,0.28747362,train_07445
003006.png,0.3718529,train_01593
003007.png,0.39572924,train_06305
003008.png,0.2284965,train_01604
003009.png,0.63643014,train_04894
003010.png,0.35238534,train_06547
003011.png,0.36950433,train_04886
003012.png,0.44324356,train_03490
003013.png,0.39916205,train_05118
003014.png,0.3948203,train_03871
003015.png,0.41825634,train_00715
003016.png,0.4161302,train_04762
003017.png,0.40043253,train_01849
003018.png,0.4265927,train_01402
003019.png,0.464855,train_00052
003020.png,0.54458725,train_03701
003021.png,0.37808084,train_07840
003022.png,0.3782739,train_00559
003023.png,0.4580165,train_05877
003024.png,0.39829928,train_01460
003025.png,0.26905143,train_01082
003026.png,0.3683185,train_03984
003027.png,0.40857083,train_05074
003028.png,0.39087358,train_01949
003029.png,0.34215117,train_03998
003030.png,0.36709422,train_00981
003031.png,0.5935757,train_05113
003032.png,0.24596085,train_00046
003033.png,0.38460958,train_02289
003034.png,0.29953453,train_02435
003035.png,0.39115003,train_06715
003036.png,0.3489836,train_03308
003037.png,0.31413782,train_03103
003038.png,0.5534303,train_01581
003039.png,0.4891371,train_04920
003040.png,0.32214248,train_02454
003041.png,0.36460793,train_02092
003042.png,0.35319903,train_06984
003043.png,0.47651327,train_02729
003044.png,0.6130313,train_05340
003045.png,0.6810194,train_06703
003046.png,0.3110999,train_00963
003047.png,0.35835052,train_01505
003048.png,0.43683058,train_02935
003049.png,0.5080806,train_06594
003050.png,0.3880384,train_02276
003051.png,0.561342,train_01786
003052.png,0.42181402,train_03386
003053.png,0.404221,train_03722
003054.png,0.40156215,train_03957
003055.png,0.33117628,train_05011
003056.png,0.37710983,train_06057
003057.png,0.25493884,train_05981
003058.png,0.41818833,train_02477
003059.png,0.35310066,train_04906
003060.png,0.54775035,train_02393
003061.png,0.46759856,train_08056
003062.png,0.37050486,train_00239
003063.png,0.35159838,train_06681
003064.png,0.32472348,train_03097
003065.png,0.42841932,train_01040
003066.png,0.36382806,train_01103
003067.png,0.35875002,train_05317
003068.png,0.35858542,train_02329
003069.png,0.42273206,train_07567
003070.png,0.47765023,train_06814
003071.png,0.34897208,train_03280
003072.png,0.3137473,train_07243
003073.png,0.27401316,train_00805
003074.png,0.3461117,train_04851
003075.png,0.40648293,train_00300
003076.png,0.36877847,train_00960
003077.png,0.37030786,train_02901
003078.png,0.44118017,train_01806
003079.png,0.45259953,train_04700
003080.png,0.41853407,train_05808
003081.png,0.41759637,train_01509
003082.png,0.518819,train_05478
003083.png,0.31434622,train_00479
003084.png,0.55498517,train_05766
003085.png,0.31077313,train_06844
003086.png,0.5463055,train_03748
003087.png,0.47170064,train_06810
003088.png,0.46847516,train_01364
003089.png,0.35639027,train_04969
003090.png,0.37331963,train_01142
003091.png,0.3739465,train_05609
003092.png,0.30948913,train_07469
003093.png,0.41325408,train_00296
003094.png,0.5633657,train_02100
003095.png,0.385166,train_01127
003096.png,0.6085653,train_02736
003097.png,0.26478025,train_01494
003098.png,0.26072234,train_00632
003099.png,0.4228427,train_02029
003100.png,0.3914705,train_02836
003101.png,0.38040182,train_04781
003102.png,0.36857563,train_00767
003103.png,0.26454905,train_06011
003104.png,0.3891785,train_04478
003105.png,0.408015,train_00509
003106.png,0.33301368,train_06034
003107.png,0.5391001,train_05644
003108.png,0.4781473,train_01521
003109.png,0.3282806,train_06678
003110.png,0.43376374,train_07164
003111.png,0.2373426,train_04845
003112.png,0.37945032,train_05705
003113.png,0.4170714,train_00338
003114.png,0.36853197,train_07716
003115.png,0.3732729,train_01886
003116.png,0.37115434,train_01259
003117.png,0.3673288,train_02472
003118.png,0.42574906,train_05264
003119.png,0.4797651,train_03181
003120.png,0.372837,train_06180
003121.png,0.35716042,train_04440
003122.png,0.38229096,train_02198
003123.png,0.38823316,train_05872
003124.png,0.31643575,train_00219
003125.png,0.37025797,train_07326
003126.png,0.3426244,train_06204
003127.png,0.37822166,train_04473
003128.png,0.35403097,train_02965
003129.png,0.42168975,train_00437
003130.png,0.27542573,train_04089
003131.png,0.40863878,train_04762
003132.png,0.5019596,train_06561
003133.png,0.3349303,train_06633
003134.png,0.36126453,train_04515
003135.png,0.43648767,train_04645
003136.png,0.3864013,train_01590
003137.png,0.6878614,train_06841
003138.png,0.24465477,train_00305
003139.png,0.526039,train_05729
003140.png,0.26714617,train_01373
003141.png,0.3565037,train_06324
003142.png,0.4153217,train_03771
003143.png,0.38464922,train_07824
003144.png,0.39909172,train_05645
003145.png,0.37915426,train_06794
003146.png,0.42489254,train_02493
003147.png,0.6494097,train_05799
003148.png,0.42191276,train_01563
003149.png,0.44926068,train_03652
003150.png,0.43907303,train_07141
003151.png,0.35697776,train_02182
003152.png,0.51277757,train_04383
003153.png,0.34039676,train_03020
003154.png,0.39346462,train_00296
003155.png,0.38829467,train_03735
003156.png,0.40655327,train_04316
003157.png,0.5934557,train_02558
003158.png,0.3075133,train_00932
003159.png,0.36336112,train_00761
003160.png,0.40844837,train_00225
003161.png,0.38436803,train_04576
003162.png,0.36964265,train_07000
003163.png,0.54887134,train_01106
003164.png,0.28044903,train_02054
003165.png,0.3282584,train_01934
003166.png,0.53800267,train_03829
003167.png,0.43479842,train_01540
003168.png,0.45197392,train_06024
003169.png,0.43894982,train_05318
003170.png,0.53313166,train_04053
003171.png,0.48507434,train_01014
003172.png,0.40450394,train_08037
003173.png,0.33509296,train_01622
003174.png,0.51816845,train_02839
003175.png,0.32391337,train_08085
003176.png,0.46256125,train_00749
003177.png,0.38113168,train_00897
003178.png,0.45712036,train_00924
003179.png,0.381029,train_04560
003180.png,0.40822715,train_03456
003181.png,0.39178473,train_04588
003182.png,0.32649183,train_02492
003183.png,0.627365,train_00103
003184.png,0.36003327,train_05731
003185.png,0.4123755,train_07779
003186.png,0.4096573,train_05645
003187.png,0.3357951,train_06972
003188.png,0.36444354,train_04921
003189.png,0.41361082,train_07142
003190.png,0.3362951,train_01934
003191.png,0.5054952,train_06258
003192.png,0.5282276,train_02981
003193.png,0.40845895,train_05006
003194.png,0.40354484,train_04037
003195.png,0.2786823,train_04320
003196.png,0.46490085,train_05832
003197.png,0.35268176,train_03579
003198.png,0.45350808,train_05148
003199.png,0.39302784,train_01226
003200.png,0.38028967,train_06384
003201.png,0.39771146,train_04690
003202.png,0.40645623,train_06022
003203.png,0.4947062,train_01356
003204.png,0.44740534,train_06116
003205.png,0.28623825,train_07577
003206.png,0.32560194,train_05348
003207.png,0.41563395,train_01309
003208.png,0.42385292,train_06681
003209.png,0.3998793,train_06194
003210.png,0.38266402,train_07515
003211.png,0.3992804,train_02343
003212.png,0.5245131,train_04748
003213.png,0.45508015,train_04969
003214.png,0.42117536,train_01327
003215.png,0.33171493,train_06337
003216.png,0.538207,train_08005
003217.png,0.40000945,train_04044
003218.png,0.36481464,train_06527
003219.png,0.42806122,train_06802
003220.png,0.39055645,train_06252
003221.png,0.3238633,train_01600
003222.png,0.41997993,train_07158
003223.png,0.42452604,train_07012
003224.png,0.37321103,train_08122
003225.png,0.32178605,train_00624
003226.png,0.4063981,train_05284
003227.png,0.32912695,train_01590
003228.png,0.33348227,train_03576
003229.png,0.41910893,train_02364
003230.png,0.36376125,train_08081
003231.png,0.42524433,train_06668
003232.png,0.3108917,train_04886
003233.png,0.36454582,train_03451
003234.png,0.34998918,train_00877
003235.png,0.35998356,train_03280
003236.png,0.27060857,train_08055
003237.png,0.38607746,train_01075
003238.png,0.6669784,train_02558
003239.png,0.27022928,train_05132
003240.png,0.41205722,train_03147
003241.png,0.3567515,train_00624
003242.png,0.5369114,train_03962
003243.png,0.26157844,train_06190
003244.png,0.40288687,train_08077
003245.png,0.48289284,train_06089
003246.png,0.35660222,train_01624
003247.png,0.41535783,train_03402
003248.png,0.33300063,train_00172
003249.png,0.4068114,train_04674
003250.png,0.42527425,train_01473
003251.png,0.23265234,train_04971
003252.png,0.3935233,train_03883
003253.png,0.42907053,train_01075
003254.png,0.30660117,train_07111
003255.png,0.32169315,train_00853
003256.png,0.35696694,train_01781
003257.png,0.37313503,train_04416
003258.png,0.42616612,train_03793
003259.png,0.39580768,train_05942
003260.png,0.41453353,train_05918
003261.png,0.38921118,train_01392
003262.png,0.40398496,train_07827
003263.png,0.5073365,train_05570
003264.png,0.52909565,train_04483
003265.png,0.3882355,train_05451
003266.png,0.4090352,train_02019
003267.png,0.40096694,train_05881
003268.png,0.45384985,train_00917
003269.png,0.3770204,train_01628
003270.png,0.38175935,train_06632
003271.png,0.29301357,train_04352
003272.png,0.28950924,train_04896
003273.png,0.41398114,train_03664
003274.png,0.23220354,train_06327
003275.png,0.4320262,train_02492
003276.png,0.23611075,train_07520
003277.png,0.3679056,train_07583
003278.png,0.42863154,train_03227
003279.png,0.48666942,train_03169
003280.png,0.4069496,train_06963
003281.png,0.4202902,train_01978
003282.png,0.51790404,train_07321
003283.png,0.29878676,train_03350
003284.png,0.42684728,train_07385
003285.png,0.40048414,train_04423
003286.png,0.2933628,train_06072
003287.png,0.3504114,train_03654
003288.png,0.44666392,train_01508
003289.png,0.5706202,train_02658
003290.png,0.37169686,train_07653
003291.png,0.38445652,train_01946
003292.png,0.4060067,train_06861
003293.png,0.4278074,train_00600
003294.png,0.28244692,train_03982
003295.png,0.38088056,train_04416
003296.png,0.4603048,train_01934
003297.png,0.3536393,train_05092
003298.png,0.38466817,train_05609
003299.png,0.32361582,train_04776
003300.png,0.60425764,train_03337
003301.png,0.45647532,train_01025
003302.png,0.34107617,train_00520
003303.png,0.4255365,train_03866
003304.png,0.372769,train_03812
003305.png,0.4517534,train_07164
003306.png,0.4958827,train_01327
003307.png,0.33550197,train_04629
003308.png,0.25652853,train_03650
003309.png,0.5186439,train_04372
003310.png,0.4032715,train_00405
003311.png,0.56008035,train_05013
003312.png,0.3677498,train_06120
003313.png,0.40187675,train_00592
003314.png,0.33302462,train_07465
003315.png,0.22659975,train_03607
003316.png,0.37321067,train_02013
003317.png,0.686978,train_01720
003318.png,0.37729505,train_02838
003319.png,0.33397293,train_07356
003320.png,0.45050713,train_04239
003321.png,0.39689645,train_05377
003322.png,0.66146386,train_03976
003323.png,0.4620751,train_01670
003324.png,0.50233793,train_06965
003325.png,0.5356908,train_06673
003326.png,0.29380655,train_04854
003327.png,0.3318484,train_04354
003328.png,0.3136694,train_04904
003329.png,0.24516691,train_06614
003330.png,0.57340324,train_06315
003331.png,0.4202798,train_04452
003332.png,0.42997116,train_00503
003333.png,0.40063763,train_04486
003334.png,0.47729594,train_05869
003335.png,0.43684536,train_02283
003336.png,0.34679127,train_01365
003337.png,0.35038263,train_03179
003338.png,0.32324347,train_04749
003339.png,0.45237654,train_05365
003340.png,0.42435205,train_04594
003341.png,0.2682736,train_01424
003342.png,0.6433847,train_07952
003343.png,0.5163073,train_01604
003344.png,0.2735269,train_01115
003345.png,0.42023358,train_03147
003346.png,0.5045836,train_06250
003347.png,0.490749,train_03159
003348.png,0.3835477,train_00713
003349.png,0.47962597,train_00508
003350.png,0.38681796,train_06296
003351.png,0.31044066,train_04807
003352.png,0.29854453,train_06765
003353.png,0.37889284,train_00750
003354.png,0.38396862,train_05475
003355.png,0.41610265,train_03373
003356.png,0.33426863,train_08008
003357.png,0.48887992,train_07059
003358.png,0.3769765,train_07591
003359.png,0.587245,train_07917
003360.png,0.39004707,train_06005
003361.png,0.35717708,train_06463
003362.png,0.38782144,train_03579
003363.png,0.37307826,train_04113
003364.png,0.28490946,train_00380
003365.png,0.40194976,train_04969
003366.png,0.33660442,train_02492
003367.png,0.3863331,train_00600
003368.png,0.28920105,train_02387
003369.png,0.4125209,train_07009
003370.png,0.38721547,train_06703
003371.png,0.38511756,train_01754
003372.png,0.3237328,train_04931
003373.png,0.33214352,train_04354
003374.png,0.2450465,train_01671
003375.png,0.25585717,train_07804
003376.png,0.21802896,train_05783
003377.png,0.31449962,train_04309
003378.png,0.3918441,train_06823
003379.png,0.43294,train_06897
003380.png,0.24715587,train_06923
003381.png,0.39380074,train_04439
003382.png,0.38546455,train_02083
003383.png,0.6621425,train_03540
003384.png,0.36860168,train_02464
003385.png,0.41133553,train_05732
003386.png,0.29710338,train_01218
003387.png,0.3806736,train_01405
003388.png,0.5025753,train_04594
003389.png,0.36844853,train_07693
003390.png,0.367864,train_05929
003391.png,0.3444896,train_03704
003392.png,0.34597772,train_00470
003393.png,0.25851166,train_03698
003394.png,0.39961722,train_02767
003395.png,0.47742695,train_00594
003396.png,0.36677808,train_03315
003397.png,0.81408423,train_05221
003398.png,0.44427437,train_06855
003399.png,0.4839511,train_03576
003400.png,0.41355622,train_06273
003401.png,0.74035394,train_01968
003402.png,0.39135516,train_06696
003403.png,0.8798173,train_00191
003404.png,0.30230105,train_01550
003405.png,0.37486136,train_04309
003406.png,0.3791976,train_01665
003407.png,0.3653446,train_00136
003408.png,0.5901151,train_02642
003409.png,0.52574295,train_02997
003410.png,0.37846887,train_04572
003411.png,0.2748297,train_02611
003412.png,0.32311338,train_01373
003413.png,0.5297954,train_00305
003414.png,0.49872574,train_07461
003415.png,0.35343373,train_02543
003416.png,0.50469637,train_04124
003417.png,0.3435574,train_01312
003418.png,0.7084074,train_03337
003419.png,0.35050774,train_04534
003420.png,0.38262123,train_05653
003421.png,0.27790982,train_06015
003422.png,0.38256532,train_02181
003423.png,0.41922408,train_01366
003424.png,0.37623483,train_03912
003425.png,0.46208394,train_04199
003426.png,0.23893356,train_01134
003427.png,0.35128433,train_07137
003428.png,0.28583232,train_03422
003429.png,0.44759482,train_01048
003430.png,0.33355847,train_00983
003431.png,0.41012883,train_00671
003432.png,0.40411907,train_03778
003433.png,0.44389918,train_07269
003434.png,0.33537322,train_05095
003435.png,0.4393276,train_04502
003436.png,0.4056725,train_00785
003437.png,0.3835411,train_00635
003438.png,0.43080226,train_04556
003439.png,0.35505015,train_02746
003440.png,0.40645742,train_03796
003441.png,0.30446267,train_07262
003442.png,0.2664851,train_00940
003443.png,0.85172784,train_01629
003444.png,0.5934864,train_02513
003445.png,0.3663637,train_06125
003446.png,0.42025086,train_07830
003447.png,0.3817374,train_05396
003448.png,0.44506717,train_00981
003449.png,0.43847898,train_04087
003450.png,0.44945198,train_05175
003451.png,0.4140554,train_06420
003452.png,0.37116876,train_08056
003453.png,0.32468668,train_02983
003454.png,0.42548764,train_05279
003455.png,0.4057329,train_02754
003456.png,0.37635225,train_07588
003457.png,0.6227271,train_05622
003458.png,0.41205788,train_03667
003459.png,0.5522936,train_02586
003460.png,0.42639732,train_05863
003461.png,0.5226459,train_05044
003462.png,0.389875,train_03675
003463.png,0.27784532,train_05220
003464.png,0.28452298,train_04475
003465.png,0.66840065,train_08114
003466.png,0.32925406,train_06537
003467.png,0.42379278,train_05158
003468.png,0.45070776,train_02509
003469.png,0.3912323,train_04304
003470.png,0.37979898,train_02790
003471.png,0.5155106,train_05340
003472.png,0.54727054,train_01334
003473.png,0.2964126,train_05941
003474.png,0.44178286,train_04354
003475.png,0.40819108,train_02559
003476.png,0.33910048,train_03961
003477.png,0.36937228,train_03292
003478.png,0.37804943,train_06055
003479.png,0.3792352,train_04264
003480.png,0.39382595,train_00446
003481.png,0.3812545,train_03104
003482.png,0.23470634,train_01316
003483.png,0.40134275,train_00285
003484.png,0.441652,train_03657
003485.png,0.35881275,train_07368
003486.png,0.30099815,train_02951
003487.png,0.47964525,train_02974
003488.png,0.20876399,train_07239
003489.png,0.5168652,train_01738
003490.png,0.38747555,train_04161
003491.png,0.36063877,train_06012
003492.png,0.30460176,train_00092
003493.png,0.35724685,train_01380
003494.png,0.44400257,train_06996
003495.png,0.37849665,train_07309
003496.png,0.43786967,train_05808
003497.png,0.464665,train_06495
003498.png,0.5198208,train_07783
003499.png,0.37038386,train_06477
003500.png,0.43339872,train_07489
003501.png,0.42175394,train_06509
003502.png,0.61771894,train_06569
003503.png,0.37425777,train_01102
003504.png,0.34709492,train_05232
003505.png,0.3277318,train_08112
003506.png,0.5713387,train_06467
003507.png,0.29587644,train_02807
003508.png,0.25788978,train_02619
003509.png,0.737687,train_04299
003510.png,0.3949231,train_06450
003511.png,0.3546625,train_08062
003512.png,0.38890043,train_04865
003513.png,0.31296614,train_07992
003514.png,0.51699114,train_01888
003515.png,0.5386876,train_07206
003516.png,0.38953602,train_01608
003517.png,0.32440674,train_06864
003518.png,0.34238836,train_05711
003519.png,0.5536524,train_04247
003520.png,0.3933514,train_01927
003521.png,0.39140594,train_06798
003522.png,0.4297909,train_01181
003523.png,0.5318683,train_02952
003524.png,0.55178654,train_00169
003525.png,0.36613774,train_03367
003526.png,0.43916953,train_00136
003527.png,0.3684793,train_02205
003528.png,0.45236182,train_01095
003529.png,0.7160977,train_05425
003530.png,0.62013483,train_01006
003531.png,0.42550313,train_02952
003532.png,0.4653237,train_00916
003533.png,0.4346614,train_02982
003534.png,0.39821035,train_03966
003535.png,0.39618158,train_07417
003536.png,0.2887566,train_05510
003537.png,0.32693133,train_05114
003538.png,0.7366675,train_00128
003539.png,0.42356995,train_04273
003540.png,0.38011694,train_00711
003541.png,0.38493237,train_06064
003542.png,0.4328795,train_06551
003543.png,0.46352857,train_03263
003544.png,0.4493197,train_04300
003545.png,0.898187,train_01349
003546.png,0.3615744,train_07378
003547.png,0.66755223,train_04278
003548.png,0.3088017,train_07009
003549.png,0.34683764,train_00320
003550.png,0.3774258,train_04843
003551.png,0.5315242,train_06893
003552.png,0.44310504,train_04363
003553.png,0.4445407,train_02235
003554.png,0.4954977,train_03032
003555.png,0.47524613,train_00211
003556.png,0.33928695,train_05224
003557.png,0.44192642,train_02729
003558.png,0.3332864,train_06280
003559.png,0.37980682,train_02364
003560.png,0.46112704,train_06507
003561.png,0.43963286,train_06398
003562.png,0.35896346,train_03771
003563.png,0.4127413,train_02943
003564.png,0.46714103,train_00410
003565.png,0.406937,train_06634
003566.png,0.32176113,train_06445
003567.png,0.38690352,train_00210
003568.png,0.40544048,train_00600
003569.png,0.3153193,train_03673
003570.png,0.29438,train_03528
003571.png,0.4548613,train_06424
003572.png,0.3600492,train_05206
003573.png,0.46979022,train_01628
003574.png,0.3391794,train_07659
003575.png,0.3926541,train_06252
003576.png,0.39835012,train_06786
003577.png,0.47684032,train_03240
003578.png,0.3962063,train_00559
003579.png,0.22521855,train_03389
003580.png,0.33348018,train_06080
003581.png,0.59110117,train_00889
003582.png,0.30219987,train_07708
003583.png,0.21342835,train_06493
003584.png,0.297569,train_06313
003585.png,0.5180584,train_03627
003586.png,0.5422579,train_06405
003587.png,0.34678027,train_00075
003588.png,0.25730002,train_00639
003589.png,0.41764456,train_07989
003590.png,0.2514395,train_05026
003591.png,0.4741577,train_07904
003592.png,0.51559997,train_03375
003593.png,0.48190367,train_05776
003594.png,0.37610102,train_03075
003595.png,0.22173403,train_00993
003596.png,0.43407828,train_01906
003597.png,0.33963388,train_01685
003598.png,0.49127504,train_07911
003599.png,0.44323584,train_02999
003600.png,0.28951448,train_03144
003601.png,0.30889356,train_06470
003602.png,0.4683076,train_08009
003603.png,0.34785673,train_03457
003604.png,0.39756715,train_06396
003605.png,0.369857,train_07530
003606.png,0.36446857,train_02451
003607.png,0.36979046,train_04789
003608.png,0.38956928,train_06634
003609.png,0.46919906,train_07530
003610.png,0.5174158,train_00328
003611.png,0.43819028,train_03453
003612.png,0.44542807,train_01515
003613.png,0.46802694,train_01000
003614.png,0.47427297,train_07615
003615.png,0.43620455,train_05842
003616.png,0.5269358,train_06495
003617.png,0.34574112,train_07354
003618.png,0.30511385,train_04997
003619.png,0.3076455,train_05391
003620.png,0.28627753,train_02631
003621.png,0.3208456,train_02509
003622.png,0.45932484,train_07418
003623.png,0.35935652,train_00045
003624.png,0.46049833,train_01664
003625.png,0.38856995,train_00609
003626.png,0.3716095,train_08140
003627.png,0.4515276,train_07075
003628.png,0.4107967,train_07335
003629.png,0.48331594,train_01537
003630.png,0.54882616,train_02586
003631.png,0.291863,train_03471
003632.png,0.6537298,train_08085
003633.png,0.40378752,train_04307
003634.png,0.5254321,train_03092
003635.png,0.40799117,train_01829
003636.png,0.36176038,train_02438
003637.png,0.3449067,train_05288
003638.png,0.389719,train_02759
003639.png,0.6592634,train_06001
003640.png,0.8948091,train_04935
003641.png,0.36477348,train_00187
003642.png,0.3422076,train_07794
003643.png,0.3442644,train_02654
003644.png,0.28126022,train_00768
003645.png,0.49086046,train_03306
003646.png,0.33718705,train_06651
003647.png,0.30018583,train_04092
003648.png,0.40056223,train_04235
003649.png,0.35983342,train_02627
003650.png,0.6432296,train_04247
003651.png,0.3855409,train_07241
003652.png,0.36171356,train_01456
003653.png,0.36839956,train_05021
003654.png,0.415526,train_02707
003655.png,0.31894714,train_01887
003656.png,0.430343,train_05548
003657.png,0.48537767,train_03540
003658.png,0.46770862,train_04403
003659.png,0.467802,train_08053
003660.png,0.39053008,train_06215
003661.png,0.31372398,train_06929
003662.png,0.36628115,train_08077
003663.png,0.2614498,train_00738
003664.png,0.35069108,train_06712
003665.png,0.4497031,train_00593
003666.png,0.3738402,train_01926
003667.png,0.39672685,train_00469
003668.png,0.3026532,train_05855
003669.png,0.2932226,train_03849
003670.png,0.23036401,train_00620
003671.png,0.2599235,train_04239
003672.png,0.47933918,train_07870
003673.png,0.36202747,train_04996
003674.png,0.31589806,train_04654
003675.png,0.4635161,train_06974
003676.png,0.48011333,train_03466
003677.png,0.27585968,train_02765
003678.png,0.38239068,train_07158
003679.png,0.39537084,train_06852
003680.png,0.47398847,train_06681
003681.png,0.40109003,train_06512
003682.png,0.3882221,train_00172
003683.png,0.42491078,train_06626
003684.png,0.4326595,train_06928
003685.png,0.46976894,train_01453
003686.png,0.3999642,train_03623
003687.png,0.29852855,train_04877
003688.png,0.3674283,train_03308
003689.png,0.2646913,train_03889
003690.png,0.31596863,train_04916
003691.png,0.47220737,train_03425
003692.png,0.36962068,train_00819
003693.png,0.8570515,train_02419
003694.png,0.39164734,train_03152
003695.png,0.33128834,train_05039
003696.png,0.39068303,train_06937
003697.png,0.41457465,train_05479
003698.png,0.7641208,train_02324
003699.png,0.32550043,train_01765
003700.png,0.46786696,train_04362
003701.png,0.39677513,train_07689
003702.png,0.4600647,train_05781
003703.png,0.3564046,train_07326
003704.png,0.5306394,train_03742
003705.png,0.42807603,train_05786
003706.png,0.4011256,train_03520
003707.png,0.4865794,train_03771
003708.png,0.30391362,train_03109
003709.png,0.39419556,train_02580
003710.png,0.28307208,train_03974
003711.png,0.6946371,train_00317
003712.png,0.24141523,train_01282
003713.png,0.37473035,train_03930
003714.png,0.3062395,train_02707
003715.png,0.2676831,train_07633
003716.png,0.33830917,train_04070
003717.png,0.78389543,train_04534
003718.png,0.23472264,train_05198
003719.png,0.29428697,train_07522
003720.png,0.42701465,train_02935
003721.png,0.30346638,train_04588
003722.png,0.40288603,train_03225
003723.png,0.37137774,train_07752
003724.png,0.2919799,train_07016
003725.png,0.41496956,train_06457
003726.png,0.32081217,train_07882
003727.png,0.3601302,train_06602
003728.png,0.24160479,train_01811
003729.png,0.28733727,train_01426
003730.png,0.36676896,train_00993
003731.png,0.3679157,train_03217
003732.png,0.40048534,train_07094
003733.png,0.3572399,train_00771
003734.png,0.22801287,train_02342
003735.png,0.41733712,train_06969
003736.png,0.7013794,train_07957
003737.png,0.392699,train_01738
003738.png,0.40525508,train_01390
003739.png,0.3064183,train_00390
003740.png,0.41366315,train_00081
003741.png,0.47536576,train_00559
003742.png,0.4835016,train_04350
003743.png,0.40506697,train_03907
003744.png,0.66946995,train_02279
003745.png,0.41403037,train_01107
003746.png,0.39736247,train_02003
003747.png,0.37862146,train_06025
003748.png,0.47293282,train_00626
003749.png,0.3610208,train_01219
003750.png,0.35751992,train_04350
003751.png,0.6436819,train_01535
003752.png,0.6154989,train_06080
003753.png,0.36003312,train_05510
003754.png,0.36589724,train_05962
003755.png,0.39686102,train_03870
003756.png,0.37846726,train_06279
003757.png,0.5011492,train_01627
003758.png,0.5419512,train_08110
003759.png,0.40849632,train_05690
003760.png,0.41914088,train_03131
003761.png,0.36973763,train_00369
003762.png,0.6652086,train_03512
003763.png,0.4077054,train_05446
003764.png,0.3986758,train_02564
003765.png,0.31320083,train_05790
003766.png,0.38294053,train_02560
003767.png,0.3291754,train_03068
003768.png,0.4059791,train_00149
003769.png,0.53121305,train_02277
003770.png,0.3589623,train_06983
003771.png,0.57927954,train_03251
003772.png,0.38941365,train_06422
003773.png,0.37628907,train_00141
003774.png,0.42069727,train_02855
003775.png,0.34038723,train_03631
003776.png,0.49657035,train_01311
003777.png,0.26448804,train_06922
003778.png,0.3862562,train_02327
003779.png,0.44265494,train_00147
003780.png,0.19378604,train_05715
003781.png,0.36052912,train_03771
003782.png,0.24147204,train_04097
003783.png,0.41489252,train_05733
003784.png,0.25372374,train_02482
003785.png,0.48559988,train_00296
003786.png,0.31654397,train_01611
003787.png,0.31652188,train_00305
003788.png,0.34542322,train_07875
003789.png,0.37660843,train_03405
003790.png,0.4642493,train_00012
003791.png,0.44368047,train_06457
003792.png,0.46048784,train_06425
003793.png,0.421355,train_03453
003794.png,0.4631085,train_01297
003795.png,0.3526773,train_03904
003796.png,0.40825492,train_03308
003797.png,0.3013804,train_02695
003798.png,0.4235541,train_02847
003799.png,0.43987054,train_02294
003800.png,0.5124736,train_05063
003801.png,0.40266997,train_06370
003802.png,0.3490442,train_00268
003803.png,0.30889356,train_06470
003804.png,0.378166,train_02506
003805.png,0.38180527,train_07875
003806.png,0.4726474,train_00152
003807.png,0.42350137,train_02105
003808.png,0.44599545,train_05135
003809.png,0.428246,train_05743
003810.png,0.27748093,train_04820
003811.png,0.3721304,train_00899
003812.png,0.38411474,train_07628
003813.png,0.37323636,train_06953
003814.png,0.39535004,train_06146
003815.png,0.38219196,train_03190
003816.png,0.59369504,train_02350
003817.png,0.40468,train_07985
003818.png,0.3282064,train_02491
003819.png,0.48434824,train_00539
003820.png,0.31877482,train_03828
003821.png,0.42503595,train_03133
003822.png,0.34594983,train_06155
003823.png,0.54908884,train_04269
003824.png,0.48376834,train_04932
003825.png,0.41418117,train_05432
003826.png,0.48889917,train_04801
003827.png,0.4026525,train_00544
003828.png,0.39368314,train_00183
003829.png,0.38349938,train_04771
003830.png,0.4292915,train_03674
003831.png,0.32770702,train_07330
003832.png,0.52078867,train_07259
003833.png,0.41970628,train_01934
003834.png,0.3750291,train_00172
003835.png,0.3517536,train_05314
003836.png,0.3747,train_03456
003837.png,0.46060959,train_08138
003838.png,0.6591222,train_00833
003839.png,0.4661206,train_01650
003840.png,0.3031906,train_05441
003841.png,0.29286212,train_04702
003842.png,0.32939586,train_01025
003843.png,0.34613773,train_06044
003844.png,0.4455477,train_01888
003845.png,0.383082,train_02797
003846.png,0.22720248,train_03474
003847.png,0.36504614,train_01070
003848.png,0.5164236,train_02558
003849.png,0.29182416,train_05708
003850.png,0.58142525,train_01186
003851.png,0.29455376,train_01422
003852.png,0.36223665,train_05438
003853.png,0.32662535,train_04072
003854.png,0.41535628,train_06335
003855.png,0.4067536,train_08019
003856.png,0.32589722,train_01379
003857.png,0.4062997,train_01999
003858.png,0.38921374,train_03927
003859.png,0.29218867,train_00380
003860.png,0.30144086,train_01114
003861.png,0.38234657,train_08053
003862.png,0.461192,train_03493
003863.png,0.31927395,train_04919
003864.png,0.41705438,train_03470
003865.png,0.2963105,train_05828
003866.png,0.6868362,train_05434
003867.png,0.35245442,train_01998
003868.png,0.34311265,train_06141
003869.png,0.4631924,train_02269
003870.png,0.33714277,train_05043
003871.png,0.4395283,train_05488
003872.png,0.2300384,train_02414
003873.png,0.63681066,train_02706
003874.png,0.39505142,train_04150
003875.png,0.46477252,train_06192
003876.png,0.27817318,train_02600
003877.png,0.38818187,train_03359
003878.png,0.3891003,train_04654
003879.png,0.3067472,train_03549
003880.png,0.29941237,train_05594
003881.png,0.4864189,train_06543
003882.png,0.3514381,train_01437
003883.png,0.27245286,train_05303
003884.png,0.3347745,train_03094
003885.png,0.39028668,train_00636
003886.png,0.33376068,train_03663
003887.png,0.41555244,train_01964
003888.png,0.40522662,train_01415
003889.png,0.29474187,train_04930
003890.png,0.41369927,train_06929
003891.png,0.37326846,train_01525
003892.png,0.38428855,train_03549
003893.png,0.38489187,train_03240
003894.png,0.5387945,train_00865
003895.png,0.54814625,train_07491
003896.png,0.35817933,train_03119
003897.png,0.35606426,train_03748
003898.png,0.6153028,train_06236
003899.png,0.32324988,train_06052
003900.png,0.47005028,train_04586
003901.png,0.38890836,train_05316
003902.png,0.3214091,train_03012
003903.png,0.3972057,train_06719
003904.png,0.3857023,train_05843
003905.png,0.33707765,train_04073
003906.png,0.86366343,train_03097
003907.png,0.8362138,train_05009
003908.png,0.40921926,train_07606
003909.png,0.28414875,train_06182
003910.png,0.39287466,train_02224
003911.png,0.28832465,train_06386
003912.png,0.43577677,train_05787
003913.png,0.5090011,train_01918
003914.png,0.74747455,train_00823
003915.png,0.6674064,train_01714
003916.png,0.40433013,train_02382
003917.png,0.36032784,train_02452
003918.png,0.47231245,train_00554
003919.png,0.38568377,train_00042
003920.png,0.4692666,train_07417
003921.png,0.40783554,train_04450
003922.png,0.3330366,train_00390
003923.png,0.39073288,train_07059
003924.png,0.2671798,train_05588
003925.png,0.2593596,train_01410
003926.png,0.27355915,train_05898
003927.png,0.46269503,train_02540
003928.png,0.6659431,train_06518
003929.png,0.2651636,train_02759
003930.png,0.34171423,train_00375
003931.png,0.41890728,train_01870
003932.png,0.3690604,train_00671
003933.png,0.56776845,train_01506
003934.png,0.32544637,train_05558
003935.png,0.5132042,train_06820
003936.png,0.34231222,train_02878
003937.png,0.33685684,train_03089
003938.png,0.45710963,train_07450
003939.png,0.39629892,train_06108
003940.png,0.3836714,train_05044
003941.png,0.23958346,train_02516
003942.png,0.31235355,train_03917
003943.png,0.5875336,train_03309
003944.png,0.4649957,train_02627
003945.png,0.48329425,train_02355
003946.png,0.485008,train_02987
003947.png,0.2662686,train_07691
003948.png,0.33946198,train_06101
003949.png,0.4221213,train_03604
003950.png,0.5000726,train_01650
003951.png,0.3692438,train_01359
003952.png,0.45550382,train_01458
003953.png,0.3750809,train_04629
003954.png,0.4215089,train_01923
003955.png,0.3468599,train_07399
003956.png,0.2767861,train_07436
003957.png,0.41916963,train_01782
003958.png,0.3292508,train_01670
003959.png,0.33104724,train_04182
