encoder,make_id,knn_make,probe_make,n_test,recall1,probe_fine,acc_oracle,nmi_oracle,ari_oracle,acc_khat,nmi_khat,ari_khat,khat,d0,d1,d2,d0/d1,d1/d2,eq1,eq2,var_ratio,pr_subclass,ari_seeds,ari_boot,khat_error,make,K_c
dinov3_base_128,0,0.8863636363636364,0.9318181818181818,44,,,,,,,,,,0.7347874045372009,,1.9383057355880735,,,,,,,,,1.0,AM General,1
dinov3_base_128,1,0.9617021276595744,0.9787234042553192,235,0.9234042553191488,0.9531914893617022,0.5659574468085107,0.6269668004496612,0.4468277608727293,0.3659574468085106,0.4256021502144678,0.1607254359285276,2.0,0.8260348439216614,1.384599208831787,1.7688965797424316,0.5965877175331116,0.7827473878860474,1.0,1.0,0.6388551181505289,8.886147499084473,0.7002043749680351,0.8078817416587825,,Acura,6
dinov3_base_128,2,0.9869281045751634,0.9869281045751634,153,0.6928104575163399,0.8235294117647058,0.3594771241830065,0.0542864007966451,0.0216277591862673,0.3071895424836601,0.0216805632857105,0.008430849192563,2.0,0.9754141569137572,1.0498405694961548,1.8393731117248533,0.9291069507598876,0.5707600116729736,1.0,1.0,0.939973790076769,7.584996223449707,0.9358828592751988,0.7331267097712968,,Aston Martin,4
dinov3_base_128,3,0.9945553539019965,0.9891107078039928,551,0.7586206896551724,0.8747731397459165,0.4482758620689655,0.5757559327760393,0.325502667743509,0.2232304900181488,0.3258771807981497,0.0820887243262826,2.0,0.8552929759025574,1.3262394666671753,1.7958431243896484,0.6449008584022522,0.7385051846504211,1.0,1.0,0.6474661458432857,10.360000610351562,0.75310889772022,0.6919113657797638,,Audi,13
dinov3_base_128,4,0.9922928709055876,0.9980732177263968,519,0.9113680154142582,0.9595375722543352,0.5067437379576107,0.597095844455977,0.3762824675446363,0.1156069364161849,0.0199972310216241,0.0057610996535075,2.0,0.939170777797699,1.3302030563354492,1.798539638519287,0.7060356736183167,0.739601731300354,1.0,1.0,0.7235881672063701,6.523448467254639,0.8125646738865373,0.7075839634519528,,BMW,13
dinov3_base_128,5,0.9913793103448276,0.9956896551724138,232,0.9439655172413792,0.9655172413793104,0.6379310344827587,0.5249915334762963,0.3696000384799836,0.3362068965517241,0.0198354935214824,0.0161132158691623,2.0,0.7822934985160828,1.0655726194381714,1.7349263429641724,0.734153151512146,0.6141889691352844,1.0,1.0,0.7874330891696251,7.221814155578613,0.9039006650641496,0.7319804893489645,,Bentley,5
dinov3_base_128,6,0.9714285714285714,0.9857142857142858,70,0.8285714285714286,0.9142857142857144,0.6714285714285714,0.1067539507758536,0.1021826266836558,0.6714285714285714,0.1067539507758536,0.1021826266836558,2.0,0.7336537837982178,0.8977629542350769,1.809036493301392,0.817202091217041,0.4962657988071441,1.0,1.0,0.93102772684706,9.287388801574709,1.0,0.921791113936013,,Bugatti,2
dinov3_base_128,7,0.974025974025974,0.961038961038961,154,0.9935064935064936,0.9935064935064936,0.8181818181818182,0.803380116155532,0.7377570233069962,0.7077922077922078,0.7915624393847885,0.6648938714068064,7.0,0.8510385155677795,1.5333226919174194,1.730806827545166,0.5550289750099182,0.8859005570411682,1.0,1.0,0.6196975250252228,6.812892913818359,1.0,0.8815385063256368,,Buick,4
dinov3_base_128,8,0.952755905511811,0.9763779527559056,127,1.0,1.0,1.0,1.0,1.0,0.8346456692913385,0.8213147465637521,0.7794676647291758,5.0,0.6240670084953308,1.1513203382492063,1.7131651639938354,0.5420446395874023,0.6720427870750427,1.0,1.0,0.6372232741867314,10.092254638671877,1.0,0.9931154062836728,,Cadillac,3
dinov3_base_128,9,0.9751131221719456,0.9705882352941176,884,0.829185520361991,0.8993212669683258,0.5610859728506787,0.7526477844512293,0.4930571728911555,0.5644796380090498,0.7537297066077636,0.4915610246883915,24.0,0.8258176445960999,1.647545576095581,1.797856092453003,0.501241147518158,0.916394591331482,1.0,1.0,0.5094313560179583,8.448409080505371,0.8964698229901438,0.8467428131380167,,Chevrolet,22
dinov3_base_128,10,0.94921875,0.953125,256,0.99609375,0.99609375,0.75,0.8412431859795674,0.7273761329552718,0.85546875,0.8882570595245523,0.840694653660398,8.0,0.8242727518081665,1.5045700073242188,1.7134127616882324,0.5478460788726807,0.8781129717826843,1.0,1.0,0.5889975604890518,8.498116493225098,0.996088720578654,0.8171462183111231,,Chrysler,6
dinov3_base_128,11,0.9555555555555556,0.9555555555555556,45,,,,,,,,,,0.9544746279716492,,1.7783902883529663,,,,,,,,,2.0,Daewoo,1
dinov3_base_128,12,0.9449838187702264,0.9466019417475728,618,0.9741100323624596,0.9757281553398058,0.7556634304207119,0.8615315221264701,0.7409145798527514,0.7216828478964401,0.8487328502202024,0.6883660687575786,14.0,0.8018174171447754,1.5915828943252563,1.789478421211243,0.5037861466407776,0.8894116282463074,1.0,1.0,0.5078063043044503,8.86818790435791,0.9775227621939868,0.8644229610319865,,Dodge,13
dinov3_base_128,13,0.9347826086956522,0.9130434782608696,46,,,,,,,,,,0.8018670082092285,,1.842363357543945,,,,,,,,,1.0,Eagle,1
dinov3_base_128,14,1.0,0.9833333333333332,60,1.0,1.0,0.75,0.20002471105788,0.2372238587566509,0.75,0.20002471105788,0.2372238587566509,2.0,0.9290115237236024,1.1853721141815186,1.864753484725952,0.7837298512458801,0.6356722712516785,1.0,1.0,0.878573994175981,6.734515190124512,1.0,0.8666397888641836,,FIAT,2
dinov3_base_128,15,0.949685534591195,0.981132075471698,159,0.8616352201257862,0.9245283018867924,0.559748427672956,0.4569028570523434,0.3387624389226812,0.559748427672956,0.4569028570523434,0.3387624389226812,4.0,0.8506618142127991,1.089709997177124,1.8726685047149656,0.7806313633918762,0.581902265548706,1.0,1.0,0.822713135837865,6.24173641204834,0.9525044721612388,0.8715751635995138,,Ferrari,4
dinov3_base_128,16,0.9302325581395348,1.0,43,,,,,,,,,,0.8949741721153259,,1.844140648841858,,,,,,,,,1.0,Fisker,1
dinov3_base_128,17,0.9629629629629628,0.9824561403508772,513,0.9922027290448344,0.9961013645224172,0.7407407407407407,0.82219782183162,0.6209095957190881,0.7660818713450293,0.8651345626576518,0.7185408257096049,17.0,0.7542486786842346,1.6469602584838867,1.809657335281372,0.4579640924930572,0.9100950956344604,1.0,1.0,0.482697804071627,9.869388580322266,0.8465521723181045,0.8040116767223789,,Ford,11
dinov3_base_128,18,0.7948717948717948,0.8547008547008547,234,0.9914529914529916,0.9957264957264956,0.9914529914529916,0.9744937539532628,0.9815747078251924,0.9914529914529916,0.9744937539532628,0.9815747078251924,5.0,0.7825244665145874,1.550737738609314,1.7962967157363892,0.5046142935752869,0.8632971048355103,1.0,1.0,0.551091044140115,9.726161003112791,0.9941195646579228,0.9583670456346228,,GMC,5
dinov3_base_128,19,0.9545454545454546,0.9318181818181818,44,,,,,,,,,,0.8555063009262085,,1.874945282936096,,,,,,,,,2.0,Geo,1
dinov3_base_128,20,0.9382716049382716,0.9753086419753086,81,0.9382716049382716,0.9629629629629628,0.5679012345679012,0.0126542784678486,0.0063227770843905,0.5308641975308642,0.3747038419324143,0.2005500171880371,3.0,0.6762356758117676,0.8695839047431946,1.9099440574646,0.7776542901992798,0.4552928805351257,1.0,1.0,0.8755879270990362,9.59207534790039,0.9670682510496996,0.5902507400720765,,HUMMER,2
dinov3_base_128,21,0.94375,0.9625,160,0.9875,0.975,0.725,0.516757570933359,0.5562269347079853,0.525,0.4946920277930551,0.3613145072655246,4.0,1.0437942743301392,1.4209184646606443,1.77006995677948,0.7345912456512451,0.8027470707893372,1.0,1.0,0.7898003303699965,9.334603309631348,0.6385031552873638,0.6593810985269666,,Honda,3
dinov3_base_128,22,0.9813953488372092,0.9906976744186048,430,0.972093023255814,0.9767441860465116,0.7302325581395349,0.7930817885249851,0.6419016559077261,0.7418604651162791,0.8171407801834193,0.6560832452312336,14.0,0.8438224196434021,1.488027572631836,1.8267457485198972,0.5670744776725769,0.8145783543586731,1.0,1.0,0.5850764418260385,7.5717854499816895,0.9637337722645324,0.9234421604952342,,Hyundai,11
dinov3_base_128,23,0.9545454545454546,0.9848484848484848,66,1.0,1.0,1.0,1.0,1.0,0.8484848484848485,0.8161495973225104,0.7754506689371681,3.0,0.928573489189148,1.782598614692688,1.782684326171875,0.5209100246429443,0.9999518990516664,1.0,1.0,0.6804747944434648,6.546066284179688,1.0,1.0,,Infiniti,2
dinov3_base_128,24,0.825,0.975,40,,,,,,,,,,0.6808487176895142,,1.7484451532363892,,,,,,,,,1.0,Isuzu,1
dinov3_base_128,25,0.9130434782608696,0.9565217391304348,46,,,,,,,,,,1.1556907892227173,,1.845458388328552,,,,,,,,,1.0,Jaguar,1
dinov3_base_128,26,0.9908256880733946,0.9862385321100916,218,0.9403669724770642,0.9678899082568808,0.6926605504587156,0.6930195951254157,0.5478824139554223,0.6926605504587156,0.6930195951254157,0.5478824139554223,5.0,0.6746259927749634,1.2080665826797483,1.8329904079437256,0.5584344267845154,0.6590687036514282,1.0,1.0,0.6090524767714365,9.803918838500977,0.9745449015944736,0.899565487461607,,Jeep,5
dinov3_base_128,27,0.9746835443037974,0.9873417721518988,158,0.981012658227848,1.0,0.5063291139240507,0.3303743541262754,0.2327203164941491,0.3227848101265823,0.029824170696291,0.0167479172205263,2.0,0.8028488755226135,0.9965141415596008,1.9063175916671755,0.8056572675704956,0.5227429866790771,1.0,1.0,0.8486689453961225,7.952840805053711,1.0,0.895882714421762,,Lamborghini,4
dinov3_base_128,28,0.988095238095238,1.0,84,1.0,0.988095238095238,1.0,1.0,1.0,0.7380952380952381,0.708941024279628,0.6114437328962173,4.0,0.7490769028663635,1.1027153730392456,1.7703965902328491,0.6793021559715271,0.6228634715080261,1.0,1.0,0.8071718021009912,9.020111083984377,1.0,0.9334335749433192,,Land Rover,2
dinov3_base_128,29,1.0,0.9487179487179488,39,,,,,,,,,,0.8232167959213257,,1.7489430904388428,,,,,,,,,1.0,Lincoln,1
dinov3_base_128,30,0.9722222222222222,1.0,36,,,,,,,,,,0.8145081400871277,,1.865729808807373,,,,,,,,,2.0,MINI,1
dinov3_base_128,31,0.6896551724137931,0.8620689655172413,29,,,,,,,,,,1.003915309906006,,1.7451393604278564,,,,,,,,,1.0,Maybach,1
dinov3_base_128,32,0.9444444444444444,0.9166666666666666,36,,,,,,,,,,0.7094011306762695,,1.7171489000320437,,,,,,,,,1.0,Mazda,1
dinov3_base_128,33,0.9318181818181818,1.0,44,,,,,,,,,,0.793446958065033,,1.8584171533584597,,,,,,,,,1.0,McLaren,1
dinov3_base_128,34,0.93359375,0.96484375,256,0.98046875,0.984375,0.78515625,0.792728471408147,0.7100812232012723,0.51953125,0.6599153879094373,0.3426310724126464,3.0,0.7616913318634033,1.4026139974594116,1.7558258771896362,0.5430513024330139,0.7988343238830566,1.0,1.0,0.5888757768095557,10.184514045715332,0.9803714085187504,0.84776331463164,,Mercedes-Benz,6
dinov3_base_128,35,0.851063829787234,0.9574468085106383,47,,,,,,,,,,0.92161762714386,,1.824670910835266,,,,,,,,,1.0,Mitsubishi,1
dinov3_base_128,36,0.9294117647058824,0.9588235294117649,170,1.0,1.0,1.0,1.0,1.0,0.8058823529411765,0.894027582494438,0.8284283406399529,6.0,0.8363964557647705,1.9730656147003172,1.8708568811416624,0.423907071352005,1.0546320676803589,1.0,0.0,0.4931488978401723,9.10783863067627,1.0,0.947401948128154,,Nissan,4
dinov3_base_128,37,0.9772727272727272,1.0,44,,,,,,,,,,0.6568761467933655,,1.8485355377197263,,,,,,,,,1.0,Plymouth,1
dinov3_base_128,38,0.9302325581395348,1.0,43,,,,,,,,,,1.0743893384933472,,1.8429025411605835,,,,,,,,,1.0,Porsche,1
dinov3_base_128,39,0.7,0.725,40,,,,,,,,,,0.9170190095901488,,1.7120224237442017,,,,,,,,,1.0,Ram,1
dinov3_base_128,40,0.9636363636363636,0.9818181818181818,110,0.8909090909090909,0.9181818181818182,0.7363636363636363,0.4149972611097422,0.4211608871044298,0.4727272727272727,0.1047439914334591,0.0947692825982722,2.0,0.7285586595535278,0.8921664953231812,1.774825096130371,0.8166173696517944,0.5026785731315613,1.0,1.0,0.8751495675033052,10.887234687805176,1.0,0.5539649662767903,,Rolls-Royce,3
dinov3_base_128,41,1.0,0.975609756097561,41,,,,,,,,,,0.8913818597793579,,1.8860058784484863,,,,,,,,,2.0,Scion,1
dinov3_base_128,42,0.8452380952380952,0.9642857142857144,84,0.9047619047619048,0.9761904761904762,0.6547619047619048,0.1087163145696237,0.0879934731197575,0.6547619047619048,0.1087163145696237,0.0879934731197575,2.0,0.9816712141036988,1.138472318649292,1.8595128059387207,0.8622705936431885,0.6122422814369202,1.0,1.0,0.9315807382944592,12.459636688232422,1.0,0.6879038017697565,,Spyker,2
dinov3_base_128,43,0.8795180722891566,0.9759036144578314,166,0.963855421686747,0.9578313253012049,0.6445783132530121,0.5001354789823764,0.4257994158680672,0.4819277108433735,0.3169100006682246,0.1945962081023186,3.0,0.9721699953079224,1.3386728763580322,1.751478910446167,0.7262192368507385,0.7643100023269653,1.0,1.0,0.7778123197365399,7.19191312789917,0.9673976936773376,0.8116223629650676,,Suzuki,4
dinov3_base_128,44,0.9210526315789472,0.9736842105263158,38,,,,,,,,,,0.9123347401618958,,1.8604220151901243,,,,,,,,,1.0,Tesla,1
dinov3_base_128,45,0.968944099378882,0.9627329192546584,161,0.9875776397515528,1.0,0.7763975155279503,0.7188369467874237,0.6142856028558725,0.5093167701863354,0.6662289111194895,0.494700327616111,2.0,0.7550751566886902,1.572077989578247,1.8127092123031616,0.4803038835525512,0.8672532439231873,1.0,1.0,0.5485165937449732,8.842251777648926,0.9720189751012208,0.9600589974793744,,Toyota,4
dinov3_base_128,46,0.931297709923664,0.9847328244274808,131,1.0,1.0,0.6717557251908397,0.2785173072419407,0.1022747409140199,0.5725190839694656,0.5862291168760767,0.385335422508152,5.0,1.300026535987854,1.8299061059951784,1.863890290260315,0.7104334831237793,0.9817670583724976,1.0,1.0,0.7941647818126022,5.91653299331665,1.0,1.0,,Volkswagen,2
dinov3_base_128,47,0.9302325581395348,0.9457364341085271,129,1.0,1.0,0.6976744186046512,0.6004400712982677,0.526929589781537,0.7751937984496124,0.8397387257752571,0.7638060127148003,5.0,0.9304401874542236,1.7605351209640503,1.8068623542785645,0.5284985303878784,0.9743604063987732,1.0,1.0,0.6302962620453707,8.776409149169922,1.0,0.8789295548225702,,Volvo,3
dinov3_base_128,48,1.0,0.95,40,,,,,,,,,,0.7514557838439941,,1.952223539352417,,,,,,,,,1.0,smart,1
dinov3_base_256,0,0.8863636363636364,0.9090909090909092,44,,,,,,,,,,0.7420064806938171,,1.957034707069397,,,,,,,,,1.0,AM General,1
dinov3_base_256,1,0.9574468085106383,0.9872340425531916,235,0.9234042553191488,0.9574468085106383,0.6,0.6573859672990576,0.4872949987732674,0.3659574468085106,0.4256021502144678,0.1607254359285276,2.0,0.8057123422622681,1.4002476930618286,1.7959309816360474,0.5754070281982422,0.7796779274940491,1.0,1.0,0.6189310901305892,8.685410499572754,0.6423668208188532,0.619940283670252,,Acura,6
dinov3_base_256,2,0.9934640522875816,0.9869281045751634,153,0.7254901960784313,0.869281045751634,0.3594771241830065,0.0595715409404733,0.0300206207770541,0.3137254901960784,0.0252556669499489,0.0114112092966953,2.0,0.9540502429008484,1.0296074151992798,1.8497626781463623,0.9266155362129213,0.556615948677063,1.0,1.0,0.9371028515234794,6.9458184242248535,0.8697814752001419,0.6581720176264512,,Aston Martin,4
dinov3_base_256,3,0.9963702359346642,0.9909255898366606,551,0.7822141560798548,0.8784029038112523,0.4446460980036297,0.5852891453147122,0.3237736585871381,0.2214156079854809,0.3212518603962341,0.0805816348909264,2.0,0.8222692608833313,1.31950843334198,1.818593144416809,0.6231633424758911,0.725565493106842,1.0,1.0,0.626710493085029,10.232263565063477,0.7094559577703503,0.7038403767491033,,Audi,13
dinov3_base_256,4,0.9980732177263968,1.0,519,0.9229287090558768,0.9556840077071292,0.5799614643545279,0.6675724321667207,0.4511959089380709,0.5452793834296724,0.6936381879192671,0.4585590150403155,25.0,0.9222718477249146,1.3307942152023315,1.824223279953003,0.6930236220359802,0.7295128107070923,1.0,1.0,0.7115083365112401,6.069732666015625,0.7796390689090059,0.754919699711081,,BMW,13
dinov3_base_256,5,0.9956896551724138,0.9956896551724138,232,0.961206896551724,0.9655172413793104,0.6681034482758621,0.5439178440160359,0.409281184459746,0.3448275862068966,0.0216870572822534,0.0191323529594833,2.0,0.7626813054084778,1.0580377578735352,1.7541475296020508,0.720845103263855,0.603163480758667,1.0,1.0,0.7764816704062562,7.040383815765381,0.9328931267232344,0.7019573876983924,,Bentley,5
dinov3_base_256,6,0.9714285714285714,0.9857142857142858,70,0.8571428571428571,0.9,0.6714285714285714,0.1067539507758536,0.1021826266836558,0.6714285714285714,0.1067539507758536,0.1021826266836558,2.0,0.7299983501434326,0.8916994333267212,1.8265026807785036,0.8186596632003784,0.4882004559040069,1.0,1.0,0.9353936175806484,8.825387001037598,1.0,0.9699250014865308,,Bugatti,2
dinov3_base_256,7,0.987012987012987,0.974025974025974,154,0.9935064935064936,1.0,0.8181818181818182,0.803380116155532,0.7377570233069962,0.7272727272727273,0.7552914243382958,0.6404253973562919,5.0,0.8130202889442444,1.5212748050689695,1.747345805168152,0.5344335436820984,0.8706203699111938,1.0,1.0,0.59968234239146,6.140475749969482,1.0,0.938457372794234,,Buick,4
dinov3_base_256,8,0.9606299212598424,0.9921259842519684,127,1.0,1.0,1.0,1.0,1.0,0.9212598425196852,0.9220473286083908,0.9003575544587791,4.0,0.5932116508483887,1.1470746994018557,1.725523829460144,0.5171517133712769,0.6647689938545227,1.0,1.0,0.6137117301295664,9.575499534606934,1.0,1.0,,Cadillac,3
dinov3_base_256,9,0.9728506787330315,0.9683257918552036,884,0.8495475113122172,0.8993212669683258,0.5542986425339367,0.7472461947506329,0.4917157939782532,0.5576923076923077,0.7453806891713932,0.4908459117551766,21.0,0.7982180118560791,1.6512447595596311,1.812199592590332,0.4834038019180298,0.9111826419830322,1.0,1.0,0.4916805646351904,8.259627342224121,0.848396196475329,0.8162563049427956,,Chevrolet,22
dinov3_base_256,10,0.94140625,0.96484375,256,0.99609375,0.99609375,0.9921875,0.9792646885216542,0.98128563003735,0.77734375,0.8639517000817665,0.7618965790075195,10.0,0.7994612455368042,1.5139150619506836,1.730751633644104,0.5280753374099731,0.8747153878211975,1.0,1.0,0.5695986096827815,8.162829399108887,0.9605390494989716,0.8105701777293273,,Chrysler,6
dinov3_base_256,11,0.9777777777777776,1.0,45,,,,,,,,,,0.9420668482780457,,1.8040151596069336,,,,,,,,,1.0,Daewoo,1
dinov3_base_256,12,0.9449838187702264,0.9611650485436892,618,0.9789644012944984,0.9724919093851132,0.6925566343042071,0.831488242227263,0.6545511569627606,0.7038834951456311,0.8320502605696113,0.6705016361939092,16.0,0.7851921916007996,1.604374647140503,1.806782364845276,0.4894070029258728,0.8879733681678772,1.0,1.0,0.4935671281355503,8.711848258972168,0.8356967906945186,0.8380219735073478,,Dodge,13
dinov3_base_256,13,0.9782608695652174,0.9347826086956522,46,,,,,,,,,,0.7609986066818237,,1.8667285442352293,,,,,,,,,1.0,Eagle,1
dinov3_base_256,14,1.0,1.0,60,1.0,1.0,0.75,0.20002471105788,0.2372238587566509,0.75,0.20002471105788,0.2372238587566509,2.0,0.907272458076477,1.1523211002349854,1.8884457349777224,0.787343442440033,0.610195517539978,1.0,1.0,0.8787254834261733,6.031032562255859,1.0,0.8389037095489318,,FIAT,2
dinov3_base_256,15,0.949685534591195,0.9874213836477987,159,0.8679245283018868,0.949685534591195,0.5534591194968553,0.4296354752257312,0.3282860003290397,0.6226415094339622,0.6501038195217889,0.496195695050925,9.0,0.8571057319641113,1.107081651687622,1.8947325944900515,0.774202823638916,0.5842943787574768,1.0,1.0,0.8180123892572816,6.148469924926758,0.9540535653888944,0.8950304818058461,,Ferrari,4
dinov3_base_256,16,0.9302325581395348,1.0,43,,,,,,,,,,0.852216899394989,,1.8616673946380613,,,,,,,,,1.0,Fisker,1
dinov3_base_256,17,0.97270955165692,0.9883040935672516,513,0.9941520467836256,0.9961013645224172,0.8031189083820662,0.879053647991819,0.7160040270917059,0.7641325536062378,0.8729928694900533,0.7217634595409929,20.0,0.7326713800430298,1.654203176498413,1.8282181024551392,0.4429149925708771,0.9048172235488892,1.0,1.0,0.4675917977046691,9.780729293823242,0.8964583010245532,0.8491512083387418,,Ford,11
dinov3_base_256,18,0.8162393162393162,0.8760683760683761,234,0.9871794871794872,0.9957264957264956,0.9871794871794872,0.9618555328076844,0.9727511188282254,0.8333333333333334,0.8827821315885859,0.7999372302655126,7.0,0.76017165184021,1.5490115880966189,1.8069556951522827,0.490746259689331,0.8572493195533752,1.0,1.0,0.5355701562406077,9.240259170532228,1.0,0.9857485185186936,,GMC,5
dinov3_base_256,19,0.9545454545454546,0.9545454545454546,44,,,,,,,,,,0.8483571410179138,,1.90661096572876,,,,,,,,,2.0,Geo,1
dinov3_base_256,20,0.9506172839506172,0.9753086419753086,81,0.9382716049382716,0.9629629629629628,0.5308641975308642,0.0021954756097686,-0.0081579488585727,0.5061728395061729,0.3572962804020849,0.174868044864746,3.0,0.6493979096412659,0.867872953414917,1.92083740234375,0.7482637763023376,0.4518201053142547,1.0,1.0,0.8559942584337802,8.80281925201416,1.0,0.5838721656779103,,HUMMER,2
dinov3_base_256,21,0.9375,1.0,160,0.975,0.98125,0.525,0.6413302634781155,0.4552453728449935,0.525,0.4946920277930551,0.3613145072655246,4.0,1.0261235237121582,1.4033821821212769,1.7975778579711914,0.7311789393424988,0.7807072997093201,1.0,1.0,0.7849779960522455,8.894217491149902,0.981380132352727,0.8045441979728265,,Honda,3
dinov3_base_256,22,0.9813953488372092,0.9906976744186048,430,0.972093023255814,0.983720930232558,0.727906976744186,0.791540543576881,0.6382668195456532,0.6930232558139535,0.8175778535116933,0.6527069998198272,17.0,0.8155944347381592,1.485623836517334,1.8489699363708496,0.5489912033081055,0.8034873008728027,1.0,1.0,0.5676444740054166,7.243065357208252,0.9062136232922976,0.9453814042966776,,Hyundai,11
dinov3_base_256,23,0.9848484848484848,0.9848484848484848,66,1.0,1.0,1.0,1.0,1.0,0.8484848484848485,0.8161495973225104,0.7754506689371681,3.0,0.8918256759643555,1.7673261165618896,1.8093233108520508,0.5046186447143555,0.9767884612083436,1.0,1.0,0.6664150225424169,5.885133266448975,1.0,0.9969691864572578,,Infiniti,2
dinov3_base_256,24,0.9,0.95,40,,,,,,,,,,0.668471097946167,,1.763158679008484,,,,,,,,,1.0,Isuzu,1
dinov3_base_256,25,0.9347826086956522,0.9782608695652174,46,,,,,,,,,,1.1385313272476196,,1.867872714996338,,,,,,,,,1.0,Jaguar,1
dinov3_base_256,26,0.9862385321100916,0.9908256880733946,218,0.944954128440367,0.9678899082568808,0.7477064220183486,0.7195619131074393,0.5998946194823755,0.7477064220183486,0.7195619131074393,0.5998946194823755,5.0,0.6529903411865234,1.2209326028823853,1.8440794944763184,0.5348291397094727,0.6620824337005615,1.0,1.0,0.5862729928745567,9.429032325744627,0.9331343463503312,0.8880603235421823,,Jeep,5
dinov3_base_256,27,0.9746835443037974,0.981012658227848,158,0.9873417721518988,1.0,0.5,0.3237691472457899,0.2277759048725686,0.3227848101265823,0.029824170696291,0.0167479172205263,2.0,0.799936830997467,1.0045987367630005,1.9310485124588013,0.7962749600410461,0.5202348232269287,1.0,1.0,0.839980526610103,7.540608882904053,0.9493023437287348,0.794941251838031,,Lamborghini,4
dinov3_base_256,28,0.9761904761904762,1.0,84,1.0,0.988095238095238,1.0,1.0,1.0,0.7380952380952381,0.708941024279628,0.6114437328962173,4.0,0.6996284127235413,1.0721440315246582,1.787089705467224,0.6525507569313049,0.5999385714530945,1.0,1.0,0.7877541701358236,8.290752410888672,1.0,0.9857697883514988,,Land Rover,2
dinov3_base_256,29,1.0,0.9743589743589745,39,,,,,,,,,,0.7997307181358337,,1.7657932043075562,,,,,,,,,1.0,Lincoln,1
dinov3_base_256,30,1.0,1.0,36,,,,,,,,,,0.7808200120925903,,1.8889864683151243,,,,,,,,,2.0,MINI,1
dinov3_base_256,31,0.7931034482758621,0.8620689655172413,29,,,,,,,,,,1.0194880962371826,,1.7744367122650146,,,,,,,,,1.0,Maybach,1
dinov3_base_256,32,0.9444444444444444,0.9722222222222222,36,,,,,,,,,,0.676763117313385,,1.725595474243164,,,,,,,,,1.0,Mazda,1
dinov3_base_256,33,0.9772727272727272,1.0,44,,,,,,,,,,0.7752764821052551,,1.8821425437927248,,,,,,,,,1.0,McLaren,1
dinov3_base_256,34,0.94140625,0.97265625,256,0.984375,0.9921875,0.7890625,0.8067234903484045,0.7236577631733478,0.51953125,0.6599153879094373,0.3426310724126464,3.0,0.7299713492393494,1.3950530290603638,1.775676727294922,0.5232570767402649,0.7856458425521851,1.0,1.0,0.5696309151660481,9.850937843322754,0.9691275878692944,0.8219370372143191,,Mercedes-Benz,6
dinov3_base_256,35,0.8297872340425532,0.9361702127659576,47,,,,,,,,,,0.8722394704818726,,1.8461461067199707,,,,,,,,,1.0,Mitsubishi,1
dinov3_base_256,36,0.9470588235294116,0.9588235294117649,170,1.0,1.0,1.0,1.0,1.0,0.8117647058823529,0.8942707910678722,0.8290917640660144,6.0,0.8035831451416016,1.9885575771331787,1.8920938968658447,0.404103547334671,1.0509824752807615,1.0,0.0,0.4724101558296739,8.622815132141113,1.0,0.9567140842602904,,Nissan,4
dinov3_base_256,37,1.0,1.0,44,,,,,,,,,,0.6416712403297424,,1.878822684288025,,,,,,,,,1.0,Plymouth,1
dinov3_base_256,38,0.9534883720930232,1.0,43,,,,,,,,,,1.0398341417312622,,1.8653255701065063,,,,,,,,,1.0,Porsche,1
dinov3_base_256,39,0.8,0.825,40,,,,,,,,,,0.9220479130744934,,1.732757806777954,,,,,,,,,1.0,Ram,1
dinov3_base_256,40,0.9636363636363636,0.9727272727272728,110,0.8909090909090909,0.9363636363636364,0.7272727272727273,0.3827833925897383,0.3960000505003093,0.7272727272727273,0.3827833925897383,0.3960000505003093,3.0,0.6996873021125793,0.8667219877243042,1.7930649518966677,0.8072799444198608,0.4833745658397674,1.0,1.0,0.8684972830900228,10.203570365905762,0.6151164157404473,0.6233084971905039,,Rolls-Royce,3
dinov3_base_256,41,1.0,1.0,41,,,,,,,,,,0.8515791893005371,,1.9130311012268064,,,,,,,,,2.0,Scion,1
dinov3_base_256,42,0.8452380952380952,0.9761904761904762,84,0.9166666666666666,0.9523809523809524,0.6666666666666666,0.1224308209496048,0.1031867599633008,0.6666666666666666,0.1224308209496048,0.1031867599633008,2.0,0.9605361223220824,1.1247293949127195,1.8944250345230105,0.8540152907371521,0.593704879283905,1.0,1.0,0.9267247812512645,12.098678588867188,1.0,0.7132146664406875,,Spyker,2
dinov3_base_256,43,0.891566265060241,0.9819277108433736,166,0.9759036144578314,0.963855421686747,0.6626506024096386,0.5077672714261868,0.4349721767040855,0.463855421686747,0.2792666929782462,0.1549600480137217,3.0,0.9552780985832214,1.338462471961975,1.7735137939453125,0.7137130498886108,0.7546952962875366,1.0,1.0,0.7665088641450464,6.7791266441345215,0.9648101917238112,0.7799884477447359,,Suzuki,4
dinov3_base_256,44,0.9473684210526316,0.9736842105263158,38,,,,,,,,,,0.8670397400856018,,1.8814910650253296,,,,,,,,,1.0,Tesla,1
dinov3_base_256,45,0.9813664596273292,0.9813664596273292,161,0.9937888198757764,0.9937888198757764,0.7950310559006211,0.7677608481723907,0.6578362355223778,0.5093167701863354,0.6662289111194895,0.494700327616111,2.0,0.7327920794487,1.570019245147705,1.839903712272644,0.4667408168315887,0.8533160090446472,1.0,1.0,0.5346641758450408,8.542072296142578,0.9717610501167488,0.9665609174431964,,Toyota,4
dinov3_base_256,46,0.9465648854961832,1.0,131,1.0,1.0,0.6717557251908397,0.2785173072419407,0.1022747409140199,0.5725190839694656,0.5862291168760767,0.385335422508152,5.0,1.300247073173523,1.8479344844818115,1.8828697204589844,0.7036218643188477,0.9814457297325134,1.0,1.0,0.7865330737240669,5.572186470031738,1.0,1.0,,Volkswagen,2
dinov3_base_256,47,0.937984496124031,0.9612403100775194,129,1.0,1.0,0.6976744186046512,0.6004400712982677,0.526929589781537,0.7906976744186046,0.7763039444506425,0.7264384459137132,4.0,0.9032474160194396,1.7683719396591189,1.8243613243103027,0.510779082775116,0.9693101644515992,1.0,1.0,0.6139649720069712,8.468008995056152,1.0,0.8606035383506724,,Volvo,3
dinov3_base_256,48,1.0,1.0,40,,,,,,,,,,0.7734750509262085,,1.9736753702163696,,,,,,,,,1.0,smart,1
dinov3_large_128,0,0.8863636363636364,0.9318181818181818,44,,,,,,,,,,0.5423425436019897,,1.9150675535202024,,,,,,,,,1.0,AM General,1
dinov3_large_128,1,0.9787234042553192,0.9787234042553192,235,0.9234042553191488,0.9617021276595744,0.9574468085106383,0.9086202126507716,0.9044173048506082,0.3659574468085106,0.4256021502144678,0.1607254359285276,2.0,0.7168222665786743,1.3948336839675903,1.789860486984253,0.5139123797416687,0.779297411441803,1.0,1.0,0.5601916529288052,9.764195442199709,0.9495816549627464,0.7779402422469662,,Acura,6
dinov3_large_128,2,1.0,0.9934640522875816,153,0.7058823529411765,0.8823529411764706,0.4901960784313725,0.367675491855101,0.3081594158700356,0.3006535947712418,0.0186299804218134,0.0059471988048778,2.0,0.8242151737213135,0.9011433720588684,1.817474126815796,0.9146326780319214,0.4958218336105346,1.0,1.0,0.9298598978747382,6.942230224609375,0.5736717332310729,0.7213710831906329,,Aston Martin,4
dinov3_large_128,3,1.0,0.998185117967332,551,0.7840290381125227,0.8711433756805808,0.4573502722323049,0.6069265430799038,0.3395297849810853,0.2214156079854809,0.313156249090821,0.0777005344182624,2.0,0.729479193687439,1.2563601732254028,1.8081268072128296,0.5806290507316589,0.6948407292366028,1.0,1.0,0.5868182988551908,11.920750617980955,0.7619128246580215,0.7381257263224545,,Audi,13
dinov3_large_128,4,1.0,1.0,519,0.928709055876686,0.9691714836223508,0.6184971098265896,0.72897763836193,0.505472898240296,0.5915221579961464,0.7558840452558536,0.51719483846306,19.0,0.7663708925247192,1.2358993291854858,1.8345317840576167,0.6200916767120361,0.6736865043640137,1.0,1.0,0.6397682527463269,8.532535552978516,0.9172118032172144,0.8489191107728764,,BMW,13
dinov3_large_128,5,1.0,1.0,232,0.956896551724138,0.9913793103448276,0.6508620689655172,0.5551112528195998,0.3838452472737736,0.3491379310344827,0.0229364910329673,0.023815912552004,2.0,0.6879281401634216,0.9361811876296996,1.7458276748657229,0.7348237037658691,0.5362391471862793,1.0,1.0,0.7809039717638463,8.543960571289062,0.6424197855867497,0.5796355258424926,,Bentley,5
dinov3_large_128,6,1.0,1.0,70,0.8,0.8142857142857143,0.6857142857142857,0.1260505092727831,0.1231588067830177,0.6857142857142857,0.1260505092727831,0.1231588067830177,2.0,0.6182506680488586,0.7663869261741638,1.8073209524154663,0.8067082762718201,0.4240458309650421,1.0,1.0,0.9254893664181998,9.748052597045898,1.0,0.9573599423738054,,Bugatti,2
dinov3_large_128,7,0.9805194805194806,1.0,154,0.9935064935064936,0.9935064935064936,0.974025974025974,0.9402024431347586,0.938874795733571,0.7727272727272727,0.8694132504222503,0.7488418413859056,3.0,0.7243438959121704,1.552043318748474,1.7567514181137085,0.4667034149169922,0.8834735155105591,1.0,1.0,0.5350623362964206,7.586794376373291,0.8678664482080226,0.7652840904528551,,Buick,4
dinov3_large_128,8,0.968503937007874,0.9921259842519684,127,1.0,1.0,1.0,1.0,1.0,1.0,1.0,1.0,3.0,0.5167630910873413,1.0815446376800537,1.7209347486495972,0.4778009951114654,0.6284635066986084,1.0,1.0,0.5762108642211861,11.067794799804688,1.0,1.0,,Cadillac,3
dinov3_large_128,9,0.9762443438914028,0.9807692307692308,884,0.829185520361991,0.8857466063348416,0.6549773755656109,0.8016697256298582,0.5879730383598631,0.6470588235294118,0.8104418117307188,0.5941134471065872,24.0,0.6830713748931885,1.5661654472351074,1.7858966588974,0.4361425340175628,0.8769630789756775,1.0,1.0,0.4431470477523437,9.168328285217283,0.9220570809411832,0.8597864962500317,,Chevrolet,22
dinov3_large_128,10,0.96484375,0.97265625,256,0.9921875,0.9921875,0.9921875,0.9791868007328912,0.9809329186117416,0.921875,0.9468480798954666,0.91958782017578,7.0,0.7049298882484436,1.5496820211410522,1.7384109497070312,0.454886794090271,0.891435980796814,1.0,1.0,0.4972815703912586,9.10557460784912,1.0,0.9995371222830556,,Chrysler,6
dinov3_large_128,11,0.9333333333333332,0.9777777777777776,45,,,,,,,,,,0.9035852551460266,,1.8081353902816768,,,,,,,,,2.0,Daewoo,1
dinov3_large_128,12,0.9660194174757282,0.9741100323624596,618,0.9741100323624596,0.9757281553398058,0.7103559870550162,0.8741301461705615,0.7095943865198496,0.7411003236245954,0.8630829896996458,0.710813216704755,11.0,0.6873871088027954,1.5130258798599243,1.7867368459701538,0.4543128609657287,0.8468095660209656,1.0,1.0,0.453263473987874,9.74292278289795,0.918013610131279,0.945225972732216,,Dodge,13
dinov3_large_128,13,0.9782608695652174,0.9565217391304348,46,,,,,,,,,,0.6783460974693298,,1.837349772453308,,,,,,,,,1.0,Eagle,1
dinov3_large_128,14,1.0,1.0,60,1.0,1.0,0.75,0.20002471105788,0.2372238587566509,0.75,0.20002471105788,0.2372238587566509,2.0,0.6823099851608276,0.8751016855239868,1.863603591918945,0.7796922326087952,0.4695750176906585,1.0,1.0,0.872964201554604,6.63775634765625,1.0,0.8623969465838097,,FIAT,2
dinov3_large_128,15,0.9685534591194968,0.9937106918238994,159,0.8301886792452831,0.9622641509433962,0.6540880503144654,0.5567592651087714,0.4193465491043345,0.6289308176100629,0.6518418824326547,0.4999731391547602,8.0,0.772838294506073,1.1347362995147705,1.8620400428771973,0.681073009967804,0.6094048619270325,1.0,1.0,0.7373631742971778,6.641272068023682,0.8168161263416792,0.8010120165034819,,Ferrari,4
dinov3_large_128,16,0.9534883720930232,1.0,43,,,,,,,,,,0.7744175791740417,,1.8149088621139529,,,,,,,,,1.0,Fisker,1
dinov3_large_128,17,0.9941520467836256,0.9922027290448344,513,0.9980506822612084,1.0,0.9980506822612084,0.9957980847495952,0.9944022297685654,0.9083820662768032,0.9585608911380764,0.8879742492484854,13.0,0.6229290962219238,1.6422606706619265,1.816188097000122,0.3793119490146637,0.9042348861694336,1.0,1.0,0.4028388807026622,10.70065689086914,1.0,0.9821425047383076,,Ford,11
dinov3_large_128,18,0.8290598290598291,0.8803418803418803,234,0.9914529914529916,0.9914529914529916,0.9871794871794872,0.9611502808848604,0.9697971235962036,0.9871794871794872,0.9611502808848604,0.9697971235962036,5.0,0.6192382574081421,1.4992340803146362,1.7766835689544678,0.4130364060401916,0.8438385725021362,1.0,1.0,0.4672378142925469,10.42087173461914,1.0,0.9960959829911926,,GMC,5
dinov3_large_128,19,0.9772727272727272,0.9772727272727272,44,,,,,,,,,,0.6682486534118652,,1.91230046749115,,,,,,,,,2.0,Geo,1
dinov3_large_128,20,0.9506172839506172,0.9753086419753086,81,0.9382716049382716,0.9629629629629628,0.9629629629629628,0.8073184614344775,0.85553772070626,0.8518518518518519,0.6871044476886004,0.7049180327868853,3.0,0.516569197177887,0.7344051599502563,1.871173858642578,0.7033844590187073,0.392483651638031,1.0,1.0,0.8283711247617341,9.758014678955078,1.0,0.6887434324659807,,HUMMER,2
dinov3_large_128,21,0.975,1.0,160,0.98125,0.98125,0.5375,0.6679227040686855,0.466564503416392,0.56875,0.5885998402065763,0.4455302799412569,4.0,0.9297192096710204,1.443480134010315,1.8033164739608765,0.6440817713737488,0.800458550453186,1.0,1.0,0.7235838767311101,9.777420997619627,0.9679207695788092,0.9685487614098957,,Honda,3
dinov3_large_128,22,0.9906976744186048,0.9953488372093025,430,0.983720930232558,0.9790697674418604,0.8046511627906977,0.8604031499752954,0.7639026363683504,0.7116279069767442,0.8651542028178025,0.708696693837867,19.0,0.7377172708511353,1.4871940612792969,1.842660903930664,0.4960463941097259,0.8070904612541199,1.0,1.0,0.5158091926643925,8.071228981018066,0.916867618471806,0.9223598204500632,,Hyundai,11
dinov3_large_128,23,0.9848484848484848,0.9848484848484848,66,1.0,1.0,1.0,1.0,1.0,1.0,1.0,1.0,2.0,0.823128879070282,1.648679256439209,1.7960838079452517,0.4992656111717224,0.917930006980896,1.0,1.0,0.6624241023343845,6.2320332527160645,1.0,1.0,,Infiniti,2
dinov3_large_128,24,0.9,0.975,40,,,,,,,,,,0.6100625991821289,,1.7387096881866455,,,,,,,,,2.0,Isuzu,1
dinov3_large_128,25,0.9782608695652174,0.9782608695652174,46,,,,,,,,,,0.9957528710365297,,1.796818494796753,,,,,,,,,1.0,Jaguar,1
dinov3_large_128,26,1.0,0.9908256880733946,218,0.944954128440367,0.9678899082568808,0.8073394495412844,0.7751731628781453,0.6959393366895973,0.7706422018348624,0.8293788750736326,0.7152362169983403,4.0,0.567411482334137,1.314605474472046,1.825358867645264,0.431621104478836,0.720190167427063,1.0,1.0,0.484403723525796,11.119253158569336,1.0,0.904577265057164,,Jeep,5
dinov3_large_128,27,1.0,1.0,158,0.9367088607594936,0.981012658227848,0.569620253164557,0.394277077534164,0.3233098192251846,0.5569620253164557,0.4367704956729321,0.3184165047010235,3.0,0.7322585582733154,0.964885711669922,1.88785982131958,0.7589070200920105,0.5111002922058105,1.0,1.0,0.8058955055053997,10.330169677734377,0.7713514901940383,0.6027312046995845,,Lamborghini,4
dinov3_large_128,28,1.0,1.0,84,0.988095238095238,0.988095238095238,0.988095238095238,0.9186157853261784,0.9523743682984328,0.988095238095238,0.9186157853261784,0.9523743682984328,2.0,0.6280014514923096,1.0762985944747925,1.7908097505569458,0.583482563495636,0.6010122299194336,1.0,1.0,0.7346328395207032,10.539105415344238,1.0,0.9785684657342948,,Land Rover,2
dinov3_large_128,29,1.0,0.9743589743589745,39,,,,,,,,,,0.6460281610488892,,1.7672652006149292,,,,,,,,,1.0,Lincoln,1
dinov3_large_128,30,1.0,1.0,36,,,,,,,,,,0.5591421723365784,,1.8611146211624143,,,,,,,,,1.0,MINI,1
dinov3_large_128,31,0.8275862068965517,0.896551724137931,29,,,,,,,,,,0.8661708235740662,,1.7498923540115356,,,,,,,,,1.0,Maybach,1
dinov3_large_128,32,0.9444444444444444,0.9444444444444444,36,,,,,,,,,,0.5708828568458557,,1.725279688835144,,,,,,,,,1.0,Mazda,1
dinov3_large_128,33,1.0,1.0,44,,,,,,,,,,0.6818293929100037,,1.862812876701355,,,,,,,,,1.0,McLaren,1
dinov3_large_128,34,0.9453125,0.98046875,256,0.99609375,1.0,0.80078125,0.8106141565377439,0.7296729305537515,0.51953125,0.6599153879094373,0.3426310724126464,3.0,0.7118001580238342,1.3996949195861816,1.805880427360535,0.5085394978523254,0.7750762104988098,1.0,1.0,0.5534149586230648,11.609203338623049,0.9873641598848164,0.8610935747331642,,Mercedes-Benz,6
dinov3_large_128,35,1.0,1.0,47,,,,,,,,,,0.7291329503059387,,1.838092565536499,,,,,,,,,1.0,Mitsubishi,1
dinov3_large_128,36,0.9823529411764704,0.9941176470588236,170,1.0,1.0,1.0,1.0000000000000002,1.0,1.0,1.0000000000000002,1.0,4.0,0.7178055047988892,1.8975770473480225,1.873155951499939,0.3782747685909271,1.0130374431610107,1.0,0.0,0.4465579763878914,9.310670852661133,1.0,0.9969313551815766,,Nissan,4
dinov3_large_128,37,1.0,1.0,44,,,,,,,,,,0.6035275459289551,,1.853163480758667,,,,,,,,,1.0,Plymouth,1
dinov3_large_128,38,1.0,1.0,43,,,,,,,,,,0.9146806001663208,,1.8377525806427,,,,,,,,,1.0,Porsche,1
dinov3_large_128,39,0.8,0.825,40,,,,,,,,,,0.7231459617614746,,1.7336138486862185,,,,,,,,,1.0,Ram,1
dinov3_large_128,40,1.0,1.0,110,0.8818181818181818,0.9090909090909092,0.7454545454545455,0.4319454622539158,0.4405756497098809,0.4818181818181818,0.133125349144323,0.1165595680928118,2.0,0.6104831695556641,0.7635733485221863,1.7712743282318115,0.7995082139968872,0.4310870170593261,1.0,1.0,0.8599128452080427,12.623867988586426,1.0,0.8142517680205991,,Rolls-Royce,3
dinov3_large_128,41,1.0,1.0,41,,,,,,,,,,0.7457535266876221,,1.888463258743286,,,,,,,,,2.0,Scion,1
dinov3_large_128,42,0.8928571428571429,0.988095238095238,84,0.9047619047619048,0.9642857142857144,0.6190476190476191,0.0514622081375156,0.0477911435625361,0.6190476190476191,0.0514622081375156,0.0477911435625361,2.0,0.8702359199523926,1.0706857442855835,1.8488003015518188,0.8127837181091309,0.5791246294975281,1.0,1.0,0.9005515804724445,12.079635620117188,1.0,0.6764307385296042,,Spyker,2
dinov3_large_128,43,0.9759036144578314,0.993975903614458,166,0.963855421686747,0.9698795180722892,0.6807228915662651,0.5882449471722734,0.4789521250144821,0.6807228915662651,0.5882449471722734,0.4789521250144821,4.0,0.8790696263313293,1.3939188718795776,1.78693950176239,0.6306461691856384,0.7800593376159668,1.0,1.0,0.6919692269231338,7.96906042098999,0.9729109769337944,0.8833302163842592,,Suzuki,4
dinov3_large_128,44,0.9736842105263158,0.9736842105263158,38,,,,,,,,,,0.821222722530365,,1.8138582706451416,,,,,,,,,1.0,Tesla,1
dinov3_large_128,45,0.9875776397515528,0.9937888198757764,161,1.0,1.0,0.9937888198757764,0.9786932326306912,0.9824290836862636,0.5093167701863354,0.6662289111194895,0.494700327616111,2.0,0.6411398649215698,1.5137104988098145,1.8325129747390747,0.4235551357269287,0.826029896736145,1.0,1.0,0.4917249012200566,9.811944961547852,1.0,0.8504853187991518,,Toyota,4
dinov3_large_128,46,0.9923664122137404,1.0,131,1.0,1.0,0.6717557251908397,0.2785173072419407,0.1022747409140199,0.6717557251908397,0.7272583705560643,0.5540491242399583,3.0,1.2001038789749146,1.7890537977218628,1.881775140762329,0.6708036661148071,0.9507266879081726,1.0,1.0,0.7626620158670313,6.227628707885742,1.0,1.0,,Volkswagen,2
dinov3_large_128,47,0.9767441860465116,0.9844961240310076,129,1.0,1.0,1.0,0.9999999999999998,1.0,0.7829457364341085,0.8412429106800969,0.7676503193132445,5.0,0.8072835206985474,1.6553187370300293,1.8244551420211792,0.4876906871795654,0.9072948694229126,1.0,1.0,0.5916530994207364,8.399748802185059,1.0,0.9185551255832664,,Volvo,3
dinov3_large_128,48,1.0,1.0,40,,,,,,,,,,0.558706521987915,,1.9170386791229248,,,,,,,,,1.0,smart,1
dinov3_large_256,0,0.8863636363636364,0.8863636363636364,44,,,,,,,,,,0.551865816116333,,1.9388468265533447,,,,,,,,,1.0,AM General,1
dinov3_large_256,1,0.9744680851063828,0.9872340425531916,235,0.9319148936170212,0.9617021276595744,0.7489361702127659,0.8207031201465204,0.6809922869379029,0.3659574468085106,0.4256021502144678,0.1607254359285276,2.0,0.6914921402931213,1.3897526264190674,1.8130552768707275,0.4975649118423462,0.7665252089500427,1.0,1.0,0.5440018728716755,9.465929985046388,0.8293419998354247,0.7852963096049982,,Acura,6
dinov3_large_256,2,1.0,0.9934640522875816,153,0.7581699346405228,0.8562091503267973,0.4967320261437908,0.3818174939575662,0.3188468813183469,0.3006535947712418,0.0186299804218134,0.0059471988048778,2.0,0.8061525225639343,0.8803611993789673,1.845942497253418,0.9157065749168396,0.4769169092178345,1.0,1.0,0.9306976848140016,6.242083549499512,0.970364328503212,0.7279137462839163,,Aston Martin,4
dinov3_large_256,3,1.0,0.9963702359346642,551,0.7985480943738656,0.8892921960072595,0.5081669691470054,0.6515519719763324,0.4048865624633969,0.2214156079854809,0.313156249090821,0.0777005344182624,2.0,0.7107455730438232,1.2508070468902588,1.839184284210205,0.568229615688324,0.6800879240036011,1.0,1.0,0.573376134611919,11.822423934936523,0.8104268052473803,0.784021670999443,,Audi,13
dinov3_large_256,4,1.0,1.0,519,0.9325626204238922,0.9672447013487476,0.6088631984585742,0.7329654841596549,0.5088122753030984,0.6223506743737958,0.7578723191648525,0.5380330285556078,18.0,0.7477254867553711,1.2426847219467163,1.8662527799606323,0.6017016768455505,0.6658716201782227,1.0,1.0,0.6218890364401378,8.323792457580566,0.963261161752914,0.8809921022214716,,BMW,13
dinov3_large_256,5,1.0,1.0,232,0.9655172413793104,0.9913793103448276,0.625,0.5200378115330414,0.4105360001615891,0.5129310344827587,0.3674911636872125,0.2189020074511999,3.0,0.6705736517906189,0.93553227186203,1.7775185108184814,0.7167830467224121,0.5263136625289917,1.0,1.0,0.7687113134718071,8.302741050720215,0.7665062723919739,0.6779486433398311,,Bentley,5
dinov3_large_256,6,1.0,1.0,70,0.8428571428571429,0.8571428571428571,0.6857142857142857,0.1260505092727831,0.1231588067830177,0.6857142857142857,0.1260505092727831,0.1231588067830177,2.0,0.6224919557571411,0.766077995300293,1.8303676843643188,0.8125699758529663,0.4185377657413482,1.0,1.0,0.9278841718145574,9.446088790893556,1.0,0.9538066042382892,,Bugatti,2
dinov3_large_256,7,0.9805194805194806,1.0,154,0.9935064935064936,0.9935064935064936,0.8181818181818182,0.8033801161555321,0.7377570233069962,0.7727272727272727,0.8694132504222503,0.7488418413859056,3.0,0.6902984976768494,1.538457274436951,1.7828257083892822,0.4486952722072601,0.8629319667816162,1.0,1.0,0.5167806224493947,7.003851890563965,0.7723780430768533,0.8651851392598975,,Buick,4
dinov3_large_256,8,0.984251968503937,0.9921259842519684,127,1.0,1.0,1.0,1.0,1.0,1.0,1.0,1.0,3.0,0.4911013543605804,1.0935708284378052,1.7495582103729248,0.4490805268287658,0.6250554323196411,1.0,1.0,0.5475505378007884,10.425004005432127,1.0,1.0,,Cadillac,3
dinov3_large_256,9,0.9739819004524888,0.9807692307692308,884,0.831447963800905,0.8947963800904978,0.6549773755656109,0.815136275305161,0.5904633600754704,0.6300904977375565,0.8206798993017013,0.5887341739768857,18.0,0.6621101498603821,1.5853428840637207,1.815156936645508,0.4176447689533233,0.8733916282653809,1.0,1.0,0.4250206682772182,8.826443672180176,0.917305426569246,0.885909355545311,,Chevrolet,22
dinov3_large_256,10,0.96875,0.9765625,256,0.9921875,0.9921875,0.9921875,0.9791868007328912,0.9809329186117416,0.87109375,0.9116112725753128,0.861326376146535,9.0,0.6797609925270081,1.56130051612854,1.7642676830291748,0.4353812634944916,0.8849567174911499,1.0,1.0,0.4774887228895929,8.722947120666504,1.0,0.9990520824933542,,Chrysler,6
dinov3_large_256,11,0.9333333333333332,1.0,45,,,,,,,,,,0.8881697058677673,,1.8313978910446167,,,,,,,,,2.0,Daewoo,1
dinov3_large_256,12,0.9692556634304208,0.9854368932038836,618,0.9854368932038836,0.9789644012944984,0.8058252427184466,0.9110340526217326,0.8076747073515413,0.7475728155339806,0.8981754848264643,0.7692083328816427,12.0,0.6730417013168335,1.5370097160339355,1.813748121261597,0.437890350818634,0.8474218249320984,1.0,1.0,0.4352685040148916,9.395966529846191,0.9977780672004246,0.9553403139197189,,Dodge,13
dinov3_large_256,13,0.9782608695652174,0.9565217391304348,46,,,,,,,,,,0.6369668841362,,1.8535076379776,,,,,,,,,1.0,Eagle,1
dinov3_large_256,14,1.0,1.0,60,1.0,1.0,0.75,0.20002471105788,0.2372238587566509,0.75,0.20002471105788,0.2372238587566509,2.0,0.6600900888442993,0.8455145955085754,1.8884979486465452,0.7806962728500366,0.4477180242538452,1.0,1.0,0.8711832200569726,6.121358871459961,1.0,0.8327971089016563,,FIAT,2
dinov3_large_256,15,0.9937106918238994,0.9937106918238994,159,0.8364779874213837,0.9371069182389936,0.660377358490566,0.5554382754077261,0.4173011151383133,0.6289308176100629,0.6179565100053234,0.4858068110619885,6.0,0.7699437141418457,1.1522667407989502,1.8918418884277344,0.6681991815567017,0.6090713739395142,1.0,1.0,0.7267429940623739,6.560676574707031,0.9310335860155248,0.8098117930691784,,Ferrari,4
dinov3_large_256,16,0.9534883720930232,1.0,43,,,,,,,,,,0.7506204843521118,,1.83825945854187,,,,,,,,,1.0,Fisker,1
dinov3_large_256,17,0.9961013645224172,0.9961013645224172,513,0.9980506822612084,1.0,0.9980506822612084,0.9957980847495952,0.9944022297685654,0.9376218323586744,0.973259771654474,0.9145019699704648,12.0,0.5962627530097961,1.6565123796463013,1.84297788143158,0.3599506914615631,0.8988237977027893,1.0,1.0,0.3828396317525278,10.103452682495115,1.0,0.9969639388416182,,Ford,11
dinov3_large_256,18,0.8504273504273504,0.8760683760683761,234,0.9914529914529916,0.9914529914529916,0.9871794871794872,0.9618555328076844,0.9727511188282254,0.9871794871794872,0.9618555328076844,0.9727511188282254,5.0,0.6097692847251892,1.524933099746704,1.804914951324463,0.3998662531375885,0.844878077507019,1.0,1.0,0.4520439609461199,9.880085945129396,1.0,0.992622831569406,,GMC,5
dinov3_large_256,19,1.0,0.9772727272727272,44,,,,,,,,,,0.6583179831504822,,1.935849666595459,,,,,,,,,2.0,Geo,1
dinov3_large_256,20,0.9629629629629628,0.9753086419753086,81,0.9629629629629628,0.9629629629629628,0.9629629629629628,0.8073184614344775,0.85553772070626,0.9629629629629628,0.8073184614344775,0.85553772070626,2.0,0.4968489408493042,0.7344352006912231,1.902446150779724,0.6765047907829285,0.3860478401184082,1.0,1.0,0.8090626775554072,9.074507713317873,1.0,0.743989268124268,,HUMMER,2
dinov3_large_256,21,0.9875,1.0,160,0.975,0.98125,0.525,0.6413302634781155,0.4552453728449935,0.50625,0.545256358902973,0.3622667339969083,5.0,0.9075075387954712,1.413986325263977,1.8265016078948972,0.6418078541755676,0.7741500735282898,1.0,1.0,0.7173232272806978,9.030531883239746,0.981380132352727,0.95795909497507,,Honda,3
dinov3_large_256,22,0.9906976744186048,0.9953488372093025,430,0.9790697674418604,0.9813953488372092,0.8023255813953488,0.8561963565576439,0.7594367552074873,0.7651162790697674,0.8730009030933327,0.7472033417332488,18.0,0.7057144045829773,1.4822219610214231,1.8667871952056885,0.4761192500591278,0.7939962148666382,1.0,1.0,0.4961544269100241,7.706936836242676,0.9535507113618364,0.930698492603556,,Hyundai,11
dinov3_large_256,23,0.9848484848484848,0.9848484848484848,66,1.0,1.0,1.0,1.0,1.0,0.8636363636363636,0.8231130147937041,0.7895276916360997,3.0,0.8047945499420166,1.6336475610733032,1.8320775032043457,0.4926365911960602,0.891691267490387,1.0,1.0,0.6565327004100354,5.638907432556152,1.0,1.0,,Infiniti,2
dinov3_large_256,24,0.95,1.0,40,,,,,,,,,,0.6047776341438293,,1.778431057929993,,,,,,,,,2.0,Isuzu,1
dinov3_large_256,25,1.0,1.0,46,,,,,,,,,,0.9852051734924316,,1.8253706693649288,,,,,,,,,1.0,Jaguar,1
dinov3_large_256,26,1.0,0.9908256880733946,218,0.9587155963302753,0.963302752293578,0.8027522935779816,0.7752204109778503,0.6950831439989522,0.7706422018348624,0.8293788750736326,0.7152362169983403,4.0,0.5578303933143616,1.341983437538147,1.854164481163025,0.4156760573387146,0.7237672209739685,1.0,1.0,0.4682480287880124,10.509478569030762,1.0,0.9049783495657204,,Jeep,5
dinov3_large_256,27,1.0,0.9936708860759492,158,0.9430379746835444,0.981012658227848,0.5253164556962026,0.4039251088822756,0.2827758150010552,0.5506329113924051,0.4391478901975116,0.3164310196432466,3.0,0.7349132895469666,0.982397198677063,1.918911099433899,0.748081624507904,0.5119555592536926,1.0,1.0,0.7968067486801823,10.068196296691896,0.9540111051872376,0.8623460626745396,,Lamborghini,4
dinov3_large_256,28,1.0,1.0,84,0.988095238095238,0.988095238095238,1.0,1.0,1.0,1.0,1.0,1.0,2.0,0.5721668601036072,1.083907127380371,1.8192533254623413,0.5278744101524353,0.5957977771759033,1.0,1.0,0.6884289832223097,9.745466232299805,1.0,0.9761871841492163,,Land Rover,2
dinov3_large_256,29,1.0,0.9743589743589745,39,,,,,,,,,,0.6129500269889832,,1.7987278699874878,,,,,,,,,1.0,Lincoln,1
dinov3_large_256,30,1.0,1.0,36,,,,,,,,,,0.5453181862831116,,1.8978878259658811,,,,,,,,,1.0,MINI,1
dinov3_large_256,31,0.8275862068965517,0.896551724137931,29,,,,,,,,,,0.8961846232414246,,1.7846556901931765,,,,,,,,,1.0,Maybach,1
dinov3_large_256,32,0.9444444444444444,0.9722222222222222,36,,,,,,,,,,0.5335893630981445,,1.7466291189193726,,,,,,,,,2.0,Mazda,1
dinov3_large_256,33,1.0,1.0,44,,,,,,,,,,0.6750048398971558,,1.8938356637954712,,,,,,,,,1.0,McLaren,1
dinov3_large_256,34,0.95703125,0.98046875,256,0.99609375,1.0,0.796875,0.8157575561351275,0.7303642474477968,0.51953125,0.6599153879094373,0.3426310724126464,3.0,0.6911334991455078,1.4040741920471191,1.8376352787017824,0.492234319448471,0.7640657424926758,1.0,1.0,0.5374049758070225,11.34968090057373,0.9904953269206356,0.8961115296081525,,Mercedes-Benz,6
dinov3_large_256,35,1.0,1.0,47,,,,,,,,,,0.6807903051376343,,1.8590378761291504,,,,,,,,,1.0,Mitsubishi,1
dinov3_large_256,36,0.9882352941176472,0.9941176470588236,170,1.0,1.0,1.0,1.0000000000000002,1.0,1.0,1.0000000000000002,1.0,4.0,0.6918417811393738,1.9012198448181152,1.8975350856781008,0.3638936281204223,1.0019419193267822,1.0,0.0,0.4311317797629536,8.693828582763672,1.0,0.9969313551815766,,Nissan,4
dinov3_large_256,37,1.0,1.0,44,,,,,,,,,,0.5758580565452576,,1.8782312870025637,,,,,,,,,1.0,Plymouth,1
dinov3_large_256,38,1.0,1.0,43,,,,,,,,,,0.9100771546363832,,1.870162010192871,,,,,,,,,1.0,Porsche,1
dinov3_large_256,39,0.8,0.85,40,,,,,,,,,,0.7188025712966919,,1.754350662231445,,,,,,,,,3.0,Ram,1
dinov3_large_256,40,1.0,1.0,110,0.8727272727272727,0.9090909090909092,0.7636363636363637,0.4450327458039033,0.4590254888100349,0.4909090909090909,0.1336097718515044,0.1243345577900219,2.0,0.602422833442688,0.7564117312431335,1.8049142360687256,0.7964218258857727,0.4190845787525177,1.0,1.0,0.8583879179990426,12.451931953430176,0.9484873654739132,0.8511823769937765,,Rolls-Royce,3
dinov3_large_256,41,1.0,1.0,41,,,,,,,,,,0.7071839570999146,,1.90892231464386,,,,,,,,,2.0,Scion,1
dinov3_large_256,42,0.9047619047619048,1.0,84,0.9166666666666666,0.9642857142857144,0.6309523809523809,0.0666351449458813,0.0600442776329026,0.6309523809523809,0.0666351449458813,0.0600442776329026,2.0,0.8444015383720398,1.0495896339416504,1.8821594715118408,0.8045063614845276,0.5576518177986145,1.0,1.0,0.896148086967754,11.657459259033203,1.0,0.6045319107316844,,Spyker,2
dinov3_large_256,43,0.9819277108433736,0.993975903614458,166,0.9759036144578314,0.9578313253012049,0.6566265060240963,0.5744491236475604,0.453975551370372,0.6566265060240963,0.6533029828254235,0.5070943966992271,5.0,0.8538752794265747,1.3918275833129885,1.8119347095489504,0.6134921312332153,0.768144428730011,1.0,1.0,0.6760773790478002,7.539527893066406,0.9781565677513314,0.8890652342830752,,Suzuki,4
dinov3_large_256,44,0.9736842105263158,0.9736842105263158,38,,,,,,,,,,0.7757074236869812,,1.843008041381836,,,,,,,,,1.0,Tesla,1
dinov3_large_256,45,1.0,0.9937888198757764,161,1.0,1.0,0.9937888198757764,0.9786932326306912,0.9824290836862636,0.7391304347826086,0.847737132931659,0.6830115505270454,3.0,0.6096913814544678,1.5067501068115234,1.8644806146621704,0.4046400189399719,0.8081339597702026,1.0,1.0,0.4728989378863654,9.606903076171877,1.0,0.9314862858213704,,Toyota,4
dinov3_large_256,46,0.9847328244274808,1.0,131,1.0,1.0,0.6717557251908397,0.2785173072419407,0.1022747409140199,0.6717557251908397,0.7272583705560643,0.5540491242399583,3.0,1.1888917684555054,1.784448742866516,1.9031120538711548,0.666251540184021,0.9376477599143982,1.0,1.0,0.75753860836073,5.906682968139648,1.0,1.0,,Volkswagen,2
dinov3_large_256,47,0.9844961240310076,0.9844961240310076,129,1.0,1.0,1.0,1.0,1.0,0.7751937984496124,0.8179551802300136,0.7554976815037631,5.0,0.7848036885261536,1.664648413658142,1.850551962852478,0.4714531302452087,0.8995415568351746,1.0,1.0,0.5758831084083514,7.982382297515869,1.0,0.8973561973893188,,Volvo,3
dinov3_large_256,48,1.0,1.0,40,,,,,,,,,,0.5776300430297852,,1.9358818531036377,,,,,,,,,5.0,smart,1
clip_l_128,0,0.7272727272727273,0.9090909090909092,44,,,,,,,,,,0.4937280714511871,,0.7970555424690247,,,,,,,,,1.0,AM General,1
clip_l_128,1,0.9787234042553192,0.9276595744680852,235,0.7957446808510639,0.902127659574468,0.5531914893617021,0.468593138687958,0.3467289067222192,0.3659574468085106,0.4256021502144678,0.1607254359285276,2.0,0.4127820432186126,0.5533517599105835,0.7092704176902771,0.7459667921066284,0.7801703810691833,1.0,1.0,0.7743216311465793,18.384990692138672,0.6767341422799887,0.6011017876716587,,Acura,6
clip_l_128,2,0.9934640522875816,1.0,153,0.6143790849673203,0.803921568627451,0.4313725490196078,0.1628345682727449,0.1168672426319487,0.392156862745098,0.1620206326144487,0.0977755335942026,2.0,0.4090986847877502,0.4392210841178894,0.7413867712020874,0.9314185976982116,0.5924317836761475,1.0,1.0,0.9414980744046386,19.085041046142575,0.7124999700348988,0.4979453666603072,,Aston Martin,4
clip_l_128,3,0.9927404718693283,0.9836660617059892,551,0.5807622504537205,0.7586206896551724,0.4428312159709618,0.5024987665161713,0.2839671918469162,0.2250453720508167,0.3311389218937006,0.0836405656869067,2.0,0.404464840888977,0.5334159135818481,0.7064868807792664,0.7582541704177856,0.7550259232521057,1.0,1.0,0.7742131889344215,18.98447036743164,0.6231750089868697,0.5292853135544481,,Audi,13
clip_l_128,4,0.9942196531791908,0.9922928709055876,519,0.7013487475915221,0.8651252408477842,0.4701348747591522,0.5043398316104541,0.2978434231904459,0.1618497109826589,0.3144724091559433,0.0814084970303622,2.0,0.3991538286209106,0.5041292905807495,0.6921972632408142,0.7917687892913818,0.7283028960227966,1.0,1.0,0.8031527244495379,18.610389709472656,0.6081543679384469,0.4379378087222824,,BMW,13
clip_l_128,5,0.9827586206896552,0.9913793103448276,232,0.8318965517241379,0.9353448275862069,0.5905172413793104,0.4806662621112629,0.3538804161762952,0.4784482758620689,0.4123545483976142,0.3036754781063089,3.0,0.3750094473361969,0.4478553831577301,0.7111641764640808,0.8373449444770813,0.6297496557235718,1.0,1.0,0.8785494621420487,20.54061508178711,0.7341680042863562,0.5652486714733586,,Bentley,5
clip_l_128,6,1.0,1.0,70,0.8,0.8142857142857143,0.7,0.1459720544106992,0.1457762927900753,0.7,0.1459720544106992,0.1457762927900753,2.0,0.3221330642700195,0.3678849339485168,0.7585234045982361,0.8756353855133057,0.4850014150142669,1.0,1.0,0.9509154736852086,17.777873992919922,0.9559339258790308,0.4493503999409201,,Bugatti,2
clip_l_128,7,0.8701298701298701,0.8961038961038961,154,0.974025974025974,0.987012987012987,0.9285714285714286,0.8570671156002769,0.8425500516082919,0.5,0.6367261874834129,0.481105302445132,2.0,0.446035087108612,0.6184981465339661,0.7158273458480835,0.7211583256721497,0.8640325665473938,1.0,1.0,0.7668033514231614,18.102182388305664,0.9157934500934086,0.6892780276540884,,Buick,4
clip_l_128,8,0.8582677165354331,0.9291338582677166,127,0.9921259842519684,0.9921259842519684,1.0,1.0,1.0,1.0,1.0,1.0,3.0,0.4002122282981872,0.5189583897590637,0.687441349029541,0.7711836695671082,0.7549129724502563,1.0,1.0,0.831438221969955,20.10169982910156,1.0,0.9845963177903828,,Cadillac,3
clip_l_128,9,0.9626696832579186,0.9377828054298644,884,0.6628959276018099,0.8190045248868778,0.4536199095022624,0.6130742826887358,0.3426948266990928,0.2386877828054298,0.6264395777151207,0.2551749721538905,5.0,0.4290535748004913,0.6173812747001648,0.7200045585632324,0.6949571967124939,0.8574685454368591,1.0,1.0,0.7013602415587445,18.80701065063477,0.6408388484493854,0.5882150044496242,,Chevrolet,22
clip_l_128,10,0.87890625,0.92578125,256,0.9375,0.98046875,0.71875,0.7779626130007686,0.6779717241015862,0.69140625,0.7995319973681275,0.667910133789583,4.0,0.4487894475460052,0.6391096115112305,0.7088263630867004,0.7022104263305664,0.9016448259353638,1.0,1.0,0.7374585520458086,20.455698013305664,0.7435462794462083,0.6713676479069167,,Chrysler,6
clip_l_128,11,0.8444444444444444,0.8666666666666667,45,,,,,,,,,,0.5031137466430664,,0.7526851296424866,,,,,,,,,1.0,Daewoo,1
clip_l_128,12,0.9045307443365695,0.948220064724919,618,0.8236245954692557,0.9271844660194176,0.587378640776699,0.6897385750827004,0.4839255512983219,0.3381877022653721,0.6232006710034446,0.3427988868979725,4.0,0.4295879900455475,0.631657063961029,0.7251771688461304,0.6800968647003174,0.8710382580757141,1.0,1.0,0.6892636330561376,19.085582733154297,0.6919765263597464,0.6401013712592718,,Dodge,13
clip_l_128,13,0.9347826086956522,0.8913043478260869,46,,,,,,,,,,0.4786602556705475,,0.7545298337936401,,,,,,,,,0.0,Eagle,1
clip_l_128,14,1.0,0.9833333333333332,60,1.0,1.0,1.0,1.0,1.0,1.0,1.0,1.0,2.0,0.3509104251861572,0.4688673913478851,0.7792390584945679,0.7484214901924133,0.6016990542411804,1.0,1.0,0.8488833698953941,15.401517868041992,1.0,0.9966663857530846,,FIAT,2
clip_l_128,15,0.9937106918238994,0.9937106918238994,159,0.7610062893081762,0.89937106918239,0.5534591194968553,0.3898137340257979,0.3185605195769196,0.4779874213836478,0.40502801089246,0.2352048004880914,2.0,0.3231829702854156,0.378397673368454,0.7468491196632385,0.8540828824043274,0.5066587924957275,1.0,1.0,0.8823344050076861,17.54747200012207,0.5422904261869851,0.3677282800239393,,Ferrari,4
clip_l_128,16,0.9767441860465116,1.0,43,,,,,,,,,,0.439906358718872,,0.7328818440437317,,,,,,,,,0.0,Fisker,1
clip_l_128,17,0.9220272904483432,0.9473684210526316,513,0.8693957115009746,0.9415204678362572,0.7875243664717348,0.8039173659925041,0.6493839314755724,0.4249512670565302,0.6786695922659914,0.3942642448427248,4.0,0.4262912273406982,0.6550894975662231,0.737663209438324,0.6507374048233032,0.8880603909492493,1.0,1.0,0.6799370146800442,20.857105255126957,0.8125061950548073,0.7698866919825416,,Ford,11
clip_l_128,18,0.6495726495726496,0.7692307692307693,234,0.9230769230769232,0.9871794871794872,0.8675213675213675,0.7639203261587367,0.763413126829085,0.4743589743589743,0.5279111554537141,0.2988367417780168,2.0,0.4404857754707336,0.6240228414535522,0.7505984306335449,0.705880880355835,0.8313670754432678,1.0,1.0,0.7535234613342888,20.38312149047852,0.9828973726466312,0.760917624222084,,GMC,5
clip_l_128,19,0.9772727272727272,0.9772727272727272,44,,,,,,,,,,0.4696163535118103,,0.7989977598190308,,,,,,,,,0.0,Geo,1
clip_l_128,20,0.8888888888888888,0.9506172839506172,81,0.8395061728395061,0.8765432098765432,0.7283950617283951,0.1871512205075002,0.1999726064922613,0.7283950617283951,0.1871512205075002,0.1999726064922613,2.0,0.4451520144939422,0.4876220226287842,0.7439503073692322,0.9129038453102112,0.6554497480392456,1.0,1.0,0.9538209418553836,20.04521942138672,0.4179443784360399,0.4167985512724382,,HUMMER,2
clip_l_128,21,0.85,0.9125,160,0.91875,0.95,0.775,0.6574221047742176,0.734408997966503,0.75625,0.7668128146244788,0.7416332245182414,2.0,0.4335022270679474,0.5953971147537231,0.7324262261390686,0.7280892133712769,0.8129106760025024,1.0,1.0,0.8150214831513126,21.760086059570312,0.9915500134742188,0.8283869648698724,,Honda,3
clip_l_128,22,0.927906976744186,0.9465116279069768,430,0.8302325581395349,0.9116279069767442,0.5953488372093023,0.6235437206328867,0.4680091407224996,0.5790697674418605,0.6428753269575573,0.4845690951015893,17.0,0.4603480696678161,0.6099672317504883,0.7337846755981445,0.7547094821929932,0.8312618732452393,1.0,1.0,0.7675090871559194,17.79872703552246,0.677567431409333,0.6006937158285456,,Hyundai,11
clip_l_128,23,0.9545454545454546,0.9090909090909092,66,1.0,1.0,1.0,1.0,1.0,1.0,1.0,1.0,2.0,0.3714673519134521,0.6095429062843323,0.6907291412353516,0.6094195246696472,0.8824629783630371,1.0,1.0,0.7560848143053084,16.60948944091797,1.0,1.0,,Infiniti,2
clip_l_128,24,0.625,0.8,40,,,,,,,,,,0.403117686510086,,0.7158856987953186,,,,,,,,,0.0,Isuzu,1
clip_l_128,25,0.717391304347826,0.9130434782608696,46,,,,,,,,,,0.4342692792415619,,0.7103720903396606,,,,,,,,,0.0,Jaguar,1
clip_l_128,26,0.9724770642201837,0.9770642201834864,218,0.7568807339449541,0.8899082568807339,0.5229357798165137,0.4249069674036821,0.2919732749893184,0.2385321100917431,0.0078986997114018,2.2646339139240592e-05,2.0,0.4329239726066589,0.5151641368865967,0.7408791780471802,0.8403612375259399,0.6953416466712952,1.0,1.0,0.8661531821477457,18.284814834594727,0.8859730847096697,0.6387401071343293,,Jeep,5
clip_l_128,27,1.0,0.9873417721518988,158,0.8544303797468354,0.9430379746835444,0.740506329113924,0.5517674949252431,0.5171554033590052,0.5506329113924051,0.5997322355154212,0.3656759308720657,2.0,0.3838814198970794,0.4627686142921448,0.7943810224533081,0.8295320868492126,0.582552433013916,1.0,1.0,0.8646470272521348,20.002580642700195,0.7417155661846078,0.5954278267420807,,Lamborghini,4
clip_l_128,28,0.9761904761904762,0.9761904761904762,84,0.8928571428571429,0.9642857142857144,0.9761904761904762,0.8376738198246071,0.9058956916099772,0.9761904761904762,0.8376738198246071,0.9058956916099772,2.0,0.4137573838233948,0.4864707589149475,0.7005563974380493,0.8505287766456604,0.694406270980835,1.0,1.0,0.918334140868268,19.871217727661133,0.9070490885335656,0.7535831181483885,,Land Rover,2
clip_l_128,29,0.8461538461538461,0.8974358974358975,39,,,,,,,,,,0.4544262886047363,,0.7236505746841431,,,,,,,,,0.0,Lincoln,1
clip_l_128,30,1.0,1.0,36,,,,,,,,,,0.3386230766773224,,0.7431647777557373,,,,,,,,,0.0,MINI,1
clip_l_128,31,0.7586206896551724,0.896551724137931,29,,,,,,,,,,0.476541519165039,,0.725119948387146,,,,,,,,,5.0,Maybach,1
clip_l_128,32,0.9722222222222222,0.9166666666666666,36,,,,,,,,,,0.4086010158061981,,0.7203976511955261,,,,,,,,,1.0,Mazda,1
clip_l_128,33,1.0,1.0,44,,,,,,,,,,0.3549542427062988,,0.7565921545028687,,,,,,,,,0.0,McLaren,1
clip_l_128,34,0.9140625,0.93359375,256,0.890625,0.90234375,0.69140625,0.7112873011213395,0.5595195631501835,0.34375,0.3902569795072034,0.1325893737807684,2.0,0.4122065007686615,0.5903106927871704,0.7093241810798645,0.6982873678207397,0.8322156667709351,1.0,1.0,0.738376232083792,17.392425537109375,0.9705297384304044,0.917239163424979,,Mercedes-Benz,6
clip_l_128,35,0.8723404255319149,0.8936170212765957,47,,,,,,,,,,0.4839765429496765,,0.7248992919921875,,,,,,,,,1.0,Mitsubishi,1
clip_l_128,36,0.8823529411764706,0.9176470588235294,170,1.0,1.0,1.0,1.0,1.0,1.0,1.0,1.0,4.0,0.4546228349208832,0.8467126488685608,0.7912053465843201,0.5369269251823425,1.070155382156372,1.0,0.0,0.6082075903745486,19.3603515625,1.0,1.0,,Nissan,4
clip_l_128,37,0.7727272727272727,0.9090909090909092,44,,,,,,,,,,0.4550074338912964,,0.7563979029655457,,,,,,,,,0.0,Plymouth,1
clip_l_128,38,1.0,1.0,43,,,,,,,,,,0.3834293782711029,,0.6946351528167725,,,,,,,,,1.0,Porsche,1
clip_l_128,39,0.2,0.5,40,,,,,,,,,,0.4528425931930542,,0.7504003047943115,,,,,,,,,0.0,Ram,1
clip_l_128,40,0.9727272727272728,0.9545454545454546,110,0.7272727272727273,0.8090909090909091,0.5727272727272728,0.1923709709953707,0.1385167854524464,0.3909090909090909,0.0,0.0,1.0,0.3544372320175171,0.3895194828510284,0.7334446907043457,0.9099345207214355,0.531082272529602,1.0,1.0,0.9396174631296884,18.25504875183105,0.7428145866116672,0.318022727735273,,Rolls-Royce,3
clip_l_128,41,0.902439024390244,0.975609756097561,41,,,,,,,,,,0.5259813666343689,,0.7753273844718933,,,,,,,,,0.0,Scion,1
clip_l_128,42,0.9642857142857144,0.988095238095238,84,0.7857142857142857,0.9047619047619048,0.6190476190476191,0.0402965925227089,0.0452974426293399,0.5238095238095238,0.0,0.0,1.0,0.517661988735199,0.5399113297462463,0.7598751187324524,0.9587907791137696,0.7105264067649841,1.0,1.0,0.9782228721699192,23.266563415527344,0.7877379845119293,0.3018050163920084,,Spyker,2
clip_l_128,43,0.7831325301204819,0.933734939759036,166,0.8192771084337349,0.8493975903614458,0.6325301204819277,0.4193537034326771,0.3936763062662807,0.5602409638554217,0.3595860410963238,0.3107201737468658,5.0,0.5219925045967102,0.6035550236701965,0.7229800224304199,0.8648631572723389,0.8348156213760376,1.0,1.0,0.8933947114824072,19.478046417236328,0.6978874597896132,0.4788089205832956,,Suzuki,4
clip_l_128,44,0.9736842105263158,0.9736842105263158,38,,,,,,,,,,0.2474156022071838,,0.7352863550186157,,,,,,,,,1.0,Tesla,1
clip_l_128,45,0.9130434782608696,0.9316770186335404,161,0.8136645962732919,0.9565217391304348,0.5217391304347826,0.5017850010657369,0.3245656041582758,0.5093167701863354,0.6662289111194895,0.494700327616111,2.0,0.4018027782440185,0.5462519526481628,0.7089175581932068,0.7355630993843079,0.7705436944961548,1.0,1.0,0.784204185233825,17.986358642578125,0.8543314666036222,0.654982735457496,,Toyota,4
clip_l_128,46,0.9847328244274808,0.9923664122137404,131,1.0,1.0,0.6717557251908397,0.2785173072419407,0.1022747409140199,0.6717557251908397,0.7272583705560643,0.5540491242399583,3.0,0.5233601927757263,0.6755984425544739,0.761563777923584,0.774661660194397,0.8871200084686279,1.0,1.0,0.852960087608936,16.276081085205078,1.0,0.6857961593199069,,Volkswagen,2
clip_l_128,47,0.9302325581395348,0.9689922480620154,129,0.992248062015504,1.0,1.0,0.9999999999999998,1.0,0.6821705426356589,0.7413944484399184,0.584911574896976,2.0,0.4232118427753448,0.6097491383552551,0.7321959733963013,0.694075345993042,0.8327676653862,1.0,1.0,0.770979483329353,18.163278579711918,1.0,1.0,,Volvo,3
clip_l_128,48,1.0,1.0,40,,,,,,,,,,0.3949318528175354,,0.8064201474189758,,,,,,,,,1.0,smart,1
clip_l_256,0,0.7727272727272727,0.9545454545454546,44,,,,,,,,,,0.5815867185592651,,0.9449913501739502,,,,,,,,,0.0,AM General,1
clip_l_256,1,0.9787234042553192,0.9659574468085106,235,0.774468085106383,0.8808510638297873,0.5574468085106383,0.4684671742257968,0.3752666012348375,0.3659574468085106,0.4256021502144678,0.1607254359285276,2.0,0.4828811585903168,0.6597567200660706,0.8581573367118835,0.7319079041481018,0.7688062191009521,1.0,1.0,0.7619676759633617,18.398550033569336,0.6080625135243695,0.5475321846888211,,Acura,6
clip_l_256,2,1.0,0.9934640522875816,153,0.5947712418300654,0.8169934640522876,0.392156862745098,0.1384080157174187,0.0768807178332758,0.392156862745098,0.174095869226717,0.1079850457163343,2.0,0.4665089249610901,0.5036612153053284,0.8934172987937927,0.926235556602478,0.5637468695640564,1.0,1.0,0.939024585136754,19.027666091918945,0.7337980483102982,0.44436627162109,,Aston Martin,4
clip_l_256,3,0.9963702359346642,0.9891107078039928,551,0.6497277676950998,0.8003629764065335,0.4446460980036297,0.5534592541716297,0.3320765095415551,0.2250453720508167,0.3311389218937006,0.0836405656869067,2.0,0.4835918843746185,0.6420201063156128,0.8552337288856506,0.7532348036766052,0.7506954669952393,1.0,1.0,0.7689045245071111,19.4218864440918,0.629872376370432,0.5616775522226671,,Audi,13
clip_l_256,4,0.9980732177263968,1.0,519,0.7360308285163777,0.8882466281310212,0.5009633911368016,0.5470043240298874,0.3427252600821725,0.2350674373795761,0.5117712059045569,0.2265276703095216,3.0,0.4807243049144745,0.6120403409004211,0.840215802192688,0.7854454517364502,0.728432297706604,1.0,1.0,0.7963297707236263,18.63171768188477,0.659038581736934,0.5003707935228991,,BMW,13
clip_l_256,5,0.9913793103448276,0.9870689655172412,232,0.8275862068965517,0.9439655172413792,0.7241379310344828,0.6262731097634021,0.5116317434165594,0.4870689655172414,0.4484527966910063,0.319348254755234,3.0,0.4428461194038391,0.5329615473747253,0.858649730682373,0.8309156894683838,0.6206972599029541,1.0,1.0,0.8750924115627164,20.855487823486328,0.6682133589608145,0.5722161796764185,,Bentley,5
clip_l_256,6,1.0,1.0,70,0.7857142857142857,0.8428571428571429,0.8571428571428571,0.4023715740468772,0.5030250648228176,0.5714285714285714,0.0,0.0,1.0,0.375249981880188,0.4314596652984619,0.916260302066803,0.8697220683097839,0.4708920121192932,1.0,1.0,0.950600680667445,18.18638610839844,0.5403152467247162,0.1815116366099852,,Bugatti,2
clip_l_256,7,0.922077922077922,0.9025974025974026,154,0.987012987012987,0.987012987012987,0.974025974025974,0.9402024431347586,0.938874795733571,0.5064935064935064,0.6657167522410524,0.4936522588052779,2.0,0.514946699142456,0.7214536666870117,0.8676000833511353,0.7137627005577087,0.8315509557723999,1.0,1.0,0.7596920209767165,17.410737991333008,0.9790889235302146,0.8137054312610161,,Buick,4
clip_l_256,8,0.8976377952755905,0.968503937007874,127,1.0,1.0,1.0,1.0,1.0,1.0,1.0,1.0,3.0,0.454746663570404,0.6115260720252991,0.8233766555786133,0.7436259388923645,0.7427051663398743,1.0,1.0,0.8099376841099009,20.37800407409668,1.0,1.0,,Cadillac,3
clip_l_256,9,0.9751131221719456,0.9570135746606336,884,0.6617647058823529,0.8280542986425339,0.4660633484162896,0.6383026674737508,0.3674448315856854,0.2386877828054298,0.6322220958715279,0.258892107379006,5.0,0.5068670511245728,0.7288364768028259,0.859648585319519,0.6954468488693237,0.8478307127952576,1.0,1.0,0.7008578489870275,19.171445846557617,0.6313790571595715,0.5645334683756557,,Chevrolet,22
clip_l_256,10,0.88671875,0.9375,256,0.9609375,0.98828125,0.98046875,0.951460752565963,0.9546994548376636,0.69921875,0.8306714755676886,0.6911960720174195,4.0,0.52890545129776,0.7610345482826233,0.8551350235939026,0.6949821710586548,0.8899583220481873,1.0,1.0,0.7306617032045764,20.31567001342773,0.9814811986919804,0.8725848598774653,,Chrysler,6
clip_l_256,11,0.8666666666666667,0.9111111111111112,45,,,,,,,,,,0.6382002234458923,,0.9262524247169496,,,,,,,,,1.0,Daewoo,1
clip_l_256,12,0.9029126213592232,0.9514563106796116,618,0.8511326860841424,0.9401294498381876,0.6359223300970874,0.7804158670017418,0.5873677133355202,0.3398058252427184,0.6339004728431229,0.3493449322976902,4.0,0.5100957751274109,0.7529837489128113,0.8695644736289978,0.677432656288147,0.865932047367096,1.0,1.0,0.6868204238322942,19.26390266418457,0.6847294547251179,0.6247566197134731,,Dodge,13
clip_l_256,13,0.9565217391304348,0.9347826086956522,46,,,,,,,,,,0.5436639785766602,,0.9103567600250244,,,,,,,,,0.0,Eagle,1
clip_l_256,14,0.9833333333333332,0.9833333333333332,60,1.0,1.0,1.0,1.0,1.0,1.0,1.0,1.0,2.0,0.4135790169239044,0.5661895275115967,0.935232937335968,0.7304604053497314,0.605399489402771,1.0,1.0,0.834213368971218,15.34136199951172,1.0,1.0,,FIAT,2
clip_l_256,15,0.9937106918238994,0.9937106918238994,159,0.7547169811320755,0.8930817610062893,0.5157232704402516,0.3810557033127179,0.2706119107919228,0.4842767295597484,0.4383795099940219,0.253981377390729,2.0,0.3985656201839447,0.4676697552204132,0.9033955931663512,0.852237343788147,0.5176799297332764,1.0,1.0,0.8811444480987094,17.815658569335938,0.6342449978713046,0.4255885602676258,,Ferrari,4
clip_l_256,16,0.9767441860465116,0.9767441860465116,43,,,,,,,,,,0.5204640626907349,,0.8869011402130127,,,,,,,,,0.0,Fisker,1
clip_l_256,17,0.953216374269006,0.9649122807017544,513,0.8888888888888888,0.9415204678362572,0.8148148148148148,0.8322603395922386,0.6923300749807579,0.5126705653021443,0.7181489069441922,0.4206160585547483,5.0,0.4970118403434753,0.7677124738693237,0.8790218234062195,0.6473932266235352,0.8733713626861572,1.0,1.0,0.6747049244901691,20.758575439453125,0.8676591957054045,0.7840649527939726,,Ford,11
clip_l_256,18,0.6837606837606838,0.7991452991452992,234,0.9145299145299144,0.9914529914529916,0.8931623931623932,0.8085674597251128,0.8082438728886956,0.6452991452991453,0.768525958510527,0.5559160814771568,3.0,0.5132007002830505,0.7257987260818481,0.884018063545227,0.707084059715271,0.8210225105285645,1.0,1.0,0.7551764262425963,20.57793617248535,0.9212002889807244,0.7615917395628382,,GMC,5
clip_l_256,19,1.0,1.0,44,,,,,,,,,,0.5595670938491821,,0.959813952445984,,,,,,,,,0.0,Geo,1
clip_l_256,20,0.8888888888888888,0.9629629629629628,81,0.8765432098765432,0.9135802469135802,0.7530864197530864,0.285212143544426,0.2487684729064039,0.7530864197530864,0.285212143544426,0.2487684729064039,2.0,0.5105801224708557,0.5699412822723389,0.884051501750946,0.8958469033241272,0.6446924209594727,1.0,1.0,0.9438182747559872,19.597980499267575,0.7262720698204922,0.5760881783888779,,HUMMER,2
clip_l_256,21,0.875,0.93125,160,0.85,0.95,0.79375,0.6562805441345425,0.7389159762677415,0.75625,0.7668128146244788,0.7416332245182414,2.0,0.5058865547180176,0.6823732256889343,0.874479353427887,0.7413634061813354,0.7803194522857666,1.0,1.0,0.8220000388564311,21.77091217041016,0.9751738894687432,0.7729204628598809,,Honda,3
clip_l_256,22,0.9511627906976744,0.9627906976744186,430,0.858139534883721,0.9302325581395348,0.672093023255814,0.7173227009310288,0.5664943660453078,0.5813953488372093,0.6640888004385621,0.487791865632775,14.0,0.5282918214797974,0.7052444219589233,0.8786199688911438,0.7490903735160828,0.8026728630065918,1.0,1.0,0.7624267159646292,17.597196578979492,0.6084472735395308,0.5983397689633122,,Hyundai,11
clip_l_256,23,0.9848484848484848,0.9393939393939394,66,1.0,1.0,1.0,1.0,1.0,1.0,1.0,1.0,2.0,0.428977906703949,0.702450692653656,0.8367276787757874,0.6106875538825989,0.8395212888717651,1.0,1.0,0.7569835604430399,15.23763656616211,1.0,1.0,,Infiniti,2
clip_l_256,24,0.65,0.85,40,,,,,,,,,,0.4836348593235016,,0.8715534806251526,,,,,,,,,0.0,Isuzu,1
clip_l_256,25,0.8913043478260869,0.9782608695652174,46,,,,,,,,,,0.5276564359664917,,0.868953287601471,,,,,,,,,0.0,Jaguar,1
clip_l_256,26,0.9954128440366972,0.9908256880733946,218,0.8027522935779816,0.9357798165137616,0.4954128440366973,0.4453147107333347,0.3118332516027053,0.4311926605504587,0.3703685702865557,0.2254675773711377,3.0,0.4981555938720703,0.6037759184837341,0.8853457570075989,0.8250669836997986,0.681966245174408,1.0,1.0,0.8530172122813454,18.64573097229004,0.6244155870120666,0.6264417209778159,,Jeep,5
clip_l_256,27,1.0,1.0,158,0.8670886075949367,0.9493670886075948,0.6012658227848101,0.6049935692095163,0.4810354395304088,0.5506329113924051,0.5997322355154212,0.3656759308720657,2.0,0.4612744450569153,0.5616526007652283,0.9579756259918212,0.8212807178497314,0.5862911343574524,1.0,1.0,0.8554481821529083,20.695045471191406,0.6606976732440848,0.4981612400988995,,Lamborghini,4
clip_l_256,28,1.0,1.0,84,0.9166666666666666,0.9523809523809524,0.9523809523809524,0.7321834651208458,0.8163869148024223,0.6904761904761905,0.3772165623574005,0.4097711237069772,3.0,0.4806417226791382,0.5663444995880127,0.8379225134849548,0.8486737608909607,0.6758912801742554,1.0,1.0,0.9172387207615428,19.07888984680176,0.9368850984336724,0.7162519496377786,,Land Rover,2
clip_l_256,29,0.8461538461538461,0.9487179487179488,39,,,,,,,,,,0.5510823726654053,,0.875115692615509,,,,,,,,,0.0,Lincoln,1
clip_l_256,30,1.0,1.0,36,,,,,,,,,,0.4118062257766723,,0.8969464898109436,,,,,,,,,2.0,MINI,1
clip_l_256,31,0.896551724137931,0.8620689655172413,29,,,,,,,,,,0.5661306977272034,,0.8762915134429932,,,,,,,,,1.0,Maybach,1
clip_l_256,32,0.8888888888888888,0.8888888888888888,36,,,,,,,,,,0.4772504568099975,,0.8662978410720825,,,,,,,,,1.0,Mazda,1
clip_l_256,33,1.0,1.0,44,,,,,,,,,,0.4238159656524658,,0.9053758978843688,,,,,,,,,0.0,McLaren,1
clip_l_256,34,0.9296875,0.9609375,256,0.890625,0.9296875,0.69921875,0.731661455749609,0.571557782974484,0.34375,0.3902569795072034,0.1325893737807684,2.0,0.4912843108177185,0.7006175518035889,0.8599123358726501,0.7012161016464233,0.8147546052932739,1.0,1.0,0.7397770162675978,17.916074752807617,0.9372186986300318,0.8711204659069793,,Mercedes-Benz,6
clip_l_256,35,0.8723404255319149,0.8723404255319149,47,,,,,,,,,,0.5733596086502075,,0.8751922845840454,,,,,,,,,0.0,Mitsubishi,1
clip_l_256,36,0.9294117647058824,0.9411764705882352,170,1.0,1.0,1.0,1.0000000000000002,1.0,1.0,1.0000000000000002,1.0,4.0,0.5292443633079529,0.9999775886535645,0.9458954334259032,0.5292562246322632,1.057175636291504,1.0,0.0,0.600350420383027,19.30329132080078,1.0,1.0,,Nissan,4
clip_l_256,37,0.8181818181818182,0.9318181818181818,44,,,,,,,,,,0.5473278760910034,,0.9227287769317628,,,,,,,,,0.0,Plymouth,1
clip_l_256,38,1.0,1.0,43,,,,,,,,,,0.4827210903167724,,0.8443799018859863,,,,,,,,,1.0,Porsche,1
clip_l_256,39,0.3,0.475,40,,,,,,,,,,0.5347322225570679,,0.882880687713623,,,,,,,,,0.0,Ram,1
clip_l_256,40,1.0,0.9727272727272728,110,0.7818181818181819,0.8181818181818182,0.4181818181818181,0.0218136268200922,0.0111604913912686,0.3909090909090909,0.0,0.0,1.0,0.4233434200286865,0.4666861593723297,0.8843887448310852,0.9071266055107116,0.5276934504508972,1.0,1.0,0.9382844335886968,18.842973709106445,0.1589002444894493,0.1739591960690343,,Rolls-Royce,3
clip_l_256,41,0.951219512195122,0.951219512195122,41,,,,,,,,,,0.6072520017623901,,0.9201585650444032,,,,,,,,,0.0,Scion,1
clip_l_256,42,0.988095238095238,0.9642857142857144,84,0.7380952380952381,0.9166666666666666,0.6071428571428571,0.032624918859171,0.0343585666813152,0.5238095238095238,0.0,0.0,1.0,0.6419379115104675,0.6660744547843933,0.9371647238731384,0.9637629985809326,0.7107335925102234,1.0,1.0,0.9803235830916666,23.56180953979492,0.8473819233478075,0.4168595412039121,,Spyker,2
clip_l_256,43,0.8373493975903614,0.933734939759036,166,0.8313253012048193,0.8433734939759037,0.5542168674698795,0.2884111815469101,0.240559644543863,0.536144578313253,0.2948564938650627,0.2322309929755682,5.0,0.6220577955245972,0.7252872586250305,0.8782910108566284,0.8576709032058716,0.8257938027381897,1.0,1.0,0.8885912593898556,18.879854202270508,0.8808368813366707,0.5732205575690964,,Suzuki,4
clip_l_256,44,1.0,0.9736842105263158,38,,,,,,,,,,0.3023904860019684,,0.869242250919342,,,,,,,,,1.0,Tesla,1
clip_l_256,45,0.968944099378882,0.9565217391304348,161,0.8695652173913043,0.9503105590062112,0.5403726708074534,0.5218172492783508,0.3600021411251872,0.5093167701863354,0.6662289111194895,0.494700327616111,2.0,0.4617810249328613,0.629788875579834,0.8489435911178589,0.7332314848899841,0.7418500781059265,1.0,1.0,0.7825732971263683,17.52596664428711,0.7011938084261903,0.6556787249247502,,Toyota,4
clip_l_256,46,1.0,1.0,131,1.0,1.0,0.6717557251908397,0.2785173072419407,0.1022747409140199,0.6717557251908397,0.7272583705560643,0.5540491242399583,3.0,0.6174771189689636,0.796674907207489,0.9093384742736816,0.7750678658485413,0.8761038184165955,1.0,1.0,0.8520595423695709,15.91152286529541,1.0,0.7755686852285049,,Volkswagen,2
clip_l_256,47,0.9534883720930232,0.9767441860465116,129,1.0,1.0,0.992248062015504,0.96654471195237,0.9772227896551642,0.992248062015504,0.96654471195237,0.9772227896551642,3.0,0.497220516204834,0.7243967652320862,0.8825549483299255,0.6863924860954285,0.8207950592041016,1.0,1.0,0.7649333268322018,18.894590377807617,1.0,0.9977222789655164,,Volvo,3
clip_l_256,48,1.0,1.0,40,,,,,,,,,,0.4742864370346069,,0.9638205170631408,,,,,,,,,1.0,smart,1
sscd_128,0,0.5909090909090909,0.5227272727272727,44,,,,,,,,,,1.6405147314071655,,1.831942677497864,,,,,,,,,0.0,AM General,1
sscd_128,1,0.3446808510638298,0.3446808510638298,235,0.5191489361702127,0.6297872340425532,0.3617021276595745,0.1727042781428726,0.108902924562769,0.1872340425531914,0.0,0.0,1.0,1.7373600006103516,1.7846598625183103,1.8133432865142824,0.973496437072754,0.9841820001602172,1.0,1.0,0.9763226742510012,29.80565071105957,0.2588892809892338,0.2197850463773886,,Acura,6
sscd_128,2,0.3856209150326797,0.4379084967320261,153,0.5490196078431373,0.6078431372549019,0.3660130718954248,0.1090222353674484,0.0535118890445352,0.2941176470588235,0.0,0.0,1.0,1.762508988380432,1.7938199043273926,1.8324674367904663,0.9825451374053956,0.9789095520973206,1.0,1.0,0.9860059631813334,28.58425712585449,0.4079670506458709,0.2542998168001906,,Aston Martin,4
sscd_128,3,0.6823956442831216,0.5916515426497277,551,0.3430127041742287,0.4101633393829401,0.219600725952813,0.1920478845156825,0.0556425620386261,0.1343012704174228,0.0218608135921066,0.0065980623215579,2.0,1.7421846389770508,1.7829067707061768,1.813917636871338,0.9771596789360046,0.9829039573669434,1.0,1.0,0.9759092619659088,31.530216217041016,0.3495195692094681,0.2763975884993693,,Audi,13
sscd_128,4,0.4932562620423892,0.5394990366088632,519,0.3680154142581888,0.5028901734104047,0.2119460500963391,0.1635280204603247,0.0482004686906652,0.1502890173410404,0.0597966113324497,0.0131365879295137,6.0,1.7296991348266602,1.783155918121338,1.8132566213607788,0.9700212478637696,0.9833996295928956,1.0,1.0,0.972106749469784,30.33244514465332,0.3845595788506629,0.2791346738345986,,BMW,13
sscd_128,5,0.3491379310344827,0.5129310344827587,232,0.5646551724137931,0.646551724137931,0.3836206896551724,0.155440772832816,0.0952336336996217,0.4482758620689655,0.1789742453516975,0.1266670592940117,3.0,1.740742325782776,1.7888273000717163,1.8169108629226685,0.9731192588806152,0.9845432639122008,1.0,1.0,0.9743608857141804,33.73486328125,0.4558883878192623,0.3639739038144743,,Bentley,5
sscd_128,6,0.1571428571428571,0.4714285714285714,70,0.7714285714285715,0.8,0.8142857142857143,0.3918077322711966,0.386277001270648,0.5714285714285714,0.0,0.0,1.0,1.7495037317276,1.824163794517517,1.8478126525878904,0.9590716361999512,0.987201690673828,1.0,1.0,0.977199359434046,28.168296813964844,0.4036598709045639,0.3316512194873365,,Bugatti,2
sscd_128,7,0.1233766233766233,0.2662337662337662,154,0.6428571428571429,0.8116883116883117,0.4025974025974026,0.1624647353774652,0.1072536911825583,0.2727272727272727,0.0,0.0,1.0,1.7541791200637815,1.811176061630249,1.8197386264801023,0.9685304164886476,0.9952946305274964,1.0,1.0,0.9755593395779236,28.856922149658203,0.4281728881618539,0.2679707056702681,,Buick,4
sscd_128,8,0.0708661417322834,0.1653543307086614,127,0.6456692913385826,0.8110236220472441,0.4409448818897638,0.0903020358802736,0.0607688318938801,0.3700787401574803,0.0044397744097688,-0.0037836032050535,2.0,1.7215960025787354,1.7723759412765503,1.8015557527542116,0.9713492393493652,0.9838029742240906,1.0,1.0,0.9807403491577796,30.97344398498535,0.6461811666285565,0.4401625243131913,,Cadillac,3
sscd_128,9,0.5735294117647058,0.4864253393665158,884,0.3834841628959276,0.5339366515837104,0.2319004524886878,0.2776531780544473,0.0776977028018288,0.1640271493212669,0.1707804905099753,0.0517761055227396,8.0,1.7305852174758911,1.8135652542114256,1.8213156461715696,0.9542447924613952,0.9957446455955504,1.0,1.0,0.953929492784511,30.61890411376953,0.4124489020873099,0.3338528184580438,,Chevrolet,22
sscd_128,10,0.17578125,0.375,256,0.45703125,0.66015625,0.29296875,0.0892307706656867,0.0373290665797009,0.1875,0.0,0.0,1.0,1.7511402368545532,1.792396068572998,1.812548279762268,0.976982831954956,0.9888818264007568,1.0,1.0,0.980517709913069,32.721168518066406,0.3264528953640296,0.2698173994501615,,Chrysler,6
sscd_128,11,0.0444444444444444,0.0888888888888888,45,,,,,,,,,,1.7490010261535645,,1.81917417049408,,,,,,,,,0.0,Daewoo,1
sscd_128,12,0.3786407766990291,0.5064724919093851,618,0.4644012944983818,0.6359223300970874,0.2281553398058252,0.186995785832777,0.0607445447130413,0.1407766990291262,0.0,0.0,1.0,1.7384536266326904,1.8086998462677,1.8203924894332888,0.9611620306968688,0.9935768842697144,1.0,1.0,0.963334459451504,33.62031555175781,0.368686814831767,0.3164217735170158,,Dodge,13
sscd_128,13,0.0434782608695652,0.1304347826086956,46,,,,,,,,,,1.7955065965652466,,1.844761610031128,,,,,,,,,0.0,Eagle,1
sscd_128,14,0.4666666666666667,0.5,60,0.9833333333333332,1.0,0.9833333333333332,0.8937039480826846,0.9333277150616924,0.55,0.0,0.0,1.0,1.67549467086792,1.878787636756897,1.8519904613494875,0.8917956948280334,1.0144693851470947,1.0,0.0,0.9405170153636412,21.638072967529297,1.0,0.809157483425189,,FIAT,2
sscd_128,15,0.3962264150943396,0.610062893081761,159,0.559748427672956,0.6226415094339622,0.4591194968553459,0.1471533889936786,0.1212164682817825,0.2641509433962264,0.0,0.0,1.0,1.7114543914794922,1.7597074508666992,1.8388508558273315,0.9725789427757264,0.956960380077362,1.0,1.0,0.9787451082208862,30.05310440063477,0.2110950697289539,0.1927958814190466,,Ferrari,4
sscd_128,16,0.0697674418604651,0.1627906976744186,43,,,,,,,,,,1.7525547742843628,,1.82166588306427,,,,,,,,,0.0,Fisker,1
sscd_128,17,0.276803118908382,0.3723196881091618,513,0.4736842105263157,0.7212475633528265,0.2417153996101364,0.1843990091145549,0.0681884660803945,0.1949317738791423,0.0901268645752883,0.0347183985876752,5.0,1.7312402725219729,1.8007200956344604,1.818042516708374,0.9614155292510986,0.9904719591140748,1.0,1.0,0.9649015302048812,34.31043243408203,0.4254185666231043,0.3373572641465806,,Ford,11
sscd_128,18,0.1538461538461538,0.329059829059829,234,0.6367521367521367,0.7777777777777778,0.358974358974359,0.1100825956164667,0.0702716022472268,0.2905982905982906,0.0,0.0,1.0,1.7269810438156128,1.7905552387237549,1.819075584411621,0.9644947052001952,0.9843215346336364,1.0,1.0,0.9710426571430424,32.77696228027344,0.3986037676474401,0.3921208039285062,,GMC,5
sscd_128,19,0.2954545454545454,0.4772727272727273,44,,,,,,,,,,1.6922969818115234,,1.8360168933868408,,,,,,,,,0.0,Geo,1
sscd_128,20,0.2839506172839506,0.4567901234567901,81,0.7407407407407407,0.6666666666666666,0.5555555555555556,0.0085151284980449,-5.487269534679544e-05,0.5185185185185185,0.0,0.0,1.0,1.6904513835906982,1.7055261135101318,1.8253517150878904,0.9911612272262572,0.9343547821044922,1.0,1.0,0.9958198139180144,31.099071502685547,0.6683168214988275,0.1792849174921928,,HUMMER,2
sscd_128,21,0.1125,0.2375,160,0.60625,0.775,0.4375,0.0555899550829327,0.0324810997747827,0.51875,0.0,0.0,1.0,1.7322945594787598,1.7610479593276978,1.8007794618606567,0.983672559261322,0.9779365062713624,1.0,1.0,0.9872339664570782,37.4220085144043,0.2985124906809006,0.3125340060115531,,Honda,3
sscd_128,22,0.3209302325581395,0.4651162790697674,430,0.4418604651162791,0.6,0.213953488372093,0.1181838424468131,0.0326432549033986,0.1674418604651162,0.0495489846698403,0.0215355743614364,3.0,1.7421826124191284,1.7966375350952148,1.8175532817840576,0.9696906208992004,0.9884923696517944,1.0,1.0,0.9706214058972188,29.8380184173584,0.4478530532282381,0.3066903725352461,,Hyundai,11
sscd_128,23,0.1212121212121212,0.1969696969696969,66,0.8939393939393939,0.9545454545454546,0.5606060606060606,0.0110224015044818,-0.0006347481115156,0.5151515151515151,0.0,0.0,1.0,1.677686333656311,1.738836646080017,1.797033190727234,0.964832603931427,0.9676151871681212,1.0,1.0,0.9820220217975316,25.191585540771484,0.1489784785241844,0.2207260865204915,,Infiniti,2
sscd_128,24,0.025,0.225,40,,,,,,,,,,1.6628464460372925,,1.7988770008087158,,,,,,,,,0.0,Isuzu,1
sscd_128,25,0.0,0.1521739130434782,46,,,,,,,,,,1.8242818117141724,,1.8520530462265012,,,,,,,,,0.0,Jaguar,1
sscd_128,26,0.3165137614678899,0.6238532110091743,218,0.5412844036697247,0.7431192660550459,0.3256880733944954,0.0595470990769547,0.0323727589773824,0.2064220183486238,0.0,0.0,1.0,1.7397429943084717,1.790258765220642,1.8325155973434448,0.9717829823493958,0.9769405126571656,1.0,1.0,0.9768227610316468,32.753787994384766,0.3233104461093119,0.243031205574935,,Jeep,5
sscd_128,27,0.3227848101265823,0.6139240506329114,158,0.7531645569620253,0.7531645569620253,0.6012658227848101,0.3355324648444355,0.2867146075474945,0.2784810126582278,0.0,0.0,1.0,1.719511866569519,1.787773847579956,1.8393863439559937,0.9618173241615297,0.9719403982162476,1.0,1.0,0.9703084562917036,30.627742767333984,0.1696352543034383,0.1633861103158477,,Lamborghini,4
sscd_128,28,0.0714285714285714,0.2857142857142857,84,0.8214285714285714,0.75,0.5476190476190477,0.008634411955241,-0.0007725629776784,0.5,0.0,0.0,1.0,1.761391043663025,1.794497013092041,1.8261189460754397,0.9815514087677002,0.982683539390564,1.0,1.0,0.9905786010465168,31.64229202270508,0.9348086967349616,0.3669385611703492,,Land Rover,2
sscd_128,29,0.0,0.0512820512820512,39,,,,,,,,,,1.7404237985610962,,1.805885910987854,,,,,,,,,0.0,Lincoln,1
sscd_128,30,0.5277777777777778,0.6666666666666666,36,,,,,,,,,,1.6664782762527466,,1.8461230993270876,,,,,,,,,0.0,MINI,1
sscd_128,31,0.2758620689655172,0.2413793103448276,29,,,,,,,,,,1.6771976947784424,,1.8290834426879885,,,,,,,,,0.0,Maybach,1
sscd_128,32,0.1111111111111111,0.1388888888888889,36,,,,,,,,,,1.6548149585723877,,1.7897988557815552,,,,,,,,,0.0,Mazda,1
sscd_128,33,0.2727272727272727,0.2954545454545454,44,,,,,,,,,,1.7059096097946167,,1.84015953540802,,,,,,,,,0.0,McLaren,1
sscd_128,34,0.21875,0.3125,256,0.5859375,0.72265625,0.421875,0.2531930631830151,0.1739346479923654,0.1875,0.0,0.0,1.0,1.7314980030059814,1.82078230381012,1.8245692253112795,0.9509637951850892,0.997924506664276,1.0,1.0,0.9596662702324064,31.71442604064941,0.4313851410896101,0.3519095713810091,,Mercedes-Benz,6
sscd_128,35,0.0,0.0851063829787234,47,,,,,,,,,,1.796581745147705,,1.828687310218811,,,,,,,,,0.0,Mitsubishi,1
sscd_128,36,0.0764705882352941,0.1823529411764705,170,0.8470588235294118,0.9,0.4470588235294118,0.1259545247188759,0.0803395330451789,0.2705882352941176,0.0,0.0,1.0,1.7906149625778198,1.8606973886489868,1.8384568691253664,0.9623354077339172,1.0120973587036133,1.0,0.0,0.9702416836280892,32.05238342285156,0.322897239184114,0.1908955869211041,,Nissan,4
sscd_128,37,0.1363636363636363,0.3181818181818182,44,,,,,,,,,,1.7532050609588623,,1.845852613449097,,,,,,,,,0.0,Plymouth,1
sscd_128,38,0.0,0.0930232558139534,43,,,,,,,,,,1.819752812385559,,1.8459277153015137,,,,,,,,,0.0,Porsche,1
sscd_128,39,0.2,0.225,40,,,,,,,,,,1.6679553985595703,,1.80487322807312,,,,,,,,,0.0,Ram,1
sscd_128,40,0.0727272727272727,0.3636363636363636,110,0.5909090909090909,0.5818181818181818,0.4545454545454545,0.0833530315492632,0.0646657632195368,0.3909090909090909,0.0,0.0,1.0,1.7808866500854492,1.8034586906433103,1.829504132270813,0.9874840378761292,0.985763669013977,1.0,1.0,0.9908480405739524,28.441598892211918,0.3119199843065266,0.1953643934329544,,Rolls-Royce,3
sscd_128,41,0.0,0.073170731707317,41,,,,,,,,,,1.818283438682556,,1.8355952501297,,,,,,,,,0.0,Scion,1
sscd_128,42,0.1785714285714285,0.3214285714285714,84,0.7142857142857143,0.8333333333333334,0.6547619047619048,0.0748779802998143,0.0849315546438797,0.5238095238095238,0.0,0.0,1.0,1.793611764907837,1.8248717784881592,1.845477819442749,0.9828700423240662,0.9888343214988708,1.0,1.0,0.99090327889785,32.995399475097656,0.2635753714015643,0.1713090958662997,,Spyker,2
sscd_128,43,0.0903614457831325,0.2469879518072289,166,0.536144578313253,0.5602409638554217,0.3493975903614458,0.0494641731643338,0.0292509812592987,0.2771084337349397,0.0,0.0,1.0,1.7855803966522217,1.8189576864242556,1.8272976875305176,0.9816502928733826,0.995435893535614,1.0,1.0,0.9855666476325976,31.856521606445312,0.4275042572750394,0.2596468558477489,,Suzuki,4
sscd_128,44,0.0789473684210526,0.1842105263157894,38,,,,,,,,,,1.684494972229004,,1.7882763147354126,,,,,,,,,0.0,Tesla,1
sscd_128,45,0.1428571428571428,0.2608695652173913,161,0.6024844720496895,0.7453416149068323,0.391304347826087,0.0600887091092118,0.0334502029020098,0.2670807453416149,0.0,0.0,1.0,1.712144374847412,1.7664477825164795,1.7992991209030151,0.969258427619934,0.9817421436309814,1.0,1.0,0.975643159431652,30.20580291748047,0.6912945571603132,0.3431744504391897,,Toyota,4
sscd_128,46,0.0534351145038167,0.3053435114503817,131,0.8931297709923665,0.8931297709923665,0.6335877862595419,0.0593867124194666,0.0650568391807564,0.6335877862595419,0.0593867124194666,0.0650568391807564,2.0,1.8038227558135984,1.8593357801437376,1.834996223449707,0.9701436161994934,1.0132640600204468,1.0,0.0,0.9856383015703,45.49259948730469,0.8072488444145737,0.6171437035500557,,Volkswagen,2
sscd_128,47,0.0465116279069767,0.2325581395348837,129,0.8294573643410853,0.9147286821705426,0.751937984496124,0.397413562247848,0.4104646562378328,0.5193798449612403,0.1202520356564958,0.1158055493618522,2.0,1.7310141324996948,1.829506754875183,1.8236048221588133,0.94616436958313,1.0032364130020142,1.0,0.0,0.9630285504924632,32.82041549682617,0.7899157307177657,0.4368850927484969,,Volvo,3
sscd_128,48,0.2,0.275,40,,,,,,,,,,1.732800006866455,,1.8250552415847776,,,,,,,,,0.0,smart,1
sscd_256,0,0.7727272727272727,0.5909090909090909,44,,,,,,,,,,1.6727732419967651,,1.8692071437835691,,,,,,,,,0.0,AM General,1
sscd_256,1,0.3574468085106383,0.3659574468085106,235,0.5234042553191489,0.6212765957446809,0.2851063829787234,0.0980680674115095,0.0461115977638083,0.1872340425531914,0.0,0.0,1.0,1.7633225917816162,1.81408965587616,1.8446670770645144,0.972015142440796,0.9834238886833192,1.0,1.0,0.97534117304692,29.84844970703125,0.2478728113920663,0.2110860511042911,,Acura,6
sscd_256,2,0.4117647058823529,0.457516339869281,153,0.5620915032679739,0.6013071895424836,0.3790849673202614,0.0681910400269366,0.0488156636344121,0.2941176470588235,0.0,0.0,1.0,1.7821139097213743,1.8157979249954224,1.8603512048721316,0.9814494848251344,0.976051151752472,1.0,1.0,0.9850474838164268,28.67388343811035,0.4009955300876018,0.2385229558708548,,Aston Martin,4
sscd_256,3,0.691470054446461,0.6188747731397459,551,0.3430127041742287,0.4319419237749546,0.2159709618874773,0.176419688103266,0.0475126087165738,0.1306715063520871,0.019481741176381,0.0047581299561555,2.0,1.770351767539978,1.8136061429977417,1.8461536169052124,0.9761500954627992,0.982370138168335,1.0,1.0,0.9749315360267166,31.71684837341309,0.4327434927015723,0.3071953506276591,,Audi,13
sscd_256,4,0.4971098265895953,0.5664739884393064,519,0.4046242774566474,0.5048169556840078,0.2023121387283237,0.1442362569987803,0.0350515615214712,0.1117533718689788,0.0268064607288221,0.0091905571307456,2.0,1.7576960325241089,1.8158657550811768,1.8458855152130127,0.967965841293335,0.9837369322776794,1.0,1.0,0.9701608932795678,30.40383529663086,0.3371036094548796,0.2699069211099114,,BMW,13
sscd_256,5,0.3836206896551724,0.5387931034482759,232,0.5775862068965517,0.6767241379310345,0.4051724137931034,0.1728031885262633,0.1161659615109449,0.4784482758620689,0.2370016296175278,0.1714971482792386,3.0,1.7685996294021606,1.8216716051101685,1.8506097793579104,0.970866322517395,0.9843629002571106,1.0,1.0,0.9730304453977128,33.77507781982422,0.5135757147337993,0.3781605433209672,,Bentley,5
sscd_256,6,0.2571428571428571,0.4571428571428571,70,0.8571428571428571,0.8142857142857143,0.8,0.3351443278850862,0.3506995884773662,0.5714285714285714,0.0,0.0,1.0,1.7696235179901123,1.849008560180664,1.877288579940796,0.9570661783218384,0.984935700893402,1.0,1.0,0.9761565181164412,28.09237289428711,0.6251314973283842,0.394319170688122,,Bugatti,2
sscd_256,7,0.1688311688311688,0.3181818181818182,154,0.6818181818181818,0.8376623376623377,0.4155844155844156,0.1545923235765018,0.0930007741643917,0.2727272727272727,0.0,0.0,1.0,1.7725993394851685,1.833690524101257,1.847161173820496,0.9666840434074402,0.992707371711731,1.0,1.0,0.974165636943102,28.848299026489254,0.384838287845618,0.3164561922780864,,Buick,4
sscd_256,8,0.1259842519685039,0.1732283464566929,127,0.7480314960629921,0.84251968503937,0.4566929133858268,0.067185853017063,0.0552871487305295,0.3700787401574803,0.005694787324505,-0.0025433295432453,2.0,1.7537859678268433,1.808868646621704,1.8354263305664065,0.969548523426056,0.9855304956436156,1.0,1.0,0.9794300449782166,30.87989997863769,0.6084386516640431,0.367177788634936,,Cadillac,3
sscd_256,9,0.6142533936651584,0.5124434389140271,884,0.4140271493212669,0.5497737556561086,0.2319004524886878,0.2721616633028796,0.0841183524877866,0.0927601809954751,0.07969267547258,0.0213088598585337,3.0,1.7573245763778689,1.844578981399536,1.8526760339736936,0.9526968598365784,0.9956295490264891,1.0,1.0,0.952324035919741,30.695301055908203,0.4056266200053384,0.3381082685040176,,Chevrolet,22
sscd_256,10,0.140625,0.34375,256,0.4765625,0.6875,0.296875,0.0824690683791946,0.037261466759825,0.22265625,0.0250475578670146,0.0075747000269345,3.0,1.7791110277175903,1.82239043712616,1.8437132835388184,0.9762513041496276,0.9884348511695862,1.0,1.0,0.9797629556109474,32.7546501159668,0.4312518389418904,0.3477217325291514,,Chrysler,6
sscd_256,11,0.0888888888888888,0.0888888888888888,45,,,,,,,,,,1.7902534008026123,,1.8548815250396729,,,,,,,,,0.0,Daewoo,1
sscd_256,12,0.401294498381877,0.4967637540453074,618,0.4935275080906149,0.6456310679611651,0.2427184466019417,0.1958600832112394,0.0660130325461123,0.1407766990291262,0.0,0.0,1.0,1.7628484964370728,1.8380478620529173,1.8510340452194212,0.959087371826172,0.9929843544960022,1.0,1.0,0.961318082010804,33.709800720214844,0.3620319057744315,0.3205229903065933,,Dodge,13
sscd_256,13,0.0434782608695652,0.1956521739130435,46,,,,,,,,,,1.8130112886428835,,1.8707636594772337,,,,,,,,,0.0,Eagle,1
sscd_256,14,0.5333333333333333,0.5333333333333333,60,0.9833333333333332,0.9833333333333332,0.9833333333333332,0.8937039480826846,0.9333277150616924,0.55,0.0,0.0,1.0,1.7010966539382937,1.919165849685669,1.8866201639175413,0.8863729238510132,1.0172507762908936,1.0,0.0,0.9375940082750718,21.864715576171875,1.0,0.92725755507942,,FIAT,2
sscd_256,15,0.4276729559748428,0.610062893081761,159,0.5786163522012578,0.660377358490566,0.4339622641509434,0.1340355879051122,0.1001645200391827,0.2641509433962264,0.0,0.0,1.0,1.730567216873169,1.7809901237487793,1.8685510158538816,0.9716882705688475,0.9531396627426147,1.0,1.0,0.9780432611240278,30.234249114990234,0.2419578332720133,0.240740678352098,,Ferrari,4
sscd_256,16,0.0465116279069767,0.1860465116279069,43,,,,,,,,,,1.7790827751159668,,1.8542511463165283,,,,,,,,,0.0,Fisker,1
sscd_256,17,0.3138401559454191,0.3840155945419103,513,0.5087719298245614,0.7387914230019493,0.2436647173489278,0.1981239290944277,0.0743598302689525,0.1695906432748538,0.0,0.0,1.0,1.756024956703186,1.8315274715423584,1.849308729171753,0.9587761759757996,0.9903849363327026,1.0,1.0,0.9625927661847292,34.322696685791016,0.3756652395757034,0.3348561056810523,,Ford,11
sscd_256,18,0.1495726495726495,0.3632478632478632,234,0.6794871794871795,0.7905982905982906,0.3376068376068376,0.0947862841219792,0.0589279315476014,0.2905982905982906,0.0,0.0,1.0,1.7493517398834229,1.8176944255828855,1.8487565517425537,0.9624014496803284,0.983198344707489,1.0,1.0,0.9697834750565928,32.86994171142578,0.4723401701659959,0.3982327374549051,,GMC,5
sscd_256,19,0.2954545454545454,0.4090909090909091,44,,,,,,,,,,1.719247341156006,,1.868252515792847,,,,,,,,,0.0,Geo,1
sscd_256,20,0.345679012345679,0.4938271604938271,81,0.691358024691358,0.7160493827160493,0.5802469135802469,0.0179446802434859,0.0138237472229079,0.5185185185185185,0.0,0.0,1.0,1.7170459032058716,1.733759522438049,1.8593138456344604,0.990359902381897,0.9324727654457092,1.0,1.0,0.9952529340241172,31.216144561767575,0.3023725715629389,0.120047888980036,,HUMMER,2
sscd_256,21,0.1375,0.26875,160,0.675,0.81875,0.45625,0.0592119344732366,0.0352069161037811,0.51875,0.0,0.0,1.0,1.759389877319336,1.7917770147323608,1.832066893577576,0.9819245934486388,0.978008508682251,1.0,1.0,0.9870591981912762,37.42095947265625,0.4894056411727331,0.3491809456923283,,Honda,3
sscd_256,22,0.3651162790697674,0.4790697674418605,430,0.4465116279069767,0.6209302325581395,0.2325581395348837,0.1415076807234687,0.0430633214057776,0.1720930232558139,0.0579992183900956,0.0226472302368626,4.0,1.7676994800567627,1.8269315958023071,1.8484623432159424,0.96757835149765,0.9883520603179932,1.0,1.0,0.969086034801856,29.75508499145508,0.3354871620498167,0.3071369376495855,,Hyundai,11
sscd_256,23,0.106060606060606,0.2878787878787879,66,0.9242424242424242,0.9545454545454546,0.5909090909090909,0.0239889033030418,0.0188098532353599,0.5151515151515151,0.0,0.0,1.0,1.7030117511749268,1.7681267261505127,1.8293781280517576,0.9631729125976562,0.9665179252624512,1.0,1.0,0.9810821254774468,25.34122467041016,0.0051683370152046,0.0474984179871855,,Infiniti,2
sscd_256,24,0.125,0.175,40,,,,,,,,,,1.6925032138824463,,1.8326308727264404,,,,,,,,,0.0,Isuzu,1
sscd_256,25,0.0434782608695652,0.1304347826086956,46,,,,,,,,,,1.8456677198410036,,1.8794951438903809,,,,,,,,,0.0,Jaguar,1
sscd_256,26,0.3853211009174312,0.6467889908256881,218,0.5825688073394495,0.7385321100917431,0.2981651376146789,0.0401920472349375,0.0139854162336096,0.2064220183486238,0.0,0.0,1.0,1.7601897716522217,1.8126060962677,1.861632823944092,0.971082329750061,0.97366464138031,1.0,1.0,0.976270224473163,32.86295318603516,0.3095475096807221,0.2280192832952574,,Jeep,5
sscd_256,27,0.379746835443038,0.6012658227848101,158,0.759493670886076,0.8037974683544303,0.6582278481012658,0.3885231795377021,0.3489429823232049,0.2784810126582278,0.0,0.0,1.0,1.7422429323196411,1.814434289932251,1.8719109296798704,0.960212767124176,0.9692952036857604,1.0,1.0,0.9688820350262368,30.679956436157227,0.3202229256404711,0.198034143269822,,Lamborghini,4
sscd_256,28,0.0595238095238095,0.3333333333333333,84,0.8095238095238095,0.7380952380952381,0.6309523809523809,0.0501023584410403,0.0572420134256026,0.5,0.0,0.0,1.0,1.781502604484558,1.8176910877227783,1.8540507555007932,0.9800909757614136,0.9803890585899352,1.0,1.0,0.989825500046662,31.72366714477539,0.6813663972617888,0.1738853269281714,,Land Rover,2
sscd_256,29,0.0,0.0769230769230769,39,,,,,,,,,,1.7737610340118408,,1.8386226892471316,,,,,,,,,0.0,Lincoln,1
sscd_256,30,0.6111111111111112,0.7222222222222222,36,,,,,,,,,,1.6894336938858032,,1.87632429599762,,,,,,,,,0.0,MINI,1
sscd_256,31,0.3103448275862069,0.3103448275862069,29,,,,,,,,,,1.7123918533325195,,1.8631080389022827,,,,,,,,,19.0,Maybach,1
sscd_256,32,0.0833333333333333,0.1944444444444444,36,,,,,,,,,,1.6758544445037842,,1.8209316730499268,,,,,,,,,0.0,Mazda,1
sscd_256,33,0.3409090909090909,0.2954545454545454,44,,,,,,,,,,1.722036361694336,,1.8669489622116089,,,,,,,,,0.0,McLaren,1
sscd_256,34,0.23046875,0.33984375,256,0.62890625,0.734375,0.4609375,0.2894245096443378,0.2032614786786735,0.1875,0.0,0.0,1.0,1.763862371444702,1.8535807132720947,1.8569616079330444,0.951597273349762,0.9981793165206908,1.0,1.0,0.9595586261497584,31.888954162597656,0.5151957485278106,0.4193320539014704,,Mercedes-Benz,6
sscd_256,35,0.0425531914893617,0.0851063829787234,47,,,,,,,,,,1.820246934890747,,1.857301115989685,,,,,,,,,0.0,Mitsubishi,1
sscd_256,36,0.1,0.2058823529411764,170,0.8411764705882353,0.8941176470588236,0.4705882352941176,0.152512925838741,0.1391802497372676,0.2705882352941176,0.0,0.0,1.0,1.8106285333633425,1.8859623670578003,1.8661826848983765,0.9600554704666138,1.0105990171432495,1.0,0.0,0.9685585642569554,31.9888916015625,0.3019548892967624,0.1964421812728625,,Nissan,4
sscd_256,37,0.1136363636363636,0.3409090909090909,44,,,,,,,,,,1.7710206508636477,,1.8755286931991575,,,,,,,,,0.0,Plymouth,1
sscd_256,38,0.0,0.0,43,,,,,,,,,,1.837760090827942,,1.8730640411376955,,,,,,,,,0.0,Porsche,1
sscd_256,39,0.25,0.25,40,,,,,,,,,,1.7041782140731812,,1.8404310941696167,,,,,,,,,0.0,Ram,1
sscd_256,40,0.1363636363636363,0.4181818181818181,110,0.5909090909090909,0.5727272727272728,0.4636363636363636,0.1493986008134175,0.1409139556514157,0.3909090909090909,0.0,0.0,1.0,1.8040276765823364,1.827144980430603,1.8591833114624023,0.9873478412628174,0.9827675223350524,1.0,1.0,0.9904688968731205,28.70939826965332,0.3460477875280949,0.2367773967498116,,Rolls-Royce,3
sscd_256,41,0.024390243902439,0.048780487804878,41,,,,,,,,,,1.8409274816513064,,1.8630403280258176,,,,,,,,,0.0,Scion,1
sscd_256,42,0.238095238095238,0.3333333333333333,84,0.75,0.8333333333333334,0.6309523809523809,0.0614342206525104,0.0578995173614663,0.5238095238095238,0.0,0.0,1.0,1.8156158924102783,1.848783493041992,1.8738471269607544,0.9820597767829896,0.9866244792938232,1.0,1.0,0.9905943247853576,33.13633728027344,0.1298319418240833,0.1915810005632708,,Spyker,2
sscd_256,43,0.1144578313253012,0.2710843373493976,166,0.5903614457831325,0.5301204819277109,0.4216867469879518,0.1177919391328514,0.092806698387005,0.2771084337349397,0.0,0.0,1.0,1.804087281227112,1.8418718576431277,1.8546334505081177,0.9794857501983644,0.9931190609931946,1.0,1.0,0.983991430350008,31.87212181091309,0.6627150013598883,0.3021880664108972,,Suzuki,4
sscd_256,44,0.0789473684210526,0.1052631578947368,38,,,,,,,,,,1.7204689979553225,,1.823033332824707,,,,,,,,,0.0,Tesla,1
sscd_256,45,0.1677018633540372,0.2919254658385093,161,0.6335403726708074,0.7267080745341615,0.3229813664596273,0.0255575054680025,0.0038643963254328,0.2670807453416149,0.0,0.0,1.0,1.739517092704773,1.7985191345214844,1.8309705257415767,0.9671940803527832,0.9822763800621032,1.0,1.0,0.974075084964951,30.20229721069336,0.5236971913533829,0.3568916965993314,,Toyota,4
sscd_256,46,0.1603053435114503,0.3053435114503817,131,0.900763358778626,0.900763358778626,0.7022900763358778,0.1304636011799934,0.1575537148151416,0.7022900763358778,0.1304636011799934,0.1575537148151416,2.0,1.8318394422531128,1.8865337371826167,1.8657923936843872,0.9710080623626708,1.011116623878479,1.0,0.0,0.9849157437099024,45.46781921386719,0.7541546495231272,0.6322701407532477,,Volkswagen,2
sscd_256,47,0.0542635658914728,0.2790697674418604,129,0.8449612403100775,0.9147286821705426,0.7209302325581395,0.3712892183236452,0.3683862949997039,0.5193798449612403,0.1257443205844452,0.1149962784412706,2.0,1.7504456043243408,1.856494426727295,1.852946639060974,0.9428768157958984,1.001914620399475,1.0,0.0,0.9607410675675,33.030155181884766,0.8799238866522403,0.4754021060940747,,Volvo,3
sscd_256,48,0.15,0.325,40,,,,,,,,,,1.7645899057388306,,1.8561075925827024,,,,,,,,,0.0,smart,1
fine_classifier_128,0,0.9772727272727272,0.9318181818181818,44,,,,,,,,,,0.4255509674549103,,1.99206805229187,,,,,,,,,2.0,AM General,1
fine_classifier_128,1,0.8680851063829788,0.8468085106382979,235,0.8851063829787233,0.9319148936170212,0.9148936170212766,0.8111617004173479,0.8177846105408768,0.5276595744680851,0.5778252190028152,0.3960548762089658,3.0,0.9867016673088074,1.748881459236145,1.9948817491531368,0.564190149307251,0.8766842484474182,1.0,1.0,0.6109326384336503,14.623425483703612,0.9815607687775182,0.9267585021435488,,Acura,6
fine_classifier_128,2,0.8823529411764706,0.8888888888888888,153,0.7843137254901961,0.803921568627451,0.8366013071895425,0.6193527934211956,0.6009705056754485,0.5098039215686274,0.4363444144949107,0.2492633448418437,2.0,0.9631399512290956,1.42695415019989,1.9939738512039185,0.6749621033668518,0.7156333327293396,1.0,1.0,0.7327966567725017,13.22280979156494,0.8397474330548307,0.7065857049171516,,Aston Martin,4
fine_classifier_128,3,0.9346642468239564,0.9183303085299456,551,0.7495462794918331,0.7840290381125227,0.7568058076225045,0.7224495167866848,0.5931940040279877,0.4174228675136116,0.6583411911401438,0.4182899963169702,5.0,0.9218175411224364,1.705417275428772,1.993643403053284,0.5405231714248657,0.8554274439811707,1.0,1.0,0.5504789354000142,14.299631118774414,0.8489327986116993,0.8011813034254256,,Audi,13
fine_classifier_128,4,0.9460500963391136,0.9402697495183044,519,0.8670520231213873,0.8709055876685935,0.8709055876685935,0.8069783376934506,0.7443172185274606,0.8709055876685935,0.8069783376934506,0.7443172185274606,13.0,0.9031047821044922,1.6481897830963137,1.989676594734192,0.5479373931884766,0.8283706903457642,1.0,1.0,0.5666337594455145,15.069701194763184,0.948023008288448,0.8905853838315718,,BMW,13
fine_classifier_128,5,0.9482758620689656,0.9353448275862069,232,0.9353448275862069,0.9267241379310344,0.9310344827586208,0.8322042993302152,0.8404920626588781,0.8793103448275862,0.776586878556439,0.777546529082041,6.0,0.7473044991493225,1.4743170738220217,1.9866002798080444,0.506881833076477,0.742130696773529,1.0,1.0,0.5736380403507643,13.024469375610352,0.9343174178020406,0.9165829143833976,,Bentley,5
fine_classifier_128,6,0.9571428571428572,0.9428571428571428,70,0.8857142857142857,0.9142857142857144,0.9142857142857144,0.5771511499101559,0.6819360414866033,0.9142857142857144,0.5771511499101559,0.6819360414866033,2.0,0.7047616839408875,1.006480693817139,1.967394590377808,0.7002237439155579,0.5115804672241211,1.0,1.0,0.8178047921923165,12.223088264465332,1.0,0.9230006731428138,,Bugatti,2
fine_classifier_128,7,0.9155844155844156,0.8636363636363636,154,0.9805194805194806,0.9935064935064936,0.9935064935064936,0.9785477817979674,0.9840122912284444,0.9935064935064936,0.9785477817979674,0.9840122912284444,4.0,0.8244016170501709,1.7334719896316528,1.958429455757141,0.4755782783031463,0.8851337432861328,1.0,1.0,0.5432541494958647,14.458812713623049,1.0,0.9950666498647772,,Buick,4
fine_classifier_128,8,0.9448818897637796,0.8818897637795275,127,1.0,1.0,1.0,1.0,1.0,1.0,1.0,1.0,3.0,0.750508189201355,1.604529619216919,1.9853100776672363,0.4677434265613556,0.808201014995575,1.0,1.0,0.5668324756343185,16.166627883911133,1.0,1.0,,Cadillac,3
fine_classifier_128,9,0.908371040723982,0.906108597285068,884,0.8054298642533937,0.8382352941176471,0.7986425339366516,0.8320705839228685,0.7001909796910673,0.7873303167420814,0.8468844115837385,0.7094975191753806,19.0,0.9521684646606444,1.8913754224777224,1.9828182458877563,0.5034264922142029,0.9538823962211608,1.0,1.0,0.5112255773422256,13.968487739562988,0.9169052700858386,0.8454062966536702,,Chevrolet,22
fine_classifier_128,10,0.91015625,0.86328125,256,0.9765625,0.984375,0.984375,0.9588461929578408,0.963908000786318,0.984375,0.9588461929578408,0.963908000786318,6.0,0.7862713932991028,1.7663850784301758,1.971972703933716,0.4451302289962768,0.8957452178001404,1.0,1.0,0.488445178001638,13.415160179138184,1.0,0.9937235286200437,,Chrysler,6
fine_classifier_128,11,0.9111111111111112,0.8444444444444444,45,,,,,,,,,,0.8731845617294312,,1.96641218662262,,,,,,,,,0.0,Daewoo,1
fine_classifier_128,12,0.9433656957928802,0.9029126213592232,618,0.9401294498381876,0.9385113268608414,0.9498381877022654,0.9250907468446016,0.908520738089974,0.843042071197411,0.897790192176846,0.8332430750026976,11.0,0.7480275630950928,1.795069694519043,1.979025721549988,0.4167122542858124,0.907047152519226,1.0,1.0,0.4409658564508354,13.79330062866211,0.9981910638445122,0.9492471924156304,,Dodge,13
fine_classifier_128,13,0.7608695652173914,0.6956521739130435,46,,,,,,,,,,1.1268872022628784,,1.9847666025161743,,,,,,,,,0.0,Eagle,1
fine_classifier_128,14,0.9833333333333332,0.9666666666666668,60,1.0,1.0,1.0,1.0,1.0,1.0,1.0,1.0,2.0,0.6696849465370178,1.5743913650512695,1.961031556129456,0.425361156463623,0.8028383851051331,1.0,1.0,0.5903764119022279,11.9464693069458,1.0,1.0,,FIAT,2
fine_classifier_128,15,0.8930817610062893,0.8930817610062893,159,0.8050314465408805,0.8050314465408805,0.8050314465408805,0.6366386116341166,0.6114580534388511,0.7232704402515723,0.6658583782654235,0.5945377309945168,3.0,0.8765302896499634,1.3783689737319946,1.986196994781494,0.6359184980392456,0.693973958492279,1.0,1.0,0.6959543036183176,12.504974365234377,0.9673542733382836,0.792637875109621,,Ferrari,4
fine_classifier_128,16,0.9069767441860463,0.8837209302325582,43,,,,,,,,,,0.9010576009750366,,1.9943054914474487,,,,,,,,,1.0,Fisker,1
fine_classifier_128,17,0.9278752436647172,0.8732943469785575,513,0.9844054580896686,0.98635477582846,0.9883040935672516,0.9754830548327252,0.9707314356466282,0.9883040935672516,0.9754830548327252,0.9707314356466282,11.0,0.7534251809120178,1.8833187818527224,1.9693307876586916,0.400051862001419,0.9563242197036744,1.0,1.0,0.4279478332091689,15.047011375427246,1.0,0.9933122456842668,,Ford,11
fine_classifier_128,18,0.8675213675213675,0.7777777777777778,234,0.9914529914529916,0.9871794871794872,0.9829059829059827,0.9522947842295038,0.9610757296057394,0.9829059829059827,0.9522947842295038,0.9610757296057394,5.0,0.8702759742736816,1.8290499448776243,1.969216465950012,0.4758076667785644,0.9288211464881896,1.0,1.0,0.5300925325242907,13.711865425109863,1.0,0.9875882606984314,,GMC,5
fine_classifier_128,19,0.9090909090909092,0.8863636363636364,44,,,,,,,,,,0.7229131460189819,,1.9753713607788088,,,,,,,,,1.0,Geo,1
fine_classifier_128,20,0.9629629629629628,0.9506172839506172,81,0.8395061728395061,0.8888888888888888,0.9135802469135802,0.5761351981616606,0.680216207317575,0.9135802469135802,0.5761351981616606,0.680216207317575,2.0,0.6617926359176636,0.9795111417770386,1.9735136032104488,0.6756356358528137,0.4963285624980926,1.0,1.0,0.8084120811407375,10.85507583618164,1.0,0.9022422574086872,,HUMMER,2
fine_classifier_128,21,0.90625,0.85625,160,0.95625,0.9375,0.93125,0.7594736912359457,0.8204357345598532,0.7375,0.6897622731092853,0.6683841705418883,2.0,0.9250721335411072,1.7117693424224854,1.9858907461166384,0.5404186844825745,0.861965537071228,1.0,1.0,0.6767400106296685,14.804336547851562,0.9305569144916124,0.9036042799816788,,Honda,3
fine_classifier_128,22,0.9116279069767442,0.8883720930232558,430,0.927906976744186,0.916279069767442,0.8976744186046511,0.8444926899554166,0.7972444380137836,0.8930232558139535,0.8591443261257182,0.8184366831806346,12.0,0.8598536252975464,1.7782690525054932,1.9778224229812624,0.483534038066864,0.8991045355796814,1.0,1.0,0.5059448784847481,13.042291641235352,0.8924782892697883,0.9029664582955694,,Hyundai,11
fine_classifier_128,23,0.8787878787878788,0.8333333333333334,66,1.0,0.9848484848484848,0.9848484848484848,0.9015711351427484,0.9393837291451552,0.9848484848484848,0.9015711351427484,0.9393837291451552,2.0,0.8597885370254517,1.854575634002685,1.983850121498108,0.4636039137840271,0.9348365664482116,1.0,1.0,0.6286034249037856,13.324995040893556,1.0,0.9848459322862888,,Infiniti,2
fine_classifier_128,24,0.975,0.925,40,,,,,,,,,,0.689536988735199,,1.9644609689712524,,,,,,,,,1.0,Isuzu,1
fine_classifier_128,25,0.7391304347826086,0.6521739130434783,46,,,,,,,,,,1.1321793794631958,,1.9806780815124512,,,,,,,,,0.0,Jaguar,1
fine_classifier_128,26,0.9357798165137616,0.944954128440367,218,0.9403669724770642,0.9403669724770642,0.9541284403669724,0.8845571300462821,0.8900381776912798,0.9541284403669724,0.8845571300462821,0.8900381776912798,5.0,0.6425853967666626,1.55773663520813,1.9794487953186035,0.4125122129917145,0.7869547605514526,1.0,1.0,0.4644935588989322,11.187265396118164,1.0,0.9820664524068264,,Jeep,5
fine_classifier_128,27,0.9113924050632912,0.9177215189873418,158,0.9430379746835444,0.9240506329113924,0.9240506329113924,0.814742082347503,0.812266153621123,0.9240506329113924,0.814742082347503,0.812266153621123,4.0,0.7426317930221558,1.6132168769836426,1.9854835271835327,0.4603421986103058,0.8125057816505432,1.0,1.0,0.5243831547734319,10.223092079162598,1.0,0.950074569446328,,Lamborghini,4
fine_classifier_128,28,0.9404761904761904,0.9166666666666666,84,0.9404761904761904,0.9523809523809524,0.9523809523809524,0.7321834651208458,0.8163869148024223,0.9523809523809524,0.7321834651208458,0.8163869148024223,2.0,0.7271293997764587,1.1414005756378174,1.9680019617080688,0.6370501518249512,0.5799793601036072,1.0,1.0,0.7762169644181979,15.42036247253418,1.0,0.9880939056374392,,Land Rover,2
fine_classifier_128,29,0.8461538461538461,0.7948717948717948,39,,,,,,,,,,0.9151254892349244,,2.008718013763428,,,,,,,,,1.0,Lincoln,1
fine_classifier_128,30,0.9722222222222222,0.8333333333333334,36,,,,,,,,,,0.6537153720855713,,1.9559547901153564,,,,,,,,,3.0,MINI,1
fine_classifier_128,31,0.9655172413793104,0.8275862068965517,29,,,,,,,,,,0.9541118144989014,,1.981760144233704,,,,,,,,,4.0,Maybach,1
fine_classifier_128,32,0.9166666666666666,0.8888888888888888,36,,,,,,,,,,0.7463499903678894,,1.9489367008209229,,,,,,,,,1.0,Mazda,1
fine_classifier_128,33,0.9318181818181818,0.9318181818181818,44,,,,,,,,,,0.5341053009033203,,1.9545533657073972,,,,,,,,,3.0,McLaren,1
fine_classifier_128,34,0.93359375,0.9140625,256,0.9140625,0.921875,0.91796875,0.8672895655419919,0.8193636134493477,0.828125,0.8729544647804055,0.7806709834285478,5.0,0.8271101117134094,1.7930281162261963,1.987302303314209,0.4612923264503479,0.9022422432899476,1.0,1.0,0.5054033509830735,15.13531494140625,1.0,0.8850349048867978,,Mercedes-Benz,6
fine_classifier_128,35,0.7659574468085106,0.6595744680851063,47,,,,,,,,,,1.1129248142242432,,1.979261040687561,,,,,,,,,1.0,Mitsubishi,1
fine_classifier_128,36,0.9470588235294116,0.888235294117647,170,1.0,0.9941176470588236,1.0,1.0,1.0,1.0,1.0,1.0,4.0,0.8168980479240417,1.9164077043533323,1.9765509366989136,0.4262652695178985,0.9695716500282288,1.0,1.0,0.4960178939186926,16.257064819335938,1.0,0.9795283858629018,,Nissan,4
fine_classifier_128,37,0.8636363636363636,0.8181818181818182,44,,,,,,,,,,0.672593355178833,,1.9780535697937007,,,,,,,,,1.0,Plymouth,1
fine_classifier_128,38,0.813953488372093,0.813953488372093,43,,,,,,,,,,1.0559438467025757,,1.9881742000579836,,,,,,,,,0.0,Porsche,1
fine_classifier_128,39,0.675,0.625,40,,,,,,,,,,0.909572184085846,,1.9681251049041748,,,,,,,,,3.0,Ram,1
fine_classifier_128,40,0.8909090909090909,0.8363636363636363,110,0.8818181818181818,0.9,0.8818181818181818,0.6399531875544302,0.6685356653314706,0.8818181818181818,0.6399531875544302,0.6685356653314706,3.0,0.8061003088951111,1.3059099912643433,1.9874043464660645,0.6172709465026855,0.6570932269096375,1.0,1.0,0.7099522045818725,12.231766700744627,0.961869382759692,0.8476755820211593,,Rolls-Royce,3
fine_classifier_128,41,0.926829268292683,0.8048780487804879,41,,,,,,,,,,0.9256077408790588,,1.964644432067871,,,,,,,,,3.0,Scion,1
fine_classifier_128,42,0.8214285714285714,0.7976190476190477,84,0.8690476190476191,0.8690476190476191,0.8809523809523809,0.4760586075824457,0.5753947404806017,0.6904761904761905,0.3202815269169871,0.3825325571435369,6.0,1.0490732192993164,1.244849443435669,1.9753222465515137,0.8427309989929199,0.6302006840705872,1.0,1.0,0.9170514460994604,15.10534954071045,0.8175384438432944,0.6855698568092701,,Spyker,2
fine_classifier_128,43,0.8734939759036144,0.8192771084337349,166,0.8975903614457831,0.8855421686746988,0.8855421686746988,0.7311355016517126,0.7344552618533958,0.7710843373493976,0.707831588000886,0.6809881388145187,6.0,0.9728833436965942,1.633175253868103,1.96764075756073,0.5957005023956299,0.8300169706344604,1.0,1.0,0.6619747062657156,13.793317794799805,0.9814124617601891,0.924677513556502,,Suzuki,4
fine_classifier_128,44,0.9473684210526316,0.868421052631579,38,,,,,,,,,,0.9354322552680968,,1.9981597661972048,,,,,,,,,1.0,Tesla,1
fine_classifier_128,45,0.8944099378881988,0.8260869565217391,161,0.9565217391304348,0.9813664596273292,0.9813664596273292,0.9427998603887068,0.9495935565597032,0.5093167701863354,0.6662289111194895,0.494700327616111,2.0,0.8814072608947754,1.8677340745925903,1.9893468618392944,0.4719126224517822,0.93886798620224,1.0,1.0,0.5399542623124329,14.571985244750977,1.0,0.973605524952473,,Toyota,4
fine_classifier_128,46,0.900763358778626,0.8778625954198473,131,1.0,1.0,1.0,1.0,1.0,1.0,1.0,1.0,2.0,1.0061537027359009,2.0959956645965576,1.954800009727478,0.4800361692905426,1.0722302198410034,1.0,0.0,0.650957367675518,14.74983024597168,1.0,1.0,,Volkswagen,2
fine_classifier_128,47,0.9224806201550388,0.8837209302325582,129,1.0,1.0,1.0,0.9999999999999998,1.0,1.0,0.9999999999999998,1.0,3.0,0.8291760087013245,1.9508326053619385,1.95877742767334,0.4250369966030121,0.9959439635276794,1.0,1.0,0.5267417248508124,14.792095184326172,1.0,1.0,,Volvo,3
fine_classifier_128,48,0.9,0.9,40,,,,,,,,,,0.6639706492424011,,1.9580014944076536,,,,,,,,,1.0,smart,1
