group,metric,mean,lo,hi,n,set,k
1,mixture_error,0.00833333333333331,0.0074166666666666495,0.009333333333333308,150,mixed_k10,10
1,kid_T,1.255965641039535,1.2062913082093736,1.3107969631823984,150,mixed_k10,10
1,coverage_T,0.17303816159184257,0.16340162409454123,0.18260996704570528,150,mixed_k10,10
1,kid_S,1.0718717905316482,1.031622608295519,1.1161599704684495,150,mixed_k10,10
1,coverage_S,0.746,0.7146500000000003,0.7746666666666671,150,mixed_k10,10
1,sim_S,0.32800030082464215,0.31509867180138823,0.3424345475311081,150,mixed_k10,10
1,sim_T,0.47443456371625264,0.4633568398902813,0.4866968668848276,150,mixed_k10,10
1,sim_T_to_S,0.2464209454258283,0.24269225987792015,0.2503191954890887,150,mixed_k10,10
1,ratio_S,1.3339252356688183,1.2830214032729468,1.3929132221738496,150,mixed_k10,10
1,div_gen,0.07551372696955999,0.06830368329336246,0.08260759795208772,150,mixed_k10,10
1,div_T,0.23572496424118677,0.2301162949303786,0.24122138014435768,150,mixed_k10,10
1,div_ratio,0.30645844386412874,0.2833898631979331,0.32918133422380336,150,mixed_k10,10
1,hit,,,,150,mixed_k10,10
2,mixture_error,0.008333333333333316,0.007083333333333321,0.009444444444444425,90,mixed_k10,10
2,kid_T,1.0464925398634868,0.9997616271323861,1.0881295710123116,90,mixed_k10,10
2,coverage_T,0.23671438159647235,0.22665959959973594,0.2465582067303245,90,mixed_k10,10
2,kid_S,1.01644598499187,0.9666841171614757,1.0694400141661315,90,mixed_k10,10
2,coverage_S,0.7922222222222222,0.7633055555555551,0.8222222222222219,90,mixed_k10,10
2,sim_S,0.3529501691460609,0.3370261436700821,0.3677254369316829,90,mixed_k10,10
2,sim_T,0.46563291913933225,0.4520799984286229,0.4795801401303874,90,mixed_k10,10
2,sim_T_to_S,0.24315957493252224,0.23990961510274145,0.24649130971481403,90,mixed_k10,10
2,ratio_S,1.445838886499405,1.390003690239456,1.4963362733191914,90,mixed_k10,10
2,div_gen,0.04990688866625229,0.046617443908212916,0.05353571236495756,90,mixed_k10,10
2,div_T,0.21073042352994284,0.20794892384774155,0.21354168988350367,90,mixed_k10,10
2,div_ratio,0.2363674619653112,0.2211903284124467,0.2526600915704256,90,mixed_k10,10
2,hit,,,,90,mixed_k10,10
3,mixture_error,0.00833333333333331,0.007416666666666648,0.009333333333333308,150,mixed_k10,10
3,kid_T,1.2666311603177303,1.2029129647553178,1.3439458677454283,150,mixed_k10,10
3,coverage_T,0.17523686117575263,0.16444671636569194,0.1852957500875264,150,mixed_k10,10
3,kid_S,1.0932582690917403,1.0300952343696208,1.162751082832174,150,mixed_k10,10
3,coverage_S,0.7139999999999997,0.6779833333333332,0.7500000000000002,150,mixed_k10,10
3,sim_S,0.2768928309281667,0.26653544427206116,0.2879982547511657,150,mixed_k10,10
3,sim_T,0.3843823476632436,0.3739923578451077,0.3957883304208517,150,mixed_k10,10
3,sim_T_to_S,0.2443866036335627,0.24129023165752492,0.24725947027901807,150,mixed_k10,10
3,ratio_S,1.1317051792144774,1.0935876385867596,1.1735868528385958,150,mixed_k10,10
3,div_gen,0.09403426063557466,0.08718055042251945,0.10087037519241374,150,mixed_k10,10
3,div_T,0.2386136860648791,0.23255625864118337,0.24493147131055595,150,mixed_k10,10
3,div_ratio,0.3818517144897017,0.3603493564937822,0.40370100746986076,150,mixed_k10,10
3,hit,,,,150,mixed_k10,10
4,mixture_error,0.00833333333333331,0.007333333333333316,0.009249999999999975,150,mixed_k10,10
4,kid_T,1.2830920971213606,1.1955538879534908,1.3770666275089283,150,mixed_k10,10
4,coverage_T,0.20293515761623293,0.192169182383233,0.2140744190063812,150,mixed_k10,10
4,kid_S,1.1627160758947162,1.068368296157987,1.2663349253747802,150,mixed_k10,10
4,coverage_S,0.7026666666666673,0.664666666666667,0.7380000000000002,150,mixed_k10,10
4,sim_S,0.2619731652736664,0.2504002492427826,0.2744639934624235,150,mixed_k10,10
4,sim_T,0.37826930701732636,0.3602150818755229,0.39765397892395654,150,mixed_k10,10
4,sim_T_to_S,0.24742548127969105,0.24458041226118804,0.2504071463122964,150,mixed_k10,10
4,ratio_S,1.056539037823677,1.014220642119646,1.1033507974048455,150,mixed_k10,10
4,div_gen,0.09012591590483983,0.08402208724928399,0.09635974115878344,150,mixed_k10,10
4,div_T,0.22420888314644496,0.22073429523656765,0.22739736162871121,150,mixed_k10,10
4,div_ratio,0.3974298751977675,0.3725705928398396,0.424309007355773,150,mixed_k10,10
4,hit,,,,150,mixed_k10,10
5,mixture_error,0.00833333333333331,0.007416666666666648,0.009249999999999975,150,mixed_k10,10
5,kid_T,1.4469965551981094,1.3084480811614287,1.6013344698595404,150,mixed_k10,10
5,coverage_T,0.15434081403201313,0.14468591688259463,0.16493352200792058,150,mixed_k10,10
5,kid_S,1.3339662768461367,1.199666919795704,1.4915263340611862,150,mixed_k10,10
5,coverage_S,0.716,0.6793333333333333,0.7473333333333334,150,mixed_k10,10
5,sim_S,0.3192169736822446,0.30546236103028057,0.33516800950964293,150,mixed_k10,10
5,sim_T,0.5024822823206584,0.47085345986982186,0.5370147690574328,150,mixed_k10,10
5,sim_T_to_S,0.2471425414085388,0.24481110241264106,0.24969765368352334,150,mixed_k10,10
5,ratio_S,1.2904724899927775,1.235007367193699,1.3518476006388664,150,mixed_k10,10
5,div_gen,0.09439769138892491,0.08674145953853925,0.10203089618434508,150,mixed_k10,10
5,div_T,0.20690185199181238,0.20338705704609555,0.21043567318220935,150,mixed_k10,10
5,div_ratio,0.4548678987417195,0.4171834988429297,0.4914158666740365,150,mixed_k10,10
5,hit,,,,150,mixed_k10,10
6,mixture_error,0.008333333333333323,0.005000000000000001,0.010833333333333328,15,mixed_k10,10
6,kid_T,1.0399647414257787,0.9711869247606766,1.1099370885446254,15,mixed_k10,10
6,coverage_T,0.13666666666666666,0.1277777777777778,0.14555555555555558,15,mixed_k10,10
6,kid_S,1.0359371278655838,0.9370626426817348,1.1457659494265315,15,mixed_k10,10
6,coverage_S,0.6733333333333335,0.5666666666666667,0.7799999999999999,15,mixed_k10,10
6,sim_S,0.3074359993139903,0.2843276683489481,0.329473636696736,15,mixed_k10,10
6,sim_T,0.3571767052014669,0.3427152852217356,0.37291522363821666,15,mixed_k10,10
6,sim_T_to_S,0.22525735000769298,0.21974752786258858,0.23116050397356352,15,mixed_k10,10
6,ratio_S,1.3670709212621053,1.2581872087717056,1.4749553793668748,15,mixed_k10,10
6,div_gen,0.03624965250492096,0.03242046386003494,0.04135523736476898,15,mixed_k10,10
6,div_T,0.17108206351598104,0.169536677946647,0.17272242568433285,15,mixed_k10,10
6,div_ratio,0.21211863862683894,0.18826242249037548,0.24146672542799605,15,mixed_k10,10
6,hit,,,,15,mixed_k10,10
7,mixture_error,0.008333333333333316,0.007083333333333323,0.009444444444444425,90,mixed_k10,10
7,kid_T,1.4037032626080417,1.326032277957683,1.478077845499499,90,mixed_k10,10
7,coverage_T,0.10668456993068816,0.09727860322722506,0.11673249151122778,90,mixed_k10,10
7,kid_S,1.189699707334464,1.1241613060541464,1.2583443014379443,90,mixed_k10,10
7,coverage_S,0.6677777777777772,0.633333333333333,0.7055555555555553,90,mixed_k10,10
7,sim_S,0.3023797927631272,0.29038146841857165,0.31417947818421654,90,mixed_k10,10
7,sim_T,0.3786957975890901,0.371180070547594,0.38589539531204436,90,mixed_k10,10
7,sim_T_to_S,0.23987821655140984,0.23677577131324343,0.24320834138741096,90,mixed_k10,10
7,ratio_S,1.2604716784424252,1.2131247277061146,1.3085057112077871,90,mixed_k10,10
7,div_gen,0.11148013733327389,0.10301564572068553,0.12040235442419847,90,mixed_k10,10
7,div_T,0.2643335594071282,0.2589109571857585,0.2692612500488758,90,mixed_k10,10
7,div_ratio,0.42096655252023935,0.3927624201112435,0.4507568600048723,90,mixed_k10,10
7,hit,,,,90,mixed_k10,10
8,mixture_error,0.008333333333333323,0.006666666666666657,0.009999999999999985,45,mixed_k10,10
8,kid_T,1.670711138383116,1.543593375987686,1.7873556744743546,45,mixed_k10,10
8,coverage_T,0.07368623995300273,0.06416619268872334,0.08272374429223746,45,mixed_k10,10
8,kid_S,1.4586824385514474,1.338052293356638,1.5887968328502757,45,mixed_k10,10
8,coverage_S,0.47777777777777786,0.43111111111111117,0.5222222222222224,45,mixed_k10,10
8,sim_S,0.25691996382342447,0.24103218932946524,0.2726366244753202,45,mixed_k10,10
8,sim_T,0.3476027018494076,0.337943014535639,0.3573425959216224,45,mixed_k10,10
8,sim_T_to_S,0.24937493205070496,0.24615312564704153,0.2528286003404194,45,mixed_k10,10
8,ratio_S,1.0313773115475973,0.9667322514123387,1.0950110613306363,45,mixed_k10,10
8,div_gen,0.09783867001533508,0.09068537008017302,0.1053963425176011,45,mixed_k10,10
8,div_T,0.22922230826483833,0.22650604421065912,0.2321502634137869,45,mixed_k10,10
8,div_ratio,0.4287096038614562,0.39520373189843133,0.46273398587207387,45,mixed_k10,10
8,hit,,,,45,mixed_k10,10
9,mixture_error,0.00833333333333331,0.007416666666666648,0.009333333333333306,150,mixed_k10,10
9,kid_T,1.3584297234506937,1.3036882817577247,1.417947731794301,150,mixed_k10,10
9,coverage_T,0.18038383587888157,0.17031909447275198,0.19088235780989551,150,mixed_k10,10
9,kid_S,1.1062333768768515,1.0599417848827097,1.155826551979284,150,mixed_k10,10
9,coverage_S,0.7653333333333331,0.735983333333333,0.7939999999999999,150,mixed_k10,10
9,sim_S,0.27763127863407133,0.2672859367951751,0.28768183921525875,150,mixed_k10,10
9,sim_T,0.36696686178445814,0.35603283521781365,0.3775091890469193,150,mixed_k10,10
9,sim_T_to_S,0.2419475563367208,0.23879354879260062,0.24528362386176983,150,mixed_k10,10
9,ratio_S,1.148646329243978,1.1081330832441647,1.190324948310852,150,mixed_k10,10
9,div_gen,0.09215435621639093,0.08699500640792152,0.0976608231558154,150,mixed_k10,10
9,div_T,0.26495786259571713,0.26146860246360304,0.2686893387635549,150,mixed_k10,10
9,div_ratio,0.3421108227069403,0.3248894037213744,0.36048397687516287,150,mixed_k10,10
9,hit,,,,150,mixed_k10,10
10,mixture_error,0.00833333333333331,0.007416666666666646,0.009249999999999975,150,mixed_k10,10
10,kid_T,1.25184197038404,1.1905658652254474,1.3123848374023077,150,mixed_k10,10
10,coverage_T,0.22013652475435522,0.2115977912721914,0.22910178936906825,150,mixed_k10,10
10,kid_S,1.0052135114021188,0.961774599214504,1.048109467973437,150,mixed_k10,10
10,coverage_S,0.8486666666666667,0.8233333333333338,0.8726666666666665,150,mixed_k10,10
10,sim_S,0.2748039437333743,0.2646529599924882,0.2860745283961296,150,mixed_k10,10
10,sim_T,0.39517198026180267,0.38380313356717427,0.4080055065800746,150,mixed_k10,10
10,sim_T_to_S,0.2351805227001508,0.2331750119253993,0.23712304026385148,150,mixed_k10,10
10,ratio_S,1.1705697059631348,1.126958100696405,1.2206757761935394,150,mixed_k10,10
10,div_gen,0.09742927489181359,0.09213192166201771,0.10242040633037686,150,mixed_k10,10
10,div_T,0.2728016795714696,0.2698310671572884,0.27542195074260234,150,mixed_k10,10
10,div_ratio,0.3541024922416254,0.336804424128859,0.37105253378035047,150,mixed_k10,10
10,hit,,,,150,mixed_k10,10
12,mixture_error,0.00833333333333331,0.007416666666666648,0.009249999999999975,150,mixed_k10,10
12,kid_T,1.689432859810993,1.5877509026527346,1.7991352359820012,150,mixed_k10,10
12,coverage_T,0.07389168642003921,0.06399879517147279,0.0829770064231409,150,mixed_k10,10
12,kid_S,1.4103476291714163,1.3152096454924644,1.5120072604743275,150,mixed_k10,10
12,coverage_S,0.5506666666666669,0.5113166666666665,0.5933500000000002,150,mixed_k10,10
12,sim_S,0.2623743599653244,0.2559324562251568,0.2688819737657904,150,mixed_k10,10
12,sim_T,0.33370781064033506,0.3276807906428973,0.33979155515134335,150,mixed_k10,10
12,sim_T_to_S,0.23936742017666499,0.23611707761635384,0.2423204258903861,150,mixed_k10,10
12,ratio_S,1.0982710206508637,1.071477868527174,1.1252866342663765,150,mixed_k10,10
12,div_gen,0.12426082789897919,0.11703784077738723,0.13153406876325607,150,mixed_k10,10
12,div_T,0.26169387380282083,0.2578465649758776,0.2653404799848795,150,mixed_k10,10
12,div_ratio,0.47093683843221984,0.44630917113739565,0.49529622070333196,150,mixed_k10,10
12,hit,,,,150,mixed_k10,10
14,mixture_error,0.008333333333333323,0.004999999999999993,0.010833333333333328,15,mixed_k10,10
14,kid_T,1.0819114815585849,0.9437648411267875,1.2085132015004931,15,mixed_k10,10
14,coverage_T,0.2973333333333333,0.28800000000000003,0.30533333333333335,15,mixed_k10,10
14,kid_S,0.9569145807177915,0.8865348930021324,1.0344133936649336,15,mixed_k10,10
14,coverage_S,0.7400000000000001,0.6466666666666667,0.8333333333333335,15,mixed_k10,10
14,sim_S,0.343402287364006,0.3110648652166128,0.37541153085728485,15,mixed_k10,10
14,sim_T,0.40869204004605614,0.39608539978663126,0.41824511210123694,15,mixed_k10,10
14,sim_T_to_S,0.25716397960980736,0.24595837354660036,0.2670971412460009,15,mixed_k10,10
14,ratio_S,1.3430536071459451,1.2158638654152554,1.4721231108903885,15,mixed_k10,10
14,div_gen,0.06312057251731555,0.056452867885430656,0.0720108114182949,15,mixed_k10,10
14,div_T,0.20593933165073394,0.20406651144226393,0.20762463316321372,15,mixed_k10,10
14,div_ratio,0.3072291408155718,0.27235627779669913,0.3522025825528518,15,mixed_k10,10
14,hit,,,,15,mixed_k10,10
15,mixture_error,0.008333333333333316,0.007218749999999985,0.009583333333333314,90,mixed_k10,10
15,kid_T,1.125370983409672,1.0539354200731768,1.199610618270755,90,mixed_k10,10
15,coverage_T,0.09336694492115744,0.08136690311854546,0.10763753326524732,90,mixed_k10,10
15,kid_S,1.0614422225766478,0.9731438547188853,1.151216651544545,90,mixed_k10,10
15,coverage_S,0.5444444444444444,0.48666666666666686,0.6044722222222223,90,mixed_k10,10
15,sim_S,0.36916345689031815,0.34795905468778476,0.39153617691662573,90,mixed_k10,10
15,sim_T,0.5267930613623725,0.5056962594058779,0.5513715958429708,90,mixed_k10,10
15,sim_T_to_S,0.25964906414349875,0.25630198007242544,0.2629780806394087,90,mixed_k10,10
15,ratio_S,1.421807418929206,1.345595385912392,1.5024486366576617,90,mixed_k10,10
15,div_gen,0.05824617627594206,0.05401513358888527,0.06244307992565963,90,mixed_k10,10
15,div_T,0.17462192906273735,0.17013251285586092,0.17949049836231604,90,mixed_k10,10
15,div_ratio,0.3322506217153905,0.3117372382651214,0.35249896335399,90,mixed_k10,10
15,hit,,,,90,mixed_k10,10
17,mixture_error,0.00833333333333331,0.007416666666666648,0.00933333333333331,150,mixed_k10,10
17,kid_T,1.5057571555675644,1.411186382071368,1.6066571391482303,150,mixed_k10,10
17,coverage_T,0.19882519195582346,0.18472414972563148,0.2122662459864865,150,mixed_k10,10
17,kid_S,1.1894720043841966,1.1002334571203236,1.2840979121416811,150,mixed_k10,10
17,coverage_S,0.7013333333333336,0.6586500000000001,0.743333333333334,150,mixed_k10,10
17,sim_S,0.30073150555292766,0.29275130459169546,0.3090908783103029,150,mixed_k10,10
17,sim_T,0.37435330549875895,0.3677274966041247,0.3806752996643384,150,mixed_k10,10
17,sim_T_to_S,0.24534540325403215,0.242659110357364,0.2481200197612246,150,mixed_k10,10
17,ratio_S,1.2261959977944692,1.1958094545205433,1.2543349427978197,150,mixed_k10,10
17,div_gen,0.11720792725682258,0.11089970969284575,0.12369194619481762,150,mixed_k10,10
17,div_T,0.27840285380681357,0.2757565469543139,0.2809098692710201,150,mixed_k10,10
17,div_ratio,0.42209090665391535,0.3986138709406852,0.4468214196957267,150,mixed_k10,10
17,hit,,,,150,mixed_k10,10
18,mixture_error,0.00833333333333331,0.007249999999999985,0.009333333333333308,150,mixed_k10,10
18,kid_T,1.6460272165461634,1.5313400174694694,1.7625399559909012,150,mixed_k10,10
18,coverage_T,0.13275738924585245,0.1252212745214635,0.1408421980519528,150,mixed_k10,10
18,kid_S,1.4548139185945301,1.3357108034961576,1.5648099315259962,150,mixed_k10,10
18,coverage_S,0.67,0.6326666666666673,0.7080333333333334,150,mixed_k10,10
18,sim_S,0.30997995028893155,0.2980484861135483,0.32469792645176254,150,mixed_k10,10
18,sim_T,0.5088124932845434,0.4789874684562286,0.5377626795371373,150,mixed_k10,10
18,sim_T_to_S,0.254724507133166,0.25273857862750687,0.2566690847824017,150,mixed_k10,10
18,ratio_S,1.216774521668752,1.1703670024971167,1.274594408849875,150,mixed_k10,10
18,div_gen,0.11505022346973419,0.10919889953732491,0.12113781961550316,150,mixed_k10,10
18,div_T,0.26172430912653605,0.25937570678194366,0.2642338320215543,150,mixed_k10,10
18,div_ratio,0.4410787280246142,0.417500465202298,0.4648242008563524,150,mixed_k10,10
18,hit,,,,150,mixed_k10,10
20,mixture_error,0.008333333333333323,0.004999999999999997,0.010854166666666649,15,mixed_k10,10
20,kid_T,1.3384917958604723,1.2324244803872857,1.4471516636530322,15,mixed_k10,10
20,coverage_T,0.11737089201877936,0.10704225352112678,0.12957746478873242,15,mixed_k10,10
20,kid_S,1.270334135911479,1.1773976446953487,1.3594344315836913,15,mixed_k10,10
20,coverage_S,0.7066666666666669,0.6066666666666668,0.7999999999999999,15,mixed_k10,10
20,sim_S,0.29535364409287773,0.27726533782978857,0.3141148466865222,15,mixed_k10,10
20,sim_T,0.41058510541915894,0.3997766375541687,0.42139357328414917,15,mixed_k10,10
20,sim_T_to_S,0.2729506770769755,0.26380782211820286,0.28280402859052023,15,mixed_k10,10
20,ratio_S,1.0861258347829184,1.010875538190206,1.154839194615682,15,mixed_k10,10
20,div_gen,0.0584218663473924,0.05219908067335685,0.06665029476086298,15,mixed_k10,10
20,div_T,0.2333844482898712,0.23145948695639768,0.23512554744879405,15,mixed_k10,10
20,div_ratio,0.2503129142420179,0.22225262747294824,0.2844847730069233,15,mixed_k10,10
20,hit,,,,15,mixed_k10,10
21,mixture_error,0.008333333333333323,0.006666666666666654,0.009999999999999985,45,mixed_k10,10
21,kid_T,1.5531242937804077,1.4611636853569148,1.6515561156448597,45,mixed_k10,10
21,coverage_T,0.13442693759857938,0.12805756182621858,0.1412795478047344,45,mixed_k10,10
21,kid_S,1.43686414415869,1.3497828568244628,1.5255267943436837,45,mixed_k10,10
21,coverage_S,0.648888888888889,0.5822222222222226,0.7156111111111112,45,mixed_k10,10
21,sim_S,0.29667721655633716,0.2773411022292243,0.31736875083711413,45,mixed_k10,10
21,sim_T,0.48111398617426554,0.4573722342318959,0.5051952639056577,45,mixed_k10,10
21,sim_T_to_S,0.2532482792933782,0.24947823712395295,0.2575302949547768,45,mixed_k10,10
21,ratio_S,1.1680247465769449,1.0968534912996821,1.246566836072339,45,mixed_k10,10
21,div_gen,0.06969765946269035,0.06305511480404272,0.07671376764981283,45,mixed_k10,10
21,div_T,0.24625632796022628,0.2418731976631615,0.25039504735006224,45,mixed_k10,10
21,div_ratio,0.2803701082328215,0.25660759959275553,0.30622787884607583,45,mixed_k10,10
21,hit,,,,45,mixed_k10,10
22,mixture_error,0.00833333333333331,0.007333333333333313,0.009249999999999975,150,mixed_k10,10
22,kid_T,1.4726722352545927,1.3963210525922756,1.5458546363265813,150,mixed_k10,10
22,coverage_T,0.18194588661608246,0.17015587503405089,0.19284531711397782,150,mixed_k10,10
22,kid_S,1.2447277225969013,1.1650022344912496,1.3255873990958387,150,mixed_k10,10
22,coverage_S,0.674,0.6393333333333331,0.7099999999999997,150,mixed_k10,10
22,sim_S,0.29515606790781024,0.28407050073395174,0.30743699727704127,150,mixed_k10,10
22,sim_T,0.3705913869539897,0.36116870359083014,0.38029074376821514,150,mixed_k10,10
22,sim_T_to_S,0.2428030855456988,0.23930884476999442,0.24571466589470706,150,mixed_k10,10
22,ratio_S,1.2154695252577463,1.1750180407067141,1.2611937546034653,150,mixed_k10,10
22,div_gen,0.10661924630403519,0.10123950223873059,0.11222719264899692,150,mixed_k10,10
22,div_T,0.2676298407713572,0.2647828310628732,0.27039290298273166,150,mixed_k10,10
22,div_ratio,0.3982253010431168,0.377952768024032,0.41822577745276457,150,mixed_k10,10
22,hit,,,,150,mixed_k10,10
23,mixture_error,0.008333333333333323,0.00499999999999999,0.010833333333333328,15,mixed_k10,10
23,kid_T,1.2813266256751559,1.046842778086164,1.4805050681529603,15,mixed_k10,10
23,coverage_T,0.29285714285714276,0.27976190476190477,0.3083630952380953,15,mixed_k10,10
23,kid_S,0.8693915130173625,0.7852019066366549,0.9557342092673261,15,mixed_k10,10
23,coverage_S,0.8400000000000001,0.7866666666666666,0.9,15,mixed_k10,10
23,sim_S,0.37030558784802753,0.322620964795351,0.4277725947399934,15,mixed_k10,10
23,sim_T,0.5431118011474609,0.5003446678320567,0.5820201595624288,15,mixed_k10,10
23,sim_T_to_S,0.27488074799378714,0.266376376748085,0.28261247518161936,15,mixed_k10,10
23,ratio_S,1.3474501649538675,1.1905918006102245,1.5408341375986734,15,mixed_k10,10
23,div_gen,0.10591526329517365,0.09472702046235403,0.12083289722601573,15,mixed_k10,10
23,div_T,0.24566261569658915,0.2442402437329292,0.24693189966181914,15,mixed_k10,10
23,div_ratio,0.4314208554306325,0.3842628357279547,0.492820703717224,15,mixed_k10,10
23,hit,,,,15,mixed_k10,10
26,mixture_error,0.00833333333333331,0.007333333333333316,0.009249999999999975,150,mixed_k10,10
26,kid_T,1.1356453896406267,1.0976039942934954,1.1757540857618312,150,mixed_k10,10
26,coverage_T,0.18946493447332902,0.1853605675636823,0.19331387116991383,150,mixed_k10,10
26,kid_S,1.019958507255059,0.9819186202470226,1.0553464005461508,150,mixed_k10,10
26,coverage_S,0.8400000000000001,0.8220000000000003,0.8606666666666674,150,mixed_k10,10
26,sim_S,0.306849751273791,0.2996933900937438,0.3140625194460153,150,mixed_k10,10
26,sim_T,0.3879115355014801,0.3821768041600784,0.3939483014692863,150,mixed_k10,10
26,sim_T_to_S,0.24476632903019588,0.24232675896584988,0.24729388762762147,150,mixed_k10,10
26,ratio_S,1.2562203792730968,1.227150258968274,1.289332087924083,150,mixed_k10,10
26,div_gen,0.061607525373498596,0.05846865984983742,0.0648638189136982,150,mixed_k10,10
26,div_T,0.23691353311141333,0.23420685870945454,0.23961920262128114,150,mixed_k10,10
26,div_ratio,0.25922095116307914,0.2468220169629164,0.27187012418044504,150,mixed_k10,10
26,hit,,,,150,mixed_k10,10
27,mixture_error,0.008333333333333316,0.0069444444444444345,0.009447916666666644,90,mixed_k10,10
27,kid_T,1.0851998088113255,1.0201689031358911,1.1465516158225428,90,mixed_k10,10
27,coverage_T,0.1719785265380837,0.1646995516890384,0.17916502103588064,90,mixed_k10,10
27,kid_S,0.9740898113467472,0.9103466914066679,1.0370977672207229,90,mixed_k10,10
27,coverage_S,0.7399999999999997,0.6999722222222219,0.7788888888888886,90,mixed_k10,10
27,sim_S,0.3035758376121521,0.2868056832543678,0.3198236106377509,90,mixed_k10,10
27,sim_T,0.4303357541561127,0.4134923304037915,0.44735905410514937,90,mixed_k10,10
27,sim_T_to_S,0.23936177028550043,0.2362571875626842,0.2424739196524024,90,mixed_k10,10
27,ratio_S,1.2644522693422107,1.2023204428950944,1.326757923596435,90,mixed_k10,10
27,div_gen,0.06921583248509301,0.06522145467810332,0.07373967276161743,90,mixed_k10,10
27,div_T,0.21026127735773723,0.20684998674939076,0.2137654796573851,90,mixed_k10,10
27,div_ratio,0.3283055385802882,0.3102247768706227,0.34780630324322287,90,mixed_k10,10
27,hit,,,,90,mixed_k10,10
28,mixture_error,0.008333333333333323,0.004999999999999993,0.010833333333333322,15,mixed_k10,10
28,kid_T,1.7220911694678278,1.2837521333481647,2.2389559852316245,15,mixed_k10,10
28,coverage_T,0.16936936936936936,0.16036036036036036,0.17747747747747755,15,mixed_k10,10
28,kid_S,1.5960591011919327,1.1945711258002725,2.063595222293654,15,mixed_k10,10
28,coverage_S,0.7533333333333334,0.6599999999999999,0.8400000000000002,15,mixed_k10,10
28,sim_S,0.24413671692212421,0.2245010576148828,0.2610144432882468,15,mixed_k10,10
28,sim_T,0.33960891167322793,0.32972610791524254,0.34879961212476096,15,mixed_k10,10
28,sim_T_to_S,0.23662098050117492,0.23118372740844886,0.24161116177837055,15,mixed_k10,10
28,ratio_S,1.0319882392883302,0.9525216396649678,1.1022170628110568,15,mixed_k10,10
28,div_gen,0.1257531444231669,0.11246935278177261,0.1434648633003235,15,mixed_k10,10
28,div_T,0.2246605823437373,0.22320682220160962,0.22612555359800657,15,mixed_k10,10
28,div_ratio,0.5606088478317415,0.498599585237797,0.6403971764881671,15,mixed_k10,10
28,hit,,,,15,mixed_k10,10
34,mixture_error,0.00833333333333331,0.007416666666666648,0.009249999999999974,150,mixed_k10,10
34,kid_T,1.2172985450589786,1.160273025923501,1.2716721497578989,150,mixed_k10,10
34,coverage_T,0.16461462941590754,0.15724530376065382,0.17257055020910875,150,mixed_k10,10
34,kid_S,0.9539059111136963,0.9144269266326045,0.996009866442216,150,mixed_k10,10
34,coverage_S,0.7906666666666669,0.7666666666666668,0.8120166666666675,150,mixed_k10,10
34,sim_S,0.3154503943522771,0.3041616469870011,0.3278701711247365,150,mixed_k10,10
34,sim_T,0.4058791075150172,0.3944423877845208,0.4184733695487181,150,mixed_k10,10
34,sim_T_to_S,0.23904075364271798,0.23557386961082616,0.24234951447695494,150,mixed_k10,10
34,ratio_S,1.314242702325185,1.2734489628473917,1.362512510418892,150,mixed_k10,10
34,div_gen,0.09508671636382739,0.08884382309267919,0.1012267706207931,150,mixed_k10,10
34,div_T,0.25909636199474334,0.2522628134886424,0.26586153820405406,150,mixed_k10,10
34,div_ratio,0.3585450740192314,0.3404247493160785,0.3761685401010783,150,mixed_k10,10
34,hit,,,,150,mixed_k10,10
36,mixture_error,0.008333333333333316,0.007083333333333325,0.009444444444444425,90,mixed_k10,10
36,kid_T,1.7390580085686613,1.621743546944822,1.8503679937586655,90,mixed_k10,10
36,coverage_T,0.11106024209094384,0.0974871098747195,0.1244668495913013,90,mixed_k10,10
36,kid_S,1.3052336370201778,1.2122563720641437,1.4004965169499024,90,mixed_k10,10
36,coverage_S,0.6111111111111113,0.5566388888888888,0.6699999999999998,90,mixed_k10,10
36,sim_S,0.2622659562362565,0.25057041383037965,0.2736288023988406,90,mixed_k10,10
36,sim_T,0.33736127118269604,0.3305269078910351,0.3444822232011292,90,mixed_k10,10
36,sim_T_to_S,0.21072083827522065,0.2083797695239385,0.21326681963685484,90,mixed_k10,10
36,ratio_S,1.2433025929662915,1.1895213433603447,1.29708560311132,90,mixed_k10,10
36,div_gen,0.15633282023999426,0.14642628839032518,0.16666044608586364,90,mixed_k10,10
36,div_T,0.3257622328069475,0.3236299825625287,0.3281203544222646,90,mixed_k10,10
36,div_ratio,0.48019557056601586,0.4489137856309088,0.5125623365002887,90,mixed_k10,10
36,hit,,,,90,mixed_k10,10
40,mixture_error,0.008333333333333323,0.006666666666666657,0.009999999999999985,45,mixed_k10,10
40,kid_T,0.9109788886311342,0.8651766249596893,0.9580759515618459,45,mixed_k10,10
40,coverage_T,0.11696463380673904,0.11155653021442487,0.12257644110275683,45,mixed_k10,10
40,kid_S,0.9239846591804678,0.8703007289878745,0.9777428272933805,45,mixed_k10,10
40,coverage_S,0.7644444444444444,0.7177777777777777,0.8133333333333332,45,mixed_k10,10
40,sim_S,0.29592322640948826,0.2608406649861071,0.33835106814901034,45,mixed_k10,10
40,sim_T,0.4568241457144419,0.42741263338261176,0.4901068142884307,45,mixed_k10,10
40,sim_T_to_S,0.23130687740114,0.2276488429059585,0.23520497683021757,45,mixed_k10,10
40,ratio_S,1.2819315711657207,1.1246256035235194,1.4676196145349079,45,mixed_k10,10
40,div_gen,0.046585104531712,0.04328531539688508,0.049935312223517235,45,mixed_k10,10
40,div_T,0.18675543632772235,0.18425074944065675,0.18908815613223445,45,mixed_k10,10
40,div_ratio,0.2497490767589101,0.23179843768197045,0.26729959991271246,45,mixed_k10,10
40,hit,,,,45,mixed_k10,10
42,mixture_error,0.008333333333333323,0.004999999999999997,0.010833333333333322,15,mixed_k10,10
42,kid_T,1.2686999963177594,1.1294709615790304,1.3852536662973662,15,mixed_k10,10
42,coverage_T,0.2027027027027027,0.19459459459459458,0.21171171171171171,15,mixed_k10,10
42,kid_S,1.2007422250464754,1.0363625460682406,1.337819001518438,15,mixed_k10,10
42,coverage_S,0.8666666666666668,0.8,0.9333333333333335,15,mixed_k10,10
42,sim_S,0.22341612875461578,0.20987666015823683,0.23541575056811173,15,mixed_k10,10
42,sim_T,0.2862606743971507,0.2735874477028847,0.2989385225375494,15,mixed_k10,10
42,sim_T_to_S,0.21415070394674937,0.20933525403340655,0.21867734966178734,15,mixed_k10,10
42,ratio_S,1.046945607662201,0.9690197043617567,1.1133341738581657,15,mixed_k10,10
42,div_gen,0.08263148119052251,0.07390280117591222,0.0942697212100029,15,mixed_k10,10
42,div_T,0.2632689833641052,0.2617962525784969,0.26482993478576344,15,mixed_k10,10
42,div_ratio,0.3135052670506137,0.28067600867946013,0.3559010562987241,15,mixed_k10,10
42,hit,,,,15,mixed_k10,10
43,mixture_error,0.008333333333333316,0.007083333333333321,0.009444444444444429,90,mixed_k10,10
43,kid_T,1.4971164246479256,1.426694654520675,1.5632538598305334,90,mixed_k10,10
43,coverage_T,0.11968303519387108,0.11098463633699696,0.1284066312099077,90,mixed_k10,10
43,kid_S,1.3902535012593515,1.3245556238974172,1.4557109763553233,90,mixed_k10,10
43,coverage_S,0.6900000000000002,0.6522222222222224,0.7244444444444447,90,mixed_k10,10
43,sim_S,0.245346357093917,0.23667112490783135,0.25521936234500675,90,mixed_k10,10
43,sim_T,0.3329740391837226,0.32858697556787064,0.3374014133132166,90,mixed_k10,10
43,sim_T_to_S,0.22579409380753834,0.22279420752906137,0.22877977817836734,90,mixed_k10,10
43,ratio_S,1.0919465588198767,1.0511548001401956,1.1393783657583925,90,mixed_k10,10
43,div_gen,0.09750449947184986,0.09042555461948117,0.10468232481223014,90,mixed_k10,10
43,div_T,0.28061742782592775,0.2790105469773213,0.2822164291805691,90,mixed_k10,10
43,div_ratio,0.34706475196362374,0.32192975547757546,0.37178782655310033,90,mixed_k10,10
43,hit,,,,90,mixed_k10,10
45,mixture_error,0.008333333333333316,0.007079861111111097,0.009444444444444425,90,mixed_k10,10
45,kid_T,1.1115014477985228,1.0511710351388923,1.1681846042856148,90,mixed_k10,10
45,coverage_T,0.22496842397281264,0.21723108010651124,0.23244689280463918,90,mixed_k10,10
45,kid_S,0.921052067180455,0.8618226055358373,0.9737169379323316,90,mixed_k10,10
45,coverage_S,0.8411111111111111,0.8122222222222218,0.8678055555555556,90,mixed_k10,10
45,sim_S,0.3153578756584062,0.3024333330243826,0.327820629440248,90,mixed_k10,10
45,sim_T,0.42345863580703735,0.4121063934183783,0.4347447572069036,90,mixed_k10,10
45,sim_T_to_S,0.26017916864818996,0.2565342366281483,0.26387794964429406,90,mixed_k10,10
45,ratio_S,1.2147866944471994,1.1661119796997972,1.2651513966586854,90,mixed_k10,10
45,div_gen,0.07184581437872516,0.06640823272263838,0.0772578667342249,90,mixed_k10,10
45,div_T,0.2371642670697636,0.2320941808488634,0.24182938802987336,90,mixed_k10,10
45,div_ratio,0.2972663921416943,0.2780032265610908,0.31723414102281794,90,mixed_k10,10
45,hit,,,,90,mixed_k10,10
46,mixture_error,0.008333333333333323,0.004999999999999993,0.010833333333333322,15,mixed_k10,10
46,kid_T,1.4613319699937573,1.2523203299116927,1.625068192253835,15,mixed_k10,10
46,coverage_T,0.16088154269972452,0.15482093663911842,0.16639118457300278,15,mixed_k10,10
46,kid_S,1.0882345413603218,0.9405140103068733,1.2425680551302094,15,mixed_k10,10
46,coverage_S,0.8266666666666667,0.7733333333333333,0.8800000000000002,15,mixed_k10,10
46,sim_S,0.26706091364224754,0.2354050299525261,0.30324298799037935,15,mixed_k10,10
46,sim_T,0.3649142821629842,0.3499335812528928,0.3812351600825787,15,mixed_k10,10
46,sim_T_to_S,0.20494617223739625,0.19982677253584066,0.21013856758673985,15,mixed_k10,10
46,ratio_S,1.3069812218348185,1.1494195940097174,1.498115399479866,15,mixed_k10,10
46,div_gen,0.11329257984956105,0.10132504850625992,0.12924927175045015,15,mixed_k10,10
46,div_T,0.2949024577935537,0.294105425576369,0.29569019928574564,15,mixed_k10,10
46,div_ratio,0.3843720209314426,0.3430985068490658,0.4389649064755664,15,mixed_k10,10
46,hit,,,,15,mixed_k10,10
47,mixture_error,0.008333333333333323,0.006388888888888883,0.009999999999999985,45,mixed_k10,10
47,kid_T,1.2763265276078763,1.1701765126088037,1.3764891845656888,45,mixed_k10,10
47,coverage_T,0.17954270059533226,0.16345886878781615,0.1970596912702175,45,mixed_k10,10
47,kid_S,1.0743112280555835,0.9871715833838882,1.1686610853972312,45,mixed_k10,10
47,coverage_S,0.762222222222222,0.7022222222222223,0.8155555555555555,45,mixed_k10,10
47,sim_S,0.2792955391936832,0.26406796011659833,0.29367962203919884,45,mixed_k10,10
47,sim_T,0.3577684157424503,0.3474395739535491,0.36734357116950883,45,mixed_k10,10
47,sim_T_to_S,0.2356617553366555,0.22971401025851568,0.24123172116776306,45,mixed_k10,10
47,ratio_S,1.1918501840697395,1.122688197725349,1.2553719770908356,45,mixed_k10,10
47,div_gen,0.08311442741089398,0.07668684596195817,0.0904006032521526,45,mixed_k10,10
47,div_T,0.2576722804043028,0.25229705585373774,0.26246269680559636,45,mixed_k10,10
47,div_ratio,0.321657086103683,0.2988438216331767,0.3476265229281627,45,mixed_k10,10
47,hit,,,,45,mixed_k10,10
macro,mixture_error,0.008333333333333316,0.008009837962962946,0.008626018518518502,30,mixed_k10,10
macro,kid_T,1.3381063884599962,1.3142594371878211,1.3624833043555695,30,mixed_k10,10
macro,coverage_T,0.16646097863405046,0.1646981429660296,0.16832920854671468,30,mixed_k10,10
macro,kid_S,1.1605385873508625,1.1387623332387136,1.1812873322085342,30,mixed_k10,10
macro,coverage_S,0.7222000000000002,0.7124801851851853,0.7325298148148146,30,mixed_k10,10
macro,sim_S,0.29533423972460965,0.29169683505012484,0.2989615987287075,30,mixed_k10,10
macro,sim_T,0.40439577433687673,0.4015886498925586,0.4074192950402421,30,mixed_k10,10
macro,sim_T_to_S,0.24209521105554374,0.24124277682331974,0.2429067953470957,30,mixed_k10,10
macro,ratio_S,1.2201479211537924,1.2054741995231972,1.2346257867041563,30,mixed_k10,10
macro,div_gen,0.08868800943579387,0.08733307143942005,0.09010315995403667,30,mixed_k10,10
macro,div_T,0.24236558842990127,0.24175622657214596,0.2430155450150094,30,mixed_k10,10
macro,div_ratio,0.3589796498638783,0.35349013778327526,0.36460124523407084,30,mixed_k10,10
macro,hit,,,,30,mixed_k10,10
0,mixture_error,,,,5,single_test_k1,1
0,kid_T,2.120033496613663,2.112698943971299,2.126885399106158,5,single_test_k1,1
0,coverage_T,0.06511627906976744,0.05581395348837209,0.06976744186046512,5,single_test_k1,1
0,kid_S,,,,5,single_test_k1,1
0,coverage_S,,,,5,single_test_k1,1
0,sim_S,0.26343566477298735,0.18850770592689514,0.3449585735797882,5,single_test_k1,1
0,sim_T,0.41357461810112,0.4072581589221954,0.4167328476905823,5,single_test_k1,1
0,sim_T_to_S,0.1857989698648453,0.15904319584369658,0.21875374317169188,5,single_test_k1,1
0,ratio_S,1.3896039128303528,1.1323402762413024,1.6073753595352174,5,single_test_k1,1
0,div_gen,3.5762786865234375e-07,3.5762786865234375e-07,3.5762786865234375e-07,5,single_test_k1,1
0,div_T,0.24716389775276185,0.24599858716130257,0.24850841760635375,5,single_test_k1,1
0,div_ratio,1.446980034612981e-06,1.4391080646639122e-06,1.4537895004896168e-06,5,single_test_k1,1
0,hit,1.0,1.0,1.0,5,single_test_k1,1
1,mixture_error,,,,30,single_test_k1,1
1,kid_T,1.6878487096549881,1.6032002650986408,1.7652690094452794,30,single_test_k1,1
1,coverage_T,0.16823947212228255,0.1382414374951953,0.20063717241066148,30,single_test_k1,1
1,kid_S,,,,30,single_test_k1,1
1,coverage_S,,,,30,single_test_k1,1
1,sim_S,0.15847153235226868,0.1261957103324433,0.19655122210271656,30,single_test_k1,1
1,sim_T,0.4636815845966339,0.4267091392229001,0.5063615267227094,30,single_test_k1,1
1,sim_T_to_S,0.1296538187811772,0.11627117176850638,0.1414381156830738,30,single_test_k1,1
1,ratio_S,1.195042978723844,1.004964212179184,1.4248940400282541,30,single_test_k1,1
1,div_gen,-4.967053731282552e-08,-1.0733803113301595e-07,1.3957420984903926e-08,30,single_test_k1,1
1,div_T,0.20301540344953536,0.19373578637838365,0.2118976062287887,30,single_test_k1,1
1,div_ratio,-1.8798515240379863e-07,-4.877633201949749e-07,1.5006455743129543e-07,30,single_test_k1,1
1,hit,1.0,1.0,1.0,30,single_test_k1,1
2,mixture_error,,,,20,single_test_k1,1
2,kid_T,1.6011200341207523,1.5115266750837424,1.698365091471523,20,single_test_k1,1
2,coverage_T,0.21260962667212668,0.18882405132405133,0.23658689939939945,20,single_test_k1,1
2,kid_S,,,,20,single_test_k1,1
2,coverage_S,,,,20,single_test_k1,1
2,sim_S,0.20231256452389063,0.1638007254421245,0.2376749132480472,20,single_test_k1,1
2,sim_T,0.4338671714067459,0.40251421254128217,0.4679143019393086,20,single_test_k1,1
2,sim_T_to_S,0.1240607725456357,0.10678504961542785,0.14071250532753765,20,single_test_k1,1
2,ratio_S,1.6033147513866424,1.3311795349419115,1.8377369494736193,20,single_test_k1,1
2,div_gen,1.341104507446289e-07,7.748603820800782e-08,1.9669532775878905e-07,20,single_test_k1,1
2,div_T,0.20217001289129258,0.19182078767567873,0.2120200598239899,20,single_test_k1,1
2,div_ratio,7.53183198006176e-07,3.9887676534394223e-07,1.148506667399012e-06,20,single_test_k1,1
2,hit,1.0,1.0,1.0,20,single_test_k1,1
3,mixture_error,,,,65,single_test_k1,1
3,kid_T,1.9453541160992232,1.7997460867063673,2.1100220267663468,65,single_test_k1,1
3,coverage_T,0.15525243794550594,0.12607733598418194,0.1817567419058448,65,single_test_k1,1
3,kid_S,,,,65,single_test_k1,1
3,coverage_S,,,,65,single_test_k1,1
3,sim_S,0.1820520967245102,0.15977410953993407,0.20794007036190193,65,single_test_k1,1
3,sim_T,0.3984054235311655,0.3748698734893249,0.4213743161925903,65,single_test_k1,1
3,sim_T_to_S,0.13342761615147958,0.12405214295650903,0.14308444718042246,65,single_test_k1,1
3,ratio_S,1.3956565922842576,1.2248280991184024,1.578971452191472,65,single_test_k1,1
3,div_gen,5.960464477539063e-08,1.6482976766733024e-08,1.0272631278404821e-07,65,single_test_k1,1
3,div_T,0.2026252588400474,0.1970934608292121,0.20796906381272354,65,single_test_k1,1
3,div_ratio,2.8152868467425675e-07,6.206721692651261e-08,5.013498726362958e-07,65,single_test_k1,1
3,hit,1.0,1.0,1.0,65,single_test_k1,1
4,mixture_error,,,,65,single_test_k1,1
4,kid_T,1.822927293986347,1.6238517875264504,2.065159962707274,65,single_test_k1,1
4,coverage_T,0.19564183974958593,0.16544108370135074,0.22464999051949,65,single_test_k1,1
4,kid_S,,,,65,single_test_k1,1
4,coverage_S,,,,65,single_test_k1,1
4,sim_S,0.13625445394561841,0.11807320875975374,0.15433914473208668,65,single_test_k1,1
4,sim_T,0.38909023770919215,0.3576997995147338,0.42000848296743176,65,single_test_k1,1
4,sim_T_to_S,0.13456104609828728,0.1249290970626932,0.14435553779968846,65,single_test_k1,1
4,ratio_S,1.0092015993136627,0.8584387324349239,1.1607428917231468,65,single_test_k1,1
4,div_gen,5.501967210036058e-08,1.3754918025090145e-08,9.720142071063702e-08,65,single_test_k1,1
4,div_T,0.19918474555015564,0.1934158546420244,0.20487202331996882,65,single_test_k1,1
4,div_ratio,3.047883074042316e-07,1.1334990108395108e-07,5.064191031539306e-07,65,single_test_k1,1
4,hit,1.0,1.0,1.0,65,single_test_k1,1
5,mixture_error,,,,25,single_test_k1,1
5,kid_T,2.2388738146773353,1.6883503026303384,2.9080564156971787,25,single_test_k1,1
5,coverage_T,0.14053405005726988,0.10757297088876037,0.17235554497102476,25,single_test_k1,1
5,kid_S,,,,25,single_test_k1,1
5,coverage_S,,,,25,single_test_k1,1
5,sim_S,0.16445192843675613,0.12708017075806857,0.20036964477598668,25,single_test_k1,1
5,sim_T,0.49833001792430875,0.40494265940785407,0.6108737722337246,25,single_test_k1,1
5,sim_T_to_S,0.12928787289187313,0.10785728787444532,0.14960213100165126,25,single_test_k1,1
5,ratio_S,0.1387779211997986,-2.426797922849655,1.5625740601420404,25,single_test_k1,1
5,div_gen,0.0,-5.2571296691894525e-08,4.76837158203125e-08,25,single_test_k1,1
5,div_T,0.19079020380973816,0.17952852246165274,0.20261614327132701,25,single_test_k1,1
5,div_ratio,4.997746972204582e-08,-2.466725734103784e-07,2.9729309338064933e-07,25,single_test_k1,1
5,hit,1.0,1.0,1.0,25,single_test_k1,1
6,mixture_error,,,,10,single_test_k1,1
6,kid_T,1.5987670675882144,1.477650009699893,1.7192799716371294,10,single_test_k1,1
6,coverage_T,0.157736516357206,0.06372679045092838,0.25086206896551716,10,single_test_k1,1
6,kid_S,,,,10,single_test_k1,1
6,coverage_S,,,,10,single_test_k1,1
6,sim_S,0.13047618716955184,0.10432854605838657,0.15785287572070955,10,single_test_k1,1
6,sim_T,0.37870146334171295,0.3696734428405762,0.3877294838428497,10,single_test_k1,1
6,sim_T_to_S,0.14403499215841292,0.12072165187448264,0.16711623560637234,10,single_test_k1,1
6,ratio_S,0.9387398958206177,0.7684469485282898,1.1220967251062393,10,single_test_k1,1
6,div_gen,0.0,0.0,0.0,10,single_test_k1,1
6,div_T,0.16706955730915068,0.1545632939040661,0.17964830115437505,10,single_test_k1,1
6,div_ratio,0.0,0.0,0.0,10,single_test_k1,1
6,hit,1.0,1.0,1.0,10,single_test_k1,1
7,mixture_error,,,,20,single_test_k1,1
7,kid_T,2.069008979651593,1.961791933649613,2.1705267438324105,20,single_test_k1,1
7,coverage_T,0.0888337774134044,0.060320384556261535,0.12601030564664892,20,single_test_k1,1
7,kid_S,,,,20,single_test_k1,1
7,coverage_S,,,,20,single_test_k1,1
7,sim_S,0.1392568429466337,0.09415007813950069,0.18514205097337255,20,single_test_k1,1
7,sim_T,0.3825180307030678,0.3604093291983008,0.40115844100713727,20,single_test_k1,1
7,sim_T_to_S,0.10911010671406984,0.0894020190089941,0.12673340066336095,20,single_test_k1,1
7,ratio_S,0.9902674347162247,0.5683104541897773,1.339258197173476,20,single_test_k1,1
7,div_gen,2.9802322387695312e-08,-5.0738453865051267e-08,1.1332333087921135e-07,20,single_test_k1,1
7,div_T,0.21796878874301912,0.2052895546518266,0.23154962807893753,20,single_test_k1,1
7,div_ratio,2.2571377098047372e-07,-1.3814681411088917e-07,6.124462637750587e-07,20,single_test_k1,1
7,hit,1.0,1.0,1.0,20,single_test_k1,1
8,mixture_error,,,,15,single_test_k1,1
8,kid_T,2.437010028216893,2.1829113679936114,2.6891125954430004,15,single_test_k1,1
8,coverage_T,0.06267441860465114,0.03859302325581395,0.08267441860465115,15,single_test_k1,1
8,kid_S,,,,15,single_test_k1,1
8,coverage_S,,,,15,single_test_k1,1
8,sim_S,0.14376240720351538,0.10294266367331148,0.18573318940897782,15,single_test_k1,1
8,sim_T,0.3425885736942291,0.32965675393740335,0.353141151368618,15,single_test_k1,1
8,sim_T_to_S,0.1365432803829511,0.1172822706028819,0.15442170098423957,15,single_test_k1,1
8,ratio_S,0.9871481359004974,0.6932768653333188,1.2642462010184925,15,single_test_k1,1
8,div_gen,1.5894571940104166e-07,9.139378865559896e-08,2.1855036417643228e-07,15,single_test_k1,1
8,div_T,0.19931514263153077,0.18951091902951397,0.20971084222197534,15,single_test_k1,1
8,div_ratio,8.637585194672295e-07,4.6981263066270175e-07,1.2045734954983495e-06,15,single_test_k1,1
8,hit,1.0,1.0,1.0,15,single_test_k1,1
9,mixture_error,,,,110,single_test_k1,1
9,kid_T,1.736947498886733,1.6721470753977876,1.8080270697301113,110,single_test_k1,1
9,coverage_T,0.1752788647982063,0.14874560772711484,0.19960905483453348,110,single_test_k1,1
9,kid_S,,,,110,single_test_k1,1
9,coverage_S,,,,110,single_test_k1,1
9,sim_S,0.16903646143830636,0.14838717801856216,0.19009042456724937,110,single_test_k1,1
9,sim_T,0.3981418284502896,0.3792148181525144,0.41694423783231865,110,single_test_k1,1
9,sim_T_to_S,0.13936796472831206,0.12999766100875354,0.14796492135490882,110,single_test_k1,1
9,ratio_S,1.208923375132409,1.0817541453885762,1.3358435081114823,110,single_test_k1,1
9,div_gen,-8.398836309259589e-08,-1.2137673117897726e-07,-4.389069297096946e-08,110,single_test_k1,1
9,div_T,0.21254055012356152,0.2079567470333793,0.21693892461332406,110,single_test_k1,1
9,div_ratio,-4.050140678295787e-07,-5.905813883852409e-07,-2.093039561069478e-07,110,single_test_k1,1
9,hit,1.0,1.0,1.0,110,single_test_k1,1
10,mixture_error,,,,30,single_test_k1,1
10,kid_T,1.6785221941008632,1.5859545645762607,1.7672522816452538,30,single_test_k1,1
10,coverage_T,0.2050166145910827,0.1741564316298359,0.23650207210047627,30,single_test_k1,1
10,kid_S,,,,30,single_test_k1,1
10,coverage_S,,,,30,single_test_k1,1
10,sim_S,0.1411088228225708,0.11242608832505842,0.17113555183634163,30,single_test_k1,1
10,sim_T,0.40908247033754985,0.3715034265567859,0.45026099915305773,30,single_test_k1,1
10,sim_T_to_S,0.12015741256376107,0.1114826985883216,0.12846060101563733,30,single_test_k1,1
10,ratio_S,1.1765519718329112,0.9538285009811321,1.4032782436907292,30,single_test_k1,1
10,div_gen,1.9868214925130207e-08,-3.5762786865234374e-08,7.947285970052083e-08,30,single_test_k1,1
10,div_T,0.22358322391907373,0.2163348576053977,0.23112163388480741,30,single_test_k1,1
10,div_ratio,6.170704890609249e-08,-1.8875019377634792e-07,3.2364136478489835e-07,30,single_test_k1,1
10,hit,1.0,1.0,1.0,30,single_test_k1,1
11,mixture_error,,,,5,single_test_k1,1
11,kid_T,2.63078292803914,2.619110859353092,2.6421128331577073,5,single_test_k1,1
11,coverage_T,0.022727272727272728,0.022727272727272728,0.022727272727272728,5,single_test_k1,1
11,kid_S,,,,5,single_test_k1,1
11,coverage_S,,,,5,single_test_k1,1
11,sim_S,0.14346913993358612,0.09628366827964782,0.19188217520713807,5,single_test_k1,1
11,sim_T,0.24850860238075256,0.24850860238075256,0.24850860238075256,5,single_test_k1,1
11,sim_T_to_S,0.1347181975841522,0.12036250270903111,0.1512570008635521,5,single_test_k1,1
11,ratio_S,1.0437723755836488,0.7951686906814576,1.2957386076450348,5,single_test_k1,1
11,div_gen,3.5762786865234375e-07,3.5762786865234375e-07,3.5762786865234375e-07,5,single_test_k1,1
11,div_T,0.2519114911556244,0.2512050271034241,0.25236988067626953,5,single_test_k1,1
11,div_ratio,1.419668550805862e-06,1.4170785319982246e-06,1.4236666611676993e-06,5,single_test_k1,1
11,hit,1.0,1.0,1.0,5,single_test_k1,1
12,mixture_error,,,,65,single_test_k1,1
12,kid_T,2.382824527982955,2.120516463063375,2.632381528727343,65,single_test_k1,1
12,coverage_T,0.0764175985402265,0.05789908715854947,0.09744625298877052,65,single_test_k1,1
12,kid_S,,,,65,single_test_k1,1
12,coverage_S,,,,65,single_test_k1,1
12,sim_S,0.15681796982311286,0.13707175271155742,0.17577806438605945,65,single_test_k1,1
12,sim_T,0.3365706851849189,0.326273375084767,0.3470153999557862,65,single_test_k1,1
12,sim_T_to_S,0.13679541065715828,0.12777591979990785,0.14531087403973708,65,single_test_k1,1
12,ratio_S,1.0995229794428898,0.9471130490990786,1.2382306678020036,65,single_test_k1,1
12,div_gen,4.5849726750300483e-08,-1.0086939885066106e-08,1.045373769906851e-07,65,single_test_k1,1
12,div_T,0.20974688277794765,0.2043307301402092,0.21491657305795414,65,single_test_k1,1
12,div_ratio,2.392456559125233e-07,-2.405442512560348e-08,5.204249905224444e-07,65,single_test_k1,1
12,hit,1.0,1.0,1.0,65,single_test_k1,1
13,mixture_error,,,,5,single_test_k1,1
13,kid_T,1.8548892343968748,1.8502786453050768,1.8601295519580137,5,single_test_k1,1
13,coverage_T,0.08444444444444446,0.07555555555555556,0.08888888888888889,5,single_test_k1,1
13,kid_S,,,,5,single_test_k1,1
13,coverage_S,,,,5,single_test_k1,1
13,sim_S,0.17817236334085465,0.1188185304403305,0.2391934424638748,5,single_test_k1,1
13,sim_T,0.3504478335380554,0.3504478335380554,0.3504478335380554,5,single_test_k1,1
13,sim_T_to_S,0.12974123060703277,0.09812440276145935,0.15828870236873627,5,single_test_k1,1
13,ratio_S,1.3835896134376526,1.0567311638593675,1.6831403970718384,5,single_test_k1,1
13,div_gen,0.0,0.0,0.0,5,single_test_k1,1
13,div_T,0.2401108741760254,0.239124149531126,0.241027370095253,5,single_test_k1,1
13,div_ratio,0.0,0.0,0.0,5,single_test_k1,1
13,hit,1.0,1.0,1.0,5,single_test_k1,1
14,mixture_error,,,,10,single_test_k1,1
14,kid_T,1.4628802688928697,1.3894149195486731,1.5352306549012262,10,single_test_k1,1
14,coverage_T,0.25432692307692306,0.18653846153846154,0.32139423076923074,10,single_test_k1,1
14,kid_S,,,,10,single_test_k1,1
14,coverage_S,,,,10,single_test_k1,1
14,sim_S,0.17090563140809537,0.11526395536959172,0.23156736352480947,10,single_test_k1,1
14,sim_T,0.42122499644756317,0.4209033906459808,0.42154660224914553,10,single_test_k1,1
14,sim_T_to_S,0.1700527213513851,0.13916202476248146,0.19659140944480896,10,single_test_k1,1
14,ratio_S,0.9324561208486557,0.697394047304988,1.1551547189056874,10,single_test_k1,1
14,div_gen,-1.1920928955078125e-07,-1.9073486328125e-07,-4.76837158203125e-08,10,single_test_k1,1
14,div_T,0.17239438444375993,0.16384736109524964,0.18055674791336057,10,single_test_k1,1
14,div_ratio,-6.423354203002703e-07,-1.0293559523005776e-06,-2.556814231838113e-07,10,single_test_k1,1
14,hit,1.0,1.0,1.0,10,single_test_k1,1
15,mixture_error,,,,20,single_test_k1,1
15,kid_T,1.634819377339441,1.4054773567393852,1.862451689537442,20,single_test_k1,1
15,coverage_T,0.07980563510088541,0.045014914749349925,0.11841924228958887,20,single_test_k1,1
15,kid_S,,,,20,single_test_k1,1
15,coverage_S,,,,20,single_test_k1,1
15,sim_S,0.14171786922961474,0.10714455324690789,0.1800135823711753,20,single_test_k1,1
15,sim_T,0.5445862337946892,0.4806137393042445,0.612651726603508,20,single_test_k1,1
15,sim_T_to_S,0.13061979915946723,0.11206338381394744,0.14979520591907203,20,single_test_k1,1
15,ratio_S,0.9814647078514099,0.6855039380490779,1.241940086558461,20,single_test_k1,1
15,div_gen,-1.1920928955078125e-07,-2.0265579223632812e-07,-3.5762786865234374e-08,20,single_test_k1,1
15,div_T,0.1594914361834526,0.1499637114815414,0.1704674650914967,20,single_test_k1,1
15,div_ratio,-8.301727712641546e-07,-1.38285675825121e-06,-2.511647666739555e-07,20,single_test_k1,1
15,hit,1.0,1.0,1.0,20,single_test_k1,1
16,mixture_error,,,,5,single_test_k1,1
16,kid_T,2.673932149328946,2.6618913133226743,2.6856008637276476,5,single_test_k1,1
16,coverage_T,0.019047619047619046,0.009523809523809523,0.023809523809523808,5,single_test_k1,1
16,kid_S,,,,5,single_test_k1,1
16,coverage_S,,,,5,single_test_k1,1
16,sim_S,0.22819468677043914,0.1952076345682144,0.2574942946434021,5,single_test_k1,1
16,sim_T,0.2915456295013428,0.2915456295013428,0.2915456295013428,5,single_test_k1,1
16,sim_T_to_S,0.15054088979959487,0.12919923961162566,0.16883169412612914,5,single_test_k1,1
16,ratio_S,1.571706771850586,1.250373864173889,2.0138577938079836,5,single_test_k1,1
16,div_gen,0.0,0.0,0.0,5,single_test_k1,1
16,div_T,0.22130340337753296,0.22058695554733276,0.22201985120773315,5,single_test_k1,1
16,div_ratio,0.0,0.0,0.0,5,single_test_k1,1
16,hit,1.0,1.0,1.0,5,single_test_k1,1
17,mixture_error,,,,55,single_test_k1,1
17,kid_T,2.1446466625379883,1.8936777701861145,2.413996611146487,55,single_test_k1,1
17,coverage_T,0.1575401364307156,0.12429209055252603,0.19182011718908412,55,single_test_k1,1
17,kid_S,,,,55,single_test_k1,1
17,coverage_S,,,,55,single_test_k1,1
17,sim_S,0.1851904943246733,0.16281424813226544,0.21098733929578553,55,single_test_k1,1
17,sim_T,0.375792460008101,0.36288382190195,0.3883700052174655,55,single_test_k1,1
17,sim_T_to_S,0.14076235070824622,0.12898804700002076,0.15273305858739397,55,single_test_k1,1
17,ratio_S,1.3515764539892023,1.2030180865390736,1.5164246834408153,55,single_test_k1,1
17,div_gen,1.1920928955078125e-07,6.827441128817472e-08,1.7014416781338778e-07,55,single_test_k1,1
17,div_T,0.21668405587022954,0.21156213643875987,0.22192985926839437,55,single_test_k1,1
17,div_ratio,5.193977064691573e-07,2.5868770893137725e-07,7.743604857999858e-07,55,single_test_k1,1
17,hit,1.0,1.0,1.0,55,single_test_k1,1
18,mixture_error,,,,25,single_test_k1,1
18,kid_T,2.4680967442099,2.022415785505569,2.977401596747794,25,single_test_k1,1
18,coverage_T,0.12618653976141325,0.09540493021428965,0.15638441878733628,25,single_test_k1,1
18,kid_S,,,,25,single_test_k1,1
18,coverage_S,,,,25,single_test_k1,1
18,sim_S,0.14846576884388923,0.11720662191137672,0.18338197684660554,25,single_test_k1,1
18,sim_T,0.508028531074524,0.41644881993532185,0.6089177930057048,25,single_test_k1,1
18,sim_T_to_S,0.13636418104171752,0.12198966995626688,0.15185855381190774,25,single_test_k1,1
18,ratio_S,1.0699676382541656,0.8755492094755173,1.2734111469984055,25,single_test_k1,1
18,div_gen,-1.1920928955078125e-07,-1.811981201171875e-07,-5.245208740234375e-08,25,single_test_k1,1
18,div_T,0.22075648188591004,0.2176440650820732,0.2237350275963545,25,single_test_k1,1
18,div_ratio,-5.459282399621438e-07,-8.281206649409318e-07,-2.4191571624277453e-07,25,single_test_k1,1
18,hit,1.0,1.0,1.0,25,single_test_k1,1
19,mixture_error,,,,5,single_test_k1,1
19,kid_T,1.5863255863605523,1.57569905637497,1.6016979341290394,5,single_test_k1,1
19,coverage_T,0.11162790697674418,0.10232558139534884,0.11627906976744187,5,single_test_k1,1
19,kid_S,,,,5,single_test_k1,1
19,coverage_S,,,,5,single_test_k1,1
19,sim_S,0.1978931799530983,0.155020509660244,0.2400159478187561,5,single_test_k1,1
19,sim_T,0.4287920296192169,0.4287920296192169,0.4287920296192169,5,single_test_k1,1
19,sim_T_to_S,0.18219172656536103,0.1736632317304611,0.18967614471912383,5,single_test_k1,1
19,ratio_S,1.0829879283905028,0.8323628187179566,1.3187752485275268,5,single_test_k1,1
19,div_gen,1.1920928955078125e-07,1.1920928955078125e-07,1.1920928955078125e-07,5,single_test_k1,1
19,div_T,0.23582920730113982,0.23512858152389526,0.2365298330783844,5,single_test_k1,1
19,div_ratio,5.054962330884592e-07,5.039939496460648e-07,5.069985165308536e-07,5,single_test_k1,1
19,hit,1.0,1.0,1.0,5,single_test_k1,1
20,mixture_error,,,,10,single_test_k1,1
20,kid_T,2.003823282868688,1.8726436824395698,2.13864293118457,10,single_test_k1,1
20,coverage_T,0.16623876765083442,0.13966623876765083,0.19281129653401796,10,single_test_k1,1
20,kid_S,,,,10,single_test_k1,1
20,coverage_S,,,,10,single_test_k1,1
20,sim_S,0.13704012036323548,0.0818715025857091,0.1930649869889021,10,single_test_k1,1
20,sim_T,0.3784579634666443,0.37179394364356994,0.38512198328971864,10,single_test_k1,1
20,sim_T_to_S,0.14194482043385506,0.11570761734619736,0.16641719721257686,10,single_test_k1,1
20,ratio_S,0.9523527460172773,0.5718340559303761,1.3138889292534441,10,single_test_k1,1
20,div_gen,-2.9802322387695312e-08,-8.344650268554687e-08,2.384185791015625e-08,10,single_test_k1,1
20,div_T,0.22277718484401704,0.22197853125631808,0.22358107253909112,10,single_test_k1,1
20,div_ratio,-1.3250188979999885e-07,-3.7369907359592737e-07,1.0810289010923813e-07,10,single_test_k1,1
20,hit,1.0,1.0,1.0,10,single_test_k1,1
21,mixture_error,,,,15,single_test_k1,1
21,kid_T,1.9112848242921183,1.850220560926639,1.963889743159335,15,single_test_k1,1
21,coverage_T,0.13383409083023973,0.11659458881217546,0.1518067457701604,15,single_test_k1,1
21,kid_S,,,,15,single_test_k1,1
21,coverage_S,,,,15,single_test_k1,1
21,sim_S,0.16939305377503236,0.12868574522746104,0.22264974512159824,15,single_test_k1,1
21,sim_T,0.4852512677510579,0.424543829758962,0.5549351970354716,15,single_test_k1,1
21,sim_T_to_S,0.15051669329404832,0.13764400575309993,0.1630783075839281,15,single_test_k1,1
21,ratio_S,1.117227977514267,0.8604575264950594,1.4351854422191777,15,single_test_k1,1
21,div_gen,-5.960464477539063e-08,-1.3113021850585939e-07,-3.973642985026042e-09,15,single_test_k1,1
21,div_T,0.21759504973888397,0.2166552019864321,0.21877404297391573,15,single_test_k1,1
21,div_ratio,-2.72735549305395e-07,-5.990414851860307e-07,-1.6025084702789728e-08,15,single_test_k1,1
21,hit,1.0,1.0,1.0,15,single_test_k1,1
22,mixture_error,,,,55,single_test_k1,1
22,kid_T,2.2215044725527195,2.0051645418957915,2.459832207587621,55,single_test_k1,1
22,coverage_T,0.15952678651463323,0.11868005439705503,0.203301898151034,55,single_test_k1,1
22,kid_S,,,,55,single_test_k1,1
22,coverage_S,,,,55,single_test_k1,1
22,sim_S,0.17114306784827601,0.14262854212260043,0.19968968742950394,55,single_test_k1,1
22,sim_T,0.37375434989278966,0.35565307464111934,0.39228013198484074,55,single_test_k1,1
22,sim_T_to_S,0.13056635158983143,0.11703537175093184,0.14354452063583514,55,single_test_k1,1
22,ratio_S,1.2787392442876642,1.1051735814051196,1.4421469017050481,55,single_test_k1,1
22,div_gen,3.79302284934304e-08,-2.1674416281960228e-08,1.0189684954556549e-07,55,single_test_k1,1
22,div_T,0.2270604748617519,0.22147174699062652,0.23267902427776294,55,single_test_k1,1
22,div_ratio,2.086837084186512e-07,-6.749037713843901e-08,5.096343471737105e-07,55,single_test_k1,1
22,hit,1.0,1.0,1.0,55,single_test_k1,1
23,mixture_error,,,,10,single_test_k1,1
23,kid_T,1.5390670568548122,1.4826174811742678,1.5935164909551807,10,single_test_k1,1
23,coverage_T,0.2722385141739981,0.2610948191593353,0.2820136852394918,10,single_test_k1,1
23,kid_S,,,,10,single_test_k1,1
23,coverage_S,,,,10,single_test_k1,1
23,sim_S,0.26717246770858766,0.19519294537603857,0.34065267369151114,10,single_test_k1,1
23,sim_T,0.5720804274082184,0.4980558276176453,0.6422127962112427,10,single_test_k1,1
23,sim_T_to_S,0.15879600904881955,0.1298944180086255,0.18608527313917875,10,single_test_k1,1
23,ratio_S,1.7293141603469848,1.2712964293360711,2.13133540302515,10,single_test_k1,1
23,div_gen,1.4901161193847656e-07,9.5367431640625e-08,2.0265579223632812e-07,10,single_test_k1,1
23,div_T,0.1865311324596405,0.1797409762442112,0.19329348813742397,10,single_test_k1,1
23,div_ratio,8.298626971292589e-07,5.129840310000135e-07,1.1480791482174844e-06,10,single_test_k1,1
23,hit,1.0,1.0,1.0,10,single_test_k1,1
24,mixture_error,,,,5,single_test_k1,1
24,kid_T,2.1993915191068254,2.178614523824984,2.2219429201194374,5,single_test_k1,1
24,coverage_T,0.14871794871794872,0.13846153846153847,0.15384615384615385,5,single_test_k1,1
24,kid_S,,,,5,single_test_k1,1
24,coverage_S,,,,5,single_test_k1,1
24,sim_S,0.1957525908946991,0.16257801055908203,0.22926635146141053,5,single_test_k1,1
24,sim_T,0.3709867596626282,0.3709867596626282,0.3709867596626282,5,single_test_k1,1
24,sim_T_to_S,0.1743580624461174,0.1313994660973549,0.21596938669681548,5,single_test_k1,1
24,ratio_S,1.2157141447067261,0.8800567269325257,1.6084625527262686,5,single_test_k1,1
24,div_gen,-2.384185791015625e-07,-2.384185791015625e-07,-2.384185791015625e-07,5,single_test_k1,1
24,div_T,0.20225865840911866,0.20185049176216124,0.20271051824092864,5,single_test_k1,1
24,div_ratio,-1.1787875555856245e-06,-1.1811656421003083e-06,-1.1761581688429714e-06,5,single_test_k1,1
24,hit,1.0,1.0,1.0,5,single_test_k1,1
25,mixture_error,,,,5,single_test_k1,1
25,kid_T,2.6889988656700243,2.6693081457322205,2.7159275140233143,5,single_test_k1,1
25,coverage_T,0.08444444444444446,0.07555555555555556,0.08888888888888889,5,single_test_k1,1
25,kid_S,,,,5,single_test_k1,1
25,coverage_S,,,,5,single_test_k1,1
25,sim_S,0.13477914780378342,0.0038654133677482605,0.26194228246808043,5,single_test_k1,1
25,sim_T,0.34036285877227784,0.30076096057891843,0.3601638078689575,5,single_test_k1,1
25,sim_T_to_S,0.09093513935804368,0.07726781517267227,0.10389532148838043,5,single_test_k1,1
25,ratio_S,1.605791938304901,0.16317282915115355,3.0403079867362948,5,single_test_k1,1
25,div_gen,2.384185791015625e-07,2.384185791015625e-07,2.384185791015625e-07,5,single_test_k1,1
25,div_T,0.21702683269977568,0.2158813714981079,0.21799253523349763,5,single_test_k1,1
25,div_ratio,1.0986038197956832e-06,1.0937060318905755e-06,1.10443962049663e-06,5,single_test_k1,1
25,hit,1.0,1.0,1.0,5,single_test_k1,1
26,mixture_error,,,,25,single_test_k1,1
26,kid_T,1.6155059970399879,1.5436683775304447,1.6918152181113006,25,single_test_k1,1
26,coverage_T,0.17454199232418177,0.16942766658563596,0.1792635020490948,25,single_test_k1,1
26,kid_S,,,,25,single_test_k1,1
26,coverage_S,,,,25,single_test_k1,1
26,sim_S,0.14548825345933436,0.12012252725288272,0.17537432447634635,25,single_test_k1,1
26,sim_T,0.39150295257568357,0.3762284558713436,0.408229505687952,25,single_test_k1,1
26,sim_T_to_S,0.1299795153737068,0.11508620815724135,0.14587664452195168,25,single_test_k1,1
26,ratio_S,1.143802300542593,0.9483158450461924,1.3532017942629755,25,single_test_k1,1
26,div_gen,-1.0728836059570313e-07,-1.5503168106079101e-07,-6.198883056640625e-08,25,single_test_k1,1
26,div_T,0.21544365763664244,0.2077171963751316,0.22247506895661354,25,single_test_k1,1
26,div_ratio,-4.584284499747065e-07,-6.790942483490308e-07,-2.6213705864823004e-07,25,single_test_k1,1
26,hit,1.0,1.0,1.0,25,single_test_k1,1
27,mixture_error,,,,20,single_test_k1,1
27,kid_T,1.616036132348092,1.4672208798215092,1.7792217414308986,20,single_test_k1,1
27,coverage_T,0.15160543287082276,0.13062304572991987,0.17576341117842487,20,single_test_k1,1
27,kid_S,,,,20,single_test_k1,1
27,coverage_S,,,,20,single_test_k1,1
27,sim_S,0.1586543050594628,0.12070663207443431,0.19276606307365,20,single_test_k1,1
27,sim_T,0.4467061012983322,0.3948412373661995,0.5005559004843234,20,single_test_k1,1
27,sim_T_to_S,0.13081037644296883,0.11158635850530117,0.14952737839892505,20,single_test_k1,1
27,ratio_S,1.1336769342422486,0.8353857815265655,1.4023538383841514,20,single_test_k1,1
27,div_gen,-8.940696716308594e-08,-1.074373722076416e-07,-6.556510925292969e-08,20,single_test_k1,1
27,div_T,0.19072549641132355,0.1811069994047284,0.20024681203067304,20,single_test_k1,1
27,div_ratio,-4.503954992221811e-07,-5.595638827116747e-07,-3.298004077902868e-07,20,single_test_k1,1
27,hit,1.0,1.0,1.0,20,single_test_k1,1
28,mixture_error,,,,10,single_test_k1,1
28,kid_T,2.885647280182151,1.9640409615762953,3.808234544328689,10,single_test_k1,1
28,coverage_T,0.11219512195121953,0.04390243902439024,0.18292682926829268,10,single_test_k1,1
28,kid_S,,,,10,single_test_k1,1
28,coverage_S,,,,10,single_test_k1,1
28,sim_S,0.12020935490727425,0.054676485862582926,0.1816601855121553,10,single_test_k1,1
28,sim_T,0.31178282499313353,0.30403794050216676,0.31675593852996825,10,single_test_k1,1
28,sim_T_to_S,0.11848457530140877,0.08801882646977902,0.1480859328433871,10,single_test_k1,1
28,ratio_S,0.6769453883171082,0.027880050092935576,1.2511360844969748,10,single_test_k1,1
28,div_gen,-5.960464477539063e-08,-9.5367431640625e-08,-2.384185791015625e-08,10,single_test_k1,1
28,div_T,0.20699736028909682,0.19644909027963875,0.21761305928230287,10,single_test_k1,1
28,div_ratio,-3.147689154896584e-07,-5.033109886094838e-07,-1.263829985006221e-07,10,single_test_k1,1
28,hit,1.0,1.0,1.0,10,single_test_k1,1
29,mixture_error,,,,5,single_test_k1,1
29,kid_T,3.3880006786207746,3.3825752928553903,3.3949740519066083,5,single_test_k1,1
29,coverage_T,0.02631578947368421,0.02631578947368421,0.02631578947368421,5,single_test_k1,1
29,kid_S,,,,5,single_test_k1,1
29,coverage_S,,,,5,single_test_k1,1
29,sim_S,0.11564192771911622,0.08713948428630829,0.15327401459217072,5,single_test_k1,1
29,sim_T,0.3264736235141754,0.3264736235141754,0.3264736235141754,5,single_test_k1,1
29,sim_T_to_S,0.12667983174324035,0.11607098877429962,0.13459774553775788,5,single_test_k1,1
29,ratio_S,0.9357568264007569,0.6489583134651185,1.2700138449668885,5,single_test_k1,1
29,div_gen,5.960464477539063e-08,5.960464477539063e-08,5.960464477539063e-08,5,single_test_k1,1
29,div_T,0.2287053197622299,0.22825682163238525,0.22898539006710053,5,single_test_k1,1
29,div_ratio,2.6061865750821613e-07,2.6029892455370235e-07,2.611311673364509e-07,5,single_test_k1,1
29,hit,1.0,1.0,1.0,5,single_test_k1,1
30,mixture_error,,,,5,single_test_k1,1
30,kid_T,1.2536071874055739,1.2427110401584858,1.264503334652662,5,single_test_k1,1
30,coverage_T,0.1942857142857143,0.18285714285714288,0.2,5,single_test_k1,1
30,kid_S,,,,5,single_test_k1,1
30,coverage_S,,,,5,single_test_k1,1
30,sim_S,0.2316048562526703,0.13074665069580077,0.33648239970207217,5,single_test_k1,1
30,sim_T,0.3936304450035095,0.3936304450035095,0.3936304450035095,5,single_test_k1,1
30,sim_T_to_S,0.18228119909763335,0.15701760016381738,0.20928518772125243,5,single_test_k1,1
30,ratio_S,1.1964787602424622,0.7722939133644104,1.6034595727920533,5,single_test_k1,1
30,div_gen,0.0,0.0,0.0,5,single_test_k1,1
30,div_T,0.16877408623695372,0.16789821088314055,0.16992986798286439,5,single_test_k1,1
30,div_ratio,0.0,0.0,0.0,5,single_test_k1,1
30,hit,1.0,1.0,1.0,5,single_test_k1,1
31,mixture_error,,,,5,single_test_k1,1
31,kid_T,2.084658876328419,2.0695826466041356,2.10896339053349,5,single_test_k1,1
31,coverage_T,0.14285714285714285,0.12142857142857144,0.16428571428571428,5,single_test_k1,1
31,kid_S,,,,5,single_test_k1,1
31,coverage_S,,,,5,single_test_k1,1
31,sim_S,0.2578468084335327,0.0894632339477539,0.5405634880065918,5,single_test_k1,1
31,sim_T,0.7073378920555115,0.4827567219734192,0.8196284770965576,5,single_test_k1,1
31,sim_T_to_S,0.13759591355919837,0.09297528438270093,0.17744228541851043,5,single_test_k1,1
31,ratio_S,2.3516965389251707,0.6473654508590698,4.989377023875712,5,single_test_k1,1
31,div_gen,-2.384185791015625e-07,-2.384185791015625e-07,-2.384185791015625e-07,5,single_test_k1,1
31,div_T,0.23625852465629577,0.23354542642831802,0.2390304535627365,5,single_test_k1,1
31,div_ratio,-1.0093448661452493e-06,-1.0209205436341862e-06,-9.976570753904886e-07,5,single_test_k1,1
31,hit,1.0,1.0,1.0,5,single_test_k1,1
32,mixture_error,,,,5,single_test_k1,1
32,kid_T,2.0347216080754604,2.0225395040709513,2.054531076378775,5,single_test_k1,1
32,coverage_T,0.05714285714285714,0.05714285714285714,0.05714285714285714,5,single_test_k1,1
32,kid_S,,,,5,single_test_k1,1
32,coverage_S,,,,5,single_test_k1,1
32,sim_S,0.21114906370639802,0.12193033397197724,0.3388298362493515,5,single_test_k1,1
32,sim_T,0.5215355157852173,0.5215355157852173,0.5215355157852173,5,single_test_k1,1
32,sim_T_to_S,0.15305230319499968,0.10958386063575745,0.19809876870363943,5,single_test_k1,1
32,ratio_S,1.3021830558776855,1.037056097984314,1.6484059333801269,5,single_test_k1,1
32,div_gen,-1.1920928955078125e-07,-1.1920928955078125e-07,-1.1920928955078125e-07,5,single_test_k1,1
32,div_T,0.20476897954940795,0.2031281590461731,0.20639670975506305,5,single_test_k1,1
32,div_ratio,-5.822204720142103e-07,-5.8689374350209e-07,-5.775840845499739e-07,5,single_test_k1,1
32,hit,1.0,1.0,1.0,5,single_test_k1,1
33,mixture_error,,,,5,single_test_k1,1
33,kid_T,1.9037683201910849,1.899549410356343,1.9079872300258267,5,single_test_k1,1
33,coverage_T,0.0,0.0,0.0,5,single_test_k1,1
33,kid_S,,,,5,single_test_k1,1
33,coverage_S,,,,5,single_test_k1,1
33,sim_S,0.18501120805740356,0.1581609133630991,0.21180778443813325,5,single_test_k1,1
33,sim_T,0.3284659683704376,0.3284659683704376,0.3284659683704376,5,single_test_k1,1
33,sim_T_to_S,0.1681147813796997,0.14713783860206603,0.18078433573246003,5,single_test_k1,1
33,ratio_S,1.1173868060112,0.915728771686554,1.2887916564941406,5,single_test_k1,1
33,div_gen,0.0,0.0,0.0,5,single_test_k1,1
33,div_T,0.17760969400405885,0.17638349533081055,0.17858186960220337,5,single_test_k1,1
33,div_ratio,0.0,0.0,0.0,5,single_test_k1,1
33,hit,1.0,1.0,1.0,5,single_test_k1,1
34,mixture_error,,,,30,single_test_k1,1
34,kid_T,1.6238905692586536,1.5465339777818974,1.6952593203289448,30,single_test_k1,1
34,coverage_T,0.1477847689722999,0.11915291855321546,0.1750940086426851,30,single_test_k1,1
34,kid_S,,,,30,single_test_k1,1
34,coverage_S,,,,30,single_test_k1,1
34,sim_S,0.18885116558521986,0.14747564825074128,0.22701573621947316,30,single_test_k1,1
34,sim_T,0.41103434065977734,0.3773867765069008,0.4478747660169999,30,single_test_k1,1
34,sim_T_to_S,0.13689766600728034,0.11926011074334382,0.1523363007356723,30,single_test_k1,1
34,ratio_S,1.4312086552381516,1.0751623539378246,1.9252312490840753,30,single_test_k1,1
34,div_gen,-2.9802322387695312e-08,-7.947285970052083e-08,1.9868214925130207e-08,30,single_test_k1,1
34,div_T,0.20815774748722712,0.19812871769070625,0.21843970247854788,30,single_test_k1,1
34,div_ratio,-1.519055737373309e-07,-4.214681514206461e-07,9.900797723905811e-08,30,single_test_k1,1
34,hit,1.0,1.0,1.0,30,single_test_k1,1
35,mixture_error,,,,5,single_test_k1,1
35,kid_T,1.8153779124294822,1.8047429846543104,1.8268432981717524,5,single_test_k1,1
35,coverage_T,0.17391304347826086,0.17391304347826086,0.17391304347826086,5,single_test_k1,1
35,kid_S,,,,5,single_test_k1,1
35,coverage_S,,,,5,single_test_k1,1
35,sim_S,0.14831103384494781,0.06861927211284638,0.22247601747512818,5,single_test_k1,1
35,sim_T,0.42840033769607544,0.42840033769607544,0.42840033769607544,5,single_test_k1,1
35,sim_T_to_S,0.1171474277973175,0.08823775947093963,0.14500868916511536,5,single_test_k1,1
35,ratio_S,1.2694542944431304,0.5545075535774231,1.9453607678413392,5,single_test_k1,1
35,div_gen,2.384185791015625e-07,2.384185791015625e-07,2.384185791015625e-07,5,single_test_k1,1
35,div_T,0.24415354132652284,0.24382721215486525,0.24449031949043273,5,single_test_k1,1
35,div_ratio,9.765132426238386e-07,9.751660356165948e-07,9.778194818199872e-07,5,single_test_k1,1
35,hit,1.0,1.0,1.0,5,single_test_k1,1
36,mixture_error,,,,20,single_test_k1,1
36,kid_T,2.324064900066917,2.017356808318902,2.65799119311154,20,single_test_k1,1
36,coverage_T,0.09962287869264612,0.05775377121307354,0.14318038969201757,20,single_test_k1,1
36,kid_S,,,,20,single_test_k1,1
36,coverage_S,,,,20,single_test_k1,1
36,sim_S,0.12627839762717485,0.08503384455107153,0.1657561839884147,20,single_test_k1,1
36,sim_T,0.3471405953168869,0.33157413750886916,0.36155958198010923,20,single_test_k1,1
36,sim_T_to_S,0.0954792320728302,0.0819134356919676,0.10732495929580181,20,single_test_k1,1
36,ratio_S,1.121479806676507,0.5808522146102041,1.5633015319518746,20,single_test_k1,1
36,div_gen,-8.940696716308594e-08,-1.5497207641601563e-07,-2.9802322387695312e-08,20,single_test_k1,1
36,div_T,0.228110271692276,0.2118837471306324,0.2448690365254879,20,single_test_k1,1
36,div_ratio,-3.799654901609514e-07,-6.717323021217163e-07,-1.2899789917275598e-07,20,single_test_k1,1
36,hit,1.0,1.0,1.0,20,single_test_k1,1
37,mixture_error,,,,5,single_test_k1,1
37,kid_T,2.2928200223917776,2.2850370202636623,2.3034828798833984,5,single_test_k1,1
37,coverage_T,0.023255813953488372,0.023255813953488372,0.023255813953488372,5,single_test_k1,1
37,kid_S,,,,5,single_test_k1,1
37,coverage_S,,,,5,single_test_k1,1
37,sim_S,0.13724288195371628,0.08524133116006852,0.21312798500061028,5,single_test_k1,1
37,sim_T,0.333093523979187,0.333093523979187,0.333093523979187,5,single_test_k1,1
37,sim_T_to_S,0.13614966720342636,0.100510473549366,0.16575769186019898,5,single_test_k1,1
37,ratio_S,1.061787748336792,0.6610834717750549,1.4866258263587953,5,single_test_k1,1
37,div_gen,0.0,0.0,0.0,5,single_test_k1,1
37,div_T,0.22835970520973206,0.22790580689907075,0.2288973569869995,5,single_test_k1,1
37,div_ratio,0.0,0.0,0.0,5,single_test_k1,1
37,hit,1.0,1.0,1.0,5,single_test_k1,1
38,mixture_error,,,,5,single_test_k1,1
38,kid_T,1.761582593791455,1.747903957884132,1.776550442461695,5,single_test_k1,1
38,coverage_T,0.09523809523809523,0.08095238095238096,0.10952380952380951,5,single_test_k1,1
38,kid_S,,,,5,single_test_k1,1
38,coverage_S,,,,5,single_test_k1,1
38,sim_S,0.1415392979979515,0.10555684417486191,0.18463223345577712,5,single_test_k1,1
38,sim_T,0.3636750876903534,0.3636750876903534,0.3636750876903534,5,single_test_k1,1
38,sim_T_to_S,0.07016641646623611,0.046473684906959536,0.09385914802551269,5,single_test_k1,1
38,ratio_S,2.3030179262161257,1.508737301826477,3.130111503601074,5,single_test_k1,1
38,div_gen,1.1920928955078125e-07,1.1920928955078125e-07,1.1920928955078125e-07,5,single_test_k1,1
38,div_T,0.19147611558437347,0.1906040668487549,0.19234816431999208,5,single_test_k1,1
38,div_ratio,6.225971750910657e-07,6.197639799518847e-07,6.254303702302468e-07,5,single_test_k1,1
38,hit,1.0,1.0,1.0,5,single_test_k1,1
39,mixture_error,,,,5,single_test_k1,1
39,kid_T,2.740991809674165,2.726761018460118,2.7546207067749213,5,single_test_k1,1
39,coverage_T,0.07692307692307693,0.07692307692307693,0.07692307692307693,5,single_test_k1,1
39,kid_S,,,,5,single_test_k1,1
39,coverage_S,,,,5,single_test_k1,1
39,sim_S,0.1834280163049698,0.11444589421153067,0.2628461629152298,5,single_test_k1,1
39,sim_T,0.47164618968963623,0.47164618968963623,0.47164618968963623,5,single_test_k1,1
39,sim_T_to_S,0.16319332271814346,0.12660837918519974,0.18841072916984558,5,single_test_k1,1
39,ratio_S,1.1098150849342345,0.7735719680786133,1.4464417976140973,5,single_test_k1,1
39,div_gen,-1.1920928955078125e-07,-1.1920928955078125e-07,-1.1920928955078125e-07,5,single_test_k1,1
39,div_T,0.22705104053020478,0.22497182190418244,0.22834542125463486,5,single_test_k1,1
39,div_ratio,-5.250764135348609e-07,-5.299432898389847e-07,-5.220589645881339e-07,5,single_test_k1,1
39,hit,1.0,1.0,1.0,5,single_test_k1,1
40,mixture_error,,,,15,single_test_k1,1
40,kid_T,1.5047229447289951,1.4671445033984483,1.541491301927898,15,single_test_k1,1
40,coverage_T,0.08535851122058018,0.0793336070060208,0.09192665571975915,15,single_test_k1,1
40,kid_S,,,,15,single_test_k1,1
40,coverage_S,,,,15,single_test_k1,1
40,sim_S,0.1483480703085661,0.10990979224753876,0.1875296350506445,15,single_test_k1,1
40,sim_T,0.4960124095280965,0.4142387050390243,0.5928637504577636,15,single_test_k1,1
40,sim_T_to_S,0.11646307905515035,0.10143399958809216,0.12955725419024627,15,single_test_k1,1
40,ratio_S,1.2272106577952704,0.9714905830224355,1.44237716473639,15,single_test_k1,1
40,div_gen,-1.1920928955078125e-07,-1.1920928955078125e-07,-1.1920928955078125e-07,15,single_test_k1,1
40,div_T,0.17832755943139394,0.1712068273872137,0.184807451069355,15,single_test_k1,1
40,div_ratio,-6.724838756603663e-07,-7.007901729126665e-07,-6.464808732333048e-07,15,single_test_k1,1
40,hit,1.0,1.0,1.0,15,single_test_k1,1
41,mixture_error,,,,5,single_test_k1,1
41,kid_T,1.8214535198041202,1.8068131834832133,1.8346152595127727,5,single_test_k1,1
41,coverage_T,0.275,0.26,0.29,5,single_test_k1,1
41,kid_S,,,,5,single_test_k1,1
41,coverage_S,,,,5,single_test_k1,1
41,sim_S,0.1408178761601448,0.07998907338827849,0.21193003058433532,5,single_test_k1,1
41,sim_T,0.40837493538856506,0.40837493538856506,0.40837493538856506,5,single_test_k1,1
41,sim_T_to_S,0.09587662518024445,0.07052801102399826,0.12122523933649063,5,single_test_k1,1
41,ratio_S,1.5051020741462708,0.8664262175559998,2.2377415537834167,5,single_test_k1,1
41,div_gen,2.384185791015625e-07,2.384185791015625e-07,2.384185791015625e-07,5,single_test_k1,1
41,div_T,0.26363025307655336,0.26252488493919374,0.26481770277023314,5,single_test_k1,1
41,div_ratio,9.043911450718597e-07,9.003328496617286e-07,9.081891883934634e-07,5,single_test_k1,1
41,hit,1.0,1.0,1.0,5,single_test_k1,1
42,mixture_error,,,,10,single_test_k1,1
42,kid_T,2.1937367520876028,1.999658068473114,2.387490629923447,10,single_test_k1,1
42,coverage_T,0.21884317233154443,0.09116875372689326,0.3488431723315444,10,single_test_k1,1
42,kid_S,,,,10,single_test_k1,1
42,coverage_S,,,,10,single_test_k1,1
42,sim_S,0.11548416540026665,0.08820899557322263,0.1447881836257875,10,single_test_k1,1
42,sim_T,0.2898386940360069,0.26466209888458253,0.3150152891874313,10,single_test_k1,1
42,sim_T_to_S,0.1063473753631115,0.08203082342632115,0.12947317249141632,10,single_test_k1,1
42,ratio_S,1.269159746170044,0.8764204153418541,1.8155762973427771,10,single_test_k1,1
42,div_gen,0.0,0.0,0.0,10,single_test_k1,1
42,div_T,0.2594589084386826,0.25698308922350405,0.2616143525391817,10,single_test_k1,1
42,div_ratio,0.0,0.0,0.0,10,single_test_k1,1
42,hit,1.0,1.0,1.0,10,single_test_k1,1
43,mixture_error,,,,20,single_test_k1,1
43,kid_T,2.3490075787809266,2.224241234191138,2.477756418918141,20,single_test_k1,1
43,coverage_T,0.08951253317106975,0.0667013420550006,0.11411886229569156,20,single_test_k1,1
43,kid_S,,,,20,single_test_k1,1
43,coverage_S,,,,20,single_test_k1,1
43,sim_S,0.11670617740601301,0.08862745417747646,0.14659911419264973,20,single_test_k1,1
43,sim_T,0.3381919264793396,0.3305153355002403,0.34689901877194645,20,single_test_k1,1
43,sim_T_to_S,0.09637859766371548,0.07706245887558907,0.11489292869577185,20,single_test_k1,1
43,ratio_S,0.7475564427673816,-0.17753916492685673,1.351994051709771,20,single_test_k1,1
43,div_gen,-5.960464477539063e-08,-1.0728836059570313e-07,-2.354383468627957e-08,20,single_test_k1,1
43,div_T,0.2595393694937229,0.25405839627608656,0.26571009386330846,20,single_test_k1,1
43,div_ratio,-2.1916579596328363e-07,-3.9455605083760073e-07,-8.654127234103729e-08,20,single_test_k1,1
43,hit,1.0,1.0,1.0,20,single_test_k1,1
44,mixture_error,,,,5,single_test_k1,1
44,kid_T,0.8654787598384146,0.8566549377849224,0.8743025818919069,5,single_test_k1,1
44,coverage_T,0.10810810810810811,0.0918918918918919,0.12432432432432435,5,single_test_k1,1
44,kid_S,,,,5,single_test_k1,1
44,coverage_S,,,,5,single_test_k1,1
44,sim_S,0.21189025342464446,0.17775401614606381,0.24679412841796874,5,single_test_k1,1
44,sim_T,0.3497096002101898,0.3497096002101898,0.3497096002101898,5,single_test_k1,1
44,sim_T_to_S,0.162046480178833,0.14572306871414184,0.18081084191799163,5,single_test_k1,1
44,ratio_S,1.3133793830871583,1.1319828987121583,1.5099705559015268,5,single_test_k1,1
44,div_gen,5.960464477539063e-08,5.960464477539063e-08,5.960464477539063e-08,5,single_test_k1,1
44,div_T,0.12409590184688568,0.12241600453853607,0.12534733414649962,5,single_test_k1,1
44,div_ratio,4.804201196984974e-07,4.755164016266514e-07,4.870741567713823e-07,5,single_test_k1,1
44,hit,1.0,1.0,1.0,5,single_test_k1,1
45,mixture_error,,,,20,single_test_k1,1
45,kid_T,1.4565097879615336,1.3957002448871147,1.5130181364233068,20,single_test_k1,1
45,coverage_T,0.22082085294537163,0.20074191449151335,0.24155795357295687,20,single_test_k1,1
45,kid_S,,,,20,single_test_k1,1
45,coverage_S,,,,20,single_test_k1,1
45,sim_S,0.18649954623542725,0.15020448241964912,0.22666007664985954,20,single_test_k1,1
45,sim_T,0.42124978452920914,0.3789144084602594,0.46634794913232325,20,single_test_k1,1
45,sim_T_to_S,0.14895851872861385,0.1366871155425906,0.1606631655804813,20,single_test_k1,1
45,ratio_S,1.2532490753568708,1.0336129837459884,1.4844146740436552,20,single_test_k1,1
45,div_gen,1.341104507446289e-07,5.662441253662109e-08,2.0563602447509767e-07,20,single_test_k1,1
45,div_T,0.19944766014814377,0.1911865073814988,0.2070531772635877,20,single_test_k1,1
45,div_ratio,6.693126012967361e-07,2.825299264226885e-07,1.004988129070475e-06,20,single_test_k1,1
45,hit,1.0,1.0,1.0,20,single_test_k1,1
46,mixture_error,,,,10,single_test_k1,1
46,kid_T,1.8993777133440362,1.667384049599711,2.133904199831632,10,single_test_k1,1
46,coverage_T,0.16868070953436806,0.13935282705099777,0.19817073170731705,10,single_test_k1,1
46,kid_S,,,,10,single_test_k1,1
46,coverage_S,,,,10,single_test_k1,1
46,sim_S,0.13392255790531635,0.06859865287318827,0.19657167418859897,10,single_test_k1,1
46,sim_T,0.37669867277145386,0.3371482312679291,0.4162491142749786,10,single_test_k1,1
46,sim_T_to_S,0.10315160043537616,0.07405040418729186,0.12955045230686665,10,single_test_k1,1
46,ratio_S,0.8865535914897918,-0.2637579172849655,1.7675364844501016,10,single_test_k1,1
46,div_gen,5.960464477539063e-08,-1.1920928955078125e-07,2.384185791015625e-07,10,single_test_k1,1
46,div_T,0.23874293714761735,0.21737963858991863,0.2603919007256627,10,single_test_k1,1
46,div_ratio,6.580165926921161e-08,-6.782499715331939e-07,8.099915500086407e-07,10,single_test_k1,1
46,hit,1.0,1.0,1.0,10,single_test_k1,1
47,mixture_error,,,,15,single_test_k1,1
47,kid_T,1.8743909680565407,1.6468638636481,2.056741231191625,15,single_test_k1,1
47,coverage_T,0.17586580086580084,0.12707431457431456,0.22004671717171717,15,single_test_k1,1
47,kid_S,,,,15,single_test_k1,1
47,coverage_S,,,,15,single_test_k1,1
47,sim_S,0.11741713384787242,0.08058304619044065,0.15625549604495365,15,single_test_k1,1
47,sim_T,0.36744725704193115,0.35071403384208677,0.3861161947250366,15,single_test_k1,1
47,sim_T_to_S,0.1246632936100165,0.10325913844009241,0.14723978526269393,15,single_test_k1,1
47,ratio_S,0.9347678408026695,0.6482075242201487,1.2754836944739023,15,single_test_k1,1
47,div_gen,0.0,-9.5367431640625e-08,1.1126200358072917e-07,15,single_test_k1,1
47,div_T,0.21124192873636882,0.19954545776049296,0.22122587256133555,15,single_test_k1,1
47,div_ratio,1.628109380221878e-08,-4.0697281037183214e-07,5.042003911028939e-07,15,single_test_k1,1
47,hit,1.0,1.0,1.0,15,single_test_k1,1
48,mixture_error,,,,5,single_test_k1,1
48,kid_T,1.84853185397495,1.8356676069619078,1.8645243314772197,5,single_test_k1,1
48,coverage_T,0.12307692307692306,0.1128205128205128,0.1282051282051282,5,single_test_k1,1
48,kid_S,,,,5,single_test_k1,1
48,coverage_S,,,,5,single_test_k1,1
48,sim_S,0.11232952028512955,0.06422739773988724,0.15310417413711547,5,single_test_k1,1
48,sim_T,0.32105082273483276,0.32105082273483276,0.32105082273483276,5,single_test_k1,1
48,sim_T_to_S,0.11565941870212555,0.08172773569822311,0.15361135601997375,5,single_test_k1,1
48,ratio_S,1.2827068835496902,0.4718236058950424,2.236713945865631,5,single_test_k1,1
48,div_gen,1.7881393432617188e-07,1.7881393432617188e-07,1.7881393432617188e-07,5,single_test_k1,1
48,div_T,0.19811268746852875,0.1973257599025965,0.19888010919094085,5,single_test_k1,1
48,div_ratio,9.026063277937322e-07,8.991042957807126e-07,9.062008355881562e-07,5,single_test_k1,1
48,hit,1.0,1.0,1.0,5,single_test_k1,1
macro,mixture_error,,,,49,single_test_k1,1
macro,kid_T,1.9896645816410528,1.959919034188282,2.0195522428433095,49,single_test_k1,1
macro,coverage_T,0.13193891561707524,0.12690120435719296,0.13682454561934101,49,single_test_k1,1
macro,kid_S,,,,49,single_test_k1,1
macro,coverage_S,,,,49,single_test_k1,1
macro,sim_S,0.16513057931102326,0.15640468904352203,0.17373662219125813,49,single_test_k1,1
macro,sim_T,0.4017422765233946,0.3954394192324769,0.40802776625147325,49,single_test_k1,1
macro,sim_T_to_S,0.13429560517961048,0.13119678579521302,0.13766831148572026,49,single_test_k1,1
macro,ratio_S,1.2045671263578992,1.112679461741788,1.294222853388706,49,single_test_k1,1
macro,div_gen,2.2851991515070917e-08,1.559579802264916e-08,2.992816741150876e-08,49,single_test_k1,1
macro,div_T,0.211348838395284,0.21024970446924623,0.21236389986342138,49,single_test_k1,1
macro,div_ratio,9.689635569785094e-08,6.142861288172646e-08,1.3171877350907155e-07,49,single_test_k1,1
macro,hit,1.0,1.0,1.0,49,single_test_k1,1
0,mixture_error,,,,5,single_test_k10,10
0,kid_T,2.1201199924642156,2.077597321683693,2.1623405564135725,5,single_test_k10,10
0,coverage_T,0.07647058823529411,0.047058823529411764,0.10588235294117647,5,single_test_k10,10
0,kid_S,2.1064990890352115,1.9460666971210894,2.238825925898584,5,single_test_k10,10
0,coverage_S,0.44000000000000006,0.27999999999999997,0.64,5,single_test_k10,10
0,sim_S,0.3246722012758255,0.28150458335876466,0.3768915951251984,5,single_test_k10,10
0,sim_T,0.41357461810112,0.4072581589221954,0.4167328476905823,5,single_test_k10,10
0,sim_T_to_S,0.30409650802612304,0.29752195790410046,0.30891786217689515,5,single_test_k10,10
0,ratio_S,1.0645273804664612,0.9401256084442139,1.2208649396896363,5,single_test_k10,10
0,div_gen,3.5762786865234375e-07,3.5762786865234375e-07,3.5762786865234375e-07,5,single_test_k10,10
0,div_T,0.24580129086971284,0.23984937369823456,0.2511760205030441,5,single_test_k10,10
0,div_ratio,1.456101499626338e-06,1.424024761058872e-06,1.4926442050728462e-06,5,single_test_k10,10
0,hit,1.0,1.0,1.0,5,single_test_k10,10
1,mixture_error,,,,30,single_test_k10,10
1,kid_T,1.697778220622929,1.6156794090897186,1.7733534791636403,30,single_test_k10,10
1,coverage_T,0.21780781392236065,0.1796451117020096,0.25929112521298936,30,single_test_k10,10
1,kid_S,1.6650959094907942,1.5597866791369297,1.7616852531627878,30,single_test_k10,10
1,coverage_S,0.5766666666666667,0.48333333333333334,0.6600833333333335,30,single_test_k10,10
1,sim_S,0.3448802143335342,0.30125950785974664,0.3944251393030087,30,single_test_k10,10
1,sim_T,0.443801948428154,0.40524093449115756,0.4843883770455917,30,single_test_k10,10
1,sim_T_to_S,0.2688556000590324,0.25713824334243934,0.28102687423427897,30,single_test_k10,10
1,ratio_S,1.2856634775797526,1.130755533427,1.450460710376501,30,single_test_k10,10
1,div_gen,-4.967053731282552e-08,-1.0733803113301595e-07,1.3957420984903926e-08,30,single_test_k10,10
1,div_T,0.20460245509942374,0.19513695678363244,0.21334652697046597,30,single_test_k10,10
1,div_ratio,-1.8780467646110864e-07,-4.816500844657732e-07,1.5144078447486305e-07,30,single_test_k10,10
1,hit,1.0,1.0,1.0,30,single_test_k10,10
2,mixture_error,,,,20,single_test_k10,10
2,kid_T,1.6349186315343545,1.5487529244361478,1.7271913425554135,20,single_test_k10,10
2,coverage_T,0.2517397055440534,0.22396289107430414,0.2799181188175754,20,single_test_k10,10
2,kid_S,1.5019612225814816,1.3661831821376724,1.6463224800463991,20,single_test_k10,10
2,coverage_S,0.6400000000000001,0.5599999999999999,0.7199999999999999,20,single_test_k10,10
2,sim_S,0.36451936364173887,0.32693302903324367,0.40309756267815827,20,single_test_k10,10
2,sim_T,0.41721579879522325,0.3865900434553623,0.4461021604761481,20,single_test_k10,10
2,sim_T_to_S,0.27500560507178307,0.2593190169893205,0.2921051884442568,20,single_test_k10,10
2,ratio_S,1.3332427978515624,1.2109712312370537,1.4574043999612332,20,single_test_k10,10
2,div_gen,1.341104507446289e-07,7.748603820800782e-08,1.9669532775878905e-07,20,single_test_k10,10
2,div_T,0.20346166342496871,0.19277927324175836,0.21295936103910207,20,single_test_k10,10
2,div_ratio,7.423493848851633e-07,3.912479227540876e-07,1.133453181585554e-06,20,single_test_k10,10
2,hit,1.0,1.0,1.0,20,single_test_k10,10
3,mixture_error,,,,65,single_test_k10,10
3,kid_T,1.9395433346341142,1.7945439712888274,2.102870315309101,65,single_test_k10,10
3,coverage_T,0.18927061906611828,0.15441585769515523,0.22165849333328153,65,single_test_k10,10
3,kid_S,1.9534609340379951,1.7951592286332725,2.1272885476834715,65,single_test_k10,10
3,coverage_S,0.48923076923076925,0.4123076923076923,0.563076923076923,65,single_test_k10,10
3,sim_S,0.31971503450320315,0.29594707768123885,0.3415634990655459,65,single_test_k10,10
3,sim_T,0.37633935717435985,0.35499563794869643,0.4001306776702404,65,single_test_k10,10
3,sim_T_to_S,0.2709758325265004,0.26231952851208357,0.2796206858181036,65,single_test_k10,10
3,ratio_S,1.1932208611414983,1.1107246868197733,1.2696300226449968,65,single_test_k10,10
3,div_gen,5.960464477539063e-08,1.6482976766733024e-08,1.0272631278404821e-07,65,single_test_k10,10
3,div_T,0.20269214602617117,0.1970217368751764,0.20828766012994143,65,single_test_k10,10
3,div_ratio,2.867476158751024e-07,6.240484778773135e-08,5.054443646166436e-07,65,single_test_k10,10
3,hit,1.0,1.0,1.0,65,single_test_k10,10
4,mixture_error,,,,65,single_test_k10,10
4,kid_T,1.830181508854074,1.6303069400901744,2.078095734335742,65,single_test_k10,10
4,coverage_T,0.23920905845011065,0.19944113150693665,0.27894505492857713,65,single_test_k10,10
4,kid_S,1.8052336461126228,1.605654746638092,2.0537768672624015,65,single_test_k10,10
4,coverage_S,0.5953846153846153,0.5215384615384615,0.6646153846153844,65,single_test_k10,10
4,sim_S,0.31150637635817896,0.2844337505789904,0.3419418963532035,65,single_test_k10,10
4,sim_T,0.36869329340182816,0.3387320077533905,0.3963887123391032,65,single_test_k10,10
4,sim_T_to_S,0.273186647433501,0.2634003863311731,0.28305270160620033,65,single_test_k10,10
4,ratio_S,1.138487506371278,1.0495811037948497,1.240089401098398,65,single_test_k10,10
4,div_gen,5.501967210036058e-08,1.3754918025090145e-08,9.720142071063702e-08,65,single_test_k10,10
4,div_T,0.19898515022717989,0.19259280191018033,0.2052509001527841,65,single_test_k10,10
4,div_ratio,3.0801015764795326e-07,1.1599797475780837e-07,5.096356704167233e-07,65,single_test_k10,10
4,hit,1.0,1.0,1.0,65,single_test_k10,10
5,mixture_error,,,,25,single_test_k10,10
5,kid_T,2.253170667825505,1.6910938892500649,2.926910447640773,25,single_test_k10,10
5,coverage_T,0.1842713104985968,0.14306332833583213,0.22654664667666163,25,single_test_k10,10
5,kid_S,2.1789229912443036,1.6043895209396262,2.842683987696175,25,single_test_k10,10
5,coverage_S,0.5599999999999999,0.4359999999999999,0.6879999999999998,25,single_test_k10,10
5,sim_S,0.3706596910953522,0.30352156876027586,0.4636761189997196,25,single_test_k10,10
5,sim_T,0.4648124748468399,0.3848525698632002,0.5639198880940675,25,single_test_k10,10
5,sim_T_to_S,0.2734628540277481,0.2614906570911408,0.2856025626659393,25,single_test_k10,10
5,ratio_S,1.3646662187576295,1.1020256763696672,1.733668477118015,25,single_test_k10,10
5,div_gen,0.0,-5.2571296691894525e-08,4.76837158203125e-08,25,single_test_k10,10
5,div_T,0.19050842881202698,0.17949114367365837,0.2020963696539402,25,single_test_k10,10
5,div_ratio,5.38599444410112e-08,-2.434862698994394e-07,3.014733539047802e-07,25,single_test_k10,10
5,hit,1.0,1.0,1.0,25,single_test_k10,10
6,mixture_error,,,,10,single_test_k10,10
6,kid_T,1.5881900527117705,1.452134946761058,1.7245682458700229,10,single_test_k10,10
6,coverage_T,0.185,0.06999999999999999,0.3,10,single_test_k10,10
6,kid_S,1.5949261201318286,1.4906314061471633,1.6940239929188887,10,single_test_k10,10
6,coverage_S,0.43,0.27,0.6,10,single_test_k10,10
6,sim_S,0.29288726598024367,0.25676690377295014,0.3301029713824391,10,single_test_k10,10
6,sim_T,0.36447104811668396,0.3472312927246094,0.37870146334171295,10,single_test_k10,10
6,sim_T_to_S,0.2573881343007088,0.24641759634017946,0.26932094641029836,10,single_test_k10,10
6,ratio_S,1.1494107127189637,0.9821519860625267,1.3274161332845689,10,single_test_k10,10
6,div_gen,0.0,0.0,0.0,10,single_test_k10,10
6,div_T,0.16744827777147292,0.15490195814520122,0.17982193812727928,10,single_test_k10,10
6,div_ratio,0.0,0.0,0.0,10,single_test_k10,10
6,hit,1.0,1.0,1.0,10,single_test_k10,10
7,mixture_error,,,,20,single_test_k10,10
7,kid_T,2.0559481485014723,1.9448698957160158,2.1656488244993595,20,single_test_k10,10
7,coverage_T,0.12122053349875932,0.08594802264267991,0.16025610266749382,20,single_test_k10,10
7,kid_S,2.1120143856508333,2.000451537227287,2.2292640160370327,20,single_test_k10,10
7,coverage_S,0.41500000000000004,0.31000000000000005,0.5251250000000001,20,single_test_k10,10
7,sim_S,0.3344178833067417,0.3029771708324551,0.36392964141443374,20,single_test_k10,10
7,sim_T,0.374255408346653,0.3467233034968376,0.396617996096611,20,single_test_k10,10
7,sim_T_to_S,0.27178949639201166,0.26305567145347597,0.2802108057402074,20,single_test_k10,10
7,ratio_S,1.231082010269165,1.119562248289585,1.336336563974619,20,single_test_k10,10
7,div_gen,2.9802322387695312e-08,-5.0738453865051267e-08,1.1332333087921135e-07,20,single_test_k10,10
7,div_T,0.21676953956484796,0.2032811205089092,0.23051325296983124,20,single_test_k10,10
7,div_ratio,2.3041927224922867e-07,-1.373057873498004e-07,6.264428802626416e-07,20,single_test_k10,10
7,hit,1.0,1.0,1.0,20,single_test_k10,10
8,mixture_error,,,,15,single_test_k10,10
8,kid_T,2.4529999801565907,2.1894206464134163,2.7225807809715343,15,single_test_k10,10
8,coverage_T,0.08026565464895635,0.046804237824161925,0.11050600885515495,15,single_test_k10,10
8,kid_S,2.3760908089128794,2.1335059103455243,2.6267039708544266,15,single_test_k10,10
8,coverage_S,0.25333333333333335,0.15333333333333332,0.36666666666666664,15,single_test_k10,10
8,sim_S,0.2817612161238988,0.24699030317366122,0.3141216998298963,15,single_test_k10,10
8,sim_T,0.3279211203257243,0.3082473343610764,0.34384160627921423,15,single_test_k10,10
8,sim_T_to_S,0.26850566565990447,0.26105917995174727,0.27573228913048903,15,single_test_k10,10
8,ratio_S,1.0480456988016764,0.9239324418703715,1.1647618322571118,15,single_test_k10,10
8,div_gen,1.5894571940104166e-07,9.139378865559896e-08,2.1855036417643228e-07,15,single_test_k10,10
8,div_T,0.19839325646559397,0.18786764274040857,0.20987785456081232,15,single_test_k10,10
8,div_ratio,8.729946394952321e-07,4.724051736076191e-07,1.2193833408693532e-06,15,single_test_k10,10
8,hit,1.0,1.0,1.0,15,single_test_k10,10
9,mixture_error,,,,110,single_test_k10,10
9,kid_T,1.7401603687953031,1.6748068692872373,1.8115290427412258,110,single_test_k10,10
9,coverage_T,0.21620874081669975,0.18732169144302827,0.24565986092436956,110,single_test_k10,10
9,kid_S,1.7292440240929075,1.659435194208659,1.804945724497893,110,single_test_k10,10
9,coverage_S,0.5800000000000001,0.5354545454545455,0.6254545454545453,110,single_test_k10,10
9,sim_S,0.3324127206748182,0.3135855497927828,0.35165833708576183,110,single_test_k10,10
9,sim_T,0.37596229748292403,0.35630966410040854,0.3938940951634537,110,single_test_k10,10
9,sim_T_to_S,0.2733388199047609,0.2673821320283142,0.2794033471969041,110,single_test_k10,10
9,ratio_S,1.2109917933290655,1.1521086359565909,1.2711938417228785,110,single_test_k10,10
9,div_gen,-8.398836309259589e-08,-1.2137673117897726e-07,-4.389069297096946e-08,110,single_test_k10,10
9,div_T,0.21147807822986084,0.20672260086644778,0.21627677524631675,110,single_test_k10,10
9,div_ratio,-4.0297557965047533e-07,-5.889905584382978e-07,-2.0931985218679093e-07,110,single_test_k10,10
9,hit,1.0,1.0,1.0,110,single_test_k10,10
10,mixture_error,,,,30,single_test_k10,10
10,kid_T,1.6840623686972893,1.5920226014122814,1.775061897417969,30,single_test_k10,10
10,coverage_T,0.2614480646059593,0.23454145675636903,0.29061560466823627,30,single_test_k10,10
10,kid_S,1.6416955715048134,1.5295272850972061,1.7638407869874828,30,single_test_k10,10
10,coverage_S,0.6733333333333333,0.6133333333333333,0.7333333333333333,30,single_test_k10,10
10,sim_S,0.2963102067510287,0.2683354684710503,0.3307075244933367,30,single_test_k10,10
10,sim_T,0.3850626955429713,0.3463278175890446,0.42704887486994264,30,single_test_k10,10
10,sim_T_to_S,0.25379109581311543,0.2474897481749455,0.25961014845718944,30,single_test_k10,10
10,ratio_S,1.1730036675930022,1.0566595888137817,1.318960149983565,30,single_test_k10,10
10,div_gen,1.9868214925130207e-08,-3.5762786865234374e-08,7.947285970052083e-08,30,single_test_k10,10
10,div_T,0.22472885698080064,0.2174082523336013,0.23166644523541133,30,single_test_k10,10
10,div_ratio,6.064864592031583e-08,-1.8724645926208547e-07,3.1737324622933296e-07,30,single_test_k10,10
10,hit,1.0,1.0,1.0,30,single_test_k10,10
11,mixture_error,,,,5,single_test_k10,10
11,kid_T,2.6474302033046135,2.6164453731432107,2.6784150334660164,5,single_test_k10,10
11,coverage_T,0.022857142857142857,0.011428571428571429,0.02857142857142857,5,single_test_k10,10
11,kid_S,2.5646521077308218,2.4649671494111622,2.682174400533019,5,single_test_k10,10
11,coverage_S,0.29999999999999993,0.12000000000000002,0.48,5,single_test_k10,10
11,sim_S,0.21859096586704255,0.19519268929958344,0.2419619679450989,5,single_test_k10,10
11,sim_T,0.2472730904817581,0.24480206668376922,0.24850860238075256,5,single_test_k10,10
11,sim_T_to_S,0.24793459475040436,0.24024257063865662,0.25563098296523096,5,single_test_k10,10
11,ratio_S,0.8823939323425293,0.7731965899467468,0.9737948894500732,5,single_test_k10,10
11,div_gen,3.5762786865234375e-07,3.5762786865234375e-07,3.5762786865234375e-07,5,single_test_k10,10
11,div_T,0.2563855588436127,0.25172073870897294,0.26104365587234496,5,single_test_k10,10
11,div_ratio,1.3954822649200148e-06,1.370180443683337e-06,1.4208223202942625e-06,5,single_test_k10,10
11,hit,1.0,1.0,1.0,5,single_test_k10,10
12,mixture_error,,,,65,single_test_k10,10
12,kid_T,2.377484133846345,2.1105397953125826,2.622577600264169,65,single_test_k10,10
12,coverage_T,0.1054156779754666,0.07955494907159949,0.1348202100126113,65,single_test_k10,10
12,kid_S,2.417276318278289,2.1507179706545565,2.6598011208484618,65,single_test_k10,10
12,coverage_S,0.3523076923076923,0.28461538461538455,0.4215384615384615,65,single_test_k10,10
12,sim_S,0.28743350620453173,0.2741712123155594,0.30170355764146034,65,single_test_k10,10
12,sim_T,0.3288622001042733,0.3182707189138119,0.3392500788775774,65,single_test_k10,10
12,sim_T_to_S,0.27006667164655834,0.26419713493723135,0.2765379534203273,65,single_test_k10,10
12,ratio_S,1.0725241120045002,1.0191612819524911,1.1253951212305289,65,single_test_k10,10
12,div_gen,4.5849726750300483e-08,-1.0086939885066106e-08,1.045373769906851e-07,65,single_test_k10,10
12,div_T,0.2082024592619676,0.2020495285380345,0.21419162054474536,65,single_test_k10,10
12,div_ratio,2.2611748657750365e-07,-4.3240938999876386e-08,5.107450639567179e-07,65,single_test_k10,10
12,hit,1.0,1.0,1.0,65,single_test_k10,10
13,mixture_error,,,,5,single_test_k10,10
13,kid_T,1.8053435394388164,1.7911556186750262,1.8269927167469817,5,single_test_k10,10
13,coverage_T,0.14444444444444446,0.11111111111111112,0.1780555555555553,5,single_test_k10,10
13,kid_S,2.0289201233684393,1.9715757110422056,2.0811864112440133,5,single_test_k10,10
13,coverage_S,0.48,0.42000000000000004,0.5404999999999995,5,single_test_k10,10
13,sim_S,0.22221435308456422,0.20736724734306336,0.23388471007347106,5,single_test_k10,10
13,sim_T,0.3504478335380554,0.3504478335380554,0.3504478335380554,5,single_test_k10,10
13,sim_T_to_S,0.22953925132751465,0.22148300111293792,0.23759550154209136,5,single_test_k10,10
13,ratio_S,0.9687809705734253,0.9085665464401245,1.028995394706726,5,single_test_k10,10
13,div_gen,0.0,0.0,0.0,5,single_test_k10,10
13,div_T,0.23825861811637877,0.23549543917179108,0.24137647747993468,5,single_test_k10,10
13,div_ratio,0.0,0.0,0.0,5,single_test_k10,10
13,hit,1.0,1.0,1.0,5,single_test_k10,10
14,mixture_error,,,,10,single_test_k10,10
14,kid_T,1.45857932630778,1.3782430330281175,1.535263154329581,10,single_test_k10,10
14,coverage_T,0.3232736572890026,0.245,0.39950767263427106,10,single_test_k10,10
14,kid_S,1.4557302390327087,1.303881902279798,1.6040232972434454,10,single_test_k10,10
14,coverage_S,0.6500000000000001,0.51,0.76,10,single_test_k10,10
14,sim_S,0.34773051738739014,0.29802889097481966,0.39364997677505015,10,single_test_k10,10
14,sim_T,0.40027396082878114,0.37171747170388697,0.4207781195640564,10,single_test_k10,10
14,sim_T_to_S,0.3127452224493027,0.3047234931588173,0.32150139793753624,10,single_test_k10,10
14,ratio_S,1.1172667503356934,0.9484499737620353,1.2707390247285366,10,single_test_k10,10
14,div_gen,-1.1920928955078125e-07,-1.9073486328125e-07,-4.76837158203125e-08,10,single_test_k10,10
14,div_T,0.16854436844587325,0.15969077073037624,0.17807984959334136,10,single_test_k10,10
14,div_ratio,-6.63096805631004e-07,-1.0608308351276636e-06,-2.564931998238123e-07,10,single_test_k10,10
14,hit,1.0,1.0,1.0,10,single_test_k10,10
15,mixture_error,,,,20,single_test_k10,10
15,kid_T,1.641707164450984,1.4084922238258708,1.8719208344181961,20,single_test_k10,10
15,coverage_T,0.12891522988505744,0.07201598419540228,0.19505334051724135,20,single_test_k10,10
15,kid_S,1.6396821855288082,1.40087633826778,1.881186724708072,20,single_test_k10,10
15,coverage_S,0.42000000000000004,0.27,0.5900000000000001,20,single_test_k10,10
15,sim_S,0.3947136431932449,0.3373189965263009,0.4552076795697212,20,single_test_k10,10
15,sim_T,0.4933858722448349,0.42251262672245504,0.5707980216294527,20,single_test_k10,10
15,sim_T_to_S,0.2856355056166649,0.2761222446337342,0.2956857973709702,20,single_test_k10,10
15,ratio_S,1.388238313794136,1.183870573192835,1.6083798810839653,20,single_test_k10,10
15,div_gen,-1.1920928955078125e-07,-2.0265579223632812e-07,-3.5762786865234374e-08,20,single_test_k10,10
15,div_T,0.15955289267003536,0.1494348409026861,0.17056651283055543,20,single_test_k10,10
15,div_ratio,-8.316721757920137e-07,-1.3919388481130974e-06,-2.512112081575007e-07,20,single_test_k10,10
15,hit,1.0,1.0,1.0,20,single_test_k10,10
16,mixture_error,,,,5,single_test_k10,10
16,kid_T,2.671955585908889,2.637272034383058,2.7061209889720153,5,single_test_k10,10
16,coverage_T,0.03636363636363636,0.030303030303030304,0.048484848484848485,5,single_test_k10,10
16,kid_S,2.6530189645148945,2.5221492042833704,2.7838887247464186,5,single_test_k10,10
16,coverage_S,0.20000000000000004,0.14,0.26,5,single_test_k10,10
16,sim_S,0.26004386246204375,0.24978278279304506,0.27615633308887483,5,single_test_k10,10
16,sim_T,0.28773600459098814,0.2801167547702789,0.2915456295013428,5,single_test_k10,10
16,sim_T_to_S,0.24801672995090485,0.24338773488998414,0.25232474975287916,5,single_test_k10,10
16,ratio_S,1.0497428178787231,0.9989897012710571,1.1302098751068115,5,single_test_k10,10
16,div_gen,0.0,0.0,0.0,5,single_test_k10,10
16,div_T,0.219692599773407,0.21612912118434907,0.2224981427192688,5,single_test_k10,10
16,div_ratio,0.0,0.0,0.0,5,single_test_k10,10
16,hit,1.0,1.0,1.0,5,single_test_k10,10
17,mixture_error,,,,55,single_test_k10,10
17,kid_T,2.1501332859066977,1.898119212248824,2.4232484102049283,55,single_test_k10,10
17,coverage_T,0.1987383701518167,0.15764893804281097,0.24230092102267908,55,single_test_k10,10
17,kid_S,2.0951481324865906,1.8469241656626323,2.370775268740879,55,single_test_k10,10
17,coverage_S,0.5,0.41454545454545455,0.5818181818181818,55,single_test_k10,10
17,sim_S,0.3190495531667363,0.3019788100705905,0.3351419970731844,55,single_test_k10,10
17,sim_T,0.36450375047597017,0.3490965646234426,0.3794953339343721,55,single_test_k10,10
17,sim_T_to_S,0.26455100259997627,0.2559284992041913,0.2731966731087728,55,single_test_k10,10
17,ratio_S,1.2076327020471747,1.1490612105347893,1.25865141982382,55,single_test_k10,10
17,div_gen,1.1920928955078125e-07,6.827441128817472e-08,1.7014416781338778e-07,55,single_test_k10,10
17,div_T,0.2170889131047509,0.21159175521270795,0.2227213681827892,55,single_test_k10,10
17,div_ratio,5.17358624489325e-07,2.549475210345321e-07,7.738067279232339e-07,55,single_test_k10,10
17,hit,1.0,1.0,1.0,55,single_test_k10,10
18,mixture_error,,,,25,single_test_k10,10
18,kid_T,2.4747861774670894,2.0193016296012485,2.980031681912538,25,single_test_k10,10
18,coverage_T,0.1504246548452529,0.11311610940260418,0.18907894392462207,25,single_test_k10,10
18,kid_S,2.430709751489744,1.9740173705367083,2.9562678914956826,25,single_test_k10,10
18,coverage_S,0.44799999999999995,0.3399999999999999,0.5640999999999999,25,single_test_k10,10
18,sim_S,0.3668324148654938,0.3091618596166372,0.4412267474830151,25,single_test_k10,10
18,sim_T,0.4664081656932831,0.38124069839715957,0.5612175041884183,25,single_test_k10,10
18,sim_T_to_S,0.27682207226753236,0.27153943982720374,0.2825624136328697,25,single_test_k10,10
18,ratio_S,1.3197249388694763,1.1151815663576126,1.5735484802722932,25,single_test_k10,10
18,div_gen,-1.1920928955078125e-07,-1.811981201171875e-07,-5.245208740234375e-08,25,single_test_k10,10
18,div_T,0.2213537347316742,0.2181015876531601,0.22470013058185578,25,single_test_k10,10
18,div_ratio,-5.40690144378651e-07,-8.224887813899478e-07,-2.4062717905377186e-07,25,single_test_k10,10
18,hit,1.0,1.0,1.0,25,single_test_k10,10
19,mixture_error,,,,5,single_test_k10,10
19,kid_T,1.5940739024035189,1.5313810544514868,1.6655345176069165,5,single_test_k10,10
19,coverage_T,0.1823529411764706,0.12352941176470589,0.24117647058823527,5,single_test_k10,10
19,kid_S,1.5648909755053335,1.3601682351723028,1.7801513248400105,5,single_test_k10,10
19,coverage_S,0.74,0.4600000000000001,0.96,5,single_test_k10,10
19,sim_S,0.3001616597175598,0.26198714375495913,0.3501738667488098,5,single_test_k10,10
19,sim_T,0.4287920296192169,0.4287920296192169,0.4287920296192169,5,single_test_k10,10
19,sim_T_to_S,0.27954426407814026,0.271700257062912,0.2850848972797394,5,single_test_k10,10
19,ratio_S,1.0736766815185548,0.9214777231216431,1.2517657279968262,5,single_test_k10,10
19,div_gen,1.1920928955078125e-07,1.1920928955078125e-07,1.1920928955078125e-07,5,single_test_k10,10
19,div_T,0.23590303659439088,0.2271175503730774,0.2444376304000616,5,single_test_k10,10
19,div_ratio,5.062702070200039e-07,4.879190940838612e-07,5.253769695701834e-07,5,single_test_k10,10
19,hit,1.0,1.0,1.0,5,single_test_k10,10
20,mixture_error,,,,10,single_test_k10,10
20,kid_T,2.056673576001998,1.9281023008991645,2.1985279366396204,10,single_test_k10,10
20,coverage_T,0.18879310344827588,0.1526939655172414,0.22286368534482756,10,single_test_k10,10
20,kid_S,1.8736723982761965,1.6558558773020242,2.09035843581304,10,single_test_k10,10
20,coverage_S,0.47000000000000003,0.36,0.5702499999999998,10,single_test_k10,10
20,sim_S,0.30752589255571366,0.2640064651146531,0.34333505034446715,10,single_test_k10,10
20,sim_T,0.37288073599338534,0.35506226122379303,0.3829561768472194,10,single_test_k10,10
20,sim_T_to_S,0.28999252021312716,0.2816759139299393,0.29779038846492767,10,single_test_k10,10
20,ratio_S,1.0676395118236541,0.9043519793450832,1.2042871892452238,10,single_test_k10,10
20,div_gen,-2.9802322387695312e-08,-8.344650268554687e-08,2.384185791015625e-08,10,single_test_k10,10
20,div_T,0.22435421198606492,0.21985952701419592,0.22907974638044834,10,single_test_k10,10
20,div_ratio,-1.2914934751707929e-07,-3.72387751720662e-07,1.1034407597877158e-07,10,single_test_k10,10
20,hit,1.0,1.0,1.0,10,single_test_k10,10
21,mixture_error,,,,15,single_test_k10,10
21,kid_T,1.9684626945119994,1.8857115142005039,2.0551154495359336,15,single_test_k10,10
21,coverage_T,0.16540927188069368,0.13894828148548036,0.19628494950176573,15,single_test_k10,10
21,kid_S,1.7562599041507951,1.631261346770686,1.8945645804326108,15,single_test_k10,10
21,coverage_S,0.5399999999999999,0.44666666666666666,0.64,15,single_test_k10,10
21,sim_S,0.39457485675811765,0.34507260123888656,0.45271082590023676,15,single_test_k10,10
21,sim_T,0.453897625207901,0.3979890587925911,0.5182629569371542,15,single_test_k10,10
21,sim_T_to_S,0.27090469499429065,0.264687329630057,0.277589066773653,15,single_test_k10,10
21,ratio_S,1.4523589372634889,1.2847220899661382,1.65506753941377,15,single_test_k10,10
21,div_gen,-5.960464477539063e-08,-1.3113021850585939e-07,-3.973642985026042e-09,15,single_test_k10,10
21,div_T,0.21970078945159913,0.21638948306441308,0.2228213831782341,15,single_test_k10,10
21,div_ratio,-2.6782075398516973e-07,-5.879715925386891e-07,-1.1990581221345637e-08,15,single_test_k10,10
21,hit,1.0,1.0,1.0,15,single_test_k10,10
22,mixture_error,,,,55,single_test_k10,10
22,kid_T,2.216942112913707,1.9925406589459311,2.4595950105179107,55,single_test_k10,10
22,coverage_T,0.23413109732219242,0.17099162617759464,0.30177076641440864,55,single_test_k10,10
22,kid_S,2.2448072329233977,2.0172103581609946,2.4954727775833483,55,single_test_k10,10
22,coverage_S,0.49636363636363645,0.4200000000000001,0.5745454545454546,55,single_test_k10,10
22,sim_S,0.3170566697012294,0.2984960788691586,0.3349623906476931,55,single_test_k10,10
22,sim_T,0.3608108788728714,0.3434660059416836,0.37914400120350444,55,single_test_k10,10
22,sim_T_to_S,0.2682774248448285,0.2598000296273015,0.27681651910597627,55,single_test_k10,10
22,ratio_S,1.1874058810147372,1.1233503260666675,1.254969440048391,55,single_test_k10,10
22,div_gen,3.79302284934304e-08,-2.1674416281960228e-08,1.0189684954556549e-07,55,single_test_k10,10
22,div_T,0.2266184302893552,0.2207686748220162,0.23266320760277184,55,single_test_k10,10
22,div_ratio,2.0795505096378766e-07,-6.916424520739173e-08,5.131536890617763e-07,55,single_test_k10,10
22,hit,1.0,1.0,1.0,55,single_test_k10,10
23,mixture_error,,,,10,single_test_k10,10
23,kid_T,1.5569620445197805,1.4786959114957763,1.638257037112432,10,single_test_k10,10
23,coverage_T,0.3276515151515152,0.2711837121212122,0.38375946969696967,10,single_test_k10,10
23,kid_S,1.4486811982112122,1.3638060221772104,1.5396958012152797,10,single_test_k10,10
23,coverage_S,0.6199999999999999,0.5399999999999999,0.7099999999999997,10,single_test_k10,10
23,sim_S,0.4213244467973709,0.3377684670314193,0.516760274246335,10,single_test_k10,10
23,sim_T,0.508120846748352,0.43409624695777893,0.5920451909303666,10,single_test_k10,10
23,sim_T_to_S,0.3222980409860611,0.31379499308764935,0.32980437092483045,10,single_test_k10,10
23,ratio_S,1.3180010139942169,1.0393944013118745,1.6500292581319809,10,single_test_k10,10
23,div_gen,1.4901161193847656e-07,9.5367431640625e-08,2.0265579223632812e-07,10,single_test_k10,10
23,div_T,0.19055793434381485,0.18202065352350474,0.1992761370167136,10,single_test_k10,10
23,div_ratio,8.154619911331789e-07,4.998706130410445e-07,1.1322885744059069e-06,10,single_test_k10,10
23,hit,1.0,1.0,1.0,10,single_test_k10,10
24,mixture_error,,,,5,single_test_k10,10
24,kid_T,2.1820623009432007,2.100977960775547,2.255655848717998,5,single_test_k10,10
24,coverage_T,0.18,0.16666666666666666,0.19333333333333336,5,single_test_k10,10
24,kid_S,2.247847198713885,1.9862071813638817,2.567386448574712,5,single_test_k10,10
24,coverage_S,0.4,0.32,0.5,5,single_test_k10,10
24,sim_S,0.31466487646102903,0.24960340261459352,0.3687429428100586,5,single_test_k10,10
24,sim_T,0.366499125957489,0.36201149225234985,0.3709867596626282,5,single_test_k10,10
24,sim_T_to_S,0.30357210636138915,0.2891125977039337,0.3213553249835968,5,single_test_k10,10
24,ratio_S,1.0296261787414551,0.8643477660417557,1.1845441102981566,5,single_test_k10,10
24,div_gen,-2.384185791015625e-07,-2.384185791015625e-07,-2.384185791015625e-07,5,single_test_k10,10
24,div_T,0.1998088389635086,0.19623481035232543,0.20298287115991115,5,single_test_k10,10
24,div_ratio,-1.1936921810216883e-06,-1.21523001953129e-06,-1.1747227382080148e-06,5,single_test_k10,10
24,hit,1.0,1.0,1.0,5,single_test_k10,10
25,mixture_error,,,,5,single_test_k10,10
25,kid_T,2.6679918560028666,2.630003120581273,2.708529221440087,5,single_test_k10,10
25,coverage_T,0.10555555555555554,0.09444444444444443,0.11111111111111112,5,single_test_k10,10
25,kid_S,2.7214535330428866,2.6089651914600442,2.8294995712478235,5,single_test_k10,10
25,coverage_S,0.15999999999999998,0.1,0.24,5,single_test_k10,10
25,sim_S,0.2684050738811493,0.19644728899002076,0.34036285877227784,5,single_test_k10,10
25,sim_T,0.3156170785427094,0.27107034921646117,0.3601638078689575,5,single_test_k10,10
25,sim_T_to_S,0.21307675838470458,0.20331109441816808,0.22140136063098909,5,single_test_k10,10
25,ratio_S,1.2590126395225525,0.9422025442123413,1.5758227348327636,5,single_test_k10,10
25,div_gen,2.384185791015625e-07,2.384185791015625e-07,2.384185791015625e-07,5,single_test_k10,10
25,div_T,0.21741766035556792,0.2130105823278427,0.22027629770338536,5,single_test_k10,10
25,div_ratio,1.0970728910773657e-06,1.0823708268431657e-06,1.1199712936632774e-06,5,single_test_k10,10
25,hit,1.0,1.0,1.0,5,single_test_k10,10
26,mixture_error,,,,25,single_test_k10,10
26,kid_T,1.6078715665515642,1.540879673356402,1.6838022383121096,25,single_test_k10,10
26,coverage_T,0.2306426024955437,0.2155878405907818,0.2459105885536033,25,single_test_k10,10
26,kid_S,1.6757837080864186,1.5664401585283088,1.793569849297279,25,single_test_k10,10
26,coverage_S,0.672,0.5920000000000001,0.7481000000000001,25,single_test_k10,10
26,sim_S,0.31793633341789246,0.2894509790837765,0.3443835704624653,25,single_test_k10,10
26,sim_T,0.37434749484062196,0.35839210340380667,0.3919699556231499,25,single_test_k10,10
26,sim_T_to_S,0.2631159770488739,0.25054454465210435,0.2750414951443672,25,single_test_k10,10
26,ratio_S,1.2170424008369445,1.1127429521083831,1.3308219866752624,25,single_test_k10,10
26,div_gen,-1.0728836059570313e-07,-1.5503168106079101e-07,-6.198883056640625e-08,25,single_test_k10,10
26,div_T,0.2144802063703537,0.20620499159395694,0.22238135431706904,25,single_test_k10,10
26,div_ratio,-4.572266988032708e-07,-6.765951685398044e-07,-2.59634454421951e-07,25,single_test_k10,10
26,hit,1.0,1.0,1.0,25,single_test_k10,10
27,mixture_error,,,,20,single_test_k10,10
27,kid_T,1.6113248556049389,1.453110808729327,1.7886182008868978,20,single_test_k10,10
27,coverage_T,0.19769079939668172,0.15302850335938561,0.2434704339777869,20,single_test_k10,10
27,kid_S,1.6575537762619663,1.5181677487521055,1.8106181673333535,20,single_test_k10,10
27,coverage_S,0.5149999999999999,0.4149999999999999,0.595,20,single_test_k10,10
27,sim_S,0.29542281851172447,0.26983095621690156,0.32497884890064593,20,single_test_k10,10
27,sim_T,0.44626248478889463,0.39477206364274026,0.5002627831697464,20,single_test_k10,10
27,sim_T_to_S,0.262488529086113,0.2556815235689282,0.2697694422118366,20,single_test_k10,10
27,ratio_S,1.1229517072439195,1.033749003559351,1.2195441313832998,20,single_test_k10,10
27,div_gen,-8.940696716308594e-08,-1.074373722076416e-07,-6.556510925292969e-08,20,single_test_k10,10
27,div_T,0.18743437454104422,0.17703218659386039,0.19782945204526187,20,single_test_k10,10
27,div_ratio,-4.5981300672288506e-07,-5.75070324267801e-07,-3.374414470910543e-07,20,single_test_k10,10
27,hit,1.0,1.0,1.0,20,single_test_k10,10
28,mixture_error,,,,10,single_test_k10,10
28,kid_T,2.895215357886909,1.9783952093583752,3.8082665565697327,10,single_test_k10,10
28,coverage_T,0.14375,0.05625,0.234375,10,single_test_k10,10
28,kid_S,2.8200428280435768,1.8592379478955898,3.788238899311013,10,single_test_k10,10
28,coverage_S,0.43,0.19,0.6799999999999999,10,single_test_k10,10
28,sim_S,0.26195805966854097,0.2395069593563676,0.288742964155972,10,single_test_k10,10
28,sim_T,0.30305970311164854,0.2915648102760315,0.3129035890102386,10,single_test_k10,10
28,sim_T_to_S,0.25345371216535567,0.24385890267789362,0.2616821641474962,10,single_test_k10,10
28,ratio_S,1.0383852183818818,0.9418724890053272,1.1653369526565074,10,single_test_k10,10
28,div_gen,-5.960464477539063e-08,-9.5367431640625e-08,-2.384185791015625e-08,10,single_test_k10,10
28,div_T,0.20591549277305604,0.19544578772038224,0.21614915251731873,10,single_test_k10,10
28,div_ratio,-3.134889196755574e-07,-5.047378395211791e-07,-1.2433257954231198e-07,10,single_test_k10,10
28,hit,1.0,1.0,1.0,10,single_test_k10,10
29,mixture_error,,,,5,single_test_k10,10
29,kid_T,3.4181848011519023,3.3895092684659476,3.4458237499131683,5,single_test_k10,10
29,coverage_T,0.020689655172413793,0.006896551724137931,0.034482758620689655,5,single_test_k10,10
29,kid_S,3.3869822374402467,3.3075910287275034,3.4716872403455636,5,single_test_k10,10
29,coverage_S,0.12,0.04,0.21999999999999997,5,single_test_k10,10
29,sim_S,0.27168949842453005,0.22159106731414796,0.31632472276687623,5,single_test_k10,10
29,sim_T,0.30071261525154114,0.26948840022087095,0.3264736235141754,5,single_test_k10,10
29,sim_T_to_S,0.2669153094291687,0.26054779887199403,0.2771034240722656,5,single_test_k10,10
29,ratio_S,1.0193132281303405,0.8494964599609375,1.1907878160476684,5,single_test_k10,10
29,div_gen,5.960464477539063e-08,5.960464477539063e-08,5.960464477539063e-08,5,single_test_k10,10
29,div_T,0.22827751338481903,0.22160546481609344,0.23506705462932587,5,single_test_k10,10
29,div_ratio,2.614238864439006e-07,2.537096216591438e-07,2.6905606569410853e-07,5,single_test_k10,10
29,hit,1.0,1.0,1.0,5,single_test_k10,10
30,mixture_error,,,,5,single_test_k10,10
30,kid_T,1.2702673622238052,1.2365143954391151,1.300152714320206,5,single_test_k10,10
30,coverage_T,0.33076923076923076,0.2692307692307693,0.39230769230769236,5,single_test_k10,10
30,kid_S,1.2008777235817127,1.1367540797733835,1.2715472312173943,5,single_test_k10,10
30,coverage_S,0.76,0.6599999999999999,0.8400000000000001,5,single_test_k10,10
30,sim_S,0.3298764944076538,0.3018106698989868,0.3537246108055115,5,single_test_k10,10
30,sim_T,0.3936304450035095,0.3936304450035095,0.3936304450035095,5,single_test_k10,10
30,sim_T_to_S,0.3118904173374176,0.29846325516700745,0.3247396409511566,5,single_test_k10,10
30,ratio_S,1.0567277431488038,0.9927081346511841,1.1207473516464233,5,single_test_k10,10
30,div_gen,0.0,0.0,0.0,5,single_test_k10,10
30,div_T,0.16922503113746643,0.16553056836128235,0.1730898916721344,5,single_test_k10,10
30,div_ratio,0.0,0.0,0.0,5,single_test_k10,10
30,hit,1.0,1.0,1.0,5,single_test_k10,10
31,mixture_error,,,,5,single_test_k10,10
31,kid_T,2.0583742322895486,2.0094216326360685,2.1218871817159206,5,single_test_k10,10
31,coverage_T,0.22105263157894733,0.1894736842105263,0.25263157894736843,5,single_test_k10,10
31,kid_S,2.0810649016689036,1.9812472109328323,2.1617844567575544,5,single_test_k10,10
31,coverage_S,0.48,0.32,0.6,5,single_test_k10,10
31,sim_S,0.4638338446617126,0.22032979726791382,0.7073378920555115,5,single_test_k10,10
31,sim_T,0.5950473070144653,0.37046613693237307,0.8196284770965576,5,single_test_k10,10
31,sim_T_to_S,0.30781554579734804,0.2904644548892975,0.32410101890563964,5,single_test_k10,10
31,ratio_S,1.5388078808784484,0.7079877775907517,2.42732013463974,5,single_test_k10,10
31,div_gen,-2.384185791015625e-07,-2.384185791015625e-07,-2.384185791015625e-07,5,single_test_k10,10
31,div_T,0.23827542066574098,0.2263430416584015,0.24529280975461004,5,single_test_k10,10
31,div_ratio,-1.0032416539669158e-06,-1.0572932541233542e-06,-9.71982486837232e-07,5,single_test_k10,10
31,hit,1.0,1.0,1.0,5,single_test_k10,10
32,mixture_error,,,,5,single_test_k10,10
32,kid_T,2.0162830007974066,1.973638366380636,2.0572820174110586,5,single_test_k10,10
32,coverage_T,0.1,0.06153846153846154,0.13846153846153847,5,single_test_k10,10
32,kid_S,2.1071894541072194,1.9954309800752799,2.2198434766251522,5,single_test_k10,10
32,coverage_S,0.42000000000000004,0.3,0.5,5,single_test_k10,10
32,sim_S,0.4335400879383087,0.36396976113319396,0.5073516607284546,5,single_test_k10,10
32,sim_T,0.4931678056716919,0.4648000955581665,0.5215355157852173,5,single_test_k10,10
32,sim_T_to_S,0.319774204492569,0.31029434204101564,0.3285643756389618,5,single_test_k10,10
32,ratio_S,1.3636880040168762,1.1318712830543518,1.6272120237350465,5,single_test_k10,10
32,div_gen,-1.1920928955078125e-07,-1.1920928955078125e-07,-1.1920928955078125e-07,5,single_test_k10,10
32,div_T,0.19857842922210694,0.1939523384720087,0.20322667360305785,5,single_test_k10,10
32,div_ratio,-6.007226935971835e-07,-6.149175313846927e-07,-5.868537264899022e-07,5,single_test_k10,10
32,hit,1.0,1.0,1.0,5,single_test_k10,10
33,mixture_error,,,,5,single_test_k10,10
33,kid_T,1.9146858169180092,1.8791104661077018,1.9611619117255406,5,single_test_k10,10
33,coverage_T,0.023529411764705882,0.011764705882352941,0.029411764705882353,5,single_test_k10,10
33,kid_S,1.8765402981437351,1.7073847753650635,2.0291649648550854,5,single_test_k10,10
33,coverage_S,0.5,0.26,0.74,5,single_test_k10,10
33,sim_S,0.2976131409406662,0.2541418820619583,0.3284659683704376,5,single_test_k10,10
33,sim_T,0.30870291590690613,0.2947389602661133,0.32266687154769896,5,single_test_k10,10
33,sim_T_to_S,0.25034008324146273,0.2389317125082016,0.25759357213974,5,single_test_k10,10
33,ratio_S,1.1955095887184144,1.0173201441764832,1.3506552934646607,5,single_test_k10,10
33,div_gen,0.0,0.0,0.0,5,single_test_k10,10
33,div_T,0.17120105028152466,0.16445786952972413,0.17581559121608734,5,single_test_k10,10
33,div_ratio,0.0,0.0,0.0,5,single_test_k10,10
33,hit,1.0,1.0,1.0,5,single_test_k10,10
34,mixture_error,,,,30,single_test_k10,10
34,kid_T,1.6209082146001457,1.543222365407365,1.6930928681528836,30,single_test_k10,10
34,coverage_T,0.17308127029489262,0.14079370294308372,0.2050250316419046,30,single_test_k10,10
34,kid_S,1.650577672497451,1.5377135157898634,1.765251588019955,30,single_test_k10,10
34,coverage_S,0.5733333333333334,0.5066666666666666,0.6366666666666667,30,single_test_k10,10
34,sim_S,0.3510934203863144,0.3255005352944136,0.3746864574154218,30,single_test_k10,10
34,sim_T,0.4057548135519028,0.37080623174707095,0.4440571168810129,30,single_test_k10,10
34,sim_T_to_S,0.2723521813750267,0.25933450629313787,0.2851808107892672,30,single_test_k10,10
34,ratio_S,1.3007644653320312,1.208112889031569,1.391887492487828,30,single_test_k10,10
34,div_gen,-2.9802322387695312e-08,-7.947285970052083e-08,1.9868214925130207e-08,30,single_test_k10,10
34,div_T,0.2078101098537445,0.19797066734482846,0.21815139743189016,30,single_test_k10,10
34,div_ratio,-1.4719083457796485e-07,-4.074462896614556e-07,1.0281422818861516e-07,30,single_test_k10,10
34,hit,1.0,1.0,1.0,30,single_test_k10,10
35,mixture_error,,,,5,single_test_k10,10
35,kid_T,1.8211773926058288,1.7661574039774017,1.8748975444793536,5,single_test_k10,10
35,coverage_T,0.21081081081081082,0.1945945945945946,0.22702702702702707,5,single_test_k10,10
35,kid_S,1.8245156551263222,1.646208769281178,2.0024535929361553,5,single_test_k10,10
35,coverage_S,0.68,0.56,0.82,5,single_test_k10,10
35,sim_S,0.33219416737556456,0.2911263585090637,0.37020487189292905,5,single_test_k10,10
35,sim_T,0.42840033769607544,0.42840033769607544,0.42840033769607544,5,single_test_k10,10
35,sim_T_to_S,0.2207361191511154,0.20992061197757722,0.23099201619625093,5,single_test_k10,10
35,ratio_S,1.4993863821029663,1.3904187440872193,1.5909535962343213,5,single_test_k10,10
35,div_gen,2.384185791015625e-07,2.384185791015625e-07,2.384185791015625e-07,5,single_test_k10,10
35,div_T,0.2395237535238266,0.22801333665847778,0.24667322933673858,5,single_test_k10,10
35,div_ratio,9.977361881819914e-07,9.666498653109146e-07,1.0489663947615359e-06,5,single_test_k10,10
35,hit,1.0,1.0,1.0,5,single_test_k10,10
36,mixture_error,,,,20,single_test_k10,10
36,kid_T,2.334486019309973,2.0264683030613733,2.6795612691152275,20,single_test_k10,10
36,coverage_T,0.13139443277310922,0.07244255514705882,0.18852744222689075,20,single_test_k10,10
36,kid_S,2.309348175902392,1.9952199106708246,2.6361113879588403,20,single_test_k10,10
36,coverage_S,0.42000000000000004,0.3,0.5449999999999999,20,single_test_k10,10
36,sim_S,0.27860291227698325,0.24505472281947732,0.3125111657381058,20,single_test_k10,10
36,sim_T,0.33649609088897703,0.32118739843368527,0.35181089844554664,20,single_test_k10,10
36,sim_T_to_S,0.24502039924263955,0.2364420748874545,0.2534943030960858,20,single_test_k10,10
36,ratio_S,1.1390500038862228,1.006197422966361,1.272427082955837,20,single_test_k10,10
36,div_gen,-8.940696716308594e-08,-1.5497207641601563e-07,-2.9802322387695312e-08,20,single_test_k10,10
36,div_T,0.2277132712304592,0.21023199951276184,0.24692922795191408,20,single_test_k10,10
36,div_ratio,-3.911454763296271e-07,-6.889732605841639e-07,-1.351020896234628e-07,20,single_test_k10,10
36,hit,1.0,1.0,1.0,20,single_test_k10,10
37,mixture_error,,,,5,single_test_k10,10
37,kid_T,2.317407273284174,2.281566409951101,2.34619540447201,5,single_test_k10,10
37,coverage_T,0.047058823529411764,0.03529411764705882,0.058823529411764705,5,single_test_k10,10
37,kid_S,2.162187246250066,2.0666107603881723,2.303291544097696,5,single_test_k10,10
37,coverage_S,0.45999999999999996,0.31999999999999995,0.6,5,single_test_k10,10
37,sim_S,0.28426959812641145,0.2450660675764084,0.3225871205329895,5,single_test_k10,10
37,sim_T,0.3085232496261597,0.2803955078125,0.333093523979187,5,single_test_k10,10
37,sim_T_to_S,0.24168231785297395,0.2360955685377121,0.24803004264831544,5,single_test_k10,10
37,ratio_S,1.1749163627624513,1.0213953256607056,1.3315635204315186,5,single_test_k10,10
37,div_gen,0.0,0.0,0.0,5,single_test_k10,10
37,div_T,0.22709793448448182,0.22077070772647858,0.23286124169826508,5,single_test_k10,10
37,div_ratio,0.0,0.0,0.0,5,single_test_k10,10
37,hit,1.0,1.0,1.0,5,single_test_k10,10
38,mixture_error,,,,5,single_test_k10,10
38,kid_T,1.7621119197350599,1.7130661820281166,1.8073972785311785,5,single_test_k10,10
38,coverage_T,0.1696969696969697,0.14545454545454545,0.19393939393939394,5,single_test_k10,10
38,kid_S,1.711305353366658,1.546387765200988,1.9046687773202344,5,single_test_k10,10
38,coverage_S,0.5599999999999999,0.42000000000000004,0.6799999999999999,5,single_test_k10,10
38,sim_S,0.2853650450706482,0.2741957545280457,0.2965343356132507,5,single_test_k10,10
38,sim_T,0.3636750876903534,0.3636750876903534,0.3636750876903534,5,single_test_k10,10
38,sim_T_to_S,0.21452792584896088,0.20732759833335876,0.22079704105854034,5,single_test_k10,10
38,ratio_S,1.3322137594223022,1.2654226303100586,1.4014006853103638,5,single_test_k10,10
38,div_gen,1.1920928955078125e-07,1.1920928955078125e-07,1.1920928955078125e-07,5,single_test_k10,10
38,div_T,0.1922850102186203,0.1878150671720505,0.19646478891372682,5,single_test_k10,10
38,div_ratio,6.203197703681949e-07,6.069804841732452e-07,6.349418099390535e-07,5,single_test_k10,10
38,hit,1.0,1.0,1.0,5,single_test_k10,10
39,mixture_error,,,,5,single_test_k10,10
39,kid_T,2.6780682228989434,2.633115968793823,2.723020477004064,5,single_test_k10,10
39,coverage_T,0.08666666666666667,0.07333333333333333,0.1,5,single_test_k10,10
39,kid_S,2.960658279570942,2.8094195307015806,3.105226302524861,5,single_test_k10,10
39,coverage_S,0.15999999999999998,0.06000000000000001,0.26,5,single_test_k10,10
39,sim_S,0.34883066415786745,0.32052186131477356,0.380452036857605,5,single_test_k10,10
39,sim_T,0.47164618968963623,0.47164618968963623,0.47164618968963623,5,single_test_k10,10
39,sim_T_to_S,0.32384281754493716,0.3125210702419281,0.336407995223999,5,single_test_k10,10
39,ratio_S,1.0778772711753846,0.9954663470387458,1.1835076808929443,5,single_test_k10,10
39,div_gen,-1.1920928955078125e-07,-1.1920928955078125e-07,-1.1920928955078125e-07,5,single_test_k10,10
39,div_T,0.21986782252788545,0.21227536499500274,0.22632797956466674,5,single_test_k10,10
39,div_ratio,-5.429822747451538e-07,-5.617824872449221e-07,-5.268687782241563e-07,5,single_test_k10,10
39,hit,1.0,1.0,1.0,5,single_test_k10,10
40,mixture_error,,,,15,single_test_k10,10
40,kid_T,1.5058772833661989,1.4621741280271316,1.5449217813166811,15,single_test_k10,10
40,coverage_T,0.14089786756453423,0.10445173961840624,0.1799304152637486,15,single_test_k10,10
40,kid_S,1.514423794388628,1.4607022782894814,1.563321410001648,15,single_test_k10,10
40,coverage_S,0.4866666666666666,0.38649999999999995,0.5933333333333333,15,single_test_k10,10
40,sim_S,0.4040887693564097,0.32300979653994244,0.49468976552287736,15,single_test_k10,10
40,sim_T,0.40360328555107117,0.3438746452828248,0.4800063382089138,15,single_test_k10,10
40,sim_T_to_S,0.24427383144696554,0.2350021231919527,0.25494282188514866,15,single_test_k10,10
40,ratio_S,1.673405412832896,1.3273557553688684,2.083374907573064,15,single_test_k10,10
40,div_gen,-1.1920928955078125e-07,-1.1920928955078125e-07,-1.1920928955078125e-07,15,single_test_k10,10
40,div_T,0.1779068301121394,0.17109940990805625,0.18423054700096447,15,single_test_k10,10
40,div_ratio,-6.735938281449684e-07,-7.008216475554773e-07,-6.492489389866615e-07,15,single_test_k10,10
40,hit,1.0,1.0,1.0,15,single_test_k10,10
41,mixture_error,,,,5,single_test_k10,10
41,kid_T,1.8285245044899139,1.7864527793149019,1.8811628997749463,5,single_test_k10,10
41,coverage_T,0.3290322580645161,0.2645161290322581,0.4,5,single_test_k10,10
41,kid_S,1.712895447521598,1.579212578887472,1.8254125803019097,5,single_test_k10,10
41,coverage_S,0.76,0.62,0.86,5,single_test_k10,10
41,sim_S,0.25728122889995575,0.20410238206386566,0.3407117068767548,5,single_test_k10,10
41,sim_T,0.38680903911590575,0.3436772465705872,0.40837493538856506,5,single_test_k10,10
41,sim_T_to_S,0.24002057909965516,0.23532356023788453,0.2447182359546423,5,single_test_k10,10
41,ratio_S,1.0733127117156982,0.855509352684021,1.4275960803031922,5,single_test_k10,10
41,div_gen,2.384185791015625e-07,2.384185791015625e-07,2.384185791015625e-07,5,single_test_k10,10
41,div_T,0.26776500344276427,0.25972544550895693,0.27547043561935425,5,single_test_k10,10
41,div_ratio,8.912415768841198e-07,8.659530009710744e-07,9.181496128579497e-07,5,single_test_k10,10
41,hit,1.0,1.0,1.0,5,single_test_k10,10
42,mixture_error,,,,10,single_test_k10,10
42,kid_T,2.200341197317229,1.9887128889092918,2.404682435367539,10,single_test_k10,10
42,coverage_T,0.22431372549019604,0.09823529411764706,0.35589215686274506,10,single_test_k10,10
42,kid_S,2.183699188276009,2.00988255460404,2.350150185337114,10,single_test_k10,10
42,coverage_S,0.5,0.33,0.6799999999999999,10,single_test_k10,10
42,sim_S,0.24526831954717637,0.21960061233490705,0.2755899442359805,10,single_test_k10,10
42,sim_T,0.2808203428983688,0.25208753626793623,0.3131661623716354,10,single_test_k10,10
42,sim_T_to_S,0.22923775315284728,0.21447742469608783,0.24362452324479816,10,single_test_k10,10
42,ratio_S,1.0916288673877717,0.9392566221952439,1.277038490474224,10,single_test_k10,10
42,div_gen,0.0,0.0,0.0,10,single_test_k10,10
42,div_T,0.2624561548233032,0.25851769104599953,0.2661091665178537,10,single_test_k10,10
42,div_ratio,0.0,0.0,0.0,10,single_test_k10,10
42,hit,1.0,1.0,1.0,10,single_test_k10,10
43,mixture_error,,,,20,single_test_k10,10
43,kid_T,2.3378502644192634,2.2096709260723983,2.464797855140224,20,single_test_k10,10
43,coverage_T,0.15104662698412696,0.11462884424603173,0.18619159226190476,20,single_test_k10,10
43,kid_S,2.374329781592575,2.214421668354727,2.544582845750872,20,single_test_k10,10
43,coverage_S,0.475,0.409875,0.55,20,single_test_k10,10
43,sim_S,0.25948361679911613,0.24259322781115772,0.2787592856585979,20,single_test_k10,10
43,sim_T,0.32914494127035143,0.3164830795675516,0.3404629464074969,20,single_test_k10,10
43,sim_T_to_S,0.2423563204705715,0.2317615778371692,0.252513329628855,20,single_test_k10,10
43,ratio_S,1.0806415319442748,1.000630843937397,1.1765616650134323,20,single_test_k10,10
43,div_gen,-5.960464477539063e-08,-1.0728836059570313e-07,-2.354383468627957e-08,20,single_test_k10,10
43,div_T,0.25858831852674485,0.25159152198582885,0.26555072870105506,20,single_test_k10,10
43,div_ratio,-2.2967456883136656e-07,-4.1298169576611477e-07,-8.925747051589365e-08,20,single_test_k10,10
43,hit,1.0,1.0,1.0,20,single_test_k10,10
44,mixture_error,,,,5,single_test_k10,10
44,kid_T,0.8515120048592013,0.8362057725474881,0.8630446166023749,5,single_test_k10,10
44,coverage_T,0.2,0.1714285714285714,0.21428571428571427,5,single_test_k10,10
44,kid_S,0.8743493091259336,0.8449717772873317,0.917516566641283,5,single_test_k10,10
44,coverage_S,0.6,0.54,0.6599999999999999,5,single_test_k10,10
44,sim_S,0.3249449014663696,0.310543954372406,0.3347947299480438,5,single_test_k10,10
44,sim_T,0.3497096002101898,0.3497096002101898,0.3497096002101898,5,single_test_k10,10
44,sim_T_to_S,0.3297973573207855,0.31773974895477297,0.3415939748287201,5,single_test_k10,10
44,ratio_S,0.9882966876029968,0.9189374446868896,1.0458602070808412,5,single_test_k10,10
44,div_gen,5.960464477539063e-08,5.960464477539063e-08,5.960464477539063e-08,5,single_test_k10,10
44,div_T,0.12660575807094573,0.12414400279521942,0.12990871369838713,5,single_test_k10,10
44,div_ratio,4.7112378416848196e-07,4.5917522907065135e-07,4.802353462172803e-07,5,single_test_k10,10
44,hit,1.0,1.0,1.0,5,single_test_k10,10
45,mixture_error,,,,20,single_test_k10,10
45,kid_T,1.4543595431108058,1.3903514480340662,1.5106629078847604,20,single_test_k10,10
45,coverage_T,0.2859137350516661,0.2547778884389876,0.31692483836206903,20,single_test_k10,10
45,kid_S,1.4952222067993723,1.3836742815511587,1.604800391683021,20,single_test_k10,10
45,coverage_S,0.7099999999999999,0.6299999999999999,0.79,20,single_test_k10,10
45,sim_S,0.3259522892534733,0.29375832756981257,0.3591711868345737,20,single_test_k10,10
45,sim_T,0.4171445980668068,0.3757645395025611,0.4625886279344558,20,single_test_k10,10
45,sim_T_to_S,0.28417723029851916,0.27192008452489974,0.2970310006476939,20,single_test_k10,10
45,ratio_S,1.1474479883909225,1.0400544391572475,1.2645200727880002,20,single_test_k10,10
45,div_gen,1.341104507446289e-07,5.662441253662109e-08,2.0563602447509767e-07,20,single_test_k10,10
45,div_T,0.19773219004273415,0.1895465516671538,0.20573736684396862,20,single_test_k10,10
45,div_ratio,6.804477899731528e-07,2.8617247226916e-07,1.014601845354751e-06,20,single_test_k10,10
45,hit,1.0,1.0,1.0,20,single_test_k10,10
46,mixture_error,,,,10,single_test_k10,10
46,kid_T,1.874328268623001,1.6398660215968912,2.11915951668744,10,single_test_k10,10
46,coverage_T,0.21768196202531645,0.16106507120253163,0.2798655063291139,10,single_test_k10,10
46,kid_S,2.0720924665204294,1.7729402460872377,2.4087456958862234,10,single_test_k10,10
46,coverage_S,0.51,0.4000000000000001,0.6202499999999999,10,single_test_k10,10
46,sim_S,0.25173483341932296,0.21124724227935077,0.30406638026237487,10,single_test_k10,10
46,sim_T,0.3676528811454773,0.3281024396419525,0.4030656337738037,10,single_test_k10,10
46,sim_T_to_S,0.22469645887613296,0.21498058080673219,0.23552858788520098,10,single_test_k10,10
46,ratio_S,1.1191469371318816,0.9490247482061387,1.3292404951155186,10,single_test_k10,10
46,div_gen,5.960464477539063e-08,-1.1920928955078125e-07,2.384185791015625e-07,10,single_test_k10,10
46,div_T,0.23803179562091828,0.21672219563275577,0.26079944990575316,10,single_test_k10,10
46,div_ratio,5.965415228116964e-08,-6.851153657131941e-07,8.08637700914652e-07,10,single_test_k10,10
46,hit,1.0,1.0,1.0,10,single_test_k10,10
47,mixture_error,,,,15,single_test_k10,10
47,kid_T,1.8762656826571529,1.638930996519306,2.0756101243558738,15,single_test_k10,10
47,coverage_T,0.20486524228459713,0.15722627193594932,0.25146641530512504,15,single_test_k10,10
47,kid_S,1.869072797159791,1.6370161530656895,2.102389481339852,15,single_test_k10,10
47,coverage_S,0.5133333333333333,0.4,0.6199999999999999,15,single_test_k10,10
47,sim_S,0.29395411411921185,0.2592413614193599,0.3314994635184606,15,single_test_k10,10
47,sim_T,0.35120078126589455,0.3260636593401432,0.37718290006120997,15,single_test_k10,10
47,sim_T_to_S,0.27263151705265043,0.25934844215710956,0.28652839961151283,15,single_test_k10,10
47,ratio_S,1.0813197016716003,0.9555785124500592,1.2152106496691704,15,single_test_k10,10
47,div_gen,0.0,-9.5367431640625e-08,1.1126200358072917e-07,15,single_test_k10,10
47,div_T,0.21253971060117086,0.20043570617834727,0.22337220209340253,15,single_test_k10,10
47,div_ratio,1.5058720315439774e-08,-4.0867746737290636e-07,4.885122629449834e-07,15,single_test_k10,10
47,hit,1.0,1.0,1.0,15,single_test_k10,10
48,mixture_error,,,,5,single_test_k10,10
48,kid_T,1.8557419097322825,1.8155949600956187,1.8985910361667484,5,single_test_k10,10
48,coverage_T,0.15333333333333332,0.13333333333333333,0.18,5,single_test_k10,10
48,kid_S,1.8717106368353544,1.7381931568260562,1.9986089936825635,5,single_test_k10,10
48,coverage_S,0.28,0.2,0.36000000000000004,5,single_test_k10,10
48,sim_S,0.2849732756614685,0.24805291295051574,0.32105082273483276,5,single_test_k10,10
48,sim_T,0.29554688930511475,0.2774928867816925,0.313600891828537,5,single_test_k10,10
48,sim_T_to_S,0.2519704431295395,0.24116953313350678,0.2622592210769653,5,single_test_k10,10
48,ratio_S,1.1321573734283448,0.9717944145202637,1.2812262296676635,5,single_test_k10,10
48,div_gen,1.7881393432617188e-07,1.7881393432617188e-07,1.7881393432617188e-07,5,single_test_k10,10
48,div_T,0.19892845749855043,0.18864253163337708,0.20795424282550812,5,single_test_k10,10
48,div_ratio,9.018364751387842e-07,8.599516920680519e-07,9.513051109807645e-07,5,single_test_k10,10
48,hit,1.0,1.0,1.0,5,single_test_k10,10
macro,mixture_error,,,,49,single_test_k10,10
macro,kid_T,1.9914046504726364,1.9623015986345202,2.0219743039199773,49,single_test_k10,10
macro,coverage_T,0.17369707027308376,0.16670183056079907,0.18074927169975677,49,single_test_k10,10
macro,kid_S,1.9836799572309587,1.9483539501564664,2.01930771982849,49,single_test_k10,10
macro,coverage_S,0.49010108938680386,0.4731003496503496,0.5071081263974122,49,single_test_k10,10
macro,sim_S,0.3166116714292878,0.30946109628213353,0.32448598561330055,49,single_test_k10,10
macro,sim_T,0.3830342481433452,0.37626194277636404,0.3896295200681889,49,single_test_k10,10
macro,sim_T_to_S,0.2682957173499637,0.26687863594556094,0.2698131274122951,49,single_test_k10,10
macro,ratio_S,1.1847011986683218,1.1583355074740922,1.2138198439933177,49,single_test_k10,10
macro,div_gen,2.2851991515070917e-08,1.559579802264916e-08,2.992816741150876e-08,49,single_test_k10,10
macro,div_T,0.21094997610935629,0.20968453558590122,0.2121510442512434,49,single_test_k10,10
macro,div_ratio,9.468796735193218e-08,5.998727748075387e-08,1.2915384455401506e-07,49,single_test_k10,10
macro,hit,1.0,1.0,1.0,49,single_test_k10,10
0,mixture_error,,,,5,single_test_k5,5
0,kid_T,2.1099449191381607,2.1010982931223143,2.118806894913281,5,single_test_k5,5
0,coverage_T,0.09230769230769231,0.07692307692307693,0.11282051282051282,5,single_test_k5,5
0,kid_S,2.2161264376746663,2.0999759953387427,2.3315758533863336,5,single_test_k5,5
0,coverage_S,0.9199999999999999,0.8400000000000001,1.0,5,single_test_k5,5
0,sim_S,0.26769095063209536,0.2446630649268627,0.29468876123428345,5,single_test_k5,5
0,sim_T,0.4167328476905823,0.4167328476905823,0.4167328476905823,5,single_test_k5,5
0,sim_T_to_S,0.2642688453197479,0.2566011071205139,0.27186617255210876,5,single_test_k5,5
0,ratio_S,1.0120067477226258,0.9395095136761665,1.0992645025253296,5,single_test_k5,5
0,div_gen,3.5762786865234375e-07,3.5762786865234375e-07,3.5762786865234375e-07,5,single_test_k5,5
0,div_T,0.2478111445903778,0.24520199298858641,0.2506022334098816,5,single_test_k5,5
0,div_ratio,1.4433753675452878e-06,1.4272454318807195e-06,1.4585562679691124e-06,5,single_test_k5,5
0,hit,1.0,1.0,1.0,5,single_test_k5,5
1,mixture_error,,,,30,single_test_k5,5
1,kid_T,1.6966507215527074,1.6123377012171172,1.7765711599291527,30,single_test_k5,5
1,coverage_T,0.1783424439306792,0.1446281061281061,0.2159465498950793,30,single_test_k5,5
1,kid_S,1.6509900916798015,1.5297807285507632,1.7786895576942383,30,single_test_k5,5
1,coverage_S,0.8933333333333334,0.8400000000000001,0.9400000000000001,30,single_test_k5,5
1,sim_S,0.29205276519060136,0.2644921495889624,0.32154003228992223,30,single_test_k5,5
1,sim_T,0.4617141882578532,0.42514599042634166,0.5042047965278228,30,single_test_k5,5
1,sim_T_to_S,0.2296988939245542,0.2192606516554952,0.2398543943464756,30,single_test_k5,5
1,ratio_S,1.274946669737498,1.1647293456892172,1.3826003327469032,30,single_test_k5,5
1,div_gen,-4.967053731282552e-08,-1.0733803113301595e-07,1.3957420984903926e-08,30,single_test_k5,5
1,div_T,0.20349883139133454,0.19404139692584674,0.21205401883771022,30,single_test_k5,5
1,div_ratio,-1.9177883379726157e-07,-4.887946388069883e-07,1.4479245705478917e-07,30,single_test_k5,5
1,hit,1.0,1.0,1.0,30,single_test_k5,5
2,mixture_error,,,,20,single_test_k5,5
2,kid_T,1.6027050539284151,1.5077800258548573,1.7086374555899624,20,single_test_k5,5
2,coverage_T,0.23861201298701298,0.209506966991342,0.26797351866883107,20,single_test_k5,5
2,kid_S,1.6161627722100271,1.4661864486836038,1.7829157323007039,20,single_test_k5,5
2,coverage_S,0.8900000000000002,0.8200000000000001,0.9500000000000002,20,single_test_k5,5
2,sim_S,0.29881027340888977,0.25405438119545576,0.3476458224095404,20,single_test_k5,5
2,sim_T,0.42447421997785567,0.39221276286989454,0.456313677765429,20,single_test_k5,5
2,sim_T_to_S,0.21695258766412734,0.20354069489985704,0.2315964147076011,20,single_test_k5,5
2,ratio_S,1.3758908808231354,1.1813066111505033,1.6026741655170917,20,single_test_k5,5
2,div_gen,1.341104507446289e-07,7.748603820800782e-08,1.9669532775878905e-07,20,single_test_k5,5
2,div_T,0.20135414600372314,0.19144990300759673,0.2110518287308514,20,single_test_k5,5
2,div_ratio,7.498210476997993e-07,3.979302762289389e-07,1.1410762075309731e-06,20,single_test_k5,5
2,hit,1.0,1.0,1.0,20,single_test_k5,5
3,mixture_error,,,,65,single_test_k5,5
3,kid_T,1.948967125470658,1.8015624851160557,2.117336513479679,65,single_test_k5,5
3,coverage_T,0.16269045100115176,0.1321819362502269,0.19025738226079877,65,single_test_k5,5
3,kid_S,1.9221102511043573,1.7584960136903778,2.1089939848821557,65,single_test_k5,5
3,coverage_S,0.7723076923076924,0.6892307692307695,0.8461538461538459,65,single_test_k5,5
3,sim_S,0.27752299010753634,0.2545004847473823,0.302589050709055,65,single_test_k5,5
3,sim_T,0.3847907877885378,0.3640553366335539,0.40786800142664176,65,single_test_k5,5
3,sim_T_to_S,0.2295357699577625,0.22166047848761083,0.23852305909762017,65,single_test_k5,5
3,ratio_S,1.217521045758174,1.1196771631791043,1.3237513383993735,65,single_test_k5,5
3,div_gen,5.960464477539063e-08,1.6482976766733024e-08,1.0272631278404821e-07,65,single_test_k5,5
3,div_T,0.20213799797571622,0.1969262894930748,0.20780743657396392,65,single_test_k5,5
3,div_ratio,2.8221555537592843e-07,6.161255711465616e-08,5.009010427392301e-07,65,single_test_k5,5
3,hit,1.0,1.0,1.0,65,single_test_k5,5
4,mixture_error,,,,65,single_test_k5,5
4,kid_T,1.8237541487405267,1.6202309005864197,2.066072844342591,65,single_test_k5,5
4,coverage_T,0.21198624604928237,0.18015204434298684,0.2434043749073004,65,single_test_k5,5
4,kid_S,1.850351247651173,1.6527362908207164,2.088120596533969,65,single_test_k5,5
4,coverage_S,0.8092307692307692,0.7323076923076923,0.8707692307692305,65,single_test_k5,5
4,sim_S,0.25400800842505233,0.23173472847216403,0.2754951492267159,65,single_test_k5,5
4,sim_T,0.3841162864978497,0.352710602581501,0.41615711329075006,65,single_test_k5,5
4,sim_T_to_S,0.22924784261446732,0.22167868686410097,0.23748130740454562,65,single_test_k5,5
4,ratio_S,1.1130496410223154,1.0223480859398841,1.2013044908184272,65,single_test_k5,5
4,div_gen,5.501967210036058e-08,1.3754918025090145e-08,9.720142071063702e-08,65,single_test_k5,5
4,div_T,0.19826435355039743,0.19246546110281576,0.20408003495862853,65,single_test_k5,5
4,div_ratio,3.0761456659231445e-07,1.1078786753718867e-07,5.121092623588316e-07,65,single_test_k5,5
4,hit,1.0,1.0,1.0,65,single_test_k5,5
5,mixture_error,,,,25,single_test_k5,5
5,kid_T,2.2338177221139413,1.679072019936801,2.902550775209036,25,single_test_k5,5
5,coverage_T,0.16020137784843666,0.12092241482469186,0.1983265586269381,25,single_test_k5,5
5,kid_S,2.2875152980184885,1.6911409944690228,2.9720294534000975,25,single_test_k5,5
5,coverage_S,0.7680000000000001,0.608,0.904,25,single_test_k5,5
5,sim_S,0.2766240632534027,0.24940796388685704,0.30385449707508083,25,single_test_k5,5
5,sim_T,0.4917019420862198,0.3942294965684414,0.6047172325253487,25,single_test_k5,5
5,sim_T_to_S,0.23100622236728668,0.22105201192200183,0.24123485942184925,25,single_test_k5,5
5,ratio_S,1.200195026397705,1.089406185388565,1.306496915400028,25,single_test_k5,5
5,div_gen,0.0,-5.2571296691894525e-08,4.76837158203125e-08,25,single_test_k5,5
5,div_T,0.18992928981781007,0.17845165066421034,0.2020662582218647,25,single_test_k5,5
5,div_ratio,4.969044969699962e-08,-2.511976320541776e-07,2.9986744277979424e-07,25,single_test_k5,5
5,hit,1.0,1.0,1.0,25,single_test_k5,5
6,mixture_error,,,,10,single_test_k5,5
6,kid_T,1.5875685221895597,1.4654754583959553,1.710545852586266,10,single_test_k5,5
6,coverage_T,0.17085714285714285,0.06971428571428571,0.27599999999999997,10,single_test_k5,5
6,kid_S,1.6387968673748627,1.456760264422859,1.799823764874716,10,single_test_k5,5
6,coverage_S,0.78,0.6399999999999999,0.9199999999999999,10,single_test_k5,5
6,sim_S,0.26628995686769485,0.21209267858415842,0.31909072548151013,10,single_test_k5,5
6,sim_T,0.3558154344558716,0.32665899991989134,0.3817108035087585,10,single_test_k5,5
6,sim_T_to_S,0.22016250044107438,0.20786529745906593,0.23275826316326856,10,single_test_k5,5
6,ratio_S,1.217972069978714,0.9622862520813942,1.4802276904881,10,single_test_k5,5
6,div_gen,0.0,0.0,0.0,10,single_test_k5,5
6,div_T,0.16653009355068207,0.15395520523190498,0.17941551629453897,10,single_test_k5,5
6,div_ratio,0.0,0.0,0.0,10,single_test_k5,5
6,hit,1.0,1.0,1.0,10,single_test_k5,5
7,mixture_error,,,,20,single_test_k5,5
7,kid_T,2.0738183907935643,1.976469567338669,2.1679632473496953,20,single_test_k5,5
7,coverage_T,0.10904218734863895,0.07699984863896155,0.1488342778262133,20,single_test_k5,5
7,kid_S,2.0018076686510096,1.8452272541716845,2.1419409364068662,20,single_test_k5,5
7,coverage_S,0.8100000000000002,0.7100000000000002,0.9,20,single_test_k5,5
7,sim_S,0.28289085775613787,0.25140622043982147,0.31445299560204143,20,single_test_k5,5
7,sim_T,0.3796846568584442,0.35518290143460035,0.4004063643887639,20,single_test_k5,5
7,sim_T_to_S,0.22397904321551323,0.21441172724589705,0.23361419796943667,20,single_test_k5,5
7,ratio_S,1.2547118276357652,1.1350029128789902,1.3650933787226678,20,single_test_k5,5
7,div_gen,2.9802322387695312e-08,-5.0738453865051267e-08,1.1332333087921135e-07,20,single_test_k5,5
7,div_T,0.21841986104846,0.20558646943420172,0.23238307915627957,20,single_test_k5,5
7,div_ratio,2.2823014267084897e-07,-1.3222617274085636e-07,6.1797881620115e-07,20,single_test_k5,5
7,hit,1.0,1.0,1.0,20,single_test_k5,5
8,mixture_error,,,,15,single_test_k5,5
8,kid_T,2.4234766250506046,2.1711910344819736,2.6713136420747685,15,single_test_k5,5
8,coverage_T,0.07649572649572649,0.04729344729344729,0.10143874643874644,15,single_test_k5,5
8,kid_S,2.5343964672280856,2.2490219140010965,2.831039263958699,15,single_test_k5,5
8,coverage_S,0.6666666666666665,0.49333333333333335,0.8266666666666665,15,single_test_k5,5
8,sim_S,0.24416653215885162,0.21496919333934783,0.2735709372162819,15,single_test_k5,5
8,sim_T,0.3379611929257711,0.324456258614858,0.3495241204897563,15,single_test_k5,5
8,sim_T_to_S,0.22115667263666788,0.21220772467553617,0.2301074354102214,15,single_test_k5,5
8,ratio_S,1.1022602915763855,0.9736345556378365,1.2243992764751115,15,single_test_k5,5
8,div_gen,1.5894571940104166e-07,9.139378865559896e-08,2.1855036417643228e-07,15,single_test_k5,5
8,div_T,0.1967156211535136,0.18667305347820123,0.20707536324858666,15,single_test_k5,5
8,div_ratio,8.7494780978888e-07,4.785852497378248e-07,1.2208592704250294e-06,15,single_test_k5,5
8,hit,1.0,1.0,1.0,15,single_test_k5,5
9,mixture_error,,,,110,single_test_k5,5
9,kid_T,1.7445214468093286,1.6798329202994742,1.8165484951343822,110,single_test_k5,5
9,coverage_T,0.19288115411339857,0.165409508892082,0.21925679120890465,110,single_test_k5,5
9,kid_S,1.6764749553967235,1.5980146053473754,1.7734191693769528,110,single_test_k5,5
9,coverage_S,0.8672727272727269,0.8272727272727272,0.9018181818181814,110,single_test_k5,5
9,sim_S,0.29560717174952683,0.27598080092533067,0.3156246461787007,110,single_test_k5,5
9,sim_T,0.3839504424821247,0.364889536337419,0.40373801401054316,110,single_test_k5,5
9,sim_T_to_S,0.2372472964904525,0.23001858111132276,0.24415053319524635,110,single_test_k5,5
9,ratio_S,1.2391722654754465,1.1713738836551255,1.3115190117603,110,single_test_k5,5
9,div_gen,-8.398836309259589e-08,-1.2137673117897726e-07,-4.389069297096946e-08,110,single_test_k5,5
9,div_T,0.2122988133267923,0.20782558063214476,0.21698369959877295,110,single_test_k5,5
9,div_ratio,-4.055894175360144e-07,-5.92975216101078e-07,-2.0815566252311976e-07,110,single_test_k5,5
9,hit,1.0,1.0,1.0,110,single_test_k5,5
10,mixture_error,,,,30,single_test_k5,5
10,kid_T,1.6796923830408772,1.5832580652479644,1.7731889954374584,30,single_test_k5,5
10,coverage_T,0.22675398525383228,0.1965063822346564,0.2603693736521536,30,single_test_k5,5
10,kid_S,1.6594334652707836,1.5525587555340188,1.7641435589395342,30,single_test_k5,5
10,coverage_S,0.9400000000000002,0.9066666666666668,0.9733333333333334,30,single_test_k5,5
10,sim_S,0.27624682784080506,0.24053177612523238,0.313123063929379,30,single_test_k5,5
10,sim_T,0.3820624351501465,0.3452042072514693,0.4251049154748519,30,single_test_k5,5
10,sim_T_to_S,0.21903006434440614,0.21169633227090043,0.2256799143428604,30,single_test_k5,5
10,ratio_S,1.2780224978923798,1.1046789722641308,1.4669146645069122,30,single_test_k5,5
10,div_gen,1.9868214925130207e-08,-3.5762786865234374e-08,7.947285970052083e-08,30,single_test_k5,5
10,div_T,0.2232524757583936,0.2162826693803072,0.23098607865472634,30,single_test_k5,5
10,div_ratio,6.55862459961128e-08,-1.8878322668275994e-07,3.2734751943536374e-07,30,single_test_k5,5
10,hit,1.0,1.0,1.0,30,single_test_k5,5
11,mixture_error,,,,5,single_test_k5,5
11,kid_T,2.638964095844023,2.6150462457001002,2.671604744608151,5,single_test_k5,5
11,coverage_T,0.030000000000000006,0.025,0.04,5,single_test_k5,5
11,kid_S,2.5550209796510672,2.3223628784287156,2.741179126991441,5,single_test_k5,5
11,coverage_S,0.72,0.44000000000000006,0.96,5,single_test_k5,5
11,sim_S,0.22836505770683288,0.20800321400165558,0.24170106649398804,5,single_test_k5,5
11,sim_T,0.24850860238075256,0.24850860238075256,0.24850860238075256,5,single_test_k5,5
11,sim_T_to_S,0.21236529052257538,0.2065751224756241,0.21762875318527222,5,single_test_k5,5
11,ratio_S,1.076461410522461,0.9752107620239258,1.1593476057052612,5,single_test_k5,5
11,div_gen,3.5762786865234375e-07,3.5762786865234375e-07,3.5762786865234375e-07,5,single_test_k5,5
11,div_T,0.25234727561473846,0.24980830252170563,0.2547923505306244,5,single_test_k5,5
11,div_ratio,1.4174043034912054e-06,1.403605306297973e-06,1.431755623556431e-06,5,single_test_k5,5
11,hit,1.0,1.0,1.0,5,single_test_k5,5
12,mixture_error,,,,65,single_test_k5,5
12,kid_T,2.385034084827209,2.121770430957063,2.6372421416172984,65,single_test_k5,5
12,coverage_T,0.08259906414780682,0.0617385743474998,0.10538290262172686,65,single_test_k5,5
12,kid_S,2.375935559134496,2.1257821269306048,2.6201900495243233,65,single_test_k5,5
12,coverage_S,0.6215384615384613,0.5323076923076924,0.7169230769230768,65,single_test_k5,5
12,sim_S,0.24613986542591682,0.23034814337125192,0.2631612473095839,65,single_test_k5,5
12,sim_T,0.33521511394243975,0.3251578861933488,0.344911084736769,65,single_test_k5,5
12,sim_T_to_S,0.23302073960120862,0.2276668258412526,0.2385665961756156,65,single_test_k5,5
12,ratio_S,1.0552669341747578,0.9933656325936318,1.1225818734902602,65,single_test_k5,5
12,div_gen,4.5849726750300483e-08,-1.0086939885066106e-08,1.045373769906851e-07,65,single_test_k5,5
12,div_T,0.20949240097632774,0.20427630382088513,0.21471516785713343,65,single_test_k5,5
12,div_ratio,2.3578884360305107e-07,-2.9275228903494366e-08,5.15946927623017e-07,65,single_test_k5,5
12,hit,1.0,1.0,1.0,65,single_test_k5,5
13,mixture_error,,,,5,single_test_k5,5
13,kid_T,1.867237008678022,1.844301401347467,1.9036753043923622,5,single_test_k5,5
13,coverage_T,0.08292682926829269,0.06341463414634146,0.0975609756097561,5,single_test_k5,5
13,kid_S,1.7164471874671356,1.4543321697758789,1.8856972317325587,5,single_test_k5,5
13,coverage_S,1.0,1.0,1.0,5,single_test_k5,5
13,sim_S,0.24122015237808228,0.1929137408733368,0.30131364464759824,5,single_test_k5,5
13,sim_T,0.3354069530963898,0.3053251922130585,0.3504478335380554,5,single_test_k5,5
13,sim_T_to_S,0.20302599370479585,0.19228354066610334,0.2123233526945114,5,single_test_k5,5
13,ratio_S,1.181146538257599,0.9964929911494256,1.4390935933589935,5,single_test_k5,5
13,div_gen,0.0,0.0,0.0,5,single_test_k5,5
13,div_T,0.23696288764476775,0.23252853453159333,0.2409549057483673,5,single_test_k5,5
13,div_ratio,0.0,0.0,0.0,5,single_test_k5,5
13,hit,1.0,1.0,1.0,5,single_test_k5,5
14,mixture_error,,,,10,single_test_k5,5
14,kid_T,1.4662927152367704,1.3942623114144086,1.543570289327247,10,single_test_k5,5
14,coverage_T,0.2746753246753247,0.19318181818181818,0.3506493506493506,10,single_test_k5,5
14,kid_S,1.4056756198557239,1.2429599468935506,1.5652781151294508,10,single_test_k5,5
14,coverage_S,0.9199999999999999,0.86,0.9800000000000001,10,single_test_k5,5
14,sim_S,0.29375448971986773,0.23982599031180143,0.345114611685276,10,single_test_k5,5
14,sim_T,0.41476909816265106,0.40185730159282684,0.4214394003152847,10,single_test_k5,5
14,sim_T_to_S,0.2652397945523262,0.248035948574543,0.27786115564405917,10,single_test_k5,5
14,ratio_S,1.0961190700531005,0.9216448992490768,1.2818082924187182,10,single_test_k5,5
14,div_gen,-1.1920928955078125e-07,-1.9073486328125e-07,-4.76837158203125e-08,10,single_test_k5,5
14,div_T,0.17365956604480742,0.16514964062720539,0.18235666435211895,10,single_test_k5,5
14,div_ratio,-6.388650799099314e-07,-1.027386628486714e-06,-2.5209137977104547e-07,10,single_test_k5,5
14,hit,1.0,1.0,1.0,10,single_test_k5,5
15,mixture_error,,,,20,single_test_k5,5
15,kid_T,1.6339105593787948,1.399249195372137,1.8670855475282913,20,single_test_k5,5
15,coverage_T,0.10241312741312739,0.05589586645468998,0.15425564955712018,20,single_test_k5,5
15,kid_S,1.6412448817012653,1.418573496054387,1.8834374768244784,20,single_test_k5,5
15,coverage_S,0.71,0.56975,0.8300000000000001,20,single_test_k5,5
15,sim_S,0.2909540068358183,0.2638054027035832,0.3188207075744867,20,single_test_k5,5
15,sim_T,0.5409258723258972,0.47217770673334597,0.6118534380942583,20,single_test_k5,5
15,sim_T_to_S,0.24634307399392127,0.23483871098607778,0.25759190507233143,20,single_test_k5,5
15,ratio_S,1.1841316789388656,1.0798113123327493,1.3025298806279897,20,single_test_k5,5
15,div_gen,-1.1920928955078125e-07,-2.0265579223632812e-07,-3.5762786865234374e-08,20,single_test_k5,5
15,div_T,0.15931466296315194,0.14902332438156007,0.17088115794584155,20,single_test_k5,5
15,div_ratio,-8.493733410157922e-07,-1.4025792127870705e-06,-2.647764221380952e-07,20,single_test_k5,5
15,hit,1.0,1.0,1.0,20,single_test_k5,5
16,mixture_error,,,,5,single_test_k5,5
16,kid_T,2.662976622509117,2.6397390261172937,2.689555399127274,5,single_test_k5,5
16,coverage_T,0.021052631578947368,0.010526315789473684,0.02631578947368421,5,single_test_k5,5
16,kid_S,2.6153305049485587,2.420554309670492,2.78150313620929,5,single_test_k5,5
16,coverage_S,0.52,0.36,0.6,5,single_test_k5,5
16,sim_S,0.23190919160842896,0.2067612200975418,0.2578643232584,5,single_test_k5,5
16,sim_T,0.2915456295013428,0.2915456295013428,0.2915456295013428,5,single_test_k5,5
16,sim_T_to_S,0.2103026419878006,0.1925918787717819,0.22999829053878784,5,single_test_k5,5
16,ratio_S,1.1189011573791503,0.9409926652908325,1.333861494064331,5,single_test_k5,5
16,div_gen,0.0,0.0,0.0,5,single_test_k5,5
16,div_T,0.2207307368516922,0.21769809424877168,0.2245067834854126,5,single_test_k5,5
16,div_ratio,0.0,0.0,0.0,5,single_test_k5,5
16,hit,1.0,1.0,1.0,5,single_test_k5,5
17,mixture_error,,,,55,single_test_k5,5
17,kid_T,2.140581985458162,1.8903093516786704,2.4151895754488524,55,single_test_k5,5
17,coverage_T,0.17412402004507263,0.1377732668489247,0.21070196176117234,55,single_test_k5,5
17,kid_S,2.1495123706133885,1.8887513619315521,2.4350267023271264,55,single_test_k5,5
17,coverage_S,0.7418181818181818,0.6472727272727274,0.8327272727272726,55,single_test_k5,5
17,sim_S,0.2668859670108015,0.24488627738234672,0.2867532197656957,55,single_test_k5,5
17,sim_T,0.37526773539456454,0.36279054511677133,0.3878663043000481,55,single_test_k5,5
17,sim_T_to_S,0.22815698710354892,0.21904166386886076,0.23694749748842284,55,single_test_k5,5
17,ratio_S,1.1642373063347555,1.0895889995043928,1.2316592757268385,55,single_test_k5,5
17,div_gen,1.1920928955078125e-07,6.827441128817472e-08,1.7014416781338778e-07,55,single_test_k5,5
17,div_T,0.2162187473340468,0.21102308963510125,0.221557119299065,55,single_test_k5,5
17,div_ratio,5.203182400492379e-07,2.618752903462291e-07,7.774419493702684e-07,55,single_test_k5,5
17,hit,1.0,1.0,1.0,55,single_test_k5,5
18,mixture_error,,,,25,single_test_k5,5
18,kid_T,2.46256581840145,2.0126490051660895,2.975827730260225,25,single_test_k5,5
18,coverage_T,0.12913452560511385,0.09821609926021689,0.15918297062414713,25,single_test_k5,5
18,kid_S,2.4917239462110037,2.018236205008304,3.015533886659914,25,single_test_k5,5
18,coverage_S,0.72,0.5519999999999999,0.8799999999999999,25,single_test_k5,5
18,sim_S,0.3010531222820282,0.24339301961660387,0.3735167457610369,25,single_test_k5,5
18,sim_T,0.4776405441761017,0.3893214381635189,0.5703359328210355,25,single_test_k5,5
18,sim_T_to_S,0.23417019605636596,0.22784374283254144,0.24162315019965172,25,single_test_k5,5
18,ratio_S,1.2644638526439667,1.0398425149023534,1.5451305776834487,25,single_test_k5,5
18,div_gen,-1.1920928955078125e-07,-1.811981201171875e-07,-5.245208740234375e-08,25,single_test_k5,5
18,div_T,0.22058592677116395,0.21726604606211186,0.22397028435766697,25,single_test_k5,5
18,div_ratio,-5.442040336883794e-07,-8.306938816865363e-07,-2.41729852849015e-07,25,single_test_k5,5
18,hit,1.0,1.0,1.0,25,single_test_k5,5
19,mixture_error,,,,5,single_test_k5,5
19,kid_T,1.5683210840677997,1.559423966670371,1.5773314992433316,5,single_test_k5,5
19,coverage_T,0.158974358974359,0.15384615384615385,0.16923076923076924,5,single_test_k5,5
19,kid_S,1.627663290453165,1.5322510177018192,1.764734431382187,5,single_test_k5,5
19,coverage_S,0.96,0.8800000000000001,1.0,5,single_test_k5,5
19,sim_S,0.290495777130127,0.2773575663566589,0.3028744161128998,5,single_test_k5,5
19,sim_T,0.4287920296192169,0.4287920296192169,0.4287920296192169,5,single_test_k5,5
19,sim_T_to_S,0.24840765297412873,0.23553676903247833,0.2585953623056412,5,single_test_k5,5
19,ratio_S,1.173529577255249,1.1068422049283981,1.267686653137207,5,single_test_k5,5
19,div_gen,1.1920928955078125e-07,1.1920928955078125e-07,1.1920928955078125e-07,5,single_test_k5,5
19,div_T,0.23629975616931914,0.2335410922765732,0.23911987245082855,5,single_test_k5,5
19,div_ratio,5.045784120194188e-07,4.986129259463439e-07,5.104444918943515e-07,5,single_test_k5,5
19,hit,1.0,1.0,1.0,5,single_test_k5,5
20,mixture_error,,,,10,single_test_k5,5
20,kid_T,2.0337665670358147,1.9134130224526258,2.1619852074987347,10,single_test_k5,5
20,coverage_T,0.17003179650238476,0.14777424483306836,0.19125596184419713,10,single_test_k5,5
20,kid_S,1.8988174322032658,1.6986386169324457,2.1148910916482118,10,single_test_k5,5
20,coverage_S,0.8400000000000001,0.76,0.9199999999999999,10,single_test_k5,5
20,sim_S,0.32370917201042176,0.27847698114812375,0.3634749110788107,10,single_test_k5,5
20,sim_T,0.3647929847240448,0.3448738843202591,0.37944096386432646,10,single_test_k5,5
20,sim_T_to_S,0.25655816197395326,0.24871716745197772,0.26321358889341356,10,single_test_k5,5
20,ratio_S,1.2704294860363006,1.0765801641345025,1.4402694620192051,10,single_test_k5,5
20,div_gen,-2.9802322387695312e-08,-8.344650268554687e-08,2.384185791015625e-08,10,single_test_k5,5
20,div_T,0.22247542887926103,0.2197213715314865,0.22507795311510564,10,single_test_k5,5
20,div_ratio,-1.341930390906956e-07,-3.7728234020443566e-07,1.0684487511607272e-07,10,single_test_k5,5
20,hit,1.0,1.0,1.0,10,single_test_k5,5
21,mixture_error,,,,15,single_test_k5,5
21,kid_T,1.9237787106188515,1.8508230293710848,1.999787214322036,15,single_test_k5,5
21,coverage_T,0.15376388317564785,0.12888626079802548,0.18258626993921112,15,single_test_k5,5
21,kid_S,1.8896427505962796,1.7211053029370007,2.0795394798474023,15,single_test_k5,5
21,coverage_S,0.92,0.8533333333333334,0.9733333333333334,15,single_test_k5,5
21,sim_S,0.2852108985185623,0.24109938077628612,0.33592607264717417,15,single_test_k5,5
21,sim_T,0.48083353439966836,0.41966384927431744,0.5513043451309204,15,single_test_k5,5
21,sim_T_to_S,0.23259639044602712,0.2239411461353302,0.2408977330724398,15,single_test_k5,5
21,ratio_S,1.2302823066711426,1.0318079973260563,1.4555522773663203,15,single_test_k5,5
21,div_gen,-5.960464477539063e-08,-1.3113021850585939e-07,-3.973642985026042e-09,15,single_test_k5,5
21,div_T,0.21800691882769266,0.2157849737505118,0.2203639479726553,15,single_test_k5,5
21,div_ratio,-2.6868027925640635e-07,-5.913741715146729e-07,-1.2443014823831777e-08,15,single_test_k5,5
21,hit,1.0,1.0,1.0,15,single_test_k5,5
22,mixture_error,,,,55,single_test_k5,5
22,kid_T,2.230046280062593,2.0119007701111404,2.468151939130969,55,single_test_k5,5
22,coverage_T,0.1939869607052269,0.1408453178460918,0.25049824617549066,55,single_test_k5,5
22,kid_S,2.173898964319,1.9372855082804181,2.438638283938385,55,single_test_k5,5
22,coverage_S,0.7818181818181819,0.6981818181818181,0.8581818181818179,55,single_test_k5,5
22,sim_S,0.25935807648030196,0.24230942262505945,0.2753398561680859,55,single_test_k5,5
22,sim_T,0.3726260637695139,0.3538686951656233,0.39223897070369934,55,single_test_k5,5
22,sim_T_to_S,0.23467570678754288,0.2269137951393019,0.24254423627121882,55,single_test_k5,5
22,ratio_S,1.107547232237729,1.0387228072231467,1.174861277937889,55,single_test_k5,5
22,div_gen,3.79302284934304e-08,-2.1674416281960228e-08,1.0189684954556549e-07,55,single_test_k5,5
22,div_T,0.22764839204874907,0.22158787279643796,0.23352971807799555,55,single_test_k5,5
22,div_ratio,2.1137939138951924e-07,-6.13897769916731e-08,5.110762656318491e-07,55,single_test_k5,5
22,hit,1.0,1.0,1.0,55,single_test_k5,5
23,mixture_error,,,,10,single_test_k5,5
23,kid_T,1.5359230015922585,1.4738088290908062,1.5957510078967079,10,single_test_k5,5
23,coverage_T,0.29770114942528736,0.26756066411238827,0.32554916985951465,10,single_test_k5,5
23,kid_S,1.482717297847485,1.3184067688429084,1.638356671920684,10,single_test_k5,5
23,coverage_S,0.86,0.7,0.9800000000000001,10,single_test_k5,5
23,sim_S,0.37228734493255616,0.3038293134048581,0.45424340479075903,10,single_test_k5,5
23,sim_T,0.5421287387609481,0.4641247272491455,0.6201327502727508,10,single_test_k5,5
23,sim_T_to_S,0.2560583144426346,0.24440683811903,0.26552711457014083,10,single_test_k5,5
23,ratio_S,1.4421672523021698,1.2142637893557549,1.7397496673464774,10,single_test_k5,5
23,div_gen,1.4901161193847656e-07,9.5367431640625e-08,2.0265579223632812e-07,10,single_test_k5,5
23,div_T,0.1879711389541626,0.18041745699942113,0.1952131498232484,10,single_test_k5,5
23,div_ratio,8.25209271011757e-07,5.06595241650151e-07,1.1468459922289828e-06,10,single_test_k5,5
23,hit,1.0,1.0,1.0,10,single_test_k5,5
24,mixture_error,,,,5,single_test_k5,5
24,kid_T,2.180718791057399,2.161144648486329,2.200292933628469,5,single_test_k5,5
24,coverage_T,0.16,0.14857142857142858,0.17142857142857143,5,single_test_k5,5
24,kid_S,2.2575939339560387,2.1017105070954103,2.434431136981924,5,single_test_k5,5
24,coverage_S,0.8,0.64,0.96,5,single_test_k5,5
24,sim_S,0.2645351231098175,0.21988698840141296,0.3161429166793823,5,single_test_k5,5
24,sim_T,0.3687429428100586,0.36425530910491943,0.3709867596626282,5,single_test_k5,5
24,sim_T_to_S,0.2692177653312683,0.2574731528759003,0.27987475991249083,5,single_test_k5,5
24,ratio_S,0.9766323208808899,0.8446753859519959,1.146298849582672,5,single_test_k5,5
24,div_gen,-2.384185791015625e-07,-2.384185791015625e-07,-2.384185791015625e-07,5,single_test_k5,5
24,div_T,0.1993804007768631,0.19675381481647491,0.2015534487366676,5,single_test_k5,5
24,div_ratio,-1.1960286394290778e-06,-1.2120064740251018e-06,-1.1829150506998437e-06,5,single_test_k5,5
24,hit,1.0,1.0,1.0,5,single_test_k5,5
25,mixture_error,,,,5,single_test_k5,5
25,kid_T,2.6832522439704194,2.666082072553302,2.7005612574299716,5,single_test_k5,5
25,coverage_T,0.09268292682926829,0.08292682926829267,0.0975609756097561,5,single_test_k5,5
25,kid_S,2.605253170636629,2.4466129826796155,2.803754603926279,5,single_test_k5,5
25,coverage_S,0.64,0.32,0.96,5,single_test_k5,5
25,sim_S,0.20331206321716308,0.17045054733753204,0.2333422303199768,5,single_test_k5,5
25,sim_T,0.3601638078689575,0.3601638078689575,0.3601638078689575,5,single_test_k5,5
25,sim_T_to_S,0.19505986869335173,0.18415513038635253,0.20750633776187896,5,single_test_k5,5
25,ratio_S,1.040430736541748,0.8943256378173828,1.1865358352661133,5,single_test_k5,5
25,div_gen,2.384185791015625e-07,2.384185791015625e-07,2.384185791015625e-07,5,single_test_k5,5
25,div_T,0.2177273541688919,0.21383855521678924,0.22129361927509308,5,single_test_k5,5
25,div_ratio,1.095500577252459e-06,1.0774366811658237e-06,1.115266013585256e-06,5,single_test_k5,5
25,hit,1.0,1.0,1.0,5,single_test_k5,5
26,mixture_error,,,,25,single_test_k5,5
26,kid_T,1.6187369157467912,1.5495943030737396,1.693015591546123,25,single_test_k5,5
26,coverage_T,0.2039432104168946,0.19463348834664626,0.21348311175548018,25,single_test_k5,5
26,kid_S,1.6319935700497832,1.5303941539597776,1.7395823625223965,25,single_test_k5,5
26,coverage_S,0.8880000000000001,0.784,0.968,25,single_test_k5,5
26,sim_S,0.26956803679466246,0.24361211249232292,0.29539539927244185,25,single_test_k5,5
26,sim_T,0.3875585913658142,0.37328666979074476,0.40354703217744825,25,single_test_k5,5
26,sim_T_to_S,0.23101711571216582,0.21947371287643908,0.24148806908726692,25,single_test_k5,5
26,ratio_S,1.1623410034179686,1.0675860216617585,1.2621683568954467,25,single_test_k5,5
26,div_gen,-1.0728836059570313e-07,-1.5503168106079101e-07,-6.198883056640625e-08,25,single_test_k5,5
26,div_T,0.21696715354919432,0.20958586876094343,0.22354753977060318,25,single_test_k5,5
26,div_ratio,-4.577477960640138e-07,-6.764523175010238e-07,-2.6298312720756294e-07,25,single_test_k5,5
26,hit,1.0,1.0,1.0,25,single_test_k5,5
27,mixture_error,,,,20,single_test_k5,5
27,kid_T,1.6170982075861169,1.4774752605052215,1.7737711586593283,20,single_test_k5,5
27,coverage_T,0.1661377388881633,0.13686688650907666,0.20010712964172214,20,single_test_k5,5
27,kid_S,1.603191137982352,1.387363225575783,1.8311980725937054,20,single_test_k5,5
27,coverage_S,0.9199999999999999,0.8400000000000002,0.9800000000000001,20,single_test_k5,5
27,sim_S,0.2571352802217007,0.2307768116891384,0.28619901269674297,20,single_test_k5,5
27,sim_T,0.4467061012983322,0.3948412373661995,0.5005559004843234,20,single_test_k5,5
27,sim_T_to_S,0.22843291833996773,0.21637819912284612,0.23998306173831224,20,single_test_k5,5
27,ratio_S,1.1184193044900894,1.0285362696647644,1.2097737519443035,20,single_test_k5,5
27,div_gen,-8.940696716308594e-08,-1.074373722076416e-07,-6.556510925292969e-08,20,single_test_k5,5
27,div_T,0.19048779904842378,0.18045249501243232,0.20063722994178532,20,single_test_k5,5
27,div_ratio,-4.4993850540302637e-07,-5.621830159803102e-07,-3.310880856840741e-07,20,single_test_k5,5
27,hit,1.0,1.0,1.0,20,single_test_k5,5
28,mixture_error,,,,10,single_test_k5,5
28,kid_T,2.887389864834147,1.9677225044403095,3.8097229313020984,10,single_test_k5,5
28,coverage_T,0.11621621621621622,0.04594594594594595,0.19466216216216214,10,single_test_k5,5
28,kid_S,2.8692988550489016,1.8505712374794017,3.8784891164090096,10,single_test_k5,5
28,coverage_S,0.48,0.2,0.7604999999999995,10,single_test_k5,5
28,sim_S,0.19774459749460221,0.16877830270677804,0.23054423842579128,10,single_test_k5,5
28,sim_T,0.3114229917526245,0.304059112071991,0.3162056028842926,10,single_test_k5,5
28,sim_T_to_S,0.2108820155262947,0.20003864478319885,0.22130970250815155,10,single_test_k5,5
28,ratio_S,0.953545993566513,0.7872550812363625,1.1534492909908296,10,single_test_k5,5
28,div_gen,-5.960464477539063e-08,-9.5367431640625e-08,-2.384185791015625e-08,10,single_test_k5,5
28,div_T,0.2084653228521347,0.19696369081735612,0.21922838520258667,10,single_test_k5,5
28,div_ratio,-3.1180844123248243e-07,-5.038459952125086e-07,-1.2352136971118128e-07,10,single_test_k5,5
28,hit,1.0,1.0,1.0,10,single_test_k5,5
29,mixture_error,,,,5,single_test_k5,5
29,kid_T,3.420162295498963,3.368155880964609,3.4777728056384385,5,single_test_k5,5
29,coverage_T,0.023529411764705882,0.011764705882352941,0.029411764705882353,5,single_test_k5,5
29,kid_S,3.40740249567108,3.016315566108294,3.78494656275507,5,single_test_k5,5
29,coverage_S,0.6000000000000001,0.44000000000000006,0.76,5,single_test_k5,5
29,sim_S,0.2544127106666565,0.192880517244339,0.30040215849876406,5,single_test_k5,5
29,sim_T,0.3137452185153961,0.28828840851783755,0.3264736235141754,5,single_test_k5,5
29,sim_T_to_S,0.22367607057094574,0.21514321565628053,0.23154661923646924,5,single_test_k5,5
29,ratio_S,1.1415581822395324,0.8695701718330383,1.3288411378860474,5,single_test_k5,5
29,div_gen,5.960464477539063e-08,5.960464477539063e-08,5.960464477539063e-08,5,single_test_k5,5
29,div_T,0.22422218322753906,0.2202767822146416,0.22828605353832246,5,single_test_k5,5
29,div_ratio,2.659465806686522e-07,2.611114955323149e-07,2.7064666592300167e-07,5,single_test_k5,5
29,hit,1.0,1.0,1.0,5,single_test_k5,5
30,mixture_error,,,,5,single_test_k5,5
30,kid_T,1.2247387939540897,1.2048481753273728,1.250858186434733,5,single_test_k5,5
30,coverage_T,0.23870967741935484,0.2258064516129032,0.25161290322580643,5,single_test_k5,5
30,kid_S,1.3387275844041633,1.2474269618721106,1.4300282069362158,5,single_test_k5,5
30,coverage_S,0.9199999999999999,0.8400000000000001,1.0,5,single_test_k5,5
30,sim_S,0.3436643898487091,0.2786882698535919,0.38727669715881347,5,single_test_k5,5
30,sim_T,0.3809229493141174,0.36821545362472535,0.3936304450035095,5,single_test_k5,5
30,sim_T_to_S,0.28513447642326356,0.27433772683143615,0.29444133043289183,5,single_test_k5,5
30,ratio_S,1.2128459453582763,0.9506768465042115,1.3766371250152587,5,single_test_k5,5
30,div_gen,0.0,0.0,0.0,5,single_test_k5,5
30,div_T,0.16875838339328766,0.165489661693573,0.17138974666595458,5,single_test_k5,5
30,div_ratio,0.0,0.0,0.0,5,single_test_k5,5
30,hit,1.0,1.0,1.0,5,single_test_k5,5
31,mixture_error,,,,5,single_test_k5,5
31,kid_T,2.0316508800744666,1.997286241538248,2.0668777739531032,5,single_test_k5,5
31,coverage_T,0.16666666666666666,0.16666666666666666,0.16666666666666666,5,single_test_k5,5
31,kid_S,2.2337522679244772,2.0718109938558693,2.3956935419930847,5,single_test_k5,5
31,coverage_S,0.9199999999999999,0.8400000000000001,1.0,5,single_test_k5,5
31,sim_S,0.20641194581985473,0.18155205100774766,0.23614267110824586,5,single_test_k5,5
31,sim_T,0.8196284770965576,0.8196284770965576,0.8196284770965576,5,single_test_k5,5
31,sim_T_to_S,0.29085169434547425,0.27539265155792236,0.30631073713302615,5,single_test_k5,5
31,ratio_S,0.7176460146903991,0.6037650108337402,0.8645226359367371,5,single_test_k5,5
31,div_gen,-2.384185791015625e-07,-2.384185791015625e-07,-2.384185791015625e-07,5,single_test_k5,5
31,div_T,0.23722582757472993,0.2326438071578741,0.24170728623867035,5,single_test_k5,5
31,div_ratio,-1.0055101884151542e-06,-1.0250033216391353e-06,-9.865358014002025e-07,5,single_test_k5,5
31,hit,1.0,1.0,1.0,5,single_test_k5,5
32,mixture_error,,,,5,single_test_k5,5
32,kid_T,2.051584948475154,1.9946108489707917,2.1017823579330654,5,single_test_k5,5
32,coverage_T,0.07096774193548387,0.04516129032258064,0.0967741935483871,5,single_test_k5,5
32,kid_S,1.9908000606315537,1.6705989870693074,2.353779262220035,5,single_test_k5,5
32,coverage_S,0.76,0.56,0.9199999999999999,5,single_test_k5,5
32,sim_S,0.3797859072685242,0.27657380104064944,0.4829980134963989,5,single_test_k5,5
32,sim_T,0.4931678056716919,0.4648000955581665,0.5215355157852173,5,single_test_k5,5
32,sim_T_to_S,0.29155328273773196,0.2800655722618103,0.3044299753010273,5,single_test_k5,5
32,ratio_S,1.3055716395378112,0.9577098950743675,1.6576878547668457,5,single_test_k5,5
32,div_gen,-1.1920928955078125e-07,-1.1920928955078125e-07,-1.1920928955078125e-07,5,single_test_k5,5
32,div_T,0.20572662949562073,0.20058475732803344,0.20990505516529084,5,single_test_k5,5
32,div_ratio,-5.799062854977854e-07,-5.948416889612166e-07,-5.680162391606011e-07,5,single_test_k5,5
32,hit,1.0,1.0,1.0,5,single_test_k5,5
33,mixture_error,,,,5,single_test_k5,5
33,kid_T,1.9193692572948735,1.9137051209606408,1.925033393629106,5,single_test_k5,5
33,coverage_T,0.0,0.0,0.0,5,single_test_k5,5
33,kid_S,1.7973091076449978,1.7200055965415735,1.9028721138960438,5,single_test_k5,5
33,coverage_S,0.8,0.6,0.96,5,single_test_k5,5
33,sim_S,0.26174241304397583,0.2354787528514862,0.2867775946855545,5,single_test_k5,5
33,sim_T,0.3284659683704376,0.3284659683704376,0.3284659683704376,5,single_test_k5,5
33,sim_T_to_S,0.23530240654945372,0.22721038162708282,0.2434581309556961,5,single_test_k5,5
33,ratio_S,1.1189812779426576,0.9678530693054199,1.2633110404014587,5,single_test_k5,5
33,div_gen,0.0,0.0,0.0,5,single_test_k5,5
33,div_T,0.1783001661300659,0.17489733695983886,0.18160676062107087,5,single_test_k5,5
33,div_ratio,0.0,0.0,0.0,5,single_test_k5,5
33,hit,1.0,1.0,1.0,5,single_test_k5,5
34,mixture_error,,,,30,single_test_k5,5
34,kid_T,1.6225125002183256,1.546902802682397,1.6942895615626545,30,single_test_k5,5
34,coverage_T,0.16105577254637551,0.13016967495259676,0.19041887490440668,30,single_test_k5,5
34,kid_S,1.6469594107289118,1.5171716147649983,1.7926507254924742,30,single_test_k5,5
34,coverage_S,0.9000000000000001,0.8533333333333337,0.9401666666666667,30,single_test_k5,5
34,sim_S,0.3149195929368337,0.27561084159960353,0.355889388260742,30,single_test_k5,5
34,sim_T,0.4019458403189977,0.3720873887091875,0.4350788415471713,30,single_test_k5,5
34,sim_T_to_S,0.22889718860387803,0.21585209327439467,0.24147135169555745,30,single_test_k5,5
34,ratio_S,1.376586765050888,1.2198870236178239,1.5312691183884939,30,single_test_k5,5
34,div_gen,-2.9802322387695312e-08,-7.947285970052083e-08,1.9868214925130207e-08,30,single_test_k5,5
34,div_T,0.20737201025088628,0.19769394014030695,0.21779244481275478,30,single_test_k5,5
34,div_ratio,-1.5011672741567134e-07,-4.1733075840657114e-07,1.039773792010651e-07,30,single_test_k5,5
34,hit,1.0,1.0,1.0,30,single_test_k5,5
35,mixture_error,,,,5,single_test_k5,5
35,kid_T,1.7895114402140753,1.7530938259429967,1.82892978936234,5,single_test_k5,5
35,coverage_T,0.2,0.19047619047619047,0.20952380952380953,5,single_test_k5,5
35,kid_S,1.8716349690590914,1.5783809112029477,2.19287325624474,5,single_test_k5,5
35,coverage_S,0.9199999999999999,0.8400000000000001,1.0,5,single_test_k5,5
35,sim_S,0.2641939759254456,0.20024093389511108,0.3503685653209686,5,single_test_k5,5
35,sim_T,0.4214217245578766,0.4074644982814789,0.42840033769607544,5,single_test_k5,5
35,sim_T_to_S,0.19089872539043426,0.18111596748232842,0.2033063918352127,5,single_test_k5,5
35,ratio_S,1.3644515872001648,1.0802987337112426,1.7078174829483033,5,single_test_k5,5
35,div_gen,2.384185791015625e-07,2.384185791015625e-07,2.384185791015625e-07,5,single_test_k5,5
35,div_T,0.23819943368434907,0.2356689989566803,0.24177342653274536,5,single_test_k5,5
35,div_ratio,1.0011562699813994e-06,9.862878448734224e-07,1.0117687824561275e-06,5,single_test_k5,5
35,hit,1.0,1.0,1.0,5,single_test_k5,5
36,mixture_error,,,,20,single_test_k5,5
36,kid_T,2.3330342824108086,2.0296505756146463,2.6628829543085053,20,single_test_k5,5
36,coverage_T,0.11456876456876457,0.06466200466200467,0.1653962703962704,20,single_test_k5,5
36,kid_S,2.30945758321849,1.941026001590462,2.7032500651836897,20,single_test_k5,5
36,coverage_S,0.6799999999999999,0.5,0.8500000000000002,20,single_test_k5,5
36,sim_S,0.23831956274807453,0.20885170144028964,0.26961965107358987,20,single_test_k5,5
36,sim_T,0.3440027080476284,0.32541641198098664,0.3613064097613096,20,single_test_k5,5
36,sim_T_to_S,0.20392749458551407,0.19511941453441978,0.2131181500479579,20,single_test_k5,5
36,ratio_S,1.1875425398349762,1.0266846536099912,1.376572625786066,20,single_test_k5,5
36,div_gen,-8.940696716308594e-08,-1.5497207641601563e-07,-2.9802322387695312e-08,20,single_test_k5,5
36,div_T,0.228451406955719,0.21236239878460764,0.24476174291223288,20,single_test_k5,5
36,div_ratio,-3.8158791735934015e-07,-6.748609666500002e-07,-1.303099526390278e-07,20,single_test_k5,5
36,hit,1.0,1.0,1.0,20,single_test_k5,5
37,mixture_error,,,,5,single_test_k5,5
37,kid_T,2.280692907034141,2.247911140044796,2.31715181090435,5,single_test_k5,5
37,coverage_T,0.04615384615384615,0.02564102564102564,0.06666666666666668,5,single_test_k5,5
37,kid_S,2.3099501357788474,2.0782092199455455,2.5169404411914633,5,single_test_k5,5
37,coverage_S,0.8800000000000001,0.8,0.96,5,single_test_k5,5
37,sim_S,0.21084514856338502,0.190924009680748,0.23841392397880554,5,single_test_k5,5
37,sim_T,0.333093523979187,0.333093523979187,0.333093523979187,5,single_test_k5,5
37,sim_T_to_S,0.22328028380870818,0.21653628647327422,0.22981483794748783,5,single_test_k5,5
37,ratio_S,0.9444761753082276,0.8557208776473999,1.04942487180233,5,single_test_k5,5
37,div_gen,0.0,0.0,0.0,5,single_test_k5,5
37,div_T,0.22750212848186493,0.22616619765758514,0.22891835868358612,5,single_test_k5,5
37,div_ratio,0.0,0.0,0.0,5,single_test_k5,5
37,hit,1.0,1.0,1.0,5,single_test_k5,5
38,mixture_error,,,,5,single_test_k5,5
38,kid_T,1.76707016492511,1.717746791802632,1.8065074706169562,5,single_test_k5,5
38,coverage_T,0.12631578947368421,0.11052631578947367,0.14736842105263154,5,single_test_k5,5
38,kid_S,1.7360278794640862,1.401064009189141,2.1554879969602956,5,single_test_k5,5
38,coverage_S,0.76,0.5599999999999999,0.96,5,single_test_k5,5
38,sim_S,0.21930883228778839,0.17794727087020873,0.25451275110244753,5,single_test_k5,5
38,sim_T,0.3636750876903534,0.3636750876903534,0.3636750876903534,5,single_test_k5,5
38,sim_T_to_S,0.1825050175189972,0.17898906767368317,0.18664558231830597,5,single_test_k5,5
38,ratio_S,1.1981852531433106,0.9771298408508301,1.3704167127609252,5,single_test_k5,5
38,div_gen,1.1920928955078125e-07,1.1920928955078125e-07,1.1920928955078125e-07,5,single_test_k5,5
38,div_T,0.19332585036754607,0.19067807197570802,0.19597362875938415,5,single_test_k5,5
38,div_ratio,6.167984072102037e-07,6.083392697510936e-07,6.252575446693138e-07,5,single_test_k5,5
38,hit,1.0,1.0,1.0,5,single_test_k5,5
39,mixture_error,,,,5,single_test_k5,5
39,kid_T,2.7081332584092133,2.6812896989416855,2.734746321362812,5,single_test_k5,5
39,coverage_T,0.08,0.06857142857142857,0.08571428571428572,5,single_test_k5,5
39,kid_S,3.0090923123314366,2.774902236790523,3.2432823878723496,5,single_test_k5,5
39,coverage_S,0.4800000000000001,0.4,0.56,5,single_test_k5,5
39,sim_S,0.3275333225727081,0.27337065935134885,0.400908374786377,5,single_test_k5,5
39,sim_T,0.4599985837936401,0.43670337200164794,0.47164618968963623,5,single_test_k5,5
39,sim_T_to_S,0.2796213895082474,0.2619159072637558,0.2964047761261463,5,single_test_k5,5
39,ratio_S,1.1745137214660644,0.9906939506530762,1.4532113790512085,5,single_test_k5,5
39,div_gen,-1.1920928955078125e-07,-1.1920928955078125e-07,-1.1920928955078125e-07,5,single_test_k5,5
39,div_T,0.22646521627902985,0.22475681006908416,0.22817362248897552,5,single_test_k5,5
39,div_ratio,-5.264353973462796e-07,-5.304073890130085e-07,-5.224634056795508e-07,5,single_test_k5,5
39,hit,1.0,1.0,1.0,5,single_test_k5,5
40,mixture_error,,,,15,single_test_k5,5
40,kid_T,1.5105432569876598,1.4652423905848773,1.5547573428360564,15,single_test_k5,5
40,coverage_T,0.09924122807017545,0.07584385964912281,0.12525844298245611,15,single_test_k5,5
40,kid_S,1.5257204606101533,1.4070722955945567,1.6390867120254473,15,single_test_k5,5
40,coverage_S,0.7600000000000001,0.6133333333333335,0.88,15,single_test_k5,5
40,sim_S,0.3004005680481593,0.23980759737392268,0.37763379089534277,15,single_test_k5,5
40,sim_T,0.4617977281411489,0.3813299318154653,0.5588448777794838,15,single_test_k5,5
40,sim_T_to_S,0.2126597930987676,0.2016888848443826,0.22361125695208708,15,single_test_k5,5
40,ratio_S,1.4442000071207681,1.1182701183358827,1.8993735250830648,15,single_test_k5,5
40,div_gen,-1.1920928955078125e-07,-1.1920928955078125e-07,-1.1920928955078125e-07,15,single_test_k5,5
40,div_T,0.179025799036026,0.17217134488125643,0.18571946548918883,15,single_test_k5,5
40,div_ratio,-6.698426525272116e-07,-6.987059891207912e-07,-6.434302452768199e-07,15,single_test_k5,5
40,hit,1.0,1.0,1.0,15,single_test_k5,5
41,mixture_error,,,,5,single_test_k5,5
41,kid_T,1.827990433032383,1.820179082506566,1.8359387232660302,5,single_test_k5,5
41,coverage_T,0.3111111111111111,0.2833333333333333,0.3388888888888889,5,single_test_k5,5
41,kid_S,1.6392993687186224,1.6053201731001114,1.6801480890021998,5,single_test_k5,5
41,coverage_S,0.96,0.8799999999999999,1.0,5,single_test_k5,5
41,sim_S,0.3016287684440613,0.22524624466896057,0.37801129221916197,5,single_test_k5,5
41,sim_T,0.36524314284324644,0.32211135029792787,0.40837493538856506,5,single_test_k5,5
41,sim_T_to_S,0.1948259472846985,0.18984827101230622,0.19980362355709075,5,single_test_k5,5
41,ratio_S,1.5622020721435548,1.1320056200027466,1.9923985242843627,5,single_test_k5,5
41,div_gen,2.384185791015625e-07,2.384185791015625e-07,2.384185791015625e-07,5,single_test_k5,5
41,div_T,0.2656122028827667,0.26156301498413087,0.26957370042800904,5,single_test_k5,5
41,div_ratio,8.978879812712268e-07,8.845775163099143e-07,9.115454107232581e-07,5,single_test_k5,5
41,hit,1.0,1.0,1.0,5,single_test_k5,5
42,mixture_error,,,,10,single_test_k5,5
42,kid_T,2.2072326655918193,2.0068709240985294,2.3980563696654587,10,single_test_k5,5
42,coverage_T,0.20512820512820512,0.08205128205128205,0.3307692307692307,10,single_test_k5,5
42,kid_S,2.111412159707643,1.8818402722403038,2.3176229246755846,10,single_test_k5,5
42,coverage_S,0.9199999999999999,0.8399999999999999,1.0,10,single_test_k5,5
42,sim_S,0.20962713807821273,0.17852787815034388,0.24666157841682432,10,single_test_k5,5
42,sim_T,0.286283977329731,0.25755266547203065,0.3150152891874313,10,single_test_k5,5
42,sim_T_to_S,0.18798702359199523,0.1785264501348138,0.19807301841676236,10,single_test_k5,5
42,ratio_S,1.1274597287178039,0.9474486193060875,1.3630149111151695,10,single_test_k5,5
42,div_gen,0.0,0.0,0.0,10,single_test_k5,5
42,div_T,0.25741774290800096,0.25373601254075767,0.2614649400487542,10,single_test_k5,5
42,div_ratio,0.0,0.0,0.0,10,single_test_k5,5
42,hit,1.0,1.0,1.0,10,single_test_k5,5
43,mixture_error,,,,20,single_test_k5,5
43,kid_T,2.3415933176420034,2.217881863597859,2.4696428603004965,20,single_test_k5,5
43,coverage_T,0.10737737103590761,0.08186749665408201,0.1332561617683569,20,single_test_k5,5
43,kid_S,2.38278458531843,2.195698267417979,2.588169917505993,20,single_test_k5,5
43,coverage_S,0.77,0.66,0.8700000000000003,20,single_test_k5,5
43,sim_S,0.21950895413756372,0.19118235707283018,0.24945170197635888,20,single_test_k5,5
43,sim_T,0.3290221393108368,0.31816211991012094,0.34073448952287433,20,single_test_k5,5
43,sim_T_to_S,0.20906385779380798,0.19982373766601086,0.21779626747593284,20,single_test_k5,5
43,ratio_S,1.063172635436058,0.9171562287956476,1.2356346349418164,20,single_test_k5,5
43,div_gen,-5.960464477539063e-08,-1.0728836059570313e-07,-2.354383468627957e-08,20,single_test_k5,5
43,div_T,0.2602576598525047,0.2542723162099719,0.2668837246857584,20,single_test_k5,5
43,div_ratio,-2.170792382593066e-07,-3.9026495139189384e-07,-8.452268429596668e-08,20,single_test_k5,5
43,hit,1.0,1.0,1.0,20,single_test_k5,5
44,mixture_error,,,,5,single_test_k5,5
44,kid_T,0.8543846601174241,0.8338466486736689,0.8677812553306005,5,single_test_k5,5
44,coverage_T,0.14545454545454545,0.13333333333333333,0.15151515151515152,5,single_test_k5,5
44,kid_S,0.8568152268193814,0.7348489535121864,1.0250765466066132,5,single_test_k5,5
44,coverage_S,0.9199999999999999,0.8400000000000001,1.0,5,single_test_k5,5
44,sim_S,0.29127468466758727,0.26100141406059263,0.3215479552745819,5,single_test_k5,5
44,sim_T,0.3497096002101898,0.3497096002101898,0.3497096002101898,5,single_test_k5,5
44,sim_T_to_S,0.2616598904132843,0.24118407368659972,0.27849277257919314,5,single_test_k5,5
44,ratio_S,1.1230497717857362,0.9820454359054566,1.285218639373779,5,single_test_k5,5
44,div_gen,5.960464477539063e-08,5.960464477539063e-08,5.960464477539063e-08,5,single_test_k5,5
44,div_T,0.12171478122472763,0.1166365161538124,0.12504225671291352,5,single_test_k5,5
44,div_ratio,4.906051166663775e-07,4.7669538115763786e-07,5.122219593051486e-07,5,single_test_k5,5
44,hit,1.0,1.0,1.0,5,single_test_k5,5
45,mixture_error,,,,20,single_test_k5,5
45,kid_T,1.4633300138165963,1.3958233311448376,1.5260244204602675,20,single_test_k5,5
45,coverage_T,0.2282984948958246,0.20076198513722707,0.2531535965871057,20,single_test_k5,5
45,kid_S,1.4432280516465918,1.3072069107537159,1.5966810171342176,20,single_test_k5,5
45,coverage_S,0.93,0.86,0.99,20,single_test_k5,5
45,sim_S,0.30698134675621985,0.25956422021612524,0.36605728382244707,20,single_test_k5,5
45,sim_T,0.4033525034785271,0.3686461226269603,0.44187183763831855,20,single_test_k5,5
45,sim_T_to_S,0.24170055761933326,0.23165394641458986,0.2526571766100824,20,single_test_k5,5
45,ratio_S,1.2700127720832826,1.0763005750626324,1.5092745222151278,20,single_test_k5,5
45,div_gen,1.341104507446289e-07,5.662441253662109e-08,2.0563602447509767e-07,20,single_test_k5,5
45,div_T,0.20032537579536439,0.19148801438510418,0.20877471847459675,20,single_test_k5,5
45,div_ratio,6.615243706669963e-07,2.7718426339611274e-07,1.0019262554775857e-06,20,single_test_k5,5
45,hit,1.0,1.0,1.0,20,single_test_k5,5
46,mixture_error,,,,10,single_test_k5,5
46,kid_T,1.917158271435034,1.678440207623052,2.158519780677856,10,single_test_k5,5
46,coverage_T,0.19002574002574002,0.15958252895752892,0.22165701415701416,10,single_test_k5,5
46,kid_S,1.692072739259526,1.5263020635948383,1.8843014386160422,10,single_test_k5,5
46,coverage_S,0.9199999999999999,0.82,1.0,10,single_test_k5,5
46,sim_S,0.23204336017370225,0.20860187254846094,0.26111412361264225,10,single_test_k5,5
46,sim_T,0.37669867277145386,0.3371482312679291,0.4162491142749786,10,single_test_k5,5
46,sim_T_to_S,0.1934912845492363,0.1807918443530798,0.20521874394267797,10,single_test_k5,5
46,ratio_S,1.2002441227436065,1.092753913104534,1.309376569390297,10,single_test_k5,5
46,div_gen,5.960464477539063e-08,-1.1920928955078125e-07,2.384185791015625e-07,10,single_test_k5,5
46,div_T,0.24037468135356904,0.21880918372422456,0.2622903674468398,10,single_test_k5,5
46,div_ratio,6.314081873893444e-08,-6.746965991225985e-07,8.035555073481133e-07,10,single_test_k5,5
46,hit,1.0,1.0,1.0,10,single_test_k5,5
47,mixture_error,,,,15,single_test_k5,5
47,kid_T,1.8722625582363777,1.649388911951441,2.062485846201007,15,single_test_k5,5
47,coverage_T,0.18383040935672515,0.13426193957115012,0.227443469785575,15,single_test_k5,5
47,kid_S,1.9684274473894723,1.6573683508691894,2.262075824265314,15,single_test_k5,5
47,coverage_S,0.8,0.6266666666666666,0.92,15,single_test_k5,5
47,sim_S,0.2477769672870636,0.2206569756815831,0.2768687246988217,15,single_test_k5,5
47,sim_T,0.36744725704193115,0.35071403384208677,0.3861161947250366,15,single_test_k5,5
47,sim_T_to_S,0.22909916838010153,0.21753195931514102,0.24148462610940138,15,single_test_k5,5
47,ratio_S,1.0885293364524842,0.967639019091924,1.2184486270944277,15,single_test_k5,5
47,div_gen,0.0,-9.5367431640625e-08,1.1126200358072917e-07,15,single_test_k5,5
47,div_T,0.2106194367011388,0.19806899080673854,0.22152632566789784,15,single_test_k5,5
47,div_ratio,1.3749833908170194e-08,-4.124205519034529e-07,4.96744036575023e-07,15,single_test_k5,5
47,hit,1.0,1.0,1.0,15,single_test_k5,5
48,mixture_error,,,,5,single_test_k5,5
48,kid_T,1.8510632430499814,1.8238741495587967,1.8686549939490427,5,single_test_k5,5
48,coverage_T,0.14857142857142858,0.12571428571428572,0.17714285714285713,5,single_test_k5,5
48,kid_S,1.8843318883628377,1.7541976690663936,2.0491561971317593,5,single_test_k5,5
48,coverage_S,0.56,0.24000000000000005,0.8400000000000001,5,single_test_k5,5
48,sim_S,0.2756998002529144,0.2444506287574768,0.30694897174835206,5,single_test_k5,5
48,sim_T,0.3061509609222412,0.29125109910964964,0.32105082273483276,5,single_test_k5,5
48,sim_T_to_S,0.2230490654706955,0.21627430617809296,0.2307851979881525,5,single_test_k5,5
48,ratio_S,1.241787815093994,1.0709818601608276,1.4217238664627074,5,single_test_k5,5
48,div_gen,1.7881393432617188e-07,1.7881393432617188e-07,1.7881393432617188e-07,5,single_test_k5,5
48,div_T,0.20166202783584594,0.19389065802097322,0.20687398910522461,5,single_test_k5,5
48,div_ratio,8.879734897610031e-07,8.643813099343345e-07,9.237363813749122e-07,5,single_test_k5,5
48,hit,1.0,1.0,1.0,5,single_test_k5,5
macro,mixture_error,,,,49,single_test_k5,5
macro,kid_T,1.9888883829418895,1.9592131055975288,2.019024596450568,49,single_test_k5,5
macro,coverage_T,0.14852123241303414,0.1426861731080365,0.15424710606043732,49,single_test_k5,5
macro,kid_S,1.9836802593801082,1.9449514590058037,2.0231670182826815,49,single_test_k5,5
macro,coverage_S,0.8024486941629803,0.7823731244945532,0.8225765520194092,49,single_test_k5,5
macro,sim_S,0.2706454695876679,0.2643401738870118,0.27726137853671334,49,single_test_k5,5
macro,sim_T,0.3957515436515463,0.39114963912193773,0.40072601455693146,49,single_test_k5,5
macro,sim_T_to_S,0.23075512214225521,0.22930163008774446,0.23223928930512303,49,single_test_k5,5
macro,ratio_S,1.1788738671239631,1.1506992666293063,1.2073639828180416,49,single_test_k5,5
macro,div_gen,2.2851991515070917e-08,1.559579802264916e-08,2.992816741150876e-08,49,single_test_k5,5
macro,div_T,0.2111737436953708,0.2100567515265386,0.2122309075370952,49,single_test_k5,5
macro,div_ratio,9.656647509820314e-08,6.168992945264616e-08,1.3170123849595728e-07,49,single_test_k5,5
macro,hit,1.0,1.0,1.0,49,single_test_k5,5
