group,metric,mean,lo,hi,n,set,k
1,mixture_error,0.0895,0.08233333333333338,0.09691875000000004,150,mixed_k10,10
1,kid_T,0.41817927920080933,0.3909297162408591,0.4492341661117217,150,mixed_k10,10
1,coverage_T,0.24539375849269462,0.22970310101674626,0.26107671840140045,150,mixed_k10,10
1,kid_S,-0.019580337450635466,-0.03894252406464248,0.0010389051812041072,150,mixed_k10,10
1,coverage_S,0.9979999999999999,0.9953333333333334,1.0,150,mixed_k10,10
1,sim_S,0.8577469376722971,0.8543069578508536,0.8606519572933515,150,mixed_k10,10
1,sim_T,0.3293295705318451,0.32350918508817755,0.33553536352763574,150,mixed_k10,10
1,sim_T_to_S,0.2464209454258283,0.24269225987792015,0.2503191954890887,150,mixed_k10,10
1,ratio_S,3.5127692794799805,3.4587911949157712,3.570082559148471,150,mixed_k10,10
1,div_gen,0.2252945629755656,0.2194061768601338,0.23082525081932545,150,mixed_k10,10
1,div_T,0.23572496424118677,0.2301162949303786,0.24122138014435768,150,mixed_k10,10
1,div_ratio,0.961921690247084,0.9437450306264574,0.9794487115318606,150,mixed_k10,10
1,hit,,,,150,mixed_k10,10
2,mixture_error,0.11749999999999995,0.10152083333333328,0.13569791666666664,90,mixed_k10,10
2,kid_T,0.36358905105631784,0.3430897477255788,0.38423091699191464,90,mixed_k10,10
2,coverage_T,0.22298540427199,0.20650210901518348,0.23987932357599753,90,mixed_k10,10
2,kid_S,-0.016907593063650122,-0.037561970645391636,0.004373124621613253,90,mixed_k10,10
2,coverage_S,0.9988888888888889,0.9966666666666666,1.0,90,mixed_k10,10
2,sim_S,0.8579384115007188,0.8543637762963772,0.8614380327694946,90,mixed_k10,10
2,sim_T,0.32134935822751787,0.31409399685760336,0.328502864730027,90,mixed_k10,10
2,sim_T_to_S,0.24315957493252224,0.23990961510274145,0.24649130971481403,90,mixed_k10,10
2,ratio_S,3.5425118578804864,3.491054091056188,3.59098698231909,90,mixed_k10,10
2,div_gen,0.21115931140051947,0.20537673594223127,0.21703944374289777,90,mixed_k10,10
2,div_T,0.21073042352994284,0.20794892384774155,0.21354168988350367,90,mixed_k10,10
2,div_ratio,1.0072998062622442,0.9746545414775174,1.0404223255382083,90,mixed_k10,10
2,hit,,,,90,mixed_k10,10
3,mixture_error,0.09408333333333337,0.08457916666666669,0.1040020833333334,150,mixed_k10,10
3,kid_T,0.3988897631092935,0.376566017020043,0.4244197580057274,150,mixed_k10,10
3,coverage_T,0.2382394021824191,0.22566626541811424,0.2539012404921561,150,mixed_k10,10
3,kid_S,-0.0714582847792845,-0.0882299520884299,-0.053822966504446575,150,mixed_k10,10
3,coverage_S,1.0,1.0,1.0,150,mixed_k10,10
3,sim_S,0.8576836625734965,0.8548811473945777,0.8607143355309963,150,mixed_k10,10
3,sim_T,0.322880875368913,0.3172454833909869,0.3283178746153911,150,mixed_k10,10
3,sim_T_to_S,0.2443866036335627,0.24129023165752492,0.24725947027901807,150,mixed_k10,10
3,ratio_S,3.530464493433634,3.4886520299514134,3.576767575422923,150,mixed_k10,10
3,div_gen,0.2331810177365939,0.22768785335868597,0.2385637359768152,150,mixed_k10,10
3,div_T,0.2386136860648791,0.23255625864118337,0.24493147131055595,150,mixed_k10,10
3,div_ratio,0.9828945074721167,0.9673844562927664,0.9976739068213881,150,mixed_k10,10
3,hit,,,,150,mixed_k10,10
4,mixture_error,0.08408333333333332,0.07791458333333334,0.09008750000000001,150,mixed_k10,10
4,kid_T,0.4031571941576419,0.38421836832355166,0.4222861332338748,150,mixed_k10,10
4,coverage_T,0.21604927966930082,0.20431487989927005,0.228138330189723,150,mixed_k10,10
4,kid_S,-0.00823384031115733,-0.02487621534524835,0.01080605157495304,150,mixed_k10,10
4,coverage_S,0.9986666666666667,0.9966666666666667,1.0,150,mixed_k10,10
4,sim_S,0.859387063185374,0.8566546713908513,0.86214951150616,150,mixed_k10,10
4,sim_T,0.33116572002569833,0.32533535868426167,0.3375705338368813,150,mixed_k10,10
4,sim_T_to_S,0.24742548127969105,0.24458041226118804,0.2504071463122964,150,mixed_k10,10
4,ratio_S,3.489456051190694,3.4512158661286034,3.530060762087504,150,mixed_k10,10
4,div_gen,0.21860231846570968,0.21340943923344213,0.2233357506468892,150,mixed_k10,10
4,div_T,0.22420888314644496,0.22073429523656765,0.22739736162871121,150,mixed_k10,10
4,div_ratio,0.9781752158526685,0.9572988636181379,0.9970007675317913,150,mixed_k10,10
4,hit,,,,150,mixed_k10,10
5,mixture_error,0.08566666666666665,0.07874791666666658,0.0933395833333334,150,mixed_k10,10
5,kid_T,0.408919742090214,0.38904283837773973,0.43031394498493697,150,mixed_k10,10
5,coverage_T,0.20634364831157853,0.19336768949204516,0.22189078696251047,150,mixed_k10,10
5,kid_S,0.008557141706424324,-0.01103466425052265,0.028410181680174233,150,mixed_k10,10
5,coverage_S,0.9946666666666668,0.9893333333333334,0.9986666666666667,150,mixed_k10,10
5,sim_S,0.8587674923737844,0.8559664698839188,0.8613442873756091,150,mixed_k10,10
5,sim_T,0.3307327707608541,0.3253722655574481,0.3355722806702057,150,mixed_k10,10
5,sim_T_to_S,0.2471425414085388,0.24481110241264106,0.24969765368352334,150,mixed_k10,10
5,ratio_S,3.488081512451172,3.451218565305074,3.5213912200927737,150,mixed_k10,10
5,div_gen,0.20810582876205444,0.20338910302023092,0.21337183249245087,150,mixed_k10,10
5,div_T,0.20690185199181238,0.20338705704609555,0.21043567318220935,150,mixed_k10,10
5,div_ratio,1.007542839522632,0.9857294771557271,1.027880989658236,150,mixed_k10,10
5,hit,,,,150,mixed_k10,10
6,mixture_error,0.10333333333333333,0.07833333333333337,0.1275208333333333,15,mixed_k10,10
6,kid_T,0.37289402272791994,0.33699544289736544,0.41406279102314286,15,mixed_k10,10
6,coverage_T,0.17777777777777776,0.14555555555555558,0.2166666666666667,15,mixed_k10,10
6,kid_S,0.010367375423606736,-0.025000386111762102,0.04531918502957474,15,mixed_k10,10
6,coverage_S,1.0,1.0,1.0,15,mixed_k10,10
6,sim_S,0.856596040725708,0.8490157681703567,0.8647572519381841,15,mixed_k10,10
6,sim_T,0.2867355287075043,0.27566878686348595,0.29814785505334535,15,mixed_k10,10
6,sim_T_to_S,0.22525735000769298,0.21974752786258858,0.23116050397356352,15,mixed_k10,10
6,ratio_S,3.8132299423217773,3.7072005220254263,3.922722843090693,15,mixed_k10,10
6,div_gen,0.1871329555908839,0.1765254029631615,0.1964409288764,15,mixed_k10,10
6,div_T,0.17108206351598104,0.169536677946647,0.17272242568433285,15,mixed_k10,10
6,div_ratio,1.0957613310361223,1.025869718393231,1.160295991402036,15,mixed_k10,10
6,hit,,,,15,mixed_k10,10
7,mixture_error,0.08083333333333334,0.07416666666666667,0.08777777777777779,90,mixed_k10,10
7,kid_T,0.4537142112247536,0.41517344502828757,0.4919483582069118,90,mixed_k10,10
7,coverage_T,0.24220916249907173,0.22318718462106707,0.26227757236782706,90,mixed_k10,10
7,kid_S,-0.05155652011972433,-0.07483836884891654,-0.02792656233964491,90,mixed_k10,10
7,coverage_S,0.9977777777777778,0.9944444444444445,1.0,90,mixed_k10,10
7,sim_S,0.8582462535964118,0.8545887176526917,0.8620562313828203,90,mixed_k10,10
7,sim_T,0.3208343178033829,0.3138340711014138,0.3279609146134721,90,mixed_k10,10
7,sim_T_to_S,0.23987821655140984,0.23677577131324343,0.24320834138741096,90,mixed_k10,10
7,ratio_S,3.592687408129374,3.543002831008699,3.6397321609656017,90,mixed_k10,10
7,div_gen,0.24631777438852523,0.23947064319004616,0.2533903081466754,90,mixed_k10,10
7,div_T,0.2643335594071282,0.2589109571857585,0.2692612500488758,90,mixed_k10,10
7,div_ratio,0.9342649562790525,0.9117401612680549,0.9589232102989845,90,mixed_k10,10
7,hit,,,,90,mixed_k10,10
8,mixture_error,0.08055555555555557,0.07111111111111111,0.09055555555555551,45,mixed_k10,10
8,kid_T,0.34870324168581057,0.32104821493004254,0.37667986898540456,45,mixed_k10,10
8,coverage_T,0.2171867339581831,0.19634454324548056,0.23813584207856017,45,mixed_k10,10
8,kid_S,-0.07139320133839103,-0.09695090882683127,-0.04367780821847061,45,mixed_k10,10
8,coverage_S,1.0,1.0,1.0,45,mixed_k10,10
8,sim_S,0.8556529323259989,0.8511474339167276,0.8605851888656616,45,mixed_k10,10
8,sim_T,0.31385070549117194,0.30779983417855367,0.3195701260202461,45,mixed_k10,10
8,sim_T_to_S,0.24937493205070496,0.24615312564704153,0.2528286003404194,45,mixed_k10,10
8,ratio_S,3.438514407475789,3.3887165248394013,3.4855236644215055,45,mixed_k10,10
8,div_gen,0.22091764741473727,0.21432654747532473,0.22834679291480117,45,mixed_k10,10
8,div_T,0.22922230826483833,0.22650604421065912,0.2321502634137869,45,mixed_k10,10
8,div_ratio,0.9646855343255781,0.9348921778631492,0.9948817049177386,45,mixed_k10,10
8,hit,,,,45,mixed_k10,10
9,mixture_error,0.08349999999999996,0.07758333333333335,0.08916666666666667,150,mixed_k10,10
9,kid_T,0.40007876586120433,0.3731330651931059,0.4311632856142387,150,mixed_k10,10
9,coverage_T,0.23160242708085937,0.2197784079587929,0.2453235762717543,150,mixed_k10,10
9,kid_S,-0.11831970430831598,-0.13079587361818307,-0.10525382982702573,150,mixed_k10,10
9,coverage_S,0.9986666666666667,0.9966666666666667,1.0,150,mixed_k10,10
9,sim_S,0.8555727922916412,0.8531292176047961,0.8582808423638344,150,mixed_k10,10
9,sim_T,0.3226966851949692,0.3182588301797708,0.32729475118716556,150,mixed_k10,10
9,sim_T_to_S,0.2419475563367208,0.23879354879260062,0.24528362386176983,150,mixed_k10,10
9,ratio_S,3.5628586276372274,3.512362559199333,3.6137509791056317,150,mixed_k10,10
9,div_gen,0.25056666900714236,0.2462239933386445,0.2553372200926145,150,mixed_k10,10
9,div_T,0.26495786259571713,0.26146860246360304,0.2686893387635549,150,mixed_k10,10
9,div_ratio,0.9489401431693013,0.9325728727712154,0.9650458262202171,150,mixed_k10,10
9,hit,,,,150,mixed_k10,10
10,mixture_error,0.07916666666666665,0.07382916666666665,0.08474999999999999,150,mixed_k10,10
10,kid_T,0.41972421038752544,0.3940958835985844,0.4452383691299517,150,mixed_k10,10
10,coverage_T,0.22440164382382388,0.2116507409826377,0.23700093975635286,150,mixed_k10,10
10,kid_S,-0.11370007962661603,-0.1276711187475974,-0.10016392418118673,150,mixed_k10,10
10,coverage_S,0.9993333333333334,0.9979999999999999,1.0,150,mixed_k10,10
10,sim_S,0.8535861305395762,0.8504132655064265,0.8565686314702035,150,mixed_k10,10
10,sim_T,0.2972515308856964,0.29373017079631486,0.3008436739991108,150,mixed_k10,10
10,sim_T_to_S,0.2351805227001508,0.2331750119253993,0.23712304026385148,150,mixed_k10,10
10,ratio_S,3.640971268018087,3.6064910741647083,3.676995616356532,150,mixed_k10,10
10,div_gen,0.25842710097630817,0.2542141513675451,0.2627341595987479,150,mixed_k10,10
10,div_T,0.2728016795714696,0.2698310671572884,0.27542195074260234,150,mixed_k10,10
10,div_ratio,0.9499465018795377,0.9336462138725002,0.9678000399681448,150,mixed_k10,10
10,hit,,,,150,mixed_k10,10
12,mixture_error,0.08416666666666665,0.07866249999999998,0.08958541666666667,150,mixed_k10,10
12,kid_T,0.43370642570483997,0.3984791495620716,0.46697769661850647,150,mixed_k10,10
12,coverage_T,0.19418330927375632,0.18129528805137052,0.2071197792265628,150,mixed_k10,10
12,kid_S,-0.12935519074895788,-0.14332680303683262,-0.11459182031614448,150,mixed_k10,10
12,coverage_S,1.0,1.0,1.0,150,mixed_k10,10
12,sim_S,0.8529637404282888,0.8501192894379298,0.8557758365372817,150,mixed_k10,10
12,sim_T,0.3204097658395767,0.3156921121478081,0.3249809415390094,150,mixed_k10,10
12,sim_T_to_S,0.23936742017666499,0.23611707761635384,0.2423204258903861,150,mixed_k10,10
12,ratio_S,3.584364269574483,3.5389311870733895,3.6330556204716364,150,mixed_k10,10
12,div_gen,0.2486472874879837,0.2431786304563284,0.253938831448555,150,mixed_k10,10
12,div_T,0.26169387380282083,0.2578465649758776,0.2653404799848795,150,mixed_k10,10
12,div_ratio,0.9538059069746265,0.9346443307322635,0.9745020960292232,150,mixed_k10,10
12,hit,,,,150,mixed_k10,10
14,mixture_error,0.08333333333333331,0.06833333333333332,0.1,15,mixed_k10,10
14,kid_T,0.42311375796091766,0.35072007329130694,0.49327817363299176,15,mixed_k10,10
14,coverage_T,0.23866666666666664,0.20533333333333334,0.26936666666666664,15,mixed_k10,10
14,kid_S,-0.011125122575928615,-0.048959382257493106,0.028728688207348172,15,mixed_k10,10
14,coverage_S,1.0,1.0,1.0,15,mixed_k10,10
14,sim_S,0.855369770526886,0.8485280719399453,0.8622134684522946,15,mixed_k10,10
14,sim_T,0.3451895296573639,0.3314237272242705,0.35979743520418805,15,mixed_k10,10
14,sim_T_to_S,0.25716397960980736,0.24595837354660036,0.2670971412460009,15,mixed_k10,10
14,ratio_S,3.350417629877726,3.2127028222878775,3.5052935989697773,15,mixed_k10,10
14,div_gen,0.20356023907661439,0.19391946109632652,0.2144835140556097,15,mixed_k10,10
14,div_T,0.20593933165073394,0.20406651144226393,0.20762463316321372,15,mixed_k10,10
14,div_ratio,0.9902287051500335,0.9360626138291886,1.0521987769532217,15,mixed_k10,10
14,hit,,,,15,mixed_k10,10
15,mixture_error,0.09722222222222222,0.08611111111111108,0.11000347222222218,90,mixed_k10,10
15,kid_T,0.357509101551337,0.339930992878503,0.3776387263112835,90,mixed_k10,10
15,coverage_T,0.1835860499044906,0.16938880127300987,0.19962326865404195,90,mixed_k10,10
15,kid_S,0.0319523772732172,0.007429550851163023,0.05879997751865976,90,mixed_k10,10
15,coverage_S,0.9888888888888889,0.981111111111111,0.9966666666666666,90,mixed_k10,10
15,sim_S,0.860259516371621,0.8564327956736089,0.8642374325129721,90,mixed_k10,10
15,sim_T,0.3423845542801751,0.33478485003113745,0.35009117125637,90,mixed_k10,10
15,sim_T_to_S,0.25964906414349875,0.25630198007242544,0.2629780806394087,90,mixed_k10,10
15,ratio_S,3.326474976539612,3.279024357067214,3.3770221175750095,90,mixed_k10,10
15,div_gen,0.18133817869755958,0.17624529186843169,0.18659845343066586,90,mixed_k10,10
15,div_T,0.17462192906273735,0.17013251285586092,0.17949049836231604,90,mixed_k10,10
15,div_ratio,1.0447970501083346,1.0182671205322993,1.072533772283943,90,mixed_k10,10
15,hit,,,,90,mixed_k10,10
17,mixture_error,0.08333333333333331,0.07799999999999999,0.08816666666666666,150,mixed_k10,10
17,kid_T,0.42559496200953895,0.39897587290047526,0.45094946858208673,150,mixed_k10,10
17,coverage_T,0.2233673396884147,0.21105627257189719,0.23729405147873855,150,mixed_k10,10
17,kid_S,-0.12346062242234372,-0.13619375463591277,-0.11091660655130528,150,mixed_k10,10
17,coverage_S,0.9986666666666667,0.9966666666666667,1.0,150,mixed_k10,10
17,sim_S,0.8521092255910238,0.8491415015856425,0.8550949110090732,150,mixed_k10,10
17,sim_T,0.3225722181797028,0.31749134276807306,0.3279473300327857,150,mixed_k10,10
17,sim_T_to_S,0.24534540325403215,0.242659110357364,0.2481200197612246,150,mixed_k10,10
17,ratio_S,3.4899676418304444,3.4488041837612786,3.532018610040347,150,mixed_k10,10
17,div_gen,0.26063643564780553,0.25616362823794286,0.2647228600084781,150,mixed_k10,10
17,div_T,0.27840285380681357,0.2757565469543139,0.2809098692710201,150,mixed_k10,10
17,div_ratio,0.9379400427203851,0.9221102867314915,0.9530751992996568,150,mixed_k10,10
17,hit,,,,150,mixed_k10,10
18,mixture_error,0.08583333333333333,0.07950000000000008,0.0925041666666667,150,mixed_k10,10
18,kid_T,0.3906552782236263,0.36573084786659016,0.41949860970427355,150,mixed_k10,10
18,coverage_T,0.21769425982832236,0.20368556173742378,0.2316108526773651,150,mixed_k10,10
18,kid_S,-0.10828047252028905,-0.11995418643689519,-0.09502616676887801,150,mixed_k10,10
18,coverage_S,1.0,1.0,1.0,150,mixed_k10,10
18,sim_S,0.8511315377553305,0.8482191522022089,0.8540652919312318,150,mixed_k10,10
18,sim_T,0.3423285448551178,0.33709912254412966,0.34759279144306976,150,mixed_k10,10
18,sim_T_to_S,0.254724507133166,0.25273857862750687,0.2566690847824017,150,mixed_k10,10
18,ratio_S,3.349129153887431,3.3214707795381546,3.37574758207798,150,mixed_k10,10
18,div_gen,0.2487071844935417,0.24430558851361275,0.2526739513725042,150,mixed_k10,10
18,div_T,0.26172430912653605,0.25937570678194366,0.2642338320215543,150,mixed_k10,10
18,div_ratio,0.9513446820719335,0.9369204870538266,0.9658019137854851,150,mixed_k10,10
18,hit,,,,150,mixed_k10,10
20,mixture_error,0.07666666666666667,0.056666666666666685,0.10083333333333333,15,mixed_k10,10
20,kid_T,0.3269329208800752,0.2913376420157457,0.3621858597196564,15,mixed_k10,10
20,coverage_T,0.22347417840375589,0.1784037558685446,0.27607981220657274,15,mixed_k10,10
20,kid_S,-0.08333956550035436,-0.12623341371597033,-0.03359892125753097,15,mixed_k10,10
20,coverage_S,1.0,1.0,1.0,15,mixed_k10,10
20,sim_S,0.8527807275454203,0.8466351613402366,0.8583402531345685,15,mixed_k10,10
20,sim_T,0.3400980730851491,0.32565204381942753,0.3599522037307421,15,mixed_k10,10
20,sim_T_to_S,0.2729506770769755,0.26380782211820286,0.28280402859052023,15,mixed_k10,10
20,ratio_S,3.1364596843719483,3.0362795845667523,3.2353347595532735,15,mixed_k10,10
20,div_gen,0.23125402530034384,0.22008813068270683,0.2417343914757172,15,mixed_k10,10
20,div_T,0.2333844482898712,0.23145948695639768,0.23512554744879405,15,mixed_k10,10
20,div_ratio,0.9923440236673475,0.9378600893477136,1.0448162725685397,15,mixed_k10,10
20,hit,,,,15,mixed_k10,10
21,mixture_error,0.08000000000000002,0.0686111111111111,0.09222916666666664,45,mixed_k10,10
21,kid_T,0.42370687144786046,0.37949013351608596,0.4727689473142122,45,mixed_k10,10
21,coverage_T,0.14959786545607442,0.1322429078865646,0.16751307944404958,45,mixed_k10,10
21,kid_S,-0.10109136272567806,-0.12304254328732497,-0.07803270174458195,45,mixed_k10,10
21,coverage_S,1.0,1.0,1.0,45,mixed_k10,10
21,sim_S,0.8505277885331048,0.8454639910327064,0.8555581321981218,45,mixed_k10,10
21,sim_T,0.3330890019734701,0.32576138655344644,0.3407870508730412,45,mixed_k10,10
21,sim_T_to_S,0.2532482792933782,0.24947823712395295,0.2575302949547768,45,mixed_k10,10
21,ratio_S,3.368641800350613,3.3103723784287773,3.420043390724394,45,mixed_k10,10
21,div_gen,0.2466333031654358,0.23846870405806436,0.25463036568628417,45,mixed_k10,10
21,div_T,0.24625632796022628,0.2418731976631615,0.25039504735006224,45,mixed_k10,10
21,div_ratio,1.0029661804800807,0.9720406231190651,1.0343014383319014,45,mixed_k10,10
21,hit,,,,45,mixed_k10,10
22,mixture_error,0.08549999999999996,0.08008333333333331,0.09141666666666662,150,mixed_k10,10
22,kid_T,0.4544153091981002,0.42360566214539513,0.4853526740880703,150,mixed_k10,10
22,coverage_T,0.24900706118492646,0.23348626293324895,0.2639688913521941,150,mixed_k10,10
22,kid_S,-0.08865833729948341,-0.10309904816874252,-0.07431280683991809,150,mixed_k10,10
22,coverage_S,0.9993333333333334,0.9979999999999999,1.0,150,mixed_k10,10
22,sim_S,0.8551564912001292,0.8521396664877733,0.858099053055048,150,mixed_k10,10
22,sim_T,0.3253692144155502,0.32000028167665,0.3307226653397083,150,mixed_k10,10
22,sim_T_to_S,0.2428030855456988,0.23930884476999442,0.24571466589470706,150,mixed_k10,10
22,ratio_S,3.545934085845947,3.503074231942495,3.5991109857559205,150,mixed_k10,10
22,div_gen,0.25024367332458497,0.2460835601016879,0.2547862786129117,150,mixed_k10,10
22,div_T,0.2676298407713572,0.2647828310628732,0.27039290298273166,150,mixed_k10,10
22,div_ratio,0.9375556894206295,0.9212040355236455,0.9552446741829091,150,mixed_k10,10
22,hit,,,,150,mixed_k10,10
23,mixture_error,0.08333333333333331,0.06833333333333333,0.10166666666666666,15,mixed_k10,10
23,kid_T,0.506397493313045,0.41931148330420787,0.583895794748526,15,mixed_k10,10
23,coverage_T,0.28809523809523807,0.24523809523809526,0.32857142857142857,15,mixed_k10,10
23,kid_S,0.0156305507906288,-0.039093259952429044,0.07603631791101088,15,mixed_k10,10
23,coverage_S,1.0,1.0,1.0,15,mixed_k10,10
23,sim_S,0.861673899491628,0.8547212488452594,0.8677282630403836,15,mixed_k10,10
23,sim_T,0.34840997656186423,0.3330409069856008,0.3639552628497283,15,mixed_k10,10
23,sim_T_to_S,0.27488074799378714,0.266376376748085,0.28261247518161936,15,mixed_k10,10
23,ratio_S,3.14636435508728,3.050259838501612,3.2551625339190164,15,mixed_k10,10
23,div_gen,0.22919675608476003,0.2191543085873127,0.24073039134343466,15,mixed_k10,10
23,div_T,0.24566261569658915,0.2442402437329292,0.24693189966181914,15,mixed_k10,10
23,div_ratio,0.9337112987748651,0.890136609509624,0.9861127401336756,15,mixed_k10,10
23,hit,,,,15,mixed_k10,10
26,mixture_error,0.0815833333333333,0.07416458333333335,0.08891666666666666,150,mixed_k10,10
26,kid_T,0.35103318155764884,0.3320920264024682,0.37064839408775574,150,mixed_k10,10
26,coverage_T,0.20864057149453558,0.19763891724050622,0.22002164074137423,150,mixed_k10,10
26,kid_S,-0.08471389199994153,-0.09997939231434372,-0.0673837329743903,150,mixed_k10,10
26,coverage_S,0.9986666666666667,0.9966666666666667,1.0,150,mixed_k10,10
26,sim_S,0.8518741913636525,0.8488469653526942,0.8549253183901311,150,mixed_k10,10
26,sim_T,0.3158181830247243,0.31162531531353793,0.3202801696707805,150,mixed_k10,10
26,sim_T_to_S,0.24476632903019588,0.24232675896584988,0.24729388762762147,150,mixed_k10,10
26,ratio_S,3.495452968279521,3.454893637736639,3.535017657438914,150,mixed_k10,10
26,div_gen,0.23245884905258815,0.22864714888979992,0.23607775230705738,150,mixed_k10,10
26,div_T,0.23691353311141333,0.23420685870945454,0.23961920262128114,150,mixed_k10,10
26,div_ratio,0.9838257143381903,0.9655563239246215,0.9995410092705855,150,mixed_k10,10
26,hit,,,,150,mixed_k10,10
27,mixture_error,0.09722222222222218,0.08680208333333332,0.10833333333333334,90,mixed_k10,10
27,kid_T,0.37237666820086984,0.3483419718910269,0.39873814049365486,90,mixed_k10,10
27,coverage_T,0.2229661522556999,0.2048714877849453,0.24040039019956536,90,mixed_k10,10
27,kid_S,-0.0308422052294618,-0.050252379411073786,-0.01028175935942637,90,mixed_k10,10
27,coverage_S,0.9988888888888889,0.9966666666666666,1.0,90,mixed_k10,10
27,sim_S,0.8574571516778734,0.8539230495029025,0.8608950943913725,90,mixed_k10,10
27,sim_T,0.31810933616426257,0.31144901753299764,0.3248318062225977,90,mixed_k10,10
27,sim_T_to_S,0.23936177028550043,0.2362571875626842,0.2424739196524024,90,mixed_k10,10
27,ratio_S,3.5974727816051906,3.54586377369033,3.6481874732176465,90,mixed_k10,10
27,div_gen,0.2031679168343544,0.19716931754516231,0.2094212975849708,90,mixed_k10,10
27,div_T,0.21026127735773723,0.20684998674939076,0.2137654796573851,90,mixed_k10,10
27,div_ratio,0.9686614601129189,0.9408421230857767,0.9978871803931879,90,mixed_k10,10
27,hit,,,,90,mixed_k10,10
28,mixture_error,0.09,0.062499999999999986,0.11916666666666667,15,mixed_k10,10
28,kid_T,0.3836603506394462,0.3386280915439702,0.42566234062241337,15,mixed_k10,10
28,coverage_T,0.24144144144144147,0.21261261261261266,0.26936936936936934,15,mixed_k10,10
28,kid_S,-0.03140347754489466,-0.05668661463930663,-0.007713728390955662,15,mixed_k10,10
28,coverage_S,1.0,1.0,1.0,15,mixed_k10,10
28,sim_S,0.8500912427902222,0.8407192644476891,0.8594747868180275,15,mixed_k10,10
28,sim_T,0.32725828091303505,0.3144009438653787,0.3410275940100352,15,mixed_k10,10
28,sim_T_to_S,0.23662098050117492,0.23118372740844886,0.24161116177837055,15,mixed_k10,10
28,ratio_S,3.5998348077138265,3.514993821779887,3.685098256667455,15,mixed_k10,10
28,div_gen,0.21625157793362934,0.20509400015076001,0.22721812325219312,15,mixed_k10,10
28,div_T,0.2246605823437373,0.22320682220160962,0.22612555359800657,15,mixed_k10,10
28,div_ratio,0.9635526529275117,0.9098226372862696,1.0156306397549468,15,mixed_k10,10
28,hit,,,,15,mixed_k10,10
34,mixture_error,0.08333333333333331,0.07758333333333338,0.08916666666666666,150,mixed_k10,10
34,kid_T,0.43337482769785957,0.405937678441234,0.46263024620336424,150,mixed_k10,10
34,coverage_T,0.20659489981087295,0.19424986151350157,0.2202694718019802,150,mixed_k10,10
34,kid_S,-0.09173111153772381,-0.11187635380335335,-0.0697428925566512,150,mixed_k10,10
34,coverage_S,0.9980000000000001,0.9953333333333334,1.0,150,mixed_k10,10
34,sim_S,0.8530669446786244,0.8501616684695085,0.8561491451859474,150,mixed_k10,10
34,sim_T,0.3198713391025861,0.3141128740757704,0.32582335492471853,150,mixed_k10,10
34,sim_T_to_S,0.23904075364271798,0.23557386961082616,0.24234951447695494,150,mixed_k10,10
34,ratio_S,3.597033050855001,3.5437039566834767,3.652456206123034,150,mixed_k10,10
34,div_gen,0.2441627448797226,0.23813751626511415,0.24958880986521642,150,mixed_k10,10
34,div_T,0.25909636199474334,0.2522628134886424,0.26586153820405406,150,mixed_k10,10
34,div_ratio,0.9527431936976304,0.9337311600882336,0.9720224815183938,150,mixed_k10,10
34,hit,,,,150,mixed_k10,10
36,mixture_error,0.08027777777777777,0.07374999999999998,0.08763888888888888,90,mixed_k10,10
36,kid_T,0.5602246681508188,0.5042863705247804,0.6218590222859978,90,mixed_k10,10
36,coverage_T,0.2092292931547317,0.1950780400424041,0.22144361392552178,90,mixed_k10,10
36,kid_S,-0.1584396342043205,-0.17841771760791117,-0.13889616974697291,90,mixed_k10,10
36,coverage_S,1.0,1.0,1.0,90,mixed_k10,10
36,sim_S,0.8567366931173537,0.8525080942279762,0.8608450569212437,90,mixed_k10,10
36,sim_T,0.3049916562106874,0.29814333441356816,0.3123057222614686,90,mixed_k10,10
36,sim_T_to_S,0.21072083827522065,0.2083797695239385,0.21326681963685484,90,mixed_k10,10
36,ratio_S,4.079747637112935,4.025072551237212,4.130632513629065,90,mixed_k10,10
36,div_gen,0.29512156877252793,0.2881436459802919,0.30227104880743555,90,mixed_k10,10
36,div_T,0.3257622328069475,0.3236299825625287,0.3281203544222646,90,mixed_k10,10
36,div_ratio,0.9068383591003898,0.8840718935016048,0.9292433490335414,90,mixed_k10,10
36,hit,,,,90,mixed_k10,10
40,mixture_error,0.1197222222222222,0.1008333333333333,0.1386180555555555,45,mixed_k10,10
40,kid_T,0.3268417982853738,0.2966841970856308,0.3607339701480873,45,mixed_k10,10
40,coverage_T,0.2242402302051425,0.201606609115381,0.2447302051424859,45,mixed_k10,10
40,kid_S,0.00556676339872158,-0.018877110494032675,0.030241307146388098,45,mixed_k10,10
40,coverage_S,0.9977777777777778,0.9933333333333333,1.0,45,mixed_k10,10
40,sim_S,0.8581526716550191,0.8533519646525384,0.8628402780161964,45,mixed_k10,10
40,sim_T,0.3119954006539451,0.30050346043374804,0.3242171339276764,45,mixed_k10,10
40,sim_T_to_S,0.23130687740114,0.2276488429059585,0.23520497683021757,45,mixed_k10,10
40,ratio_S,3.7214135222964817,3.6560611481136744,3.7877277060349783,45,mixed_k10,10
40,div_gen,0.18648817638556162,0.1798747159789006,0.19368542186915874,45,mixed_k10,10
40,div_T,0.18675543632772235,0.18425074944065675,0.18908815613223445,45,mixed_k10,10
40,div_ratio,1.0005224503491736,0.9640553014662867,1.0408125667683532,45,mixed_k10,10
40,hit,,,,45,mixed_k10,10
42,mixture_error,0.1025,0.07833333333333332,0.12918749999999998,15,mixed_k10,10
42,kid_T,0.3103953559558853,0.2785105315032777,0.34274181750085586,15,mixed_k10,10
42,coverage_T,0.20720720720720723,0.18195945945945943,0.23513513513513512,15,mixed_k10,10
42,kid_S,-0.1400628546724879,-0.17738794820982795,-0.10463541101280174,15,mixed_k10,10
42,coverage_S,1.0,1.0,1.0,15,mixed_k10,10
42,sim_S,0.8673254728317261,0.860767236550649,0.8748320595423381,15,mixed_k10,10
42,sim_T,0.2851987242698669,0.2707215579350789,0.2998015127082666,15,mixed_k10,10
42,sim_T_to_S,0.21415070394674937,0.20933525403340655,0.21867734966178734,15,mixed_k10,10
42,ratio_S,4.05946455001831,3.9647339383761087,4.181531730890274,15,mixed_k10,10
42,div_gen,0.26105063160260517,0.25325292480488615,0.26846969336271287,15,mixed_k10,10
42,div_T,0.2632689833641052,0.2617962525784969,0.26482993478576344,15,mixed_k10,10
42,div_ratio,0.9922274542853949,0.9582505164394548,1.0245830395197544,15,mixed_k10,10
42,hit,,,,15,mixed_k10,10
43,mixture_error,0.0958333333333333,0.0831909722222222,0.10972222222222221,90,mixed_k10,10
43,kid_T,0.36814334230173495,0.34394459061407123,0.3943314937715984,90,mixed_k10,10
43,coverage_T,0.226159830602555,0.20941426315078268,0.24290422091621786,90,mixed_k10,10
43,kid_S,-0.11828662346215882,-0.13711609390340657,-0.0979158848018364,90,mixed_k10,10
43,coverage_S,1.0,1.0,1.0,90,mixed_k10,10
43,sim_S,0.8590435458554162,0.8557785189317333,0.8623008493085702,90,mixed_k10,10
43,sim_T,0.30684659944640263,0.300455361927549,0.31401850360135236,90,mixed_k10,10
43,sim_T_to_S,0.22579409380753834,0.22279420752906137,0.22877977817836734,90,mixed_k10,10
43,ratio_S,3.8209753725263806,3.766774165034294,3.875679994424184,90,mixed_k10,10
43,div_gen,0.28407169944710203,0.2786958148951332,0.28923828069120644,90,mixed_k10,10
43,div_T,0.28061742782592775,0.2790105469773213,0.2822164291805691,90,mixed_k10,10
43,div_ratio,1.0135234701004754,0.9930822288963475,1.0338518186072971,90,mixed_k10,10
43,hit,,,,90,mixed_k10,10
45,mixture_error,0.08083333333333334,0.07305555555555554,0.08805555555555557,90,mixed_k10,10
45,kid_T,0.4370747033680496,0.4020564879458336,0.4721872404862839,90,mixed_k10,10
45,coverage_T,0.21607133676994875,0.1999458218250114,0.2318031785587385,90,mixed_k10,10
45,kid_S,-0.03568033865548603,-0.05830020635993182,-0.011981043009379794,90,mixed_k10,10
45,coverage_S,0.9966666666666666,0.9922222222222223,1.0,90,mixed_k10,10
45,sim_S,0.8571545362472535,0.8538788053227795,0.86036140208443,90,mixed_k10,10
45,sim_T,0.34372280372513664,0.3371957296050257,0.34993808425962925,90,mixed_k10,10
45,sim_T_to_S,0.26017916864818996,0.2565342366281483,0.26387794964429406,90,mixed_k10,10
45,ratio_S,3.309592260254754,3.2611190053489474,3.354222693708208,90,mixed_k10,10
45,div_gen,0.22632767392529382,0.2209554162166185,0.2319825168657634,90,mixed_k10,10
45,div_T,0.2371642670697636,0.2320941808488634,0.24182938802987336,90,mixed_k10,10
45,div_ratio,0.9603718638810771,0.9342973159844865,0.9884201863671123,90,mixed_k10,10
45,hit,,,,90,mixed_k10,10
46,mixture_error,0.07916666666666665,0.06583333333333333,0.09416666666666668,15,mixed_k10,10
46,kid_T,0.42882334055050547,0.32255649803532244,0.5421778281766817,15,mixed_k10,10
46,coverage_T,0.13443526170798897,0.11019283746556474,0.15814049586776857,15,mixed_k10,10
46,kid_S,-0.1519578576175731,-0.19783043073442733,-0.10582731509031842,15,mixed_k10,10
46,coverage_S,1.0,1.0,1.0,15,mixed_k10,10
46,sim_S,0.8466284434000652,0.8387417602539062,0.855118780831496,15,mixed_k10,10
46,sim_T,0.28685165047645567,0.27777046531438826,0.2971750638882319,15,mixed_k10,10
46,sim_T_to_S,0.20494617223739625,0.19982677253584066,0.21013856758673985,15,mixed_k10,10
46,ratio_S,4.142754872639974,4.024628731012344,4.269580742518108,15,mixed_k10,10
46,div_gen,0.28408257762591044,0.27061908920605976,0.2967594002187252,15,mixed_k10,10
46,div_T,0.2949024577935537,0.294105425576369,0.29569019928574564,15,mixed_k10,10
46,div_ratio,0.9636741636425543,0.9168574089786659,1.0090927719214193,15,mixed_k10,10
46,hit,,,,15,mixed_k10,10
47,mixture_error,0.08333333333333336,0.07499999999999996,0.09333333333333334,45,mixed_k10,10
47,kid_T,0.44160451633555575,0.39706899288406966,0.4845842741710454,45,mixed_k10,10
47,coverage_T,0.19393989130831235,0.1750342549026759,0.21226057535268059,45,mixed_k10,10
47,kid_S,-0.11242310286110882,-0.14089787996103192,-0.08613884112832029,45,mixed_k10,10
47,coverage_S,1.0,1.0,1.0,45,mixed_k10,10
47,sim_S,0.8588932315508525,0.8542017375429471,0.862847968008783,45,mixed_k10,10
47,sim_T,0.3092895024352603,0.29966560658481384,0.319517243206501,45,mixed_k10,10
47,sim_T_to_S,0.2356617553366555,0.22971401025851568,0.24123172116776306,45,mixed_k10,10
47,ratio_S,3.6720142205556234,3.578614690833622,3.7689048194885255,45,mixed_k10,10
47,div_gen,0.25881048573387994,0.2509701784865724,0.2666285733381907,45,mixed_k10,10
47,div_T,0.2576722804043028,0.25229705585373774,0.26246269680559636,45,mixed_k10,10
47,div_ratio,1.0061902923417085,0.9781274738622535,1.0352703107522625,45,mixed_k10,10
47,hit,,,,45,mixed_k10,10
macro,mixture_error,0.08838055555555556,0.08606449074074073,0.09095939814814814,30,mixed_k10,10
macro,kid_T,0.40478114516115254,0.3972345230238996,0.4122196381910753,30,mixed_k10,10
macro,coverage_T,0.21602624408425933,0.21216240042312215,0.2201339863979897,30,mixed_k10,10
macro,kid_S,-0.06666423746611227,-0.07128428750417805,-0.06133621637857691,30,mixed_k10,10
macro,coverage_S,0.998762962962963,0.9983481481481482,0.9991703703703703,30,mixed_k10,10
macro,sim_S,0.8559858179798833,0.8550909758565602,0.8568596313634405,30,mixed_k10,10
macro,sim_T,0.3208877139422628,0.31933744292678645,0.32247567020472556,30,mixed_k10,10
macro,sim_T_to_S,0.24209521105554374,0.24124277682331974,0.2429067953470957,30,mixed_k10,10
macro,ratio_S,3.566835149641391,3.55391340840481,3.579983250242693,30,mixed_k10,10
macro,div_gen,0.2350638724063282,0.23376408168397575,0.23639493178559667,30,mixed_k10,10
macro,div_T,0.24236558842990127,0.24175622657214596,0.2430155450150094,30,mixed_k10,10
macro,div_ratio,0.9762752393397202,0.9703714577645218,0.9821970893474029,30,mixed_k10,10
macro,hit,,,,30,mixed_k10,10
0,mixture_error,,,,5,single_test_k1,1
0,kid_T,1.9539751861597345,1.5848393660774995,2.3231110062419695,5,single_test_k1,1
0,coverage_T,0.1395348837209302,0.05116279069767442,0.23255813953488375,5,single_test_k1,1
0,kid_S,,,,5,single_test_k1,1
0,coverage_S,,,,5,single_test_k1,1
0,sim_S,0.8696515083312988,0.8489764928817749,0.8882260477542877,5,single_test_k1,1
0,sim_T,0.360815167427063,0.28720182180404663,0.429367208480835,5,single_test_k1,1
0,sim_T_to_S,0.1857989698648453,0.15904319584369658,0.21875374317169188,5,single_test_k1,1
0,ratio_S,4.840743064880371,4.063370418548584,5.518281650543213,5,single_test_k1,1
0,div_gen,0.06880148574709892,0.05162270218133926,0.08588402569293976,5,single_test_k1,1
0,div_T,0.24716389775276185,0.24599858716130257,0.24850841760635375,5,single_test_k1,1
0,div_ratio,0.27852306134241617,0.20845871290521756,0.34762975790214784,5,single_test_k1,1
0,hit,1.0,1.0,1.0,5,single_test_k1,1
1,mixture_error,,,,30,single_test_k1,1
1,kid_T,1.9291396266826382,1.7604091480952095,2.0906761012027033,30,single_test_k1,1
1,coverage_T,0.0993864404163834,0.0706425969232825,0.13235854633693614,30,single_test_k1,1
1,kid_S,,,,30,single_test_k1,1
1,coverage_S,,,,30,single_test_k1,1
1,sim_S,0.8612560530503591,0.850409403493007,0.8710414958993593,30,single_test_k1,1
1,sim_T,0.3052575076619784,0.27507427749534447,0.34592990954716996,30,single_test_k1,1
1,sim_T_to_S,0.1296538187811772,0.11627117176850638,0.1414381156830738,30,single_test_k1,1
1,ratio_S,7.4780945936838785,6.492923110326132,8.975005511045456,30,single_test_k1,1
1,div_gen,0.07559080844124158,0.06378764284774661,0.0883734783406059,30,single_test_k1,1
1,div_T,0.20301540344953536,0.19373578637838365,0.2118976062287887,30,single_test_k1,1
1,div_ratio,0.38163884676741755,0.3163332244579242,0.45607387048616504,30,single_test_k1,1
1,hit,0.88125,0.7791145833333334,0.9541666666666667,30,single_test_k1,1
2,mixture_error,,,,20,single_test_k1,1
2,kid_T,1.971460720923011,1.6892550399653177,2.3155786208879627,20,single_test_k1,1
2,coverage_T,0.12143393393393391,0.07980559394621894,0.16307518811425062,20,single_test_k1,1
2,kid_S,,,,20,single_test_k1,1
2,coverage_S,,,,20,single_test_k1,1
2,sim_S,0.858158016204834,0.8512027371674775,0.8649352534860372,20,single_test_k1,1
2,sim_T,0.29995197504758836,0.2637531388550997,0.3399452409520745,20,single_test_k1,1
2,sim_T_to_S,0.1240607725456357,0.10678504961542785,0.14071250532753765,20,single_test_k1,1
2,ratio_S,8.61827244758606,6.459912968277932,11.428198981285094,20,single_test_k1,1
2,div_gen,0.0630459062755108,0.05666645490098745,0.07035915852058679,20,single_test_k1,1
2,div_T,0.20217001289129258,0.19182078767567873,0.2120200598239899,20,single_test_k1,1
2,div_ratio,0.3181714311160264,0.2797823041758106,0.36813138304590837,20,single_test_k1,1
2,hit,0.80625,0.665625,0.921875,20,single_test_k1,1
3,mixture_error,,,,65,single_test_k1,1
3,kid_T,1.918970394437674,1.8099941851160244,2.0266923040469824,65,single_test_k1,1
3,coverage_T,0.11684520698049447,0.0979125719620064,0.1377109281798562,65,single_test_k1,1
3,kid_S,,,,65,single_test_k1,1
3,coverage_S,,,,65,single_test_k1,1
3,sim_S,0.8545394512323233,0.8482266192940565,0.8599164308951451,65,single_test_k1,1
3,sim_T,0.3251363928501423,0.30034802934298144,0.35134334278221313,65,single_test_k1,1
3,sim_T_to_S,0.13342761615147958,0.12405214295650903,0.14308444718042246,65,single_test_k1,1
3,ratio_S,7.110498387996967,6.555691107419821,7.769051695053394,65,single_test_k1,1
3,div_gen,0.05966029333380552,0.055892975116864994,0.06426850420351211,65,single_test_k1,1
3,div_T,0.2026252588400474,0.1970934608292121,0.20796906381272354,65,single_test_k1,1
3,div_ratio,0.29758284207520214,0.2766917723230606,0.32063820653974,65,single_test_k1,1
3,hit,0.7576923076923077,0.6595913461538462,0.8471153846153846,65,single_test_k1,1
4,mixture_error,,,,65,single_test_k1,1
4,kid_T,1.757645655520563,1.6377814041861922,1.8788521557267466,65,single_test_k1,1
4,coverage_T,0.13718906552518045,0.11656297330320008,0.15862060786863463,65,single_test_k1,1
4,kid_S,,,,65,single_test_k1,1
4,coverage_S,,,,65,single_test_k1,1
4,sim_S,0.8569529441686777,0.8505037476924749,0.862850127357703,65,single_test_k1,1
4,sim_T,0.32554557025432584,0.2995705462476382,0.3551429264877851,65,single_test_k1,1
4,sim_T_to_S,0.13456104609828728,0.1249290970626932,0.14435553779968846,65,single_test_k1,1
4,ratio_S,7.269039315443773,6.420283166445218,8.220593014497023,65,single_test_k1,1
4,div_gen,0.06290496272536425,0.05699753431316752,0.06919277043869862,65,single_test_k1,1
4,div_T,0.19918474555015564,0.1934158546420244,0.20487202331996882,65,single_test_k1,1
4,div_ratio,0.31709749971926,0.29062970221920736,0.34456001817996024,65,single_test_k1,1
4,hit,0.8307692307692308,0.7567307692307692,0.9019471153846154,65,single_test_k1,1
5,mixture_error,,,,25,single_test_k1,1
5,kid_T,1.925846343963852,1.715793093618111,2.1575187843942913,25,single_test_k1,1
5,coverage_T,0.09106571859513032,0.06469819911770376,0.12240978010637452,25,single_test_k1,1
5,kid_S,,,,25,single_test_k1,1
5,coverage_S,,,,25,single_test_k1,1
5,sim_S,0.8537014126777649,0.8426688407063484,0.8641813803911209,25,single_test_k1,1
5,sim_T,0.3256413131952286,0.288711454808712,0.36461300992965695,25,single_test_k1,1
5,sim_T_to_S,0.12928787289187313,0.10785728787444532,0.14960213100165126,25,single_test_k1,1
5,ratio_S,24.14327699661255,6.466882246971131,55.39288757371902,25,single_test_k1,1
5,div_gen,0.06331223964691163,0.05613516229018569,0.07129744363203645,25,single_test_k1,1
5,div_T,0.19079020380973816,0.17952852246165274,0.20261614327132701,25,single_test_k1,1
5,div_ratio,0.3379437611830655,0.29753392434287695,0.38243461859360933,25,single_test_k1,1
5,hit,0.845,0.7225,0.9500624999999999,25,single_test_k1,1
6,mixture_error,,,,10,single_test_k1,1
6,kid_T,1.6360099104092352,1.404865073194096,1.9381668619199053,10,single_test_k1,1
6,coverage_T,0.13908045977011493,0.07735632183908046,0.1976193633952254,10,single_test_k1,1
6,kid_S,,,,10,single_test_k1,1
6,coverage_S,,,,10,single_test_k1,1
6,sim_S,0.8540968954563141,0.8341033792495728,0.8718138095736504,10,single_test_k1,1
6,sim_T,0.2914056420326233,0.2384385483711958,0.3527791864052415,10,single_test_k1,1
6,sim_T_to_S,0.14403499215841292,0.12072165187448264,0.16711623560637234,10,single_test_k1,1
6,ratio_S,6.398058843612671,5.368090894222259,7.82928196310997,10,single_test_k1,1
6,div_gen,0.060583177767693994,0.04456030377186835,0.08197502895258367,10,single_test_k1,1
6,div_T,0.16706955730915068,0.1545632939040661,0.17964830115437505,10,single_test_k1,1
6,div_ratio,0.3619869710546606,0.2740740920253513,0.47176743423957584,10,single_test_k1,1
6,hit,0.875,0.675,1.0,10,single_test_k1,1
7,mixture_error,,,,20,single_test_k1,1
7,kid_T,1.9234441073312305,1.7037885357993265,2.175759523849946,20,single_test_k1,1
7,coverage_T,0.11659177085468334,0.07348455754252922,0.16623356476737033,20,single_test_k1,1
7,kid_S,,,,20,single_test_k1,1
7,coverage_S,,,,20,single_test_k1,1
7,sim_S,0.8573682844638825,0.8484865682572126,0.8664882963895797,20,single_test_k1,1
7,sim_T,0.312517573684454,0.27782009342685343,0.3524317952618003,20,single_test_k1,1
7,sim_T_to_S,0.10911010671406984,0.0894020190089941,0.12673340066336095,20,single_test_k1,1
7,ratio_S,11.871640491485596,7.4605960196256635,17.349523684978486,20,single_test_k1,1
7,div_gen,0.07956805154681205,0.06602371722459793,0.09555498546920717,20,single_test_k1,1
7,div_T,0.21796878874301912,0.2052895546518266,0.23154962807893753,20,single_test_k1,1
7,div_ratio,0.36479390592192884,0.30699628223632175,0.4273286456077011,20,single_test_k1,1
7,hit,0.85625,0.734296875,0.95625,20,single_test_k1,1
8,mixture_error,,,,15,single_test_k1,1
8,kid_T,1.8221485230965793,1.5693850088230523,2.059847804359775,15,single_test_k1,1
8,coverage_T,0.12862544904518816,0.07755839950841369,0.18191943183966727,15,single_test_k1,1
8,kid_S,,,,15,single_test_k1,1
8,coverage_S,,,,15,single_test_k1,1
8,sim_S,0.8514309247334798,0.8343799057602883,0.8662831854820252,15,single_test_k1,1
8,sim_T,0.31056204934914905,0.28671575725078585,0.335448366155227,15,single_test_k1,1
8,sim_T_to_S,0.1365432803829511,0.1172822706028819,0.15442170098423957,15,single_test_k1,1
8,ratio_S,7.006797409057617,5.811497970422109,8.61106789112091,15,single_test_k1,1
8,div_gen,0.05977126881480217,0.051664375377198056,0.06821948337679108,15,single_test_k1,1
8,div_T,0.19931514263153077,0.18951091902951397,0.20971084222197534,15,single_test_k1,1
8,div_ratio,0.3002555630130475,0.26070053326787795,0.3360054828762205,15,single_test_k1,1
8,hit,0.9458333333333333,0.8540625,1.0,15,single_test_k1,1
9,mixture_error,,,,110,single_test_k1,1
9,kid_T,1.9375568345374103,1.831330700729667,2.0692587659417105,110,single_test_k1,1
9,coverage_T,0.12683976922682083,0.10532180532695444,0.1491340408304755,110,single_test_k1,1
9,kid_S,,,,110,single_test_k1,1
9,coverage_S,,,,110,single_test_k1,1
9,sim_S,0.8516738566485318,0.846521883403713,0.8564388196034866,110,single_test_k1,1
9,sim_T,0.31958780505440454,0.3029902564531023,0.3375562996925278,110,single_test_k1,1
9,sim_T_to_S,0.13936796472831206,0.12999766100875354,0.14796492135490882,110,single_test_k1,1
9,ratio_S,7.521458619291132,6.667542013525963,8.551622421578926,110,single_test_k1,1
9,div_gen,0.06758748993954876,0.06277611090124331,0.0731166129296815,110,single_test_k1,1
9,div_T,0.21254055012356152,0.2079567470333793,0.21693892461332406,110,single_test_k1,1
9,div_ratio,0.3222096422650255,0.29747314400981545,0.3508987823587495,110,single_test_k1,1
9,hit,0.7977272727272727,0.7306818181818182,0.8551136363636364,110,single_test_k1,1
10,mixture_error,,,,30,single_test_k1,1
10,kid_T,1.9463146179588675,1.7792466350500515,2.1374077904819124,30,single_test_k1,1
10,coverage_T,0.10824254547658803,0.08125403113435027,0.14039816172794892,30,single_test_k1,1
10,kid_S,,,,30,single_test_k1,1
10,coverage_S,,,,30,single_test_k1,1
10,sim_S,0.8495416899522146,0.8399646791815758,0.8584060444434484,30,single_test_k1,1
10,sim_T,0.2757204110423724,0.2538067272429665,0.29667305029928687,30,single_test_k1,1
10,sim_T_to_S,0.12015741256376107,0.1114826985883216,0.12846060101563733,30,single_test_k1,1
10,ratio_S,7.490486192703247,6.820435134172439,8.278692219654719,30,single_test_k1,1
10,div_gen,0.07555329849322637,0.0654112267959863,0.08849348538865645,30,single_test_k1,1
10,div_T,0.22358322391907373,0.2163348576053977,0.23112163388480741,30,single_test_k1,1
10,div_ratio,0.338904278807717,0.29424695230386816,0.3934612800292534,30,single_test_k1,1
10,hit,0.9,0.8020312500000001,0.98125,30,single_test_k1,1
11,mixture_error,,,,5,single_test_k1,1
11,kid_T,2.1521945226458685,1.8520442507636723,2.467054622156633,5,single_test_k1,1
11,coverage_T,0.08181818181818182,0.05,0.10454545454545454,5,single_test_k1,1
11,kid_S,,,,5,single_test_k1,1
11,coverage_S,,,,5,single_test_k1,1
11,sim_S,0.8591015219688416,0.8389707565307617,0.8764262399077416,5,single_test_k1,1
11,sim_T,0.285026890039444,0.2288626492023468,0.340845000743866,5,single_test_k1,1
11,sim_T_to_S,0.1347181975841522,0.12036250270903111,0.1512570008635521,5,single_test_k1,1
11,ratio_S,6.473540019989014,5.768480169773102,7.225790119171142,5,single_test_k1,1
11,div_gen,0.0829590953886509,0.0693424329161644,0.09714095816016197,5,single_test_k1,1
11,div_T,0.2519114911556244,0.2512050271034241,0.25236988067626953,5,single_test_k1,1
11,div_ratio,0.3294825147197226,0.2748031345463276,0.38693704508725896,5,single_test_k1,1
11,hit,0.825,0.5121875,1.0,5,single_test_k1,1
12,mixture_error,,,,65,single_test_k1,1
12,kid_T,1.919672760970174,1.7852221547896936,2.0678535135089215,65,single_test_k1,1
12,coverage_T,0.11285176474966914,0.08907744852006053,0.1401957756332744,65,single_test_k1,1
12,kid_S,,,,65,single_test_k1,1
12,coverage_S,,,,65,single_test_k1,1
12,sim_S,0.8541199555763832,0.8473394281130571,0.860870954967462,65,single_test_k1,1
12,sim_T,0.34327071400789116,0.3199632562696934,0.36842121713436565,65,single_test_k1,1
12,sim_T_to_S,0.13679541065715828,0.12777591979990785,0.14531087403973708,65,single_test_k1,1
12,ratio_S,7.204503367497371,6.315137021174798,8.466786124156071,65,single_test_k1,1
12,div_gen,0.06317412325969109,0.057361946744987596,0.06962112660161578,65,single_test_k1,1
12,div_T,0.20974688277794765,0.2043307301402092,0.21491657305795414,65,single_test_k1,1
12,div_ratio,0.3031353145156789,0.2760638358967838,0.3314299214683073,65,single_test_k1,1
12,hit,0.8557692307692307,0.7855528846153846,0.9230769230769231,65,single_test_k1,1
13,mixture_error,,,,5,single_test_k1,1
13,kid_T,1.8966428340805142,1.6257350579032004,2.1939278652544814,5,single_test_k1,1
13,coverage_T,0.1733333333333333,0.08444444444444443,0.2622222222222222,5,single_test_k1,1
13,kid_S,,,,5,single_test_k1,1
13,coverage_S,,,,5,single_test_k1,1
13,sim_S,0.8628792881965637,0.8534725308418274,0.8722860455513001,5,single_test_k1,1
13,sim_T,0.3448787331581116,0.23196378350257874,0.4531951367855072,5,single_test_k1,1
13,sim_T_to_S,0.12974123060703277,0.09812440276145935,0.15828870236873627,5,single_test_k1,1
13,ratio_S,7.2652379989624025,5.4653504371643065,9.476399135589599,5,single_test_k1,1
13,div_gen,0.0560677133500576,0.045509332418441774,0.07087879329919815,5,single_test_k1,1
13,div_T,0.2401108741760254,0.239124149531126,0.241027370095253,5,single_test_k1,1
13,div_ratio,0.2337290905879413,0.18928666682199605,0.29667856109215,5,single_test_k1,1
13,hit,0.9125,0.7375,1.0,5,single_test_k1,1
14,mixture_error,,,,10,single_test_k1,1
14,kid_T,1.833417237305687,1.4920980074670875,2.1692114832076124,10,single_test_k1,1
14,coverage_T,0.146875,0.06923076923076923,0.2557992788461538,10,single_test_k1,1
14,kid_S,,,,10,single_test_k1,1
14,coverage_S,,,,10,single_test_k1,1
14,sim_S,0.8617108106613159,0.8450479519367218,0.8786476731300353,10,single_test_k1,1
14,sim_T,0.3384160056710243,0.27844344757497314,0.39002695970237256,10,single_test_k1,1
14,sim_T_to_S,0.1700527213513851,0.13916202476248146,0.19659140944480896,10,single_test_k1,1
14,ratio_S,5.850991821289062,4.458584986925125,8.097682808637618,10,single_test_k1,1
14,div_gen,0.06031218655407429,0.04835564129985869,0.07677354408428073,10,single_test_k1,1
14,div_T,0.17239438444375993,0.16384736109524964,0.18055674791336057,10,single_test_k1,1
14,div_ratio,0.35787131557189683,0.27346438928225475,0.4696489114538331,10,single_test_k1,1
14,hit,0.99375,0.98125,1.0,10,single_test_k1,1
15,mixture_error,,,,20,single_test_k1,1
15,kid_T,2.04943584767755,1.7377026335797703,2.4020626055621985,20,single_test_k1,1
15,coverage_T,0.05822731490253955,0.03213285864120268,0.08829298205581902,20,single_test_k1,1
15,kid_S,,,,20,single_test_k1,1
15,coverage_S,,,,20,single_test_k1,1
15,sim_S,0.8658357381820678,0.8562021172046661,0.876136267632246,20,single_test_k1,1
15,sim_T,0.30823625847697256,0.279443994667381,0.33594024727120997,20,single_test_k1,1
15,sim_T_to_S,0.13061979915946723,0.11206338381394744,0.14979520591907203,20,single_test_k1,1
15,ratio_S,9.592174100875855,6.184400564432145,15.328868461847305,20,single_test_k1,1
15,div_gen,0.056093096639961,0.04823836812283844,0.0648549439641647,20,single_test_k1,1
15,div_T,0.1594914361834526,0.1499637114815414,0.1704674650914967,20,single_test_k1,1
15,div_ratio,0.36085746797192175,0.3014040513379143,0.42669832289569504,20,single_test_k1,1
15,hit,0.796875,0.646875,0.925,20,single_test_k1,1
16,mixture_error,,,,5,single_test_k1,1
16,kid_T,1.6569020156830963,1.4969154234840256,1.8538090626096957,5,single_test_k1,1
16,coverage_T,0.12380952380952381,0.06666666666666667,0.20476190476190476,5,single_test_k1,1
16,kid_S,,,,5,single_test_k1,1
16,coverage_S,,,,5,single_test_k1,1
16,sim_S,0.868559718132019,0.8578301668167114,0.8844143745303154,5,single_test_k1,1
16,sim_T,0.3364411771297455,0.2970799386501312,0.37028607100248334,5,single_test_k1,1
16,sim_T_to_S,0.15054088979959487,0.12919923961162566,0.16883169412612914,5,single_test_k1,1
16,ratio_S,5.936846923828125,5.096223640441894,6.971052074432373,5,single_test_k1,1
16,div_gen,0.055740739405155185,0.043431884795427325,0.06505122035741806,5,single_test_k1,1
16,div_T,0.22130340337753296,0.22058695554733276,0.22201985120773315,5,single_test_k1,1
16,div_ratio,0.2519511249891274,0.1957410361930556,0.29391357062412266,5,single_test_k1,1
16,hit,1.0,1.0,1.0,5,single_test_k1,1
17,mixture_error,,,,55,single_test_k1,1
17,kid_T,1.7611095832632413,1.609776263692608,1.9192352446259875,55,single_test_k1,1
17,coverage_T,0.1418433872801428,0.10980259588838716,0.17670326071969716,55,single_test_k1,1
17,kid_S,,,,55,single_test_k1,1
17,coverage_S,,,,55,single_test_k1,1
17,sim_S,0.8469650918787176,0.8406637328592214,0.8531076185540719,55,single_test_k1,1
17,sim_T,0.3329997848380696,0.31500043246556414,0.35275299882346933,55,single_test_k1,1
17,sim_T_to_S,0.14076235070824622,0.12898804700002076,0.15273305858739397,55,single_test_k1,1
17,ratio_S,6.908837197043679,6.159101888483221,7.806290989138863,55,single_test_k1,1
17,div_gen,0.06945839219472626,0.063674231457778,0.07586615223437547,55,single_test_k1,1
17,div_T,0.21668405587022954,0.21156213643875987,0.22192985926839437,55,single_test_k1,1
17,div_ratio,0.3242059745506514,0.2953734907145316,0.3536025739217627,55,single_test_k1,1
17,hit,0.9443181818181818,0.8965909090909091,0.9795454545454545,55,single_test_k1,1
18,mixture_error,,,,25,single_test_k1,1
18,kid_T,2.0260497089706937,1.8115993646952193,2.2625245589353264,25,single_test_k1,1
18,coverage_T,0.13355625431370777,0.09635483590867347,0.17255974010147487,25,single_test_k1,1
18,kid_S,,,,25,single_test_k1,1
18,coverage_S,,,,25,single_test_k1,1
18,sim_S,0.8541111016273498,0.841840055346489,0.8669581481814385,25,single_test_k1,1
18,sim_T,0.34422801434993744,0.30540248301625256,0.38287103483080864,25,single_test_k1,1
18,sim_T_to_S,0.13636418104171752,0.12198966995626688,0.15185855381190774,25,single_test_k1,1
18,ratio_S,6.871962928771973,6.0075164570808415,7.77569351530075,25,single_test_k1,1
18,div_gen,0.07285272777080536,0.06274148811399936,0.08602853762730955,25,single_test_k1,1
18,div_T,0.22075648188591004,0.2176440650820732,0.2237350275963545,25,single_test_k1,1
18,div_ratio,0.33001873697063566,0.2841992119986173,0.3908663929691353,25,single_test_k1,1
18,hit,0.8925,0.7725,0.98,25,single_test_k1,1
19,mixture_error,,,,5,single_test_k1,1
19,kid_T,1.680976707346474,1.40229620181709,2.0104986948219494,5,single_test_k1,1
19,coverage_T,0.186046511627907,0.11162790697674421,0.2697674418604651,5,single_test_k1,1
19,kid_S,,,,5,single_test_k1,1
19,coverage_S,,,,5,single_test_k1,1
19,sim_S,0.870913279056549,0.8466603755950928,0.8951661825180054,5,single_test_k1,1
19,sim_T,0.3543324828147888,0.30753986835479735,0.4021527409553528,5,single_test_k1,1
19,sim_T_to_S,0.18219172656536103,0.1736632317304611,0.18967614471912383,5,single_test_k1,1
19,ratio_S,4.787878894805909,4.622814559936524,4.9732097625732425,5,single_test_k1,1
19,div_gen,0.057508192211389544,0.04803470298647881,0.0673150934278965,5,single_test_k1,1
19,div_T,0.23582920730113982,0.23512858152389526,0.2365298330783844,5,single_test_k1,1
19,div_ratio,0.24398765241137088,0.20319150063710137,0.2861410544036212,5,single_test_k1,1
19,hit,1.0,1.0,1.0,5,single_test_k1,1
20,mixture_error,,,,10,single_test_k1,1
20,kid_T,2.0297876761186204,1.7791931457408134,2.29692745207569,10,single_test_k1,1
20,coverage_T,0.10237483953786905,0.06571566110397946,0.14077021822849808,10,single_test_k1,1
20,kid_S,,,,10,single_test_k1,1
20,coverage_S,,,,10,single_test_k1,1
20,sim_S,0.8553557753562927,0.8383732454478741,0.869877104461193,10,single_test_k1,1
20,sim_T,0.28684120774269106,0.24426065154373644,0.3240674445778131,10,single_test_k1,1
20,sim_T_to_S,0.14194482043385506,0.11570761734619736,0.16641719721257686,10,single_test_k1,1
20,ratio_S,6.839358615875244,5.306243641376495,8.688964129686356,10,single_test_k1,1
20,div_gen,0.0547147523611784,0.04813728936947882,0.062230593962594866,10,single_test_k1,1
20,div_T,0.22277718484401704,0.22197853125631808,0.22358107253909112,10,single_test_k1,1
20,div_ratio,0.24566149090802147,0.21630690686554302,0.279964975559854,10,single_test_k1,1
20,hit,0.575,0.3125,0.8125,10,single_test_k1,1
21,mixture_error,,,,15,single_test_k1,1
21,kid_T,2.100496117539871,1.7204359915967868,2.561280952253882,15,single_test_k1,1
21,coverage_T,0.09094935757323433,0.05353742381662792,0.13274893314367003,15,single_test_k1,1
21,kid_S,,,,15,single_test_k1,1
21,coverage_S,,,,15,single_test_k1,1
21,sim_S,0.8521854678789774,0.8397379205624262,0.863720028102398,15,single_test_k1,1
21,sim_T,0.3744794468084971,0.3118881234526634,0.44365452816088996,15,single_test_k1,1
21,sim_T_to_S,0.15051669329404832,0.13764400575309993,0.1630783075839281,15,single_test_k1,1
21,ratio_S,5.845414352416992,5.356102420488994,6.379625451564789,15,single_test_k1,1
21,div_gen,0.07053545291225115,0.061180410590022806,0.0810781494838496,15,single_test_k1,1
21,div_T,0.21759504973888397,0.2166552019864321,0.21877404297391573,15,single_test_k1,1
21,div_ratio,0.3240515408828336,0.2809123729713606,0.3728356655543641,15,single_test_k1,1
21,hit,0.8375,0.6375,0.9833333333333333,15,single_test_k1,1
22,mixture_error,,,,55,single_test_k1,1
22,kid_T,2.117256941583751,1.9471794430693856,2.2877925371088597,55,single_test_k1,1
22,coverage_T,0.11188958610736813,0.08911313160860553,0.13494768806928872,55,single_test_k1,1
22,kid_S,,,,55,single_test_k1,1
22,coverage_S,,,,55,single_test_k1,1
22,sim_S,0.8502934206615794,0.8412161415544424,0.8595207524299622,55,single_test_k1,1
22,sim_T,0.3061308194290508,0.2868537333539941,0.32632733055813745,55,single_test_k1,1
22,sim_T_to_S,0.13056635158983143,0.11703537175093184,0.14354452063583514,55,single_test_k1,1
22,ratio_S,8.086034046519886,6.910253440466795,9.54099007801576,55,single_test_k1,1
22,div_gen,0.07788721356879581,0.06907346562567082,0.08759034275839274,55,single_test_k1,1
22,div_T,0.2270604748617519,0.22147174699062652,0.23267902427776294,55,single_test_k1,1
22,div_ratio,0.34533211766855737,0.30660249457382677,0.389121244532009,55,single_test_k1,1
22,hit,0.8352272727272727,0.7397727272727272,0.9159090909090909,55,single_test_k1,1
23,mixture_error,,,,10,single_test_k1,1
23,kid_T,1.7859084524693742,1.411087668310857,2.247102277548234,10,single_test_k1,1
23,coverage_T,0.17761485826001952,0.10984115347018572,0.2417424242424242,10,single_test_k1,1
23,kid_S,,,,10,single_test_k1,1
23,coverage_S,,,,10,single_test_k1,1
23,sim_S,0.8620395183563232,0.8487761196494102,0.8766212165355682,10,single_test_k1,1
23,sim_T,0.3626664087176323,0.3090613033249974,0.41634676422923805,10,single_test_k1,1
23,sim_T_to_S,0.15879600904881955,0.1298944180086255,0.18608527313917875,10,single_test_k1,1
23,ratio_S,6.135949516296387,4.804437768459319,8.095477297306061,10,single_test_k1,1
23,div_gen,0.06667406186461448,0.05712555729784072,0.07575010215863585,10,single_test_k1,1
23,div_T,0.1865311324596405,0.1797409762442112,0.19329348813742397,10,single_test_k1,1
23,div_ratio,0.35563065838649677,0.309159131292235,0.39604621566620113,10,single_test_k1,1
23,hit,0.88125,0.68125,1.0,10,single_test_k1,1
24,mixture_error,,,,5,single_test_k1,1
24,kid_T,1.5700876783684297,1.318706997910942,1.8739505521288478,5,single_test_k1,1
24,coverage_T,0.22564102564102564,0.13333333333333333,0.3333333333333333,5,single_test_k1,1
24,kid_S,,,,5,single_test_k1,1
24,coverage_S,,,,5,single_test_k1,1
24,sim_S,0.8537311553955078,0.8290651321411133,0.8826300978660584,5,single_test_k1,1
24,sim_T,0.38889253735542295,0.32157443165779115,0.4694208562374115,5,single_test_k1,1
24,sim_T_to_S,0.1743580624461174,0.1313994660973549,0.21596938669681548,5,single_test_k1,1
24,ratio_S,5.401821613311768,4.068745899200439,7.211654376983643,5,single_test_k1,1
24,div_gen,0.06496600210666656,0.052714310586452484,0.07719584554433823,5,single_test_k1,1
24,div_T,0.20225865840911866,0.20185049176216124,0.20271051824092864,5,single_test_k1,1
24,div_ratio,0.3211093022775258,0.26102774862439737,0.38119085593065427,5,single_test_k1,1
24,hit,1.0,1.0,1.0,5,single_test_k1,1
25,mixture_error,,,,5,single_test_k1,1
25,kid_T,2.224555654242329,2.066197138950629,2.480831792164019,5,single_test_k1,1
25,coverage_T,0.05333333333333333,0.026666666666666665,0.08444444444444445,5,single_test_k1,1
25,kid_S,,,,5,single_test_k1,1
25,coverage_S,,,,5,single_test_k1,1
25,sim_S,0.8646703600883484,0.8534488320350647,0.8754356861114502,5,single_test_k1,1
25,sim_T,0.38286590576171875,0.27826411128044126,0.5437933266162872,5,single_test_k1,1
25,sim_T_to_S,0.09093513935804368,0.07726781517267227,0.10389532148838043,5,single_test_k1,1
25,ratio_S,9.788163089752198,8.457591400146486,11.450634956359863,5,single_test_k1,1
25,div_gen,0.0655978076159954,0.053324567787349224,0.081448894739151,5,single_test_k1,1
25,div_T,0.21702683269977568,0.2158813714981079,0.21799253523349763,5,single_test_k1,1
25,div_ratio,0.30265200097104494,0.24428918101024363,0.37726897040679364,5,single_test_k1,1
25,hit,0.75,0.475,0.9875,5,single_test_k1,1
26,mixture_error,,,,25,single_test_k1,1
26,kid_T,2.102403021180952,1.832148103627955,2.3536740222128483,25,single_test_k1,1
26,coverage_T,0.09653846626053093,0.06422248454891677,0.13195691314735558,25,single_test_k1,1
26,kid_S,,,,25,single_test_k1,1
26,coverage_S,,,,25,single_test_k1,1
26,sim_S,0.8449353384971618,0.8340896657705307,0.8543792085647584,25,single_test_k1,1
26,sim_T,0.29919904232025146,0.27391298532485964,0.3237068473249674,25,single_test_k1,1
26,sim_T_to_S,0.1299795153737068,0.11508620815724135,0.14587664452195168,25,single_test_k1,1
26,ratio_S,7.266810789108276,6.256174076557159,8.435518745660781,25,single_test_k1,1
26,div_gen,0.0722545000910759,0.06166640763357282,0.0843640645891428,25,single_test_k1,1
26,div_T,0.21544365763664244,0.2077171963751316,0.22247506895661354,25,single_test_k1,1
26,div_ratio,0.33940895602234716,0.28882498182389915,0.39838971724573496,25,single_test_k1,1
26,hit,0.945,0.859875,1.0,25,single_test_k1,1
27,mixture_error,,,,20,single_test_k1,1
27,kid_T,1.8160210343420853,1.5646465932348632,2.09844366183381,20,single_test_k1,1
27,coverage_T,0.12860074262263047,0.07934354439450199,0.18218282196599572,20,single_test_k1,1
27,kid_S,,,,20,single_test_k1,1
27,coverage_S,,,,20,single_test_k1,1
27,sim_S,0.8500984936952591,0.8378541368246079,0.8612336498498916,20,single_test_k1,1
27,sim_T,0.3129960149526596,0.2722835391014814,0.35974531017243866,20,single_test_k1,1
27,sim_T_to_S,0.13081037644296883,0.11158635850530117,0.14952737839892505,20,single_test_k1,1
27,ratio_S,7.562611198425293,6.258721544146538,9.229624509215354,20,single_test_k1,1
27,div_gen,0.06839866638183593,0.05351420169696212,0.08347475876566023,20,single_test_k1,1
27,div_T,0.19072549641132355,0.1811069994047284,0.20024681203067304,20,single_test_k1,1
27,div_ratio,0.34991185373531225,0.28549643787886825,0.4172248783990872,20,single_test_k1,1
27,hit,0.875,0.73125,0.990625,20,single_test_k1,1
28,mixture_error,,,,10,single_test_k1,1
28,kid_T,2.067968290330157,1.6961707400124124,2.42986588820305,10,single_test_k1,1
28,coverage_T,0.13414634146341464,0.051219512195121955,0.22195121951219515,10,single_test_k1,1
28,kid_S,,,,10,single_test_k1,1
28,coverage_S,,,,10,single_test_k1,1
28,sim_S,0.8456557214260101,0.8286394627392293,0.8597199523448944,10,single_test_k1,1
28,sim_T,0.2983368545770645,0.23416832707822322,0.364675517976284,10,single_test_k1,1
28,sim_T_to_S,0.11848457530140877,0.08801882646977902,0.1480859328433871,10,single_test_k1,1
28,ratio_S,9.313299417495728,6.005779829025269,13.366571071147916,10,single_test_k1,1
28,div_gen,0.06309560351073742,0.054151830216869715,0.07222918922081589,10,single_test_k1,1
28,div_T,0.20699736028909682,0.19644909027963875,0.21761305928230287,10,single_test_k1,1
28,div_ratio,0.30428941335359827,0.2658897986457154,0.34267294740331755,10,single_test_k1,1
28,hit,0.9375,0.85,0.99375,10,single_test_k1,1
29,mixture_error,,,,5,single_test_k1,1
29,kid_T,1.781617716328355,1.6049160095385964,1.9203935572956072,5,single_test_k1,1
29,coverage_T,0.1526315789473684,0.10526315789473684,0.21052631578947367,5,single_test_k1,1
29,kid_S,,,,5,single_test_k1,1
29,coverage_S,,,,5,single_test_k1,1
29,sim_S,0.8614835500717163,0.8373101472854614,0.879897665977478,5,single_test_k1,1
29,sim_T,0.2949757158756256,0.22907420992851257,0.3637212276458739,5,single_test_k1,1
29,sim_T_to_S,0.12667983174324035,0.11607098877429962,0.13459774553775788,5,single_test_k1,1
29,ratio_S,6.846845054626465,6.385320341587066,7.401605224609375,5,single_test_k1,1
29,div_gen,0.05287037119269371,0.04663703218102455,0.05909138040617109,5,single_test_k1,1
29,div_T,0.2287053197622299,0.22825682163238525,0.22898539006710053,5,single_test_k1,1
29,div_ratio,0.23117901168372113,0.20390471445003233,0.2581855085869502,5,single_test_k1,1
29,hit,0.5125,0.2375,0.7503124999999997,5,single_test_k1,1
30,mixture_error,,,,5,single_test_k1,1
30,kid_T,1.752247990035069,1.388370420825178,2.0880215077095747,5,single_test_k1,1
30,coverage_T,0.09142857142857141,0.04,0.17714285714285713,5,single_test_k1,1
30,kid_S,,,,5,single_test_k1,1
30,coverage_S,,,,5,single_test_k1,1
30,sim_S,0.864776885509491,0.8575890541076661,0.8711359143257141,5,single_test_k1,1
30,sim_T,0.3857782006263733,0.324646657705307,0.44628616571426394,5,single_test_k1,1
30,sim_T_to_S,0.18228119909763335,0.15701760016381738,0.20928518772125243,5,single_test_k1,1
30,ratio_S,4.877460575103759,4.157447052001953,5.587794756889343,5,single_test_k1,1
30,div_gen,0.05749710500240326,0.052529667317867276,0.06523254215717315,5,single_test_k1,1
30,div_T,0.16877408623695372,0.16789821088314055,0.16992986798286439,5,single_test_k1,1
30,div_ratio,0.3406883219597484,0.312041944801337,0.3871699903695639,5,single_test_k1,1
30,hit,0.9875,0.9625,1.0,5,single_test_k1,1
31,mixture_error,,,,5,single_test_k1,1
31,kid_T,1.942742148437479,1.3295767828894676,2.848026767547528,5,single_test_k1,1
31,coverage_T,0.24285714285714283,0.12857142857142856,0.3571428571428571,5,single_test_k1,1
31,kid_S,,,,5,single_test_k1,1
31,coverage_S,,,,5,single_test_k1,1
31,sim_S,0.8560196876525878,0.8197542071342468,0.8926519149541855,5,single_test_k1,1
31,sim_T,0.3313280284404755,0.2616313695907593,0.4290355145931244,5,single_test_k1,1
31,sim_T_to_S,0.13759591355919837,0.09297528438270093,0.17744228541851043,5,single_test_k1,1
31,ratio_S,7.524705219268799,4.906103134155273,11.388209533691406,5,single_test_k1,1
31,div_gen,0.07436119839549064,0.06179457753896713,0.08692781925201416,5,single_test_k1,1
31,div_T,0.23625852465629577,0.23354542642831802,0.2390304535627365,5,single_test_k1,1
31,div_ratio,0.3149724296480835,0.2613691692648505,0.3685756900313165,5,single_test_k1,1
31,hit,1.0,1.0,1.0,5,single_test_k1,1
32,mixture_error,,,,5,single_test_k1,1
32,kid_T,1.8457458288239412,1.3106604888641726,2.3240729926901444,5,single_test_k1,1
32,coverage_T,0.18285714285714283,0.09142857142857144,0.3085714285714286,5,single_test_k1,1
32,kid_S,,,,5,single_test_k1,1
32,coverage_S,,,,5,single_test_k1,1
32,sim_S,0.8459401726722717,0.8234160542488098,0.8696710348129273,5,single_test_k1,1
32,sim_T,0.33194625973701475,0.2369834840297699,0.4325768887996674,5,single_test_k1,1
32,sim_T_to_S,0.15305230319499968,0.10958386063575745,0.19809876870363943,5,single_test_k1,1
32,ratio_S,6.141219615936279,4.615718173980713,7.556170272827148,5,single_test_k1,1
32,div_gen,0.07215297892689705,0.05959104150533676,0.08720175130292773,5,single_test_k1,1
32,div_T,0.20476897954940795,0.2031281590461731,0.20639670975506305,5,single_test_k1,1
32,div_ratio,0.35300008007860884,0.2896093804662409,0.4302549249460424,5,single_test_k1,1
32,hit,0.9875,0.9625,1.0,5,single_test_k1,1
33,mixture_error,,,,5,single_test_k1,1
33,kid_T,1.9349422051185141,1.62681987422155,2.3608167213317794,5,single_test_k1,1
33,coverage_T,0.06511627906976744,0.027906976744186046,0.09767441860465116,5,single_test_k1,1
33,kid_S,,,,5,single_test_k1,1
33,coverage_S,,,,5,single_test_k1,1
33,sim_S,0.8522657990455628,0.8361850500106811,0.8716066002845764,5,single_test_k1,1
33,sim_T,0.3180119037628174,0.2952020764350891,0.3468291997909546,5,single_test_k1,1
33,sim_T_to_S,0.1681147813796997,0.14713783860206603,0.18078433573246003,5,single_test_k1,1
33,ratio_S,5.163180732727051,4.740721225738525,5.9306951522827145,5,single_test_k1,1
33,div_gen,0.052182795107364656,0.04021894559264183,0.07138633728027344,5,single_test_k1,1
33,div_T,0.17760969400405885,0.17638349533081055,0.17858186960220337,5,single_test_k1,1
33,div_ratio,0.29449348342644155,0.22592326034426727,0.4053893662870235,5,single_test_k1,1
33,hit,0.9875,0.9625,1.0,5,single_test_k1,1
34,mixture_error,,,,30,single_test_k1,1
34,kid_T,2.0160307659070424,1.7731893863093695,2.2730538105981917,30,single_test_k1,1
34,coverage_T,0.13286535801874744,0.08891861088496418,0.19127794247233876,30,single_test_k1,1
34,kid_S,,,,30,single_test_k1,1
34,coverage_S,,,,30,single_test_k1,1
34,sim_S,0.8493002951145172,0.8357509794334571,0.8622279447317124,30,single_test_k1,1
34,sim_T,0.32700023949146273,0.28689865782856944,0.36673740508655706,30,single_test_k1,1
34,sim_T_to_S,0.13689766600728034,0.11926011074334382,0.1523363007356723,30,single_test_k1,1
34,ratio_S,8.030200306574503,6.216895935932795,10.593479035695392,30,single_test_k1,1
34,div_gen,0.06703964819510778,0.05910934425890446,0.0769835008494556,30,single_test_k1,1
34,div_T,0.20815774748722712,0.19812871769070625,0.21843970247854788,30,single_test_k1,1
34,div_ratio,0.32637131856456264,0.28448543425706635,0.3793242931537181,30,single_test_k1,1
34,hit,0.8520833333333333,0.7498958333333333,0.9291666666666667,30,single_test_k1,1
35,mixture_error,,,,5,single_test_k1,1
35,kid_T,1.7459467208340023,1.4924726260136378,1.9524142998029788,5,single_test_k1,1
35,coverage_T,0.21304347826086958,0.13478260869565217,0.3565217391304348,5,single_test_k1,1
35,kid_S,,,,5,single_test_k1,1
35,coverage_S,,,,5,single_test_k1,1
35,sim_S,0.852155613899231,0.8420943260192871,0.8608917015790939,5,single_test_k1,1
35,sim_T,0.3167786478996277,0.2532113513350487,0.3753822445869446,5,single_test_k1,1
35,sim_T_to_S,0.1171474277973175,0.08823775947093963,0.14500868916511536,5,single_test_k1,1
35,ratio_S,7.964061737060547,5.912352466583252,10.36588138103485,5,single_test_k1,1
35,div_gen,0.05730588585138321,0.04979883134365082,0.0648129403591156,5,single_test_k1,1
35,div_T,0.24415354132652284,0.24382721215486525,0.24449031949043273,5,single_test_k1,1
35,div_ratio,0.2347694062039382,0.20373236473813483,0.2658064476697416,5,single_test_k1,1
35,hit,0.9625,0.9125,1.0,5,single_test_k1,1
36,mixture_error,,,,20,single_test_k1,1
36,kid_T,2.3200912477211633,2.046063890679696,2.638750504038604,20,single_test_k1,1
36,coverage_T,0.09119464331035516,0.05337070436857731,0.13377997637455946,20,single_test_k1,1
36,kid_S,,,,20,single_test_k1,1
36,coverage_S,,,,20,single_test_k1,1
36,sim_S,0.8537420094013214,0.8419282069057226,0.8646494583785533,20,single_test_k1,1
36,sim_T,0.2710076101124287,0.24969699775800108,0.29362124754115937,20,single_test_k1,1
36,sim_T_to_S,0.0954792320728302,0.0819134356919676,0.10732495929580181,20,single_test_k1,1
36,ratio_S,10.362314653396606,8.517781865000725,13.191320152282715,20,single_test_k1,1
36,div_gen,0.0633537920191884,0.053634651470929384,0.07324109212961047,20,single_test_k1,1
36,div_T,0.228110271692276,0.2118837471306324,0.2448690365254879,20,single_test_k1,1
36,div_ratio,0.2802365424298413,0.24120864965363464,0.321699316730058,20,single_test_k1,1
36,hit,0.8875,0.759375,0.9844531249999999,20,single_test_k1,1
37,mixture_error,,,,5,single_test_k1,1
37,kid_T,1.8537992010022826,1.6210217484617897,2.092963458733954,5,single_test_k1,1
37,coverage_T,0.08372093023255814,0.07441860465116279,0.09302325581395349,5,single_test_k1,1
37,kid_S,,,,5,single_test_k1,1
37,coverage_S,,,,5,single_test_k1,1
37,sim_S,0.8412268161773682,0.8261296033859253,0.8595943450927734,5,single_test_k1,1
37,sim_T,0.2967915654182434,0.272716660797596,0.3212195158004761,5,single_test_k1,1
37,sim_T_to_S,0.13614966720342636,0.100510473549366,0.16575769186019898,5,single_test_k1,1
37,ratio_S,6.817934799194336,5.033698272705078,9.177104568481445,5,single_test_k1,1
37,div_gen,0.05670919306576252,0.04095497541129589,0.07039845436811447,5,single_test_k1,1
37,div_T,0.22835970520973206,0.22790580689907075,0.2288973569869995,5,single_test_k1,1
37,div_ratio,0.24837923566311085,0.17914092122642575,0.3087346262358641,5,single_test_k1,1
37,hit,0.8,0.45,1.0,5,single_test_k1,1
38,mixture_error,,,,5,single_test_k1,1
38,kid_T,2.2771398621855368,1.974014896890801,2.5124127929235676,5,single_test_k1,1
38,coverage_T,0.052380952380952375,0.02857142857142857,0.08571428571428572,5,single_test_k1,1
38,kid_S,,,,5,single_test_k1,1
38,coverage_S,,,,5,single_test_k1,1
38,sim_S,0.8730794548988342,0.8535218954086303,0.8928298354148865,5,single_test_k1,1
38,sim_T,0.2522799253463745,0.20026551485061644,0.32891958951950073,5,single_test_k1,1
38,sim_T_to_S,0.07016641646623611,0.046473684906959536,0.09385914802551269,5,single_test_k1,1
38,ratio_S,14.797349166870116,9.52216396331787,21.200780296325682,5,single_test_k1,1
38,div_gen,0.06271362863481045,0.04506854601204395,0.07790960520505905,5,single_test_k1,1
38,div_T,0.19147611558437347,0.1906040668487549,0.19234816431999208,5,single_test_k1,1
38,div_ratio,0.32740670371443303,0.23583438254440042,0.40651862473866734,5,single_test_k1,1
38,hit,0.725,0.3875,0.9375,5,single_test_k1,1
39,mixture_error,,,,5,single_test_k1,1
39,kid_T,1.8459762324004445,1.3063676029412132,2.375829355458096,5,single_test_k1,1
39,coverage_T,0.158974358974359,0.05641025641025641,0.27692307692307694,5,single_test_k1,1
39,kid_S,,,,5,single_test_k1,1
39,coverage_S,,,,5,single_test_k1,1
39,sim_S,0.8485627889633178,0.8349593877792358,0.8619816780090332,5,single_test_k1,1
39,sim_T,0.3472353875637054,0.2887030243873596,0.40864869430661177,5,single_test_k1,1
39,sim_T_to_S,0.16319332271814346,0.12660837918519974,0.18841072916984558,5,single_test_k1,1
39,ratio_S,5.61979455947876,4.445761203765869,7.481014442443848,5,single_test_k1,1
39,div_gen,0.07057181000709534,0.05785285234451294,0.0847010262310505,5,single_test_k1,1
39,div_T,0.22705104053020478,0.22497182190418244,0.22834542125463486,5,single_test_k1,1
39,div_ratio,0.3113744824886793,0.2536341605231677,0.3774432908917591,5,single_test_k1,1
39,hit,0.675,0.3375,0.9375,5,single_test_k1,1
40,mixture_error,,,,15,single_test_k1,1
40,kid_T,1.5524903768755371,1.3556828962083,1.8022221152821183,15,single_test_k1,1
40,coverage_T,0.15596606458675424,0.11068828680897644,0.20413451012588943,15,single_test_k1,1
40,kid_S,,,,15,single_test_k1,1
40,coverage_S,,,,15,single_test_k1,1
40,sim_S,0.8573631604512533,0.8420255664984385,0.8705338326096536,15,single_test_k1,1
40,sim_T,0.32599044144153594,0.2684440860897303,0.3830978488425414,15,single_test_k1,1
40,sim_T_to_S,0.11646307905515035,0.10143399958809216,0.12955725419024627,15,single_test_k1,1
40,ratio_S,7.923139508565267,6.815914896329244,9.360112638473511,15,single_test_k1,1
40,div_gen,0.05304753432671229,0.04521543733154734,0.060963654474665716,15,single_test_k1,1
40,div_T,0.17832755943139394,0.1712068273872137,0.184807451069355,15,single_test_k1,1
40,div_ratio,0.2953251090725867,0.25564888385142465,0.335710825888068,15,single_test_k1,1
40,hit,0.8916666666666667,0.8166666666666667,0.9625,15,single_test_k1,1
41,mixture_error,,,,5,single_test_k1,1
41,kid_T,1.7981218450802068,1.5522462197199496,2.1011897946468228,5,single_test_k1,1
41,coverage_T,0.215,0.13999999999999999,0.32,5,single_test_k1,1
41,kid_S,,,,5,single_test_k1,1
41,coverage_S,,,,5,single_test_k1,1
41,sim_S,0.8382880568504334,0.81924968957901,0.8513723611831665,5,single_test_k1,1
41,sim_T,0.29793496429920197,0.25315310060977936,0.3366981565952301,5,single_test_k1,1
41,sim_T_to_S,0.09587662518024445,0.07052801102399826,0.12122523933649063,5,single_test_k1,1
41,ratio_S,9.606147575378419,7.047029113769531,12.165266036987305,5,single_test_k1,1
41,div_gen,0.08938507288694382,0.0747574970126152,0.10435590744018555,5,single_test_k1,1
41,div_T,0.26363025307655336,0.26252488493919374,0.26481770277023314,5,single_test_k1,1
41,div_ratio,0.33929369572278095,0.2823769045253269,0.3970228632497916,5,single_test_k1,1
41,hit,0.85,0.575,1.0,5,single_test_k1,1
42,mixture_error,,,,10,single_test_k1,1
42,kid_T,1.9602336321015847,1.708809731927474,2.259200105970735,10,single_test_k1,1
42,coverage_T,0.18109719737626712,0.1154979129397734,0.24830649970184854,10,single_test_k1,1
42,kid_S,,,,10,single_test_k1,1
42,coverage_S,,,,10,single_test_k1,1
42,sim_S,0.8530389547348023,0.8375290369987488,0.8683400213718414,10,single_test_k1,1
42,sim_T,0.29495247453451157,0.22661325942724944,0.3763817208260298,10,single_test_k1,1
42,sim_T_to_S,0.1063473753631115,0.08203082342632115,0.12947317249141632,10,single_test_k1,1
42,ratio_S,9.887746953964234,6.854731131792068,13.784137182235716,10,single_test_k1,1
42,div_gen,0.0626904085278511,0.05748921053484082,0.0673735048994422,10,single_test_k1,1
42,div_T,0.2594589084386826,0.25698308922350405,0.2616143525391817,10,single_test_k1,1
42,div_ratio,0.24167459854257892,0.22158105830732883,0.2599364689620161,10,single_test_k1,1
42,hit,0.84375,0.65609375,0.975,10,single_test_k1,1
43,mixture_error,,,,20,single_test_k1,1
43,kid_T,2.4304908121509023,2.142667615893335,2.7720292411683465,20,single_test_k1,1
43,coverage_T,0.07992884066054798,0.047443413394632906,0.11400254522815498,20,single_test_k1,1
43,kid_S,,,,20,single_test_k1,1
43,coverage_S,,,,20,single_test_k1,1
43,sim_S,0.8611947476863862,0.8542364567518234,0.8682964151352643,20,single_test_k1,1
43,sim_T,0.2716834768652916,0.22982945883646608,0.3200334534794092,20,single_test_k1,1
43,sim_T_to_S,0.09637859766371548,0.07706245887558907,0.11489292869577185,20,single_test_k1,1
43,ratio_S,6.738765692710876,-1.8759977012872695,13.056808272004124,20,single_test_k1,1
43,div_gen,0.08489624671638012,0.07011113796848804,0.10527506940066815,20,single_test_k1,1
43,div_T,0.2595393694937229,0.25405839627608656,0.26571009386330846,20,single_test_k1,1
43,div_ratio,0.3286001062030738,0.2700346721701119,0.4056028241597175,20,single_test_k1,1
43,hit,0.709375,0.515625,0.878125,20,single_test_k1,1
44,mixture_error,,,,5,single_test_k1,1
44,kid_T,1.3160455421579886,0.9383758756537034,1.7356083523002153,5,single_test_k1,1
44,coverage_T,0.11891891891891893,0.06486486486486487,0.1783783783783784,5,single_test_k1,1
44,kid_S,,,,5,single_test_k1,1
44,coverage_S,,,,5,single_test_k1,1
44,sim_S,0.8601811528205872,0.8446079611778259,0.8733458280563354,5,single_test_k1,1
44,sim_T,0.32927618026733396,0.2598443225026131,0.4095774948596954,5,single_test_k1,1
44,sim_T_to_S,0.162046480178833,0.14572306871414184,0.18081084191799163,5,single_test_k1,1
44,ratio_S,5.379193210601807,4.866846370697021,5.833022594451904,5,single_test_k1,1
44,div_gen,0.05436451062560081,0.04230169579386711,0.06752090437337753,5,single_test_k1,1
44,div_T,0.12409590184688568,0.12241600453853607,0.12534733414649962,5,single_test_k1,1
44,div_ratio,0.439918935991495,0.33862081585156406,0.5542573305994392,5,single_test_k1,1
44,hit,0.8625,0.5875,1.0,5,single_test_k1,1
45,mixture_error,,,,20,single_test_k1,1
45,kid_T,2.080677732232937,1.8998353401194457,2.2620694383078717,20,single_test_k1,1
45,coverage_T,0.08957760254294271,0.0641134849318418,0.11317664715650914,20,single_test_k1,1
45,kid_S,,,,20,single_test_k1,1
45,coverage_S,,,,20,single_test_k1,1
45,sim_S,0.8538334041833877,0.8439079732447862,0.8640215726941824,20,single_test_k1,1
45,sim_T,0.2946275621652603,0.2730675995722413,0.3183001498878002,20,single_test_k1,1
45,sim_T_to_S,0.14895851872861385,0.1366871155425906,0.1606631655804813,20,single_test_k1,1
45,ratio_S,6.0525295495986935,5.368497745990753,7.082255323529243,20,single_test_k1,1
45,div_gen,0.06769785974174738,0.05831322004087269,0.07880693775136023,20,single_test_k1,1
45,div_T,0.19944766014814377,0.1911865073814988,0.2070531772635877,20,single_test_k1,1
45,div_ratio,0.34192203747764643,0.2951300672990584,0.396873646594147,20,single_test_k1,1
45,hit,0.9125,0.80609375,0.99375,20,single_test_k1,1
46,mixture_error,,,,10,single_test_k1,1
46,kid_T,2.3300703258788813,2.035204144005059,2.6147848946880954,10,single_test_k1,1
46,coverage_T,0.06419068736141907,0.03118070953436808,0.10014204545454546,10,single_test_k1,1
46,kid_S,,,,10,single_test_k1,1
46,coverage_S,,,,10,single_test_k1,1
46,sim_S,0.8552406609058381,0.8436454471945762,0.8662927459180355,10,single_test_k1,1
46,sim_T,0.2919289097189903,0.24895363189280034,0.33990851741284134,10,single_test_k1,1
46,sim_T_to_S,0.10315160043537616,0.07405040418729186,0.12955045230686665,10,single_test_k1,1
46,ratio_S,12.595407390594483,7.064731153249741,19.747837241888046,10,single_test_k1,1
46,div_gen,0.06730770580470562,0.05217200991697609,0.08501491797156631,10,single_test_k1,1
46,div_T,0.23874293714761735,0.21737963858991863,0.2603919007256627,10,single_test_k1,1
46,div_ratio,0.28067751085541964,0.22540965389240616,0.33913491927895517,10,single_test_k1,1
46,hit,0.875,0.70625,0.9751562499999998,10,single_test_k1,1
47,mixture_error,,,,15,single_test_k1,1
47,kid_T,2.062285665924027,1.8005263086511811,2.316879279756843,15,single_test_k1,1
47,coverage_T,0.06863636363636363,0.042716450216450215,0.09730790043290043,15,single_test_k1,1
47,kid_S,,,,15,single_test_k1,1
47,coverage_S,,,,15,single_test_k1,1
47,sim_S,0.8540907382965088,0.8403666690985362,0.8673569560050964,15,single_test_k1,1
47,sim_T,0.3247004717588425,0.2785995705674092,0.3733047720293204,15,single_test_k1,1
47,sim_T_to_S,0.1246632936100165,0.10325913844009241,0.14723978526269393,15,single_test_k1,1
47,ratio_S,7.784907690684,6.295803317228953,9.369665570259095,15,single_test_k1,1
47,div_gen,0.06617750326792399,0.05958616552253564,0.07347335727264484,15,single_test_k1,1
47,div_T,0.21124192873636882,0.19954545776049296,0.22122587256133555,15,single_test_k1,1
47,div_ratio,0.31903057106340726,0.2788412476799976,0.3641609764036397,15,single_test_k1,1
47,hit,0.9333333333333333,0.8,1.0,15,single_test_k1,1
48,mixture_error,,,,5,single_test_k1,1
48,kid_T,1.962512700680384,1.492728596348807,2.4150826050611682,5,single_test_k1,1
48,coverage_T,0.09230769230769231,0.035897435897435895,0.15384615384615383,5,single_test_k1,1
48,kid_S,,,,5,single_test_k1,1
48,coverage_S,,,,5,single_test_k1,1
48,sim_S,0.860551404953003,0.8262479424476623,0.8870272636413574,5,single_test_k1,1
48,sim_T,0.369019889831543,0.3231226921081543,0.42015604466199863,5,single_test_k1,1
48,sim_T_to_S,0.11565941870212555,0.08172773569822311,0.15361135601997375,5,single_test_k1,1
48,ratio_S,8.573607349395752,5.9738405990600585,11.416273403167725,5,single_test_k1,1
48,div_gen,0.06043208464980125,0.05148330479860306,0.06874586641788483,5,single_test_k1,1
48,div_T,0.19811268746852875,0.1973257599025965,0.19888010919094085,5,single_test_k1,1
48,div_ratio,0.3052152338639276,0.2594770368959637,0.34771969571780853,5,single_test_k1,1
48,hit,0.8,0.4,1.0,5,single_test_k1,1
macro,mixture_error,,,,49,single_test_k1,1
macro,kid_T,1.9249511542248159,1.878360866345542,1.9684815369562978,49,single_test_k1,1
macro,coverage_T,0.12524446673282896,0.11647596603198833,0.1337963172953841,49,single_test_k1,1
macro,kid_S,,,,49,single_test_k1,1
macro,coverage_S,,,,49,single_test_k1,1
macro,sim_S,0.8557932275070073,0.8535821198263047,0.8579612743663311,49,single_test_k1,1
macro,sim_T,0.320931174712387,0.3129645989610018,0.32925689907004063,49,single_test_k1,1
macro,sim_T_to_S,0.13429560517961048,0.13119678579521302,0.13766831148572026,49,single_test_k1,1
macro,ratio_S,7.868700277476526,7.277531611713629,8.55710985321611,49,single_test_k1,1
macro,div_gen,0.06545768658909269,0.06389763397320056,0.06705253855881443,49,single_test_k1,1
macro,div_T,0.211348838395284,0.21024970446924623,0.21236389986342138,49,single_test_k1,1
macro,div_ratio,0.31422292131458235,0.3063898488370127,0.3221854376510533,49,single_test_k1,1
macro,hit,0.8654728604728602,0.8420349018540985,0.8865804366764188,49,single_test_k1,1
0,mixture_error,,,,5,single_test_k10,10
0,kid_T,0.29231665708446286,0.18204942355993162,0.37660174072531943,5,single_test_k10,10
0,coverage_T,0.5529411764705883,0.4235294117647059,0.6882352941176471,5,single_test_k10,10
0,kid_S,-0.11065790430352784,-0.1470565686505651,-0.07380785809693577,5,single_test_k10,10
0,coverage_S,1.0,1.0,1.0,5,single_test_k10,10
0,sim_S,0.8400588035583496,0.8313860893249512,0.8477229952812195,5,single_test_k10,10
0,sim_T,0.3358780801296234,0.32874568104743956,0.34321215748786926,5,single_test_k10,10
0,sim_T_to_S,0.30409650802612304,0.29752195790410046,0.30891786217689515,5,single_test_k10,10
0,ratio_S,2.764074182510376,2.707153844833374,2.8239004135131838,5,single_test_k10,10
0,div_gen,0.24280496537685395,0.23347791731357576,0.252385613322258,5,single_test_k10,10
0,div_T,0.24580129086971284,0.23984937369823456,0.2511760205030441,5,single_test_k10,10
0,div_ratio,0.9896799407670608,0.9320987982662636,1.051434076792592,5,single_test_k10,10
0,hit,0.975,0.95,1.0,5,single_test_k10,10
1,mixture_error,,,,30,single_test_k10,10
1,kid_T,0.34572761748762115,0.30807286761549474,0.3853020211739627,30,single_test_k10,10
1,coverage_T,0.4813216534979622,0.4221250531098365,0.5461402467321697,30,single_test_k10,10
1,kid_S,0.014799076628215306,-0.027426979750502685,0.06363108708971248,30,single_test_k10,10
1,coverage_S,1.0,1.0,1.0,30,single_test_k10,10
1,sim_S,0.8570625861485799,0.8506182597577572,0.8632865633070469,30,single_test_k10,10
1,sim_T,0.3057740365465482,0.2921439007421334,0.3197033752004306,30,single_test_k10,10
1,sim_T_to_S,0.2688556000590324,0.25713824334243934,0.28102687423427897,30,single_test_k10,10
1,ratio_S,3.24127140045166,3.0792806361118954,3.398444682955742,30,single_test_k10,10
1,div_gen,0.203606978058815,0.19278924631575742,0.21490484361847242,30,single_test_k10,10
1,div_T,0.20460245509942374,0.19513695678363244,0.21334652697046597,30,single_test_k10,10
1,div_ratio,0.9996967641392531,0.9572150942106495,1.0422273751135351,30,single_test_k10,10
1,hit,0.80625,0.75625,0.85625,30,single_test_k10,10
2,mixture_error,,,,20,single_test_k10,10
2,kid_T,0.3284943817238495,0.2853738774734309,0.37312570974077686,20,single_test_k10,10
2,coverage_T,0.4962479871175523,0.434548122268231,0.5594004198297677,20,single_test_k10,10
2,kid_S,0.00820576625505165,-0.03125970409242796,0.046079932395339966,20,single_test_k10,10
2,coverage_S,1.0,1.0,1.0,20,single_test_k10,10
2,sim_S,0.8621479570865631,0.8558006551116705,0.8687217308580875,20,single_test_k10,10
2,sim_T,0.32612316831946375,0.30158422224223613,0.35188520831987263,20,single_test_k10,10
2,sim_T_to_S,0.27500560507178307,0.2593190169893205,0.2921051884442568,20,single_test_k10,10
2,ratio_S,3.189129376411438,3.0262267300486565,3.345505849123001,20,single_test_k10,10
2,div_gen,0.19699482768774032,0.18483521042391657,0.20926061356440184,20,single_test_k10,10
2,div_T,0.20346166342496871,0.19277927324175836,0.21295936103910207,20,single_test_k10,10
2,div_ratio,0.9716107035429079,0.9208457445630701,1.0297295635850008,20,single_test_k10,10
2,hit,0.771875,0.7125,0.828125,20,single_test_k10,10
3,mixture_error,,,,65,single_test_k10,10
3,kid_T,0.31059186639675157,0.28209268150987254,0.34046497179424956,65,single_test_k10,10
3,coverage_T,0.45464923330278,0.4124155654121129,0.496168188250887,65,single_test_k10,10
3,kid_S,-0.01999757436481129,-0.049508629767232123,0.007454399730102481,65,single_test_k10,10
3,coverage_S,0.9984615384615385,0.9953846153846152,1.0,65,single_test_k10,10
3,sim_S,0.8594677026455219,0.8544082204882916,0.8643210172882446,65,single_test_k10,10
3,sim_T,0.3086595030931326,0.299462829925693,0.31848596324141204,65,single_test_k10,10
3,sim_T_to_S,0.2709758325265004,0.26231952851208357,0.2796206858181036,65,single_test_k10,10
3,ratio_S,3.222374468583327,3.1324840020216427,3.320895317701193,65,single_test_k10,10
3,div_gen,0.20132801349346455,0.19466715566813947,0.20845809621879688,65,single_test_k10,10
3,div_T,0.20269214602617117,0.1970217368751764,0.20828766012994143,65,single_test_k10,10
3,div_ratio,0.998558999563016,0.9676478730628348,1.0341406328197094,65,single_test_k10,10
3,hit,0.7375,0.698076923076923,0.7759615384615385,65,single_test_k10,10
4,mixture_error,,,,65,single_test_k10,10
4,kid_T,0.3604227668833663,0.320316421987044,0.4022683513311946,65,single_test_k10,10
4,coverage_T,0.4227690201519129,0.38425512457699773,0.4606891036606308,65,single_test_k10,10
4,kid_S,0.0404182166230377,0.0015384794456550375,0.07899180867538917,65,single_test_k10,10
4,coverage_S,0.9923076923076923,0.9846153846153846,0.9984615384615385,65,single_test_k10,10
4,sim_S,0.8562374747716464,0.8515708385522549,0.8606685539392325,65,single_test_k10,10
4,sim_T,0.31954175256765804,0.30742898716376377,0.3319919245059674,65,single_test_k10,10
4,sim_T_to_S,0.273186647433501,0.2634003863311731,0.28305270160620033,65,single_test_k10,10
4,ratio_S,3.198620308362521,3.099424717976497,3.3045885388667764,65,single_test_k10,10
4,div_gen,0.20515035436703608,0.19755743674933912,0.21267913218301077,65,single_test_k10,10
4,div_T,0.19898515022717989,0.19259280191018033,0.2052509001527841,65,single_test_k10,10
4,div_ratio,1.0383602406537293,1.0046002375311183,1.0748408022409988,65,single_test_k10,10
4,hit,0.8471153846153846,0.8192067307692308,0.8730769230769231,65,single_test_k10,10
5,mixture_error,,,,25,single_test_k10,10
5,kid_T,0.3441332980259204,0.29859701110655756,0.396502535189664,25,single_test_k10,10
5,coverage_T,0.40769663280248003,0.35317954491285836,0.4698712013923108,25,single_test_k10,10
5,kid_S,0.035839293814967095,-0.00932030134126969,0.08423677934792587,25,single_test_k10,10
5,coverage_S,0.992,0.98,1.0,25,single_test_k10,10
5,sim_S,0.8532359313964843,0.8458307293057441,0.8608383252620697,25,single_test_k10,10
5,sim_T,0.3198967909812927,0.30108386367559437,0.3368887139558792,25,single_test_k10,10
5,sim_T_to_S,0.2734628540277481,0.2614906570911408,0.2856025626659393,25,single_test_k10,10
5,ratio_S,3.165794610977173,3.0195289263725282,3.316763315677643,25,single_test_k10,10
5,div_gen,0.19386890709400176,0.17985703675448894,0.2077166718095541,25,single_test_k10,10
5,div_T,0.19050842881202698,0.17949114367365837,0.2020963696539402,25,single_test_k10,10
5,div_ratio,1.026587504857188,0.9580296193247361,1.0848566777710273,25,single_test_k10,10
5,hit,0.87,0.8425,0.9,25,single_test_k10,10
6,mixture_error,,,,10,single_test_k10,10
6,kid_T,0.27996415074576664,0.23886006393360587,0.31564932200593765,10,single_test_k10,10
6,coverage_T,0.4750000000000001,0.36500000000000005,0.5900416666666667,10,single_test_k10,10
6,kid_S,0.022331842411374935,-0.02171665758144684,0.06340482902251407,10,single_test_k10,10
6,coverage_S,0.9800000000000001,0.9500000000000002,1.0,10,single_test_k10,10
6,sim_S,0.8597342669963837,0.8492236426472665,0.8704469941556453,10,single_test_k10,10
6,sim_T,0.28218924105167387,0.26717586748301986,0.29747146755456927,10,single_test_k10,10
6,sim_T_to_S,0.2573881343007088,0.24641759634017946,0.26932094641029836,10,single_test_k10,10
6,ratio_S,3.3584946393966675,3.1893372178077697,3.524684827923775,10,single_test_k10,10
6,div_gen,0.17712105959653854,0.16401470776647328,0.1898147412762046,10,single_test_k10,10
6,div_T,0.16744827777147292,0.15490195814520122,0.17982193812727928,10,single_test_k10,10
6,div_ratio,1.0610909155580452,1.0137998153371963,1.1088271479813285,10,single_test_k10,10
6,hit,0.8875,0.825,0.94375,10,single_test_k10,10
7,mixture_error,,,,20,single_test_k10,10
7,kid_T,0.3953757482727994,0.3217908726127155,0.48896993214885975,20,single_test_k10,10
7,coverage_T,0.42324193548387096,0.3572558622828785,0.4877020044975186,20,single_test_k10,10
7,kid_S,0.0072835320236754875,-0.03220071489891208,0.048808233704437515,20,single_test_k10,10
7,coverage_S,0.9949999999999999,0.9849999999999998,1.0,20,single_test_k10,10
7,sim_S,0.8571263909339905,0.8488531143963337,0.8648804918676615,20,single_test_k10,10
7,sim_T,0.3125000327825546,0.2990693774819374,0.3253415635228157,20,single_test_k10,10
7,sim_T_to_S,0.27178949639201166,0.26305567145347597,0.2802108057402074,20,single_test_k10,10
7,ratio_S,3.172497010231018,3.0639671897888183,3.282107790708542,20,single_test_k10,10
7,div_gen,0.22002616226673127,0.2087861727550626,0.2324637384712696,20,single_test_k10,10
7,div_T,0.21676953956484796,0.2032811205089092,0.23051325296983124,20,single_test_k10,10
7,div_ratio,1.025983584196598,0.9724225255172724,1.0774821107437282,20,single_test_k10,10
7,hit,0.90625,0.878125,0.9375,20,single_test_k10,10
8,mixture_error,,,,15,single_test_k10,10
8,kid_T,0.29491858084848616,0.26844699805704175,0.32060553546070636,15,single_test_k10,10
8,coverage_T,0.3944299493991145,0.34548821948134095,0.4482538741302973,15,single_test_k10,10
8,kid_S,-0.01352068637465038,-0.053088894668381174,0.02461058384645299,15,single_test_k10,10
8,coverage_S,1.0,1.0,1.0,15,single_test_k10,10
8,sim_S,0.8562015374501546,0.847498513062795,0.8665396130084991,15,single_test_k10,10
8,sim_T,0.30029245615005495,0.2941720698773861,0.3063555227716764,15,single_test_k10,10
8,sim_T_to_S,0.26850566565990447,0.26105917995174727,0.27573228913048903,15,single_test_k10,10
8,ratio_S,3.199625523885091,3.104032010237376,3.3079196536540985,15,single_test_k10,10
8,div_gen,0.2042273501555125,0.19280365067223706,0.21600048487385112,15,single_test_k10,10
8,div_T,0.19839325646559397,0.18786764274040857,0.20987785456081232,15,single_test_k10,10
8,div_ratio,1.0347198153662711,0.978834588983251,1.0891852781234717,15,single_test_k10,10
8,hit,0.95,0.925,0.975,15,single_test_k10,10
9,mixture_error,,,,110,single_test_k10,10
9,kid_T,0.29344043001068254,0.274662672804253,0.3126276443681154,110,single_test_k10,10
9,coverage_T,0.45100424452371884,0.4194502235949152,0.48098055867747297,110,single_test_k10,10
9,kid_S,-0.046971069631474245,-0.06483516936259803,-0.027064914856182027,110,single_test_k10,10
9,coverage_S,0.9981818181818183,0.9954545454545455,1.0,110,single_test_k10,10
9,sim_S,0.852615418217399,0.8494864119724794,0.8557839686626738,110,single_test_k10,10
9,sim_T,0.30708616917783566,0.30109803352843634,0.31300440127199347,110,single_test_k10,10
9,sim_T_to_S,0.2733388199047609,0.2673821320283142,0.2794033471969041,110,single_test_k10,10
9,ratio_S,3.1660198081623423,3.0939457378062336,3.2365212134881456,110,single_test_k10,10
9,div_gen,0.21294700787826018,0.20764816232364286,0.2181757019189271,110,single_test_k10,10
9,div_T,0.21147807822986084,0.20672260086644778,0.21627677524631675,110,single_test_k10,10
9,div_ratio,1.0146187590272273,0.9889282579526368,1.0421563231544801,110,single_test_k10,10
9,hit,0.7431818181818182,0.7096448863636364,0.7778551136363636,110,single_test_k10,10
10,mixture_error,,,,30,single_test_k10,10
10,kid_T,0.29510123894496143,0.25505462432915327,0.33715283111306693,30,single_test_k10,10
10,coverage_T,0.4372771153472908,0.3852897479388708,0.486466901681814,30,single_test_k10,10
10,kid_S,-0.03778533728414987,-0.08075427121902583,0.011126529090577734,30,single_test_k10,10
10,coverage_S,0.9966666666666666,0.9899999999999999,1.0,30,single_test_k10,10
10,sim_S,0.8507971405982971,0.8450043088694413,0.8567548782130082,30,single_test_k10,10
10,sim_T,0.28067456086476644,0.27317558790246643,0.2879349553088347,30,single_test_k10,10
10,sim_T_to_S,0.25379109581311543,0.2474897481749455,0.25961014845718944,30,single_test_k10,10
10,ratio_S,3.3680193265279135,3.2789906523625056,3.463031724492709,30,single_test_k10,10
10,div_gen,0.22592911918958028,0.21606983970850704,0.23662866845726965,30,single_test_k10,10
10,div_T,0.22472885698080064,0.2174082523336013,0.23166644523541133,30,single_test_k10,10
10,div_ratio,1.0082989472612942,0.9641703154423966,1.0538151383509196,30,single_test_k10,10
10,hit,0.8979166666666667,0.8520833333333333,0.9395833333333333,30,single_test_k10,10
11,mixture_error,,,,5,single_test_k10,10
11,kid_T,0.2659818365099781,0.22998594461313432,0.3019777284068219,5,single_test_k10,10
11,coverage_T,0.42857142857142866,0.3142857142857142,0.5714285714285714,5,single_test_k10,10
11,kid_S,-0.046093535569855605,-0.0886082855675415,-0.0023377854388176187,5,single_test_k10,10
11,coverage_S,1.0,1.0,1.0,5,single_test_k10,10
11,sim_S,0.8392223954200745,0.8266969323158264,0.8564268165826797,5,single_test_k10,10
11,sim_T,0.2755189299583435,0.2612170994281769,0.2919185638427734,5,single_test_k10,10
11,sim_T_to_S,0.24793459475040436,0.24024257063865662,0.25563098296523096,5,single_test_k10,10
11,ratio_S,3.388132333755493,3.2765355110168457,3.4867234230041504,5,single_test_k10,10
11,div_gen,0.23931418359279633,0.2200215518474579,0.2547697126865387,5,single_test_k10,10
11,div_T,0.2563855588436127,0.25172073870897294,0.26104365587234496,5,single_test_k10,10
11,div_ratio,0.9351257258706683,0.8461832108536148,1.0074840153516633,5,single_test_k10,10
11,hit,0.95,0.9,1.0,5,single_test_k10,10
12,mixture_error,,,,65,single_test_k10,10
12,kid_T,0.29430761353956164,0.26605721812249344,0.32232074279520884,65,single_test_k10,10
12,coverage_T,0.4017513961189123,0.3565016699075805,0.44656659250765457,65,single_test_k10,10
12,kid_S,-0.060123017850130286,-0.08213322719007213,-0.036974365703770745,65,single_test_k10,10
12,coverage_S,1.0,1.0,1.0,65,single_test_k10,10
12,sim_S,0.8502551344724801,0.8455185110293902,0.8553054982423782,65,single_test_k10,10
12,sim_T,0.3129647048620077,0.30507339991056004,0.3215171939249222,65,single_test_k10,10
12,sim_T_to_S,0.27006667164655834,0.26419713493723135,0.2765379534203273,65,single_test_k10,10
12,ratio_S,3.1766708043905405,3.102040392252115,3.2440553200244904,65,single_test_k10,10
12,div_gen,0.211967422411992,0.2053817893507389,0.2187979034620982,65,single_test_k10,10
12,div_T,0.2082024592619676,0.2020495285380345,0.21419162054474536,65,single_test_k10,10
12,div_ratio,1.0312912117976991,0.9898382277489158,1.0782910969897486,65,single_test_k10,10
12,hit,0.8730769230769231,0.8413461538461539,0.9029086538461538,65,single_test_k10,10
13,mixture_error,,,,5,single_test_k10,10
13,kid_T,0.27591688338152914,0.20948200169701855,0.33806816424112257,5,single_test_k10,10
13,coverage_T,0.6166666666666666,0.45555555555555555,0.7777777777777778,5,single_test_k10,10
13,kid_S,-0.14458596039876817,-0.2084269323273749,-0.06058449349345842,5,single_test_k10,10
13,coverage_S,1.0,1.0,1.0,5,single_test_k10,10
13,sim_S,0.8515385389328003,0.8440274238586426,0.8577782869338989,5,single_test_k10,10
13,sim_T,0.2752568781375885,0.2546531610190868,0.2999980926513672,5,single_test_k10,10
13,sim_T_to_S,0.22953925132751465,0.22148300111293792,0.23759550154209136,5,single_test_k10,10
13,ratio_S,3.715580177307129,3.5913344383239747,3.8413902759552,5,single_test_k10,10
13,div_gen,0.2308263063430786,0.22506117224693298,0.23659144043922425,5,single_test_k10,10
13,div_T,0.23825861811637877,0.23549543917179108,0.24137647747993468,5,single_test_k10,10
13,div_ratio,0.9692236101163662,0.9359646564033053,0.9996837510957011,5,single_test_k10,10
13,hit,0.9125,0.8621875000000001,0.9625,5,single_test_k10,10
14,mixture_error,,,,10,single_test_k10,10
14,kid_T,0.3383906387061691,0.281099857070529,0.399520373410872,10,single_test_k10,10
14,coverage_T,0.4265984654731458,0.3539641943734015,0.5173976982097188,10,single_test_k10,10
14,kid_S,-0.013263608951748296,-0.06565187225724195,0.05058127752724554,10,single_test_k10,10
14,coverage_S,1.0,1.0,1.0,10,single_test_k10,10
14,sim_S,0.8535463869571686,0.8448144446313381,0.8616648976504803,10,single_test_k10,10
14,sim_T,0.34735349416732786,0.3323399189114571,0.3622338356077671,10,single_test_k10,10
14,sim_T_to_S,0.3127452224493027,0.3047234931588173,0.32150139793753624,10,single_test_k10,10
14,ratio_S,2.736015963554382,2.63556538939476,2.8248895418643953,10,single_test_k10,10
14,div_gen,0.19490447789430618,0.17789111986756323,0.2120372976362705,10,single_test_k10,10
14,div_T,0.16854436844587325,0.15969077073037624,0.17807984959334136,10,single_test_k10,10
14,div_ratio,1.1628621868883657,1.0588923582434682,1.2718661140900074,10,single_test_k10,10
14,hit,0.96875,0.94375,0.99375,10,single_test_k10,10
15,mixture_error,,,,20,single_test_k10,10
15,kid_T,0.33557460686675916,0.3013734257455056,0.3716092757725446,20,single_test_k10,10
15,coverage_T,0.32604833743842365,0.2595354448891625,0.3987110914408867,20,single_test_k10,10
15,kid_S,0.04851165229763419,0.0033922999251705527,0.092801930390531,20,single_test_k10,10
15,coverage_S,0.9949999999999999,0.985,1.0,20,single_test_k10,10
15,sim_S,0.8609714448451996,0.8524808855354785,0.8692035100609063,20,single_test_k10,10
15,sim_T,0.3298016279935837,0.31165047306567434,0.3511796460300684,20,single_test_k10,10
15,sim_T_to_S,0.2856355056166649,0.2761222446337342,0.2956857973709702,20,single_test_k10,10
15,ratio_S,3.032969760894775,2.928169838488102,3.1346384525299076,20,single_test_k10,10
15,div_gen,0.16907739043235778,0.15883693248033526,0.1802631356008351,20,single_test_k10,10
15,div_T,0.15955289267003536,0.1494348409026861,0.17056651283055543,20,single_test_k10,10
15,div_ratio,1.0740620968119197,0.9958932183598315,1.1459578151167569,20,single_test_k10,10
15,hit,0.75,0.690625,0.8125,20,single_test_k10,10
16,mixture_error,,,,5,single_test_k10,10
16,kid_T,0.36041281210223597,0.2548501687882222,0.4727564666634141,5,single_test_k10,10
16,coverage_T,0.40606060606060607,0.3333333333333333,0.4727272727272728,5,single_test_k10,10
16,kid_S,-0.034075267475806824,-0.1308482051658732,0.04435946693093271,5,single_test_k10,10
16,coverage_S,1.0,1.0,1.0,5,single_test_k10,10
16,sim_S,0.867684805393219,0.851681649684906,0.8812714695930481,5,single_test_k10,10
16,sim_T,0.2860761880874634,0.2769948720932007,0.29691224098205565,5,single_test_k10,10
16,sim_T_to_S,0.24801672995090485,0.24338773488998414,0.25232474975287916,5,single_test_k10,10
16,ratio_S,3.4988717555999758,3.462909126281738,3.5353317737579344,5,single_test_k10,10
16,div_gen,0.23447275459766387,0.2166174352169037,0.25503064632415773,5,single_test_k10,10
16,div_T,0.219692599773407,0.21612912118434907,0.2224981427192688,5,single_test_k10,10
16,div_ratio,1.0691476195213827,0.9737154001732442,1.1813622915346715,5,single_test_k10,10
16,hit,0.9375,0.9,0.9875,5,single_test_k10,10
17,mixture_error,,,,55,single_test_k10,10
17,kid_T,0.28763925380799266,0.2683376340127122,0.3088042911417687,55,single_test_k10,10
17,coverage_T,0.4127478377381344,0.37270661597305776,0.45394223810780865,55,single_test_k10,10
17,kid_S,-0.035986828524515214,-0.0625143582848196,-0.011635532647326868,55,single_test_k10,10
17,coverage_S,0.9927272727272726,0.9854545454545454,0.9981818181818182,55,single_test_k10,10
17,sim_S,0.8499316248026761,0.8450489405881274,0.8545893870971419,55,single_test_k10,10
17,sim_T,0.3071160400455648,0.2977841418981552,0.31646254348483954,55,single_test_k10,10
17,sim_T_to_S,0.26455100259997627,0.2559284992041913,0.2731966731087728,55,single_test_k10,10
17,ratio_S,3.261065808209506,3.147673017761924,3.37834932977503,55,single_test_k10,10
17,div_gen,0.21203391443599354,0.20528434493324973,0.21998431888493625,55,single_test_k10,10
17,div_T,0.2170889131047509,0.21159175521270795,0.2227213681827892,55,single_test_k10,10
17,div_ratio,0.9833857785446,0.9477859607067417,1.0207434869946457,55,single_test_k10,10
17,hit,0.9352272727272727,0.9147727272727273,0.9522727272727273,55,single_test_k10,10
18,mixture_error,,,,25,single_test_k10,10
18,kid_T,0.3460088668021678,0.3003771443411421,0.39502239844131193,25,single_test_k10,10
18,coverage_T,0.41377690898383834,0.35120393779035525,0.4763420753451547,25,single_test_k10,10
18,kid_S,-0.01240127441804269,-0.048532907289151515,0.032345573760808925,25,single_test_k10,10
18,coverage_S,0.996,0.9879999999999999,1.0,25,single_test_k10,10
18,sim_S,0.8552990508079529,0.84813972812891,0.8625959323644637,25,single_test_k10,10
18,sim_T,0.33199384808540344,0.3173905152380466,0.3485524371564388,25,single_test_k10,10
18,sim_T_to_S,0.27682207226753236,0.27153943982720374,0.2825624136328697,25,single_test_k10,10
18,ratio_S,3.0979275417327883,3.030639256238937,3.16419588637352,25,single_test_k10,10
18,div_gen,0.22035301148891448,0.21363536052405835,0.2271210366934538,25,single_test_k10,10
18,div_T,0.2213537347316742,0.2181015876531601,0.22470013058185578,25,single_test_k10,10
18,div_ratio,0.9972566899456118,0.9621994945890613,1.032181479825693,25,single_test_k10,10
18,hit,0.8575,0.815,0.9,25,single_test_k10,10
19,mixture_error,,,,5,single_test_k10,10
19,kid_T,0.22182260066941134,0.16055744501470776,0.28557410930203664,5,single_test_k10,10
19,coverage_T,0.4588235294117647,0.35294117647058826,0.5588235294117647,5,single_test_k10,10
19,kid_S,-0.12386786375990866,-0.21927823330165275,-0.02220445456226013,5,single_test_k10,10
19,coverage_S,1.0,1.0,1.0,5,single_test_k10,10
19,sim_S,0.8691672921180725,0.857339882850647,0.8817663550376892,5,single_test_k10,10
19,sim_T,0.3268923401832581,0.3109946012496948,0.3444586217403412,5,single_test_k10,10
19,sim_T_to_S,0.27954426407814026,0.271700257062912,0.2850848972797394,5,single_test_k10,10
19,ratio_S,3.110826301574707,3.0541215419769285,3.167531061172485,5,single_test_k10,10
19,div_gen,0.2271850138902664,0.2010767638683319,0.24774308502674103,5,single_test_k10,10
19,div_T,0.23590303659439088,0.2271175503730774,0.2444376304000616,5,single_test_k10,10
19,div_ratio,0.9694225357813513,0.8301157329587621,1.092362125007388,5,single_test_k10,10
19,hit,0.8625,0.8125,0.9125,5,single_test_k10,10
20,mixture_error,,,,10,single_test_k10,10
20,kid_T,0.27130003141872105,0.22021414162094907,0.33344112995796077,10,single_test_k10,10
20,coverage_T,0.5017241379310345,0.40505657327586214,0.596875,10,single_test_k10,10
20,kid_S,-0.005137100001890183,-0.06581909941127126,0.06360170574374173,10,single_test_k10,10
20,coverage_S,1.0,1.0,1.0,10,single_test_k10,10
20,sim_S,0.8589383482933044,0.8450050470232964,0.8729799789190292,10,single_test_k10,10
20,sim_T,0.32637149691581724,0.31291785724461074,0.34157715134322647,10,single_test_k10,10
20,sim_T_to_S,0.28999252021312716,0.2816759139299393,0.29779038846492767,10,single_test_k10,10
20,ratio_S,2.970938491821289,2.857318360209465,3.099526975750923,10,single_test_k10,10
20,div_gen,0.22162868678569794,0.20766618162393571,0.23484497129917142,10,single_test_k10,10
20,div_T,0.22435421198606492,0.21985952701419592,0.22907974638044834,10,single_test_k10,10
20,div_ratio,0.9917466287507988,0.9090464728104952,1.0712861089859367,10,single_test_k10,10
20,hit,0.84375,0.75,0.925,10,single_test_k10,10
21,mixture_error,,,,15,single_test_k10,10
21,kid_T,0.3122952877362503,0.2655494434855151,0.35204503395706155,15,single_test_k10,10
21,coverage_T,0.35703038891513145,0.2868242908878242,0.42442700249679466,15,single_test_k10,10
21,kid_S,-0.04536055905522704,-0.07418422679957136,-0.015432491707880991,15,single_test_k10,10
21,coverage_S,1.0,1.0,1.0,15,single_test_k10,10
21,sim_S,0.846945051352183,0.8370927094419797,0.8566816794872284,15,single_test_k10,10
21,sim_T,0.3153098205725352,0.3046400255461534,0.32698329200347265,15,single_test_k10,10
21,sim_T_to_S,0.27090469499429065,0.264687329630057,0.277589066773653,15,single_test_k10,10
21,ratio_S,3.1338135401407876,3.0493962347507475,3.2199608294169106,15,single_test_k10,10
21,div_gen,0.2226539691289266,0.2109760626157125,0.23536286445955434,15,single_test_k10,10
21,div_T,0.21970078945159913,0.21638948306441308,0.2228213831782341,15,single_test_k10,10
21,div_ratio,1.016712451907831,0.9545886673646088,1.0889672976587117,15,single_test_k10,10
21,hit,0.85,0.7875,0.9083333333333333,15,single_test_k10,10
22,mixture_error,,,,55,single_test_k10,10
22,kid_T,0.34598281959896804,0.3062552986804903,0.38143922643009176,55,single_test_k10,10
22,coverage_T,0.4831317970380313,0.43611671847408373,0.5318038790444775,55,single_test_k10,10
22,kid_S,-0.049506157123139584,-0.07375687161604773,-0.027040503789195293,55,single_test_k10,10
22,coverage_S,1.0,1.0,1.0,55,single_test_k10,10
22,sim_S,0.8531838243657892,0.847144224183126,0.8594442731954834,55,single_test_k10,10
22,sim_T,0.305333934859796,0.29672674564475365,0.3147772434624759,55,single_test_k10,10
22,sim_T_to_S,0.2682774248448285,0.2598000296273015,0.27681651910597627,55,single_test_k10,10
22,ratio_S,3.230849118666215,3.1295322579687292,3.3441390867666767,55,single_test_k10,10
22,div_gen,0.23030449666760183,0.22235767061060124,0.23912198033522475,55,single_test_k10,10
22,div_T,0.2266184302893552,0.2207686748220162,0.23266320760277184,55,single_test_k10,10
22,div_ratio,1.0214383966930853,0.9860133295200185,1.0600568950114828,55,single_test_k10,10
22,hit,0.8715909090909091,0.8408806818181819,0.9,55,single_test_k10,10
23,mixture_error,,,,10,single_test_k10,10
23,kid_T,0.3365577956798086,0.2933318107744843,0.3792003805155841,10,single_test_k10,10
23,coverage_T,0.5321969696969696,0.44696969696969696,0.6401609848484848,10,single_test_k10,10
23,kid_S,0.1186204980223124,0.05542604193883833,0.1911425008535649,10,single_test_k10,10
23,coverage_S,0.99,0.97,1.0,10,single_test_k10,10
23,sim_S,0.8621739268302917,0.8544259139895439,0.870379096865654,10,single_test_k10,10
23,sim_T,0.3511784881353378,0.33127162769436835,0.37249443762004375,10,single_test_k10,10
23,sim_T_to_S,0.3222980409860611,0.31379499308764935,0.32980437092483045,10,single_test_k10,10
23,ratio_S,2.678729224205017,2.621000825166702,2.7487258118391034,10,single_test_k10,10
23,div_gen,0.18690056204795838,0.1777241786941886,0.196702409312129,10,single_test_k10,10
23,div_T,0.19055793434381485,0.18202065352350474,0.1992761370167136,10,single_test_k10,10
23,div_ratio,0.9863355331444064,0.920930332187334,1.05036092740375,10,single_test_k10,10
23,hit,0.8875,0.8375,0.9375,10,single_test_k10,10
24,mixture_error,,,,5,single_test_k10,10
24,kid_T,0.35288020208556536,0.19905157184701672,0.5539271240184093,5,single_test_k10,10
24,coverage_T,0.44666666666666666,0.32666666666666666,0.5800000000000001,5,single_test_k10,10
24,kid_S,-0.022777579965414317,-0.08893390140939524,0.059509597079863495,5,single_test_k10,10
24,coverage_S,1.0,1.0,1.0,5,single_test_k10,10
24,sim_S,0.8546545505523682,0.8384812355041504,0.868515831232071,5,single_test_k10,10
24,sim_T,0.3502452790737152,0.32316647171974183,0.3767264540493488,5,single_test_k10,10
24,sim_T_to_S,0.30357210636138915,0.2891125977039337,0.3213553249835968,5,single_test_k10,10
24,ratio_S,2.8244808197021483,2.690814256668091,2.9506979465484617,5,single_test_k10,10
24,div_gen,0.211068195104599,0.20353083610534667,0.2176823079586029,5,single_test_k10,10
24,div_T,0.1998088389635086,0.19623481035232543,0.20298287115991115,5,single_test_k10,10
24,div_ratio,1.0563270627129548,1.0282333539596702,1.0870395574323906,5,single_test_k10,10
24,hit,0.9875,0.9625,1.0,5,single_test_k10,10
25,mixture_error,,,,5,single_test_k10,10
25,kid_T,0.41622217804356476,0.3459414973541534,0.5089036153316926,5,single_test_k10,10
25,coverage_T,0.34444444444444444,0.2444444444444444,0.4444444444444445,5,single_test_k10,10
25,kid_S,0.011518482756154214,-0.045857347085457786,0.10874582536642023,5,single_test_k10,10
25,coverage_S,1.0,1.0,1.0,5,single_test_k10,10
25,sim_S,0.8508073806762695,0.8404756784439087,0.8607468008995056,5,single_test_k10,10
25,sim_T,0.2619964122772217,0.241297447681427,0.2833013542741537,5,single_test_k10,10
25,sim_T_to_S,0.21307675838470458,0.20331109441816808,0.22140136063098909,5,single_test_k10,10
25,ratio_S,4.0046706199646,3.8330219268798826,4.228422975540161,5,single_test_k10,10
25,div_gen,0.21919163465499877,0.2093702107667923,0.23276214003562928,5,single_test_k10,10
25,div_T,0.21741766035556792,0.2130105823278427,0.22027629770338536,5,single_test_k10,10
25,div_ratio,1.009891877712042,0.9531145623041676,1.091983915264994,5,single_test_k10,10
25,hit,0.7875,0.675,0.8875,5,single_test_k10,10
26,mixture_error,,,,25,single_test_k10,10
26,kid_T,0.32598293286108315,0.27883090204412436,0.37384152397094217,25,single_test_k10,10
26,coverage_T,0.42860797046091165,0.3665041141456583,0.4931743586070792,25,single_test_k10,10
26,kid_S,-0.05516173708777671,-0.09798916843651698,-0.012702199832705933,25,single_test_k10,10
26,coverage_S,0.996,0.9879999999999999,1.0,25,single_test_k10,10
26,sim_S,0.8513221430778504,0.8437956750392914,0.8587138749957085,25,single_test_k10,10
26,sim_T,0.3047283601760864,0.2907722924053669,0.31829343345761296,25,single_test_k10,10
26,sim_T_to_S,0.2631159770488739,0.25054454465210435,0.2750414951443672,25,single_test_k10,10
26,ratio_S,3.280132112503052,3.1274029247760775,3.443150147676468,25,single_test_k10,10
26,div_gen,0.22398058712482452,0.21255530102550985,0.2363584625273943,25,single_test_k10,10
26,div_T,0.2144802063703537,0.20620499159395694,0.22238135431706904,25,single_test_k10,10
26,div_ratio,1.0525244150651067,0.9809299655518415,1.117610647002814,25,single_test_k10,10
26,hit,0.955,0.93,0.9775,25,single_test_k10,10
27,mixture_error,,,,20,single_test_k10,10
27,kid_T,0.31541150512421917,0.27488412219809694,0.3601460629490266,20,single_test_k10,10
27,coverage_T,0.414142054024407,0.3682338098176333,0.45916774646921704,20,single_test_k10,10
27,kid_S,-0.016245163313742685,-0.043613568961778426,0.011256260145581063,20,single_test_k10,10
27,coverage_S,0.9949999999999999,0.985,1.0,20,single_test_k10,10
27,sim_S,0.850088021159172,0.8411224517971277,0.8584308344125747,20,single_test_k10,10
27,sim_T,0.2991135627031326,0.2879491224884987,0.30941768810153003,20,single_test_k10,10
27,sim_T_to_S,0.262488529086113,0.2556815235689282,0.2697694422118366,20,single_test_k10,10
27,ratio_S,3.2507702350616454,3.145008117556572,3.347040689587593,20,single_test_k10,10
27,div_gen,0.19513001739978791,0.18268604729324578,0.20865525953471661,20,single_test_k10,10
27,div_T,0.18743437454104422,0.17703218659386039,0.19782945204526187,20,single_test_k10,10
27,div_ratio,1.0439784049131484,0.9897813686241373,1.1003579458780781,20,single_test_k10,10
27,hit,0.84375,0.790625,0.89375,20,single_test_k10,10
28,mixture_error,,,,10,single_test_k10,10
28,kid_T,0.3388916365969676,0.25992145819006984,0.4272915719179016,10,single_test_k10,10
28,coverage_T,0.35,0.271875,0.4407031249999999,10,single_test_k10,10
28,kid_S,0.0005877670958101433,-0.05139998566779013,0.04961114728624897,10,single_test_k10,10
28,coverage_S,0.99,0.97,1.0,10,single_test_k10,10
28,sim_S,0.853647780418396,0.8402798235416412,0.8663563244044781,10,single_test_k10,10
28,sim_T,0.292479881644249,0.2743750908225775,0.31037273414433003,10,single_test_k10,10
28,sim_T_to_S,0.25345371216535567,0.24385890267789362,0.2616821641474962,10,single_test_k10,10
28,ratio_S,3.3774479627609253,3.268870580792427,3.497037924528122,10,single_test_k10,10
28,div_gen,0.21068793535232544,0.19957511231303213,0.22163032047450543,10,single_test_k10,10
28,div_T,0.20591549277305604,0.19544578772038224,0.21614915251731873,10,single_test_k10,10
28,div_ratio,1.025917939308179,0.9782417013436632,1.0773901402532684,10,single_test_k10,10
28,hit,0.95625,0.9375,0.975,10,single_test_k10,10
29,mixture_error,,,,5,single_test_k10,10
29,kid_T,0.2131766009397648,0.18479563897773268,0.24100586520082282,5,single_test_k10,10
29,coverage_T,0.6344827586206897,0.5448275862068965,0.7241379310344828,5,single_test_k10,10
29,kid_S,-0.07499200383209903,-0.13886831790124282,-0.016246431751368452,5,single_test_k10,10
29,coverage_S,1.0,1.0,1.0,5,single_test_k10,10
29,sim_S,0.8535159826278687,0.8404109597206115,0.8663070917129516,5,single_test_k10,10
29,sim_T,0.31990931630134584,0.31118067502975466,0.32915552854537966,5,single_test_k10,10
29,sim_T_to_S,0.2669153094291687,0.26054779887199403,0.2771034240722656,5,single_test_k10,10
29,ratio_S,3.2037204265594483,3.040585517883301,3.3169906616210936,5,single_test_k10,10
29,div_gen,0.22652141451835633,0.21440445482730866,0.23841780722141265,5,single_test_k10,10
29,div_T,0.22827751338481903,0.22160546481609344,0.23506705462932587,5,single_test_k10,10
29,div_ratio,0.9951386129952521,0.9173617963401192,1.072915429650385,5,single_test_k10,10
29,hit,0.8625,0.7496875000000001,0.9503124999999997,5,single_test_k10,10
30,mixture_error,,,,5,single_test_k10,10
30,kid_T,0.25965173358863536,0.16239193647091668,0.32716864930672324,5,single_test_k10,10
30,coverage_T,0.4384615384615385,0.30769230769230765,0.6461538461538462,5,single_test_k10,10
30,kid_S,0.009498881035148444,-0.02079083628606071,0.03201204502592532,5,single_test_k10,10
30,coverage_S,0.9800000000000001,0.9400000000000001,1.0,5,single_test_k10,10
30,sim_S,0.8653304696083068,0.8539800763130188,0.8770353436470032,5,single_test_k10,10
30,sim_T,0.3291368424892426,0.3075863778591156,0.35040328502655027,5,single_test_k10,10
30,sim_T_to_S,0.3118904173374176,0.29846325516700745,0.3247396409511566,5,single_test_k10,10
30,ratio_S,2.781746339797974,2.638612747192383,2.9178400897979735,5,single_test_k10,10
30,div_gen,0.18345047235488893,0.17536418437957763,0.19189282655715942,5,single_test_k10,10
30,div_T,0.16922503113746643,0.16553056836128235,0.1730898916721344,5,single_test_k10,10
30,div_ratio,1.0850459594107023,1.0237307296602487,1.1425193810362608,5,single_test_k10,10
30,hit,0.9875,0.9625,1.0,5,single_test_k10,10
31,mixture_error,,,,5,single_test_k10,10
31,kid_T,0.24066210273805205,0.17260561964641816,0.3069106191772413,5,single_test_k10,10
31,coverage_T,0.7473684210526316,0.6526315789473685,0.8421052631578947,5,single_test_k10,10
31,kid_S,-0.0024798228871333095,-0.055518274243977574,0.0359066408076643,5,single_test_k10,10
31,coverage_S,1.0,1.0,1.0,5,single_test_k10,10
31,sim_S,0.8299290657043457,0.8198312520980835,0.8389623880386352,5,single_test_k10,10
31,sim_T,0.30354769229888917,0.28279711604118346,0.32434773445129395,5,single_test_k10,10
31,sim_T_to_S,0.30781554579734804,0.2904644548892975,0.32410101890563964,5,single_test_k10,10
31,ratio_S,2.7064517974853515,2.572056293487549,2.840847301483154,5,single_test_k10,10
31,div_gen,0.23429897725582122,0.2171044558286667,0.2533756852149963,5,single_test_k10,10
31,div_T,0.23827542066574098,0.2263430416584015,0.24529280975461004,5,single_test_k10,10
31,div_ratio,0.9889143822876887,0.894454115573643,1.1202007665963565,5,single_test_k10,10
31,hit,0.9375,0.8625,1.0,5,single_test_k10,10
32,mixture_error,,,,5,single_test_k10,10
32,kid_T,0.521239911930709,0.3509421639358138,0.6915376599256042,5,single_test_k10,10
32,coverage_T,0.3846153846153846,0.2230769230769231,0.5461538461538462,5,single_test_k10,10
32,kid_S,0.047874471724499656,-0.013880377026305624,0.10962932047530494,5,single_test_k10,10
32,coverage_S,1.0,1.0,1.0,5,single_test_k10,10
32,sim_S,0.863582992553711,0.845828366279602,0.8751550555229187,5,single_test_k10,10
32,sim_T,0.36066378355026246,0.3409618973731995,0.3813490688800812,5,single_test_k10,10
32,sim_T_to_S,0.319774204492569,0.31029434204101564,0.3285643756389618,5,single_test_k10,10
32,ratio_S,2.702717733383179,2.6431477069854736,2.7774540424346923,5,single_test_k10,10
32,div_gen,0.21846637427806853,0.20375342316925527,0.2358707904815674,5,single_test_k10,10
32,div_T,0.19857842922210694,0.1939523384720087,0.20322667360305785,5,single_test_k10,10
32,div_ratio,1.1023538838751354,1.0201986802944096,1.214935908126496,5,single_test_k10,10
32,hit,0.9125,0.85,0.9625,5,single_test_k10,10
33,mixture_error,,,,5,single_test_k10,10
33,kid_T,0.2888021033120687,0.2337262623465577,0.3438779442775797,5,single_test_k10,10
33,coverage_T,0.3058823529411765,0.22941176470588237,0.3823529411764706,5,single_test_k10,10
33,kid_S,-0.08585112642746431,-0.16161721230038006,-0.01319840393223366,5,single_test_k10,10
33,coverage_S,1.0,1.0,1.0,5,single_test_k10,10
33,sim_S,0.8762020587921142,0.8562702178955078,0.8885893583297729,5,single_test_k10,10
33,sim_T,0.29094136953353883,0.2814824077486992,0.30016016960144043,5,single_test_k10,10
33,sim_T_to_S,0.25034008324146273,0.2389317125082016,0.25759357213974,5,single_test_k10,10
33,ratio_S,3.5082116603851317,3.3595444679260256,3.702846908569336,5,single_test_k10,10
33,div_gen,0.19369345605373384,0.17776524722576142,0.21438299871981142,5,single_test_k10,10
33,div_T,0.17120105028152466,0.16445786952972413,0.17581559121608734,5,single_test_k10,10
33,div_ratio,1.1385057329307018,1.0151249610185837,1.3115539481748921,5,single_test_k10,10
33,hit,0.95,0.9125,0.9875,5,single_test_k10,10
34,mixture_error,,,,30,single_test_k10,10
34,kid_T,0.3235263353892111,0.2781194719201819,0.3611830218177755,30,single_test_k10,10
34,coverage_T,0.3997779241742089,0.3480073696513326,0.4527542236745023,30,single_test_k10,10
34,kid_S,-0.02998046621345504,-0.07325074757058023,0.012454407009867588,30,single_test_k10,10
34,coverage_S,0.9966666666666666,0.9899999999999999,1.0,30,single_test_k10,10
34,sim_S,0.8525362551212311,0.8450837420920532,0.8605545759697755,30,single_test_k10,10
34,sim_T,0.31411386926968893,0.2981983594596386,0.3309113983313242,30,single_test_k10,10
34,sim_T_to_S,0.2723521813750267,0.25933450629313787,0.2851808107892672,30,single_test_k10,10
34,ratio_S,3.186089015007019,3.0390467270215353,3.343007171948751,30,single_test_k10,10
34,div_gen,0.20932753185431163,0.1983799852306644,0.21985246924062568,30,single_test_k10,10
34,div_T,0.2078101098537445,0.19797066734482846,0.21815139743189016,30,single_test_k10,10
34,div_ratio,1.0201725191927058,0.9615456577859117,1.082221024285519,30,single_test_k10,10
34,hit,0.8708333333333333,0.8229166666666666,0.9145833333333333,30,single_test_k10,10
35,mixture_error,,,,5,single_test_k10,10
35,kid_T,0.40200686185256596,0.27440850501639497,0.5387920407921694,5,single_test_k10,10
35,coverage_T,0.3567567567567568,0.21067567567567566,0.5027027027027027,5,single_test_k10,10
35,kid_S,-0.10899264725426364,-0.2168360054798292,-0.023510849074815,5,single_test_k10,10
35,coverage_S,1.0,1.0,1.0,5,single_test_k10,10
35,sim_S,0.8627744078636169,0.8484274449944496,0.8738665238022804,5,single_test_k10,10
35,sim_T,0.25933840274810793,0.2441493034362793,0.2704953789710999,5,single_test_k10,10
35,sim_T_to_S,0.2207361191511154,0.20992061197757722,0.23099201619625093,5,single_test_k10,10
35,ratio_S,3.922568845748901,3.687926197052002,4.136616060733795,5,single_test_k10,10
35,div_gen,0.2424968510866165,0.21025228202342988,0.28382826447486875,5,single_test_k10,10
35,div_T,0.2395237535238266,0.22801333665847778,0.24667322933673858,5,single_test_k10,10
35,div_ratio,1.022229029519242,0.8597308207541305,1.2566739184651707,5,single_test_k10,10
35,hit,0.85,0.7875,0.9375,5,single_test_k10,10
36,mixture_error,,,,20,single_test_k10,10
36,kid_T,0.3211440325542879,0.2680000492261017,0.37776432747855937,20,single_test_k10,10
36,coverage_T,0.4454175420168066,0.36879012021475255,0.5311136642156862,20,single_test_k10,10
36,kid_S,-0.06602435592611408,-0.11106856241670729,-0.02262649814670549,20,single_test_k10,10
36,coverage_S,1.0,1.0,1.0,20,single_test_k10,10
36,sim_S,0.8612274080514908,0.8543422195315361,0.8690371271967888,20,single_test_k10,10
36,sim_T,0.2913553394377232,0.2778743685781956,0.30361894488334656,20,single_test_k10,10
36,sim_T_to_S,0.24502039924263955,0.2364420748874545,0.2534943030960858,20,single_test_k10,10
36,ratio_S,3.539999210834503,3.411852893233299,3.674752722978592,20,single_test_k10,10
36,div_gen,0.22997157275676727,0.21584998112171888,0.24459220800548792,20,single_test_k10,10
36,div_T,0.2277132712304592,0.21023199951276184,0.24692922795191408,20,single_test_k10,10
36,div_ratio,1.0326118253987946,0.9463248576318831,1.1146919125973325,20,single_test_k10,10
36,hit,0.95,0.925,0.975,20,single_test_k10,10
37,mixture_error,,,,5,single_test_k10,10
37,kid_T,0.25810044668054355,0.22588019206320775,0.28474354184962924,5,single_test_k10,10
37,coverage_T,0.45294117647058824,0.28794117647058826,0.6647058823529413,5,single_test_k10,10
37,kid_S,-0.11530568487153267,-0.16907628862211227,-0.07361065922520567,5,single_test_k10,10
37,coverage_S,1.0,1.0,1.0,5,single_test_k10,10
37,sim_S,0.8560994863510132,0.832681143283844,0.8752694606781006,5,single_test_k10,10
37,sim_T,0.26985072493553164,0.2605625092983246,0.28038179203867913,5,single_test_k10,10
37,sim_T_to_S,0.24168231785297395,0.2360955685377121,0.24803004264831544,5,single_test_k10,10
37,ratio_S,3.5468655109405516,3.3884989738464357,3.6998523712158202,5,single_test_k10,10
37,div_gen,0.22414321899414064,0.2045506325364113,0.24909803569316863,5,single_test_k10,10
37,div_T,0.22709793448448182,0.22077070772647858,0.23286124169826508,5,single_test_k10,10
37,div_ratio,0.9908114101823278,0.883838260920357,1.133590979838032,5,single_test_k10,10
37,hit,0.8625,0.8,0.9125,5,single_test_k10,10
38,mixture_error,,,,5,single_test_k10,10
38,kid_T,0.22649722281186585,0.1516114599453065,0.3141380177461066,5,single_test_k10,10
38,coverage_T,0.4727272727272728,0.4060606060606061,0.5336363636363635,5,single_test_k10,10
38,kid_S,-0.03826431171915416,-0.10787148912265856,0.0409840057548859,5,single_test_k10,10
38,coverage_S,1.0,1.0,1.0,5,single_test_k10,10
38,sim_S,0.862016248703003,0.8524644494056701,0.8715680480003357,5,single_test_k10,10
38,sim_T,0.25850053429603576,0.24458311200141908,0.2752562463283539,5,single_test_k10,10
38,sim_T_to_S,0.21452792584896088,0.20732759833335876,0.22079704105854034,5,single_test_k10,10
38,ratio_S,4.02475414276123,3.8810256481170655,4.19605598449707,5,single_test_k10,10
38,div_gen,0.1991012215614319,0.18966951072216034,0.21061176657676697,5,single_test_k10,10
38,div_T,0.1922850102186203,0.1878150671720505,0.19646478891372682,5,single_test_k10,10
38,div_ratio,1.0374095366620817,0.9701588620312588,1.122916403246339,5,single_test_k10,10
38,hit,0.8875,0.7875,0.9875,5,single_test_k10,10
39,mixture_error,,,,5,single_test_k10,10
39,kid_T,0.34105043000879964,0.3058364222362965,0.38078471094814587,5,single_test_k10,10
39,coverage_T,0.4333333333333333,0.3798333333333333,0.4933333333333333,5,single_test_k10,10
39,kid_S,-0.13857531828974173,-0.15258454237235985,-0.12484584989790037,5,single_test_k10,10
39,coverage_S,1.0,1.0,1.0,5,single_test_k10,10
39,sim_S,0.846226441860199,0.8363208651542664,0.8585203647613525,5,single_test_k10,10
39,sim_T,0.34365394711494446,0.32904553413391113,0.3590676307678223,5,single_test_k10,10
39,sim_T_to_S,0.32384281754493716,0.3125210702419281,0.336407995223999,5,single_test_k10,10
39,ratio_S,2.6194462299346926,2.499387836456299,2.7378423690795897,5,single_test_k10,10
39,div_gen,0.2403702825307846,0.21654307544231416,0.2605297565460205,5,single_test_k10,10
39,div_T,0.21986782252788545,0.21227536499500274,0.22632797956466674,5,single_test_k10,10
39,div_ratio,1.098704213197633,0.9673271432785361,1.2230905997350698,5,single_test_k10,10
39,hit,0.675,0.5625,0.7875,5,single_test_k10,10
40,mixture_error,,,,15,single_test_k10,10
40,kid_T,0.3187162167900645,0.2660354006273841,0.381761491985217,15,single_test_k10,10
40,coverage_T,0.43969696969696953,0.36442003367003367,0.5169654882154883,15,single_test_k10,10
40,kid_S,0.022419352730309445,-0.012865903338462052,0.059759271650267495,15,single_test_k10,10
40,coverage_S,0.9866666666666667,0.9666666666666668,1.0,15,single_test_k10,10
40,sim_S,0.8575283686319987,0.8460947362581889,0.868526974618435,15,single_test_k10,10
40,sim_T,0.28239308297634125,0.2669848635047674,0.29841900969545043,15,single_test_k10,10
40,sim_T_to_S,0.24427383144696554,0.2350021231919527,0.25494282188514866,15,single_test_k10,10
40,ratio_S,3.527944723765055,3.4036284108956654,3.6372751720746357,15,single_test_k10,10
40,div_gen,0.18431298434734344,0.1747453254709641,0.19465014149745305,15,single_test_k10,10
40,div_T,0.1779068301121394,0.17109940990805625,0.18423054700096447,15,single_test_k10,10
40,div_ratio,1.0405073071882827,0.981057519651986,1.1088542539230255,15,single_test_k10,10
40,hit,0.7541666666666667,0.6666666666666666,0.8416666666666667,15,single_test_k10,10
41,mixture_error,,,,5,single_test_k10,10
41,kid_T,0.2722898747482816,0.23058526581806085,0.30843965883679836,5,single_test_k10,10
41,coverage_T,0.5354838709677419,0.4580645161290323,0.6516129032258065,5,single_test_k10,10
41,kid_S,-0.042683975928283144,-0.13525483010308825,0.08321172389801604,5,single_test_k10,10
41,coverage_S,1.0,1.0,1.0,5,single_test_k10,10
41,sim_S,0.8509749412536621,0.8359107851982117,0.8629374504089355,5,single_test_k10,10
41,sim_T,0.2823050796985626,0.2758703291416168,0.2895114183425903,5,single_test_k10,10
41,sim_T_to_S,0.24002057909965516,0.23532356023788453,0.2447182359546423,5,single_test_k10,10
41,ratio_S,3.5464251041412354,3.5017182350158693,3.6174938678741455,5,single_test_k10,10
41,div_gen,0.2518306910991669,0.23171680569648742,0.2689772129058838,5,single_test_k10,10
41,div_T,0.26776500344276427,0.25972544550895693,0.27547043561935425,5,single_test_k10,10
41,div_ratio,0.9436537518832114,0.8435946374579067,1.0364482011103224,5,single_test_k10,10
41,hit,0.9625,0.9125,1.0,5,single_test_k10,10
42,mixture_error,,,,10,single_test_k10,10
42,kid_T,0.2900555616806731,0.2529576537076943,0.3464362838814976,10,single_test_k10,10
42,coverage_T,0.42490196078431375,0.35763725490196074,0.4837303921568627,10,single_test_k10,10
42,kid_S,-0.09662260175075535,-0.1623252499873875,-0.0239191089629248,10,single_test_k10,10
42,coverage_S,1.0,1.0,1.0,10,single_test_k10,10
42,sim_S,0.861951208114624,0.8528843310475349,0.8720866376161576,10,single_test_k10,10
42,sim_T,0.2826590359210968,0.2555613851547241,0.30999282762408253,10,single_test_k10,10
42,sim_T_to_S,0.22923775315284728,0.21447742469608783,0.24362452324479816,10,single_test_k10,10
42,ratio_S,3.8027193546295166,3.5636997920274736,4.0693342775106425,10,single_test_k10,10
42,div_gen,0.24341487288475036,0.2314811773970723,0.2576493337750435,10,single_test_k10,10
42,div_T,0.2624561548233032,0.25851769104599953,0.2661091665178537,10,single_test_k10,10
42,div_ratio,0.9295043788158056,0.8739730552507462,0.9995965871463689,10,single_test_k10,10
42,hit,0.79375,0.7,0.86875,10,single_test_k10,10
43,mixture_error,,,,20,single_test_k10,10
43,kid_T,0.34193302429865763,0.29559371748686614,0.3958451844736467,20,single_test_k10,10
43,coverage_T,0.4330605158730159,0.35760255456349205,0.5083967013888888,20,single_test_k10,10
43,kid_S,-0.055883322135477795,-0.11237075790435862,0.002341501069683263,20,single_test_k10,10
43,coverage_S,1.0,1.0,1.0,20,single_test_k10,10
43,sim_S,0.8573422729969025,0.8511887609958648,0.8633011322468519,20,single_test_k10,10
43,sim_T,0.2885569170117378,0.2762161223962903,0.3001966829225421,20,single_test_k10,10
43,sim_T_to_S,0.2423563204705715,0.2317615778371692,0.252513329628855,20,single_test_k10,10
43,ratio_S,3.577000629901886,3.4245563250780107,3.744966336190701,20,single_test_k10,10
43,div_gen,0.27220001220703127,0.2581919742003083,0.2863907416164875,20,single_test_k10,10
43,div_T,0.25858831852674485,0.25159152198582885,0.26555072870105506,20,single_test_k10,10
43,div_ratio,1.0557726948629507,0.9969856612508304,1.1193341918223054,20,single_test_k10,10
43,hit,0.775,0.69375,0.84375,20,single_test_k10,10
44,mixture_error,,,,5,single_test_k10,10
44,kid_T,0.34474258806274277,0.25228001170288034,0.4326683618495384,5,single_test_k10,10
44,coverage_T,0.3142857142857143,0.25,0.37857142857142856,5,single_test_k10,10
44,kid_S,0.15713878818774737,0.09879804581927835,0.21243305490540898,5,single_test_k10,10
44,coverage_S,1.0,1.0,1.0,5,single_test_k10,10
44,sim_S,0.8823466181755066,0.8681303262710571,0.8964898586273193,5,single_test_k10,10
44,sim_T,0.3479271292686462,0.32288246154785155,0.37297179698944094,5,single_test_k10,10
44,sim_T_to_S,0.3297973573207855,0.31773974895477297,0.3415939748287201,5,single_test_k10,10
44,ratio_S,2.6795133113861085,2.587396335601807,2.753742980957031,5,single_test_k10,10
44,div_gen,0.1392254799604416,0.12617774903774262,0.1501353144645691,5,single_test_k10,10
44,div_T,0.12660575807094573,0.12414400279521942,0.12990871369838713,5,single_test_k10,10
44,div_ratio,1.1031204617557708,0.9804263033700362,1.2050840916150725,5,single_test_k10,10
44,hit,0.9,0.85,0.9625,5,single_test_k10,10
45,mixture_error,,,,20,single_test_k10,10
45,kid_T,0.33987241589152023,0.2995310171495962,0.3815596854255778,20,single_test_k10,10
45,coverage_T,0.4021734950075467,0.33703886476111683,0.46188656046818766,20,single_test_k10,10
45,kid_S,0.0025536362084494614,-0.042041090325799696,0.050782372572222234,20,single_test_k10,10
45,coverage_S,1.0,1.0,1.0,20,single_test_k10,10
45,sim_S,0.8586416482925415,0.8516486044973135,0.8661042051017284,20,single_test_k10,10
45,sim_T,0.325260192155838,0.31202548217028375,0.340017918497324,20,single_test_k10,10
45,sim_T_to_S,0.28417723029851916,0.27192008452489974,0.2970310006476939,20,single_test_k10,10
45,ratio_S,3.053157687187195,2.9037187746167183,3.1960827198624613,20,single_test_k10,10
45,div_gen,0.20901159942150116,0.20082145478576421,0.21652723660692572,20,single_test_k10,10
45,div_T,0.19773219004273415,0.1895465516671538,0.20573736684396862,20,single_test_k10,10
45,div_ratio,1.0640855325342349,1.0109113679851873,1.114174296728346,20,single_test_k10,10
45,hit,0.890625,0.840625,0.934375,20,single_test_k10,10
46,mixture_error,,,,10,single_test_k10,10
46,kid_T,0.34614795457908476,0.27193561620917583,0.42410910345638225,10,single_test_k10,10
46,coverage_T,0.2944224683544304,0.22464299841772156,0.3605755537974683,10,single_test_k10,10
46,kid_S,-0.11603651919083457,-0.1679673790639292,-0.06800143665030874,10,single_test_k10,10
46,coverage_S,1.0,1.0,1.0,10,single_test_k10,10
46,sim_S,0.8519196391105652,0.8362433367967606,0.866782968044281,10,single_test_k10,10
46,sim_T,0.27293828725814817,0.2583275774121285,0.2902820783853531,10,single_test_k10,10
46,sim_T_to_S,0.22469645887613296,0.21498058080673219,0.23552858788520098,10,single_test_k10,10
46,ratio_S,3.8056470155715942,3.673163838386536,3.942562134861946,10,single_test_k10,10
46,div_gen,0.2529538616538048,0.22840309131890535,0.2762005516886711,10,single_test_k10,10
46,div_T,0.23803179562091828,0.21672219563275577,0.26079944990575316,10,single_test_k10,10
46,div_ratio,1.0707825926386871,0.9999326457358596,1.1408627346167146,10,single_test_k10,10
46,hit,0.9125,0.88125,0.95,10,single_test_k10,10
47,mixture_error,,,,15,single_test_k10,10
47,kid_T,0.2708563845914006,0.23714041743078856,0.3044002219005328,15,single_test_k10,10
47,coverage_T,0.45158125029092755,0.3856950146627566,0.5096048503467857,15,single_test_k10,10
47,kid_S,-0.0190180134831247,-0.05672975473260473,0.020965533120610867,15,single_test_k10,10
47,coverage_S,0.9933333333333334,0.98,1.0,15,single_test_k10,10
47,sim_S,0.8513045271237691,0.8429510070880255,0.8590535552302997,15,single_test_k10,10
47,sim_T,0.3013038476308187,0.2905678110321363,0.3115878684818745,15,single_test_k10,10
47,sim_T_to_S,0.27263151705265043,0.25934844215710956,0.28652839961151283,15,single_test_k10,10
47,ratio_S,3.1477594216664633,2.999712606271108,3.2902006073792776,15,single_test_k10,10
47,div_gen,0.21668159862359365,0.20419717885553837,0.22836983643472195,15,single_test_k10,10
47,div_T,0.21253971060117086,0.20043570617834727,0.22337220209340253,15,single_test_k10,10
47,div_ratio,1.0233432818370034,0.9730031501763817,1.0689841082689686,15,single_test_k10,10
47,hit,0.925,0.875,0.9667708333333332,15,single_test_k10,10
48,mixture_error,,,,5,single_test_k10,10
48,kid_T,0.37793818192306433,0.31062234683713824,0.44528788841555583,5,single_test_k10,10
48,coverage_T,0.4133333333333334,0.33316666666666667,0.5066666666666666,5,single_test_k10,10
48,kid_S,0.0396568551463858,-0.11309854958165601,0.1760855749667453,5,single_test_k10,10
48,coverage_S,0.9800000000000001,0.9400000000000001,1.0,5,single_test_k10,10
48,sim_S,0.8598766565322876,0.8482207775115966,0.8691547513008118,5,single_test_k10,10
48,sim_T,0.2962721109390259,0.2791952684521675,0.31031728982925416,5,single_test_k10,10
48,sim_T_to_S,0.2519704431295395,0.24116953313350678,0.2622592210769653,5,single_test_k10,10
48,ratio_S,3.4203933238983155,3.291149139404297,3.5687709736824034,5,single_test_k10,10
48,div_gen,0.18573672771453859,0.16996462643146515,0.20692557096481323,5,single_test_k10,10
48,div_T,0.19892845749855043,0.18864253163337708,0.20795424282550812,5,single_test_k10,10
48,div_ratio,0.9431397910835397,0.8200977352499328,1.0962927480905211,5,single_test_k10,10
48,hit,0.875,0.775,0.9375,5,single_test_k10,10
macro,mixture_error,,,,49,single_test_k10,10
macro,kid_T,0.31796890249648185,0.3083374601645782,0.3279888345193655,49,single_test_k10,10
macro,coverage_T,0.4393116855816769,0.42684378302713893,0.4520695157967778,49,single_test_k10,10
macro,kid_S,-0.02646878127353551,-0.03454612472894515,-0.018298645805860974,49,single_test_k10,10
macro,coverage_S,0.9968165643879927,0.9954176085818942,0.9981591016126731,49,single_test_k10,10
macro,sim_S,0.8560283593417831,0.8544857767508814,0.8574467538193238,49,single_test_k10,10
macro,sim_T,0.3065096853954808,0.3043485403893886,0.30866258373848404,49,single_test_k10,10
macro,sim_T_to_S,0.2682957173499637,0.26687863594556094,0.2698131274122951,49,single_test_k10,10
macro,ratio_S,3.247325402292445,3.2278438914246714,3.2664949216503527,49,single_test_k10,10
macro,div_gen,0.21434478583011662,0.2122102998522844,0.2164411114055656,49,single_test_k10,10
macro,div_T,0.21094997610935629,0.20968453558590122,0.2121510442512434,49,single_test_k10,10
macro,div_ratio,1.0255441477279563,1.0140578185779954,1.0369587237246793,49,single_test_k10,10
macro,hit,0.8766705913134486,0.8686152411576517,0.8848028749524287,49,single_test_k10,10
0,mixture_error,,,,5,single_test_k5,5
0,kid_T,0.48337092503005685,0.3715698469187773,0.59392180878841,5,single_test_k5,5
0,coverage_T,0.28717948717948716,0.23064102564102562,0.3641025641025641,5,single_test_k5,5
0,kid_S,-0.2623578567836013,-0.310788673697019,-0.2174875953060166,5,single_test_k5,5
0,coverage_S,1.0,1.0,1.0,5,single_test_k5,5
0,sim_S,0.8535656213760376,0.8429965257644654,0.8658822774887085,5,single_test_k5,5
0,sim_T,0.34065014123916626,0.3248350083827972,0.3549040791392326,5,single_test_k5,5
0,sim_T_to_S,0.2642688453197479,0.2566011071205139,0.27186617255210876,5,single_test_k5,5
0,ratio_S,3.2328935623168946,3.1567906379699706,3.321158218383789,5,single_test_k5,5
0,div_gen,0.213505756855011,0.20076650373637675,0.22689240872859956,5,single_test_k5,5
0,div_T,0.2478111445903778,0.24520199298858641,0.2506022334098816,5,single_test_k5,5
0,div_ratio,0.8616790448555032,0.8073693176273684,0.915988772083638,5,single_test_k5,5
0,hit,0.95,0.85,1.0,5,single_test_k5,5
1,mixture_error,,,,30,single_test_k5,5
1,kid_T,0.560712856359627,0.5066686557231627,0.6143771930445228,30,single_test_k5,5
1,coverage_T,0.3197487015134074,0.2667193408663997,0.37613400419650417,30,single_test_k5,5
1,kid_S,-0.07961108315575079,-0.14274193033855598,-0.021923604817912085,30,single_test_k5,5
1,coverage_S,1.0,1.0,1.0,30,single_test_k5,5
1,sim_S,0.8579820473988851,0.8498504923284054,0.8663550554712613,30,single_test_k5,5
1,sim_T,0.31553590248028435,0.29456203093131383,0.33561343503495056,30,single_test_k5,5
1,sim_T_to_S,0.2296988939245542,0.2192606516554952,0.2398543943464756,30,single_test_k5,5
1,ratio_S,3.796518111228943,3.618128820459048,3.989110622604688,30,single_test_k5,5
1,div_gen,0.18885174989700318,0.17899660176287094,0.19894465350856386,30,single_test_k5,5
1,div_T,0.20349883139133454,0.19404139692584674,0.21205401883771022,30,single_test_k5,5
1,div_ratio,0.9334289364562417,0.8913313907008598,0.9883376502771958,30,single_test_k5,5
1,hit,0.7708333333333334,0.7208333333333333,0.8208333333333333,30,single_test_k5,5
2,mixture_error,,,,20,single_test_k5,5
2,kid_T,0.4845496588241584,0.4262485485923713,0.5443697141830307,20,single_test_k5,5
2,coverage_T,0.28286661255411255,0.2399660105519481,0.3250483969155844,20,single_test_k5,5
2,kid_S,-0.18788555471801213,-0.25370933654627975,-0.12783890617926505,20,single_test_k5,5
2,coverage_S,1.0,1.0,1.0,20,single_test_k5,5
2,sim_S,0.8581477284431458,0.8483843140304088,0.8673008539527655,20,single_test_k5,5
2,sim_T,0.3023087330162525,0.28070200012996793,0.3251323243416846,20,single_test_k5,5
2,sim_T_to_S,0.21695258766412734,0.20354069489985704,0.2315964147076011,20,single_test_k5,5
2,ratio_S,4.031299066543579,3.7871346905827523,4.264751278162002,20,single_test_k5,5
2,div_gen,0.18924945630133153,0.1722084472235292,0.2067946690507233,20,single_test_k5,5
2,div_T,0.20135414600372314,0.19144990300759673,0.2110518287308514,20,single_test_k5,5
2,div_ratio,0.9402237883093638,0.8709294863467024,1.0203306308796096,20,single_test_k5,5
2,hit,0.69375,0.609375,0.78125,20,single_test_k5,5
3,mixture_error,,,,65,single_test_k5,5
3,kid_T,0.4940564366556104,0.45845335303857454,0.5291015269090507,65,single_test_k5,5
3,coverage_T,0.31891546067068205,0.28735878786763497,0.35163532525391983,65,single_test_k5,5
3,kid_S,-0.19771395117276333,-0.23875599294784805,-0.1560368862712127,65,single_test_k5,5
3,coverage_S,1.0,1.0,1.0,65,single_test_k5,5
3,sim_S,0.8574973427332364,0.8522970686967557,0.8626066530897066,65,single_test_k5,5
3,sim_T,0.3139712455180975,0.3027137606017865,0.32545949312356803,65,single_test_k5,5
3,sim_T_to_S,0.2295357699577625,0.22166047848761083,0.23852305909762017,65,single_test_k5,5
3,ratio_S,3.8000715439136212,3.6763998107726756,3.915311119556427,65,single_test_k5,5
3,div_gen,0.18945774000424606,0.18145020899291223,0.19806208777886172,65,single_test_k5,5
3,div_T,0.20213799797571622,0.1969262894930748,0.20780743657396392,65,single_test_k5,5
3,div_ratio,0.9406422638313676,0.9038836421387378,0.9801485435469142,65,single_test_k5,5
3,hit,0.7201923076923077,0.6682451923076923,0.7673317307692308,65,single_test_k5,5
4,mixture_error,,,,65,single_test_k5,5
4,kid_T,0.5396453032734297,0.5002989881714052,0.5783311862613095,65,single_test_k5,5
4,coverage_T,0.28747773132856613,0.25476387387617694,0.3229641743642758,65,single_test_k5,5
4,kid_S,-0.13346833695615196,-0.1838600218051158,-0.082122364335453,65,single_test_k5,5
4,coverage_S,1.0,1.0,1.0,65,single_test_k5,5
4,sim_S,0.860253421159891,0.8558441410156397,0.864974674330308,65,single_test_k5,5
4,sim_T,0.31198734228427594,0.2998183030061997,0.3247768104649507,65,single_test_k5,5
4,sim_T_to_S,0.22924784261446732,0.22167868686410097,0.23748130740454562,65,single_test_k5,5
4,ratio_S,3.8285720678476185,3.694087023643347,3.9539409519158877,65,single_test_k5,5
4,div_gen,0.19291396209826836,0.18469450011849403,0.2014448397148114,65,single_test_k5,5
4,div_T,0.19826435355039743,0.19246546110281576,0.20408003495862853,65,single_test_k5,5
4,div_ratio,0.9776269539914838,0.9387404417386576,1.012760037473056,65,single_test_k5,5
4,hit,0.8240384615384615,0.7836298076923077,0.8576923076923076,65,single_test_k5,5
5,mixture_error,,,,25,single_test_k5,5
5,kid_T,0.49644499112598844,0.44629819680468685,0.5417014973568969,25,single_test_k5,5
5,coverage_T,0.285025319337114,0.22812370782847166,0.34668014823972076,25,single_test_k5,5
5,kid_S,-0.14451460596089638,-0.20083134560111102,-0.0893289275889768,25,single_test_k5,5
5,coverage_S,1.0,1.0,1.0,25,single_test_k5,5
5,sim_S,0.8548047256469726,0.8482269914150239,0.8613573454022407,25,single_test_k5,5
5,sim_T,0.31985346496105194,0.30286603406071666,0.3364558143317699,25,single_test_k5,5
5,sim_T_to_S,0.23100622236728668,0.22105201192200183,0.24123485942184925,25,single_test_k5,5
5,ratio_S,3.7473724269866944,3.5790437622070312,3.9300366060733793,25,single_test_k5,5
5,div_gen,0.18115149080753326,0.16923666149377822,0.1935333978831768,25,single_test_k5,5
5,div_T,0.18992928981781007,0.17845165066421034,0.2020662582218647,25,single_test_k5,5
5,div_ratio,0.9681239882101554,0.9007293595674675,1.0293466819376667,25,single_test_k5,5
5,hit,0.8425,0.78,0.9025624999999999,25,single_test_k5,5
6,mixture_error,,,,10,single_test_k5,5
6,kid_T,0.48352516173605287,0.4325476519835666,0.548144695627937,10,single_test_k5,5
6,coverage_T,0.29314285714285715,0.19995714285714286,0.37261428571428573,10,single_test_k5,5
6,kid_S,-0.1215366473980497,-0.21643691348746855,-0.01960648254341454,10,single_test_k5,5
6,coverage_S,1.0,1.0,1.0,10,single_test_k5,5
6,sim_S,0.866710877418518,0.8536125174164773,0.8793550598621368,10,single_test_k5,5
6,sim_T,0.2981730103492737,0.2756485551595688,0.32627765454351904,10,single_test_k5,5
6,sim_T_to_S,0.22016250044107438,0.20786529745906593,0.23275826316326856,10,single_test_k5,5
6,ratio_S,3.9705828428268433,3.7301135492324833,4.2147843378782275,10,single_test_k5,5
6,div_gen,0.164247727394104,0.14466430559754373,0.1836682103201747,10,single_test_k5,5
6,div_T,0.16653009355068207,0.15395520523190498,0.17941551629453897,10,single_test_k5,5
6,div_ratio,0.9919972843817597,0.8804329239391908,1.1035032523576924,10,single_test_k5,5
6,hit,0.83125,0.7375,0.91875,10,single_test_k5,5
7,mixture_error,,,,20,single_test_k5,5
7,kid_T,0.48767612695276974,0.4366432598664938,0.5400276166321759,20,single_test_k5,5
7,coverage_T,0.3808418095514869,0.3164346544124769,0.4479306100455293,20,single_test_k5,5
7,kid_S,-0.16858783927338772,-0.2523614346754261,-0.07650788836710744,20,single_test_k5,5
7,coverage_S,1.0,1.0,1.0,20,single_test_k5,5
7,sim_S,0.8644655376672745,0.8572709552198648,0.8713956625759601,20,single_test_k5,5
7,sim_T,0.3152309998869896,0.2968161590769887,0.333572351410985,20,single_test_k5,5
7,sim_T_to_S,0.22397904321551323,0.21441172724589705,0.23361419796943667,20,single_test_k5,5
7,ratio_S,3.895834505558014,3.743000441491604,4.0498328289389605,20,single_test_k5,5
7,div_gen,0.21068856120109558,0.19595943676307798,0.22638885732740163,20,single_test_k5,5
7,div_T,0.21841986104846,0.20558646943420172,0.23238307915627957,20,single_test_k5,5
7,div_ratio,0.9691382911058906,0.9121102667104858,1.0273741469321382,20,single_test_k5,5
7,hit,0.94375,0.89375,0.984375,20,single_test_k5,5
8,mixture_error,,,,15,single_test_k5,5
8,kid_T,0.4954502988866479,0.4463350128180457,0.5486722155256892,15,single_test_k5,5
8,coverage_T,0.23567413567413567,0.1780564218064218,0.289737525987526,15,single_test_k5,5
8,kid_S,-0.2132093242160284,-0.28219385396623753,-0.1385079349822018,15,single_test_k5,5
8,coverage_S,1.0,1.0,1.0,15,single_test_k5,5
8,sim_S,0.8480001409848531,0.842584192554156,0.8535078190763791,15,single_test_k5,5
8,sim_T,0.29094992677370707,0.2772051805257797,0.3035879094898701,15,single_test_k5,5
8,sim_T_to_S,0.22115667263666788,0.21220772467553617,0.2301074354102214,15,single_test_k5,5
8,ratio_S,3.8593702634175617,3.707672007481257,4.0160760343074795,15,single_test_k5,5
8,div_gen,0.19295535186926524,0.1772252669930458,0.20734463788568974,15,single_test_k5,5
8,div_T,0.1967156211535136,0.18667305347820123,0.20707536324858666,15,single_test_k5,5
8,div_ratio,0.9861608336555245,0.9121416602039465,1.0573203432967098,15,single_test_k5,5
8,hit,0.925,0.8833333333333333,0.9625,15,single_test_k5,5
9,mixture_error,,,,110,single_test_k5,5
9,kid_T,0.4626769875171324,0.43368636348958456,0.49221717808569965,110,single_test_k5,5
9,coverage_T,0.3539696968576768,0.33002379978545177,0.3778567413761626,110,single_test_k5,5
9,kid_S,-0.20869352962061394,-0.24018378580992367,-0.17671126241200347,110,single_test_k5,5
9,coverage_S,1.0,1.0,1.0,110,single_test_k5,5
9,sim_S,0.8547726788304069,0.8508258444883607,0.8587180975350466,110,single_test_k5,5
9,sim_T,0.3175112083554268,0.3093814998153936,0.3251122694394805,110,single_test_k5,5
9,sim_T_to_S,0.2372472964904525,0.23001858111132276,0.24415053319524635,110,single_test_k5,5
9,ratio_S,3.703426666693254,3.5890494044802406,3.8214856961640447,110,single_test_k5,5
9,div_gen,0.19722139930183238,0.1910516523265026,0.20327947311103345,110,single_test_k5,5
9,div_T,0.2122988133267923,0.20782558063214476,0.21698369959877295,110,single_test_k5,5
9,div_ratio,0.9359119308155205,0.9090774353823798,0.9648522209512784,110,single_test_k5,5
9,hit,0.7806818181818181,0.7448721590909091,0.8136363636363636,110,single_test_k5,5
10,mixture_error,,,,30,single_test_k5,5
10,kid_T,0.4827415609997205,0.4213251537476002,0.5467123842930663,30,single_test_k5,5
10,coverage_T,0.35237727312467215,0.293983911450137,0.4086608317669173,30,single_test_k5,5
10,kid_S,-0.2335149389494412,-0.2834953251181272,-0.1860254573016812,30,single_test_k5,5
10,coverage_S,1.0,1.0,1.0,30,single_test_k5,5
10,sim_S,0.853627747297287,0.8477460687855879,0.8594170988599459,30,single_test_k5,5
10,sim_T,0.2904087389508883,0.2788414337982734,0.30106451888879143,30,single_test_k5,5
10,sim_T_to_S,0.21903006434440614,0.21169633227090043,0.2256799143428604,30,single_test_k5,5
10,ratio_S,3.9283220529556275,3.794830034772555,4.075240164796511,30,single_test_k5,5
10,div_gen,0.20698145776987076,0.1964857629686594,0.21688791025429965,30,single_test_k5,5
10,div_T,0.2232524757583936,0.2162826693803072,0.23098607865472634,30,single_test_k5,5
10,div_ratio,0.9305871711537591,0.8861416441528774,0.9747027510885581,30,single_test_k5,5
10,hit,0.9104166666666667,0.8749479166666667,0.9438020833333333,30,single_test_k5,5
11,mixture_error,,,,5,single_test_k5,5
11,kid_T,0.46762609899110574,0.36152239265211855,0.5940099149535178,5,single_test_k5,5
11,coverage_T,0.24,0.16,0.31999999999999995,5,single_test_k5,5
11,kid_S,-0.3004365141112032,-0.33644981697168463,-0.25917163664165627,5,single_test_k5,5
11,coverage_S,1.0,1.0,1.0,5,single_test_k5,5
11,sim_S,0.8452500224113464,0.8328111171722412,0.8576889276504517,5,single_test_k5,5
11,sim_T,0.2778571665287018,0.26579750776290895,0.29014927744865415,5,single_test_k5,5
11,sim_T_to_S,0.21236529052257538,0.2065751224756241,0.21762875318527222,5,single_test_k5,5
11,ratio_S,3.9844595909118654,3.8957778453826903,4.138283157348633,5,single_test_k5,5
11,div_gen,0.23458922505378724,0.22091581515967845,0.24982159733772277,5,single_test_k5,5
11,div_T,0.25234727561473846,0.24980830252170563,0.2547923505306244,5,single_test_k5,5
11,div_ratio,0.9301775672771674,0.871174421436066,0.9990836259294351,5,single_test_k5,5
11,hit,0.9375,0.875,0.9875,5,single_test_k5,5
12,mixture_error,,,,65,single_test_k5,5
12,kid_T,0.4417347097079148,0.41058037450560353,0.47726514534181824,65,single_test_k5,5
12,coverage_T,0.2849076047060468,0.25023372222453294,0.3219446076331702,65,single_test_k5,5
12,kid_S,-0.21662607700211592,-0.25714812313742685,-0.17755525740223763,65,single_test_k5,5
12,coverage_S,1.0,1.0,1.0,65,single_test_k5,5
12,sim_S,0.8503370771041283,0.8457127299446326,0.8551489099172446,65,single_test_k5,5
12,sim_T,0.3188641804915208,0.30985216392920567,0.32801157531829983,65,single_test_k5,5
12,sim_T_to_S,0.23302073960120862,0.2276668258412526,0.2385665961756156,65,single_test_k5,5
12,ratio_S,3.6841940182905932,3.586699955463409,3.777723951064623,65,single_test_k5,5
12,div_gen,0.19380053132772446,0.1853658518453057,0.20247758680524736,65,single_test_k5,5
12,div_T,0.20949240097632774,0.20427630382088513,0.21471516785713343,65,single_test_k5,5
12,div_ratio,0.9284837096548569,0.8893159948253723,0.9701872807397902,65,single_test_k5,5
12,hit,0.8932692307692308,0.8682692307692308,0.9182692307692307,65,single_test_k5,5
13,mixture_error,,,,5,single_test_k5,5
13,kid_T,0.3884780281708302,0.3200309030115925,0.44311127260716676,5,single_test_k5,5
13,coverage_T,0.40975609756097564,0.33170731707317075,0.4975609756097561,5,single_test_k5,5
13,kid_S,-0.378726204943316,-0.4430714846122232,-0.31887313494909364,5,single_test_k5,5
13,coverage_S,1.0,1.0,1.0,5,single_test_k5,5
13,sim_S,0.8394237279891967,0.8196632739901543,0.8529311776161194,5,single_test_k5,5
13,sim_T,0.26694842576980593,0.25187262892723083,0.28471245110034943,5,single_test_k5,5
13,sim_T_to_S,0.20302599370479585,0.19228354066610334,0.2123233526945114,5,single_test_k5,5
13,ratio_S,4.151249694824219,3.9590694427490236,4.441625165939331,5,single_test_k5,5
13,div_gen,0.23531932830810548,0.21362263560295106,0.25605957508087157,5,single_test_k5,5
13,div_T,0.23696288764476775,0.23252853453159333,0.2409549057483673,5,single_test_k5,5
13,div_ratio,0.9953908818770051,0.8868200820590939,1.102706516525494,5,single_test_k5,5
13,hit,0.8375,0.7371875000000001,0.9125,5,single_test_k5,5
14,mixture_error,,,,10,single_test_k5,5
14,kid_T,0.4814196451455791,0.3780785849203511,0.5909349999891889,10,single_test_k5,5
14,coverage_T,0.36590909090909085,0.2584415584415584,0.509431818181818,10,single_test_k5,5
14,kid_S,-0.12798361308305245,-0.18854829103134693,-0.0684261532848805,10,single_test_k5,5
14,coverage_S,1.0,1.0,1.0,10,single_test_k5,5
14,sim_S,0.8603327751159668,0.8466068677604198,0.8756503814458847,10,single_test_k5,5
14,sim_T,0.3396285891532898,0.31417296066880224,0.36485317297279835,10,single_test_k5,5
14,sim_T_to_S,0.2652397945523262,0.248035948574543,0.27786115564405917,10,single_test_k5,5
14,ratio_S,3.2801015377044678,3.1078263568878177,3.55777790248394,10,single_test_k5,5
14,div_gen,0.16166818290948867,0.1493808580189943,0.17606612116098402,10,single_test_k5,5
14,div_T,0.17365956604480742,0.16514964062720539,0.18235666435211895,10,single_test_k5,5
14,div_ratio,0.9318412496023776,0.8700219450558475,1.002824044091946,10,single_test_k5,5
14,hit,0.98125,0.95,1.0,10,single_test_k5,5
15,mixture_error,,,,20,single_test_k5,5
15,kid_T,0.4882122922951703,0.43863879020352,0.5347629732825535,20,single_test_k5,5
15,coverage_T,0.24524883171941997,0.19260924627836395,0.3044570893467952,20,single_test_k5,5
15,kid_S,-0.11124366848131481,-0.19141710590166372,-0.026879152569621655,20,single_test_k5,5
15,coverage_S,1.0,1.0,1.0,20,single_test_k5,5
15,sim_S,0.8603068470954895,0.8523841937631369,0.8674808237701654,20,single_test_k5,5
15,sim_T,0.327950319647789,0.31184351731091736,0.34808827098459005,20,single_test_k5,5
15,sim_T_to_S,0.24634307399392127,0.23483871098607778,0.25759190507233143,20,single_test_k5,5
15,ratio_S,3.5377225041389466,3.368598879873753,3.7268833670020105,20,single_test_k5,5
15,div_gen,0.16467116326093673,0.15771573970094324,0.17276512425392865,20,single_test_k5,5
15,div_T,0.15931466296315194,0.14902332438156007,0.17088115794584155,20,single_test_k5,5
15,div_ratio,1.0485343350383316,0.989922154981777,1.1062862077210185,20,single_test_k5,5
15,hit,0.8,0.737421875,0.8625,20,single_test_k5,5
16,mixture_error,,,,5,single_test_k5,5
16,kid_T,0.42745126837712666,0.3862461666713603,0.46272630420758964,5,single_test_k5,5
16,coverage_T,0.3473684210526316,0.24210526315789468,0.46842105263157896,5,single_test_k5,5
16,kid_S,-0.2801389683987662,-0.41379354924429423,-0.1297387939721709,5,single_test_k5,5
16,coverage_S,1.0,1.0,1.0,5,single_test_k5,5
16,sim_S,0.869385039806366,0.8546535730361938,0.8833040770888329,5,single_test_k5,5
16,sim_T,0.2815307378768921,0.258419531583786,0.30576825737953184,5,single_test_k5,5
16,sim_T_to_S,0.2103026419878006,0.1925918787717819,0.22999829053878784,5,single_test_k5,5
16,ratio_S,4.177254581451416,3.8041483879089357,4.562703418731689,5,single_test_k5,5
16,div_gen,0.20393502712249756,0.18583361208438873,0.220252388715744,5,single_test_k5,5
16,div_T,0.2207307368516922,0.21769809424877168,0.2245067834854126,5,single_test_k5,5
16,div_ratio,0.9256235033462332,0.8313199518554957,1.010600907166345,5,single_test_k5,5
16,hit,1.0,1.0,1.0,5,single_test_k5,5
17,mixture_error,,,,55,single_test_k5,5
17,kid_T,0.4646484640008037,0.42747614529382966,0.5076958291269482,55,single_test_k5,5
17,coverage_T,0.3023529512955059,0.2652330168858972,0.3391278847793209,55,single_test_k5,5
17,kid_S,-0.24499529653684896,-0.2882613464121829,-0.20481384751773513,55,single_test_k5,5
17,coverage_S,1.0,1.0,1.0,55,single_test_k5,5
17,sim_S,0.8557540015740828,0.8506797542897138,0.8603923149813305,55,single_test_k5,5
17,sim_T,0.30566293055360966,0.29296480206603354,0.31716908636418256,55,single_test_k5,5
17,sim_T_to_S,0.22815698710354892,0.21904166386886076,0.23694749748842284,55,single_test_k5,5
17,ratio_S,3.8275853763927112,3.6751167114214462,3.9843142927776682,55,single_test_k5,5
17,div_gen,0.204546458883719,0.19465217653323305,0.21496857891705903,55,single_test_k5,5
17,div_T,0.2162187473340468,0.21102308963510125,0.221557119299065,55,single_test_k5,5
17,div_ratio,0.9519988951494751,0.9058020002816791,1.0022710551136,55,single_test_k5,5
17,hit,0.9238636363636363,0.8943181818181818,0.9488920454545454,55,single_test_k5,5
18,mixture_error,,,,25,single_test_k5,5
18,kid_T,0.5003886005603306,0.42404427971798514,0.589175224188196,25,single_test_k5,5
18,coverage_T,0.2789947607594667,0.23393695780460488,0.32660004785004787,25,single_test_k5,5
18,kid_S,-0.2223005269839382,-0.28329540237223183,-0.15215433267194367,25,single_test_k5,5
18,coverage_S,1.0,1.0,1.0,25,single_test_k5,5
18,sim_S,0.8486289262771607,0.842216067135334,0.8553064743876457,25,single_test_k5,5
18,sim_T,0.3277917659282684,0.30795419809222224,0.3498885164856911,25,single_test_k5,5
18,sim_T_to_S,0.23417019605636596,0.22784374283254144,0.24162315019965172,25,single_test_k5,5
18,ratio_S,3.6439710235595704,3.5429314789772035,3.741988936185837,25,single_test_k5,5
18,div_gen,0.20559372663497924,0.1929994377195835,0.21795865857601165,25,single_test_k5,5
18,div_T,0.22058592677116395,0.21726604606211186,0.22397028435766697,25,single_test_k5,5
18,div_ratio,0.9351504925884818,0.8732746930693673,0.9984444532176296,25,single_test_k5,5
18,hit,0.88,0.805,0.94,25,single_test_k5,5
19,mixture_error,,,,5,single_test_k5,5
19,kid_T,0.36284049743932023,0.2756933549165826,0.44073315126532636,5,single_test_k5,5
19,coverage_T,0.3589743589743589,0.25128205128205133,0.4666666666666666,5,single_test_k5,5
19,kid_S,-0.31146217098721,-0.402568908359209,-0.19978307415981292,5,single_test_k5,5
19,coverage_S,1.0,1.0,1.0,5,single_test_k5,5
19,sim_S,0.8637983798980713,0.8552054762840271,0.8750952872633934,5,single_test_k5,5
19,sim_T,0.3388554275035858,0.2935118734836578,0.38512179255485535,5,single_test_k5,5
19,sim_T_to_S,0.24840765297412873,0.23553676903247833,0.2585953623056412,5,single_test_k5,5
19,ratio_S,3.488000440597534,3.331016492843628,3.6643370151519776,5,single_test_k5,5
19,div_gen,0.2179003745317459,0.19937341809272766,0.23683539927005767,5,single_test_k5,5
19,div_T,0.23629975616931914,0.2335410922765732,0.23911987245082855,5,single_test_k5,5
19,div_ratio,0.9232068347418443,0.8352145922544784,1.0111990772292103,5,single_test_k5,5
19,hit,0.8375,0.75,0.9375,5,single_test_k5,5
20,mixture_error,,,,10,single_test_k5,5
20,kid_T,0.5479531625420041,0.46499256300688013,0.6487690353949059,10,single_test_k5,5
20,coverage_T,0.2817170111287758,0.2281339427662957,0.33760532591414943,10,single_test_k5,5
20,kid_S,-0.22938881221900384,-0.35078550452636986,-0.11318217383747897,10,single_test_k5,5
20,coverage_S,1.0,1.0,1.0,10,single_test_k5,5
20,sim_S,0.8519750595092773,0.8362430708110332,0.8675281797349453,10,single_test_k5,5
20,sim_T,0.34999838173389436,0.32650269709527496,0.37287238880991935,10,single_test_k5,5
20,sim_T_to_S,0.25655816197395326,0.24871716745197772,0.26321358889341356,10,single_test_k5,5
20,ratio_S,3.3267539024353026,3.2293701183795926,3.4401327145099643,10,single_test_k5,5
20,div_gen,0.20135680735111236,0.18481926754117012,0.21746263928711415,10,single_test_k5,5
20,div_T,0.22247542887926103,0.2197213715314865,0.22507795311510564,10,single_test_k5,5
20,div_ratio,0.9074149561216028,0.824079056376255,0.9901043731268179,10,single_test_k5,5
20,hit,0.8125,0.775,0.85,10,single_test_k5,5
21,mixture_error,,,,15,single_test_k5,5
21,kid_T,0.48810500470482515,0.4087342674922203,0.5722768731731408,15,single_test_k5,5
21,coverage_T,0.25799625211389915,0.18379644864938982,0.34028646190410894,15,single_test_k5,5
21,kid_S,-0.19622453467146622,-0.271497833468057,-0.12221329246621059,15,single_test_k5,5
21,coverage_S,1.0,1.0,1.0,15,single_test_k5,5
21,sim_S,0.8599402666091919,0.8488527438044549,0.8700657408436139,15,single_test_k5,5
21,sim_T,0.32921619216601056,0.3022911723454793,0.35704219778378804,15,single_test_k5,5
21,sim_T_to_S,0.23259639044602712,0.2239411461353302,0.2408977330724398,15,single_test_k5,5
21,ratio_S,3.715517282485962,3.5815838503837583,3.8488060490290326,15,single_test_k5,5
21,div_gen,0.19930067360401155,0.1841280912856261,0.21280409979323545,15,single_test_k5,5
21,div_T,0.21800691882769266,0.2157849737505118,0.2203639479726553,15,single_test_k5,5
21,div_ratio,0.9167324893016077,0.8407181949683025,0.9853829427127757,15,single_test_k5,5
21,hit,0.8416666666666667,0.775,0.9001041666666666,15,single_test_k5,5
22,mixture_error,,,,55,single_test_k5,5
22,kid_T,0.4972472254778907,0.45363602239322237,0.5429550441261002,55,single_test_k5,5
22,coverage_T,0.40344489880093604,0.3559339132868545,0.4520387214543562,55,single_test_k5,5
22,kid_S,-0.1864158070954504,-0.2443477383161495,-0.13484148056162812,55,single_test_k5,5
22,coverage_S,1.0,1.0,1.0,55,single_test_k5,5
22,sim_S,0.8565681620077653,0.8507788022810763,0.8629819069667296,55,single_test_k5,5
22,sim_T,0.314886550469832,0.3025341773439537,0.32704162934287023,55,single_test_k5,5
22,sim_T_to_S,0.23467570678754288,0.2269137951393019,0.24254423627121882,55,single_test_k5,5
22,ratio_S,3.714130384271795,3.577585907090794,3.8512610469081183,55,single_test_k5,5
22,div_gen,0.20775681923736225,0.19815914254974235,0.21829526721753856,55,single_test_k5,5
22,div_T,0.22764839204874907,0.22158787279643796,0.23352971807799555,55,single_test_k5,5
22,div_ratio,0.9170695268406593,0.8738307019031869,0.9618257023672101,55,single_test_k5,5
22,hit,0.8806818181818182,0.8431534090909091,0.9159090909090909,55,single_test_k5,5
23,mixture_error,,,,10,single_test_k5,5
23,kid_T,0.5476018914338899,0.49027020696658397,0.6109937119533239,10,single_test_k5,5
23,coverage_T,0.37739463601532564,0.30841954022988505,0.45087803320561937,10,single_test_k5,5
23,kid_S,0.023504108673631306,-0.13307197229499038,0.1962223612682283,10,single_test_k5,5
23,coverage_S,1.0,1.0,1.0,10,single_test_k5,5
23,sim_S,0.8591587722301484,0.8485876886546612,0.8683094322681427,10,single_test_k5,5
23,sim_T,0.3408971607685089,0.31620117589831354,0.3620016695559025,10,single_test_k5,5
23,sim_T_to_S,0.2560583144426346,0.24440683811903,0.26552711457014083,10,single_test_k5,5
23,ratio_S,3.372520351409912,3.2369660860300065,3.5300420939922335,10,single_test_k5,5
23,div_gen,0.1700308993458748,0.15800458826124666,0.1830839153751731,10,single_test_k5,5
23,div_T,0.1879711389541626,0.18041745699942113,0.1952131498232484,10,single_test_k5,5
23,div_ratio,0.9082922082069731,0.8335722108198212,0.9832901874454719,10,single_test_k5,5
23,hit,0.875,0.7875,0.9625,10,single_test_k5,5
24,mixture_error,,,,5,single_test_k5,5
24,kid_T,0.46562009042709923,0.40384571054887497,0.5328523491577662,5,single_test_k5,5
24,coverage_T,0.29714285714285715,0.19428571428571426,0.4,5,single_test_k5,5
24,kid_S,-0.25331950762913247,-0.363484127306657,-0.13886795586776088,5,single_test_k5,5
24,coverage_S,1.0,1.0,1.0,5,single_test_k5,5
24,sim_S,0.852114486694336,0.8377194404602051,0.8666103839874267,5,single_test_k5,5
24,sim_T,0.36282484531402587,0.3393967568874359,0.3876372508704662,5,single_test_k5,5
24,sim_T_to_S,0.2692177653312683,0.2574731528759003,0.27987475991249083,5,single_test_k5,5
24,ratio_S,3.1743887424468995,3.0174242568016054,3.3394242286682125,5,single_test_k5,5
24,div_gen,0.21265840232372285,0.19910857178270816,0.22685249149799347,5,single_test_k5,5
24,div_T,0.1993804007768631,0.19675381481647491,0.2015534487366676,5,single_test_k5,5
24,div_ratio,1.06753515549026,0.9922930855282927,1.149747369091295,5,single_test_k5,5
24,hit,1.0,1.0,1.0,5,single_test_k5,5
25,mixture_error,,,,5,single_test_k5,5
25,kid_T,0.6103035588852265,0.4748654314367361,0.7466505066841969,5,single_test_k5,5
25,coverage_T,0.15609756097560976,0.1121951219512195,0.20487804878048782,5,single_test_k5,5
25,kid_S,-0.1771714041478841,-0.2976281885510641,-0.03817795809124043,5,single_test_k5,5
25,coverage_S,1.0,1.0,1.0,5,single_test_k5,5
25,sim_S,0.8586989641189575,0.8399973464012146,0.8751938682794571,5,single_test_k5,5
25,sim_T,0.30299697518348695,0.27823869585990907,0.33008023500442507,5,single_test_k5,5
25,sim_T_to_S,0.19505986869335173,0.18415513038635253,0.20750633776187896,5,single_test_k5,5
25,ratio_S,4.418774795532227,4.124810123443604,4.634292984008789,5,single_test_k5,5
25,div_gen,0.20112747848033904,0.17941297091543676,0.22539883412420747,5,single_test_k5,5
25,div_T,0.2177273541688919,0.21383855521678924,0.22129361927509308,5,single_test_k5,5
25,div_ratio,0.9265097048351494,0.8102253181734853,1.0493311688543299,5,single_test_k5,5
25,hit,0.7375,0.5875,0.9,5,single_test_k5,5
26,mixture_error,,,,25,single_test_k5,5
26,kid_T,0.47805081805806254,0.4163278889199156,0.5447733204876126,25,single_test_k5,5
26,coverage_T,0.3278067987015356,0.28796392657840025,0.3640620718897035,25,single_test_k5,5
26,kid_S,-0.21823224470386635,-0.2760860374145267,-0.16378046682836928,25,single_test_k5,5
26,coverage_S,1.0,1.0,1.0,25,single_test_k5,5
26,sim_S,0.8554003167152405,0.8477494349479675,0.8631443129181862,25,single_test_k5,5
26,sim_T,0.3156131619215012,0.299982189103961,0.33074282890558243,25,single_test_k5,5
26,sim_T_to_S,0.23101711571216582,0.21947371287643908,0.24148806908726692,25,single_test_k5,5
26,ratio_S,3.762846059799194,3.5789061534404754,3.9561349411010744,25,single_test_k5,5
26,div_gen,0.19710404872894288,0.18372296462953092,0.2112496367394924,25,single_test_k5,5
26,div_T,0.21696715354919432,0.20958586876094343,0.22354753977060318,25,single_test_k5,5
26,div_ratio,0.9110273312310347,0.8523917775005869,0.9703928742131636,25,single_test_k5,5
26,hit,0.9225,0.88,0.96,25,single_test_k5,5
27,mixture_error,,,,20,single_test_k5,5
27,kid_T,0.4386055374599397,0.39122792527582734,0.4851154180881186,20,single_test_k5,5
27,coverage_T,0.3146804666753733,0.2668933328980018,0.36553378716642715,20,single_test_k5,5
27,kid_S,-0.18765892425873282,-0.24030177923317875,-0.1410798245514837,20,single_test_k5,5
27,coverage_S,1.0,1.0,1.0,20,single_test_k5,5
27,sim_S,0.8572059571743011,0.8508920504897833,0.8633457141369582,20,single_test_k5,5
27,sim_T,0.30321898981928824,0.28606716509908436,0.3206781933829188,20,single_test_k5,5
27,sim_T_to_S,0.22843291833996773,0.21637819912284612,0.23998306173831224,20,single_test_k5,5
27,ratio_S,3.8096052169799806,3.6245101460814477,4.017187286019325,20,single_test_k5,5
27,div_gen,0.17711302638053894,0.16397137748077512,0.19245560862123967,20,single_test_k5,5
27,div_T,0.19048779904842378,0.18045249501243232,0.20063722994178532,20,single_test_k5,5
27,div_ratio,0.9312055675723065,0.8764740676444208,0.9962599634242338,20,single_test_k5,5
27,hit,0.934375,0.890546875,0.96875,20,single_test_k5,5
28,mixture_error,,,,10,single_test_k5,5
28,kid_T,0.4523771763576997,0.3944062234170389,0.5145772549199076,10,single_test_k5,5
28,coverage_T,0.34054054054054056,0.2702702702702703,0.41891891891891897,10,single_test_k5,5
28,kid_S,-0.19445951999589733,-0.2898299259929473,-0.0891013594007499,10,single_test_k5,5
28,coverage_S,1.0,1.0,1.0,10,single_test_k5,5
28,sim_S,0.8506501913070679,0.8410373649001122,0.860793100297451,10,single_test_k5,5
28,sim_T,0.30369951128959655,0.2762192793190479,0.33748865246772763,10,single_test_k5,5
28,sim_T_to_S,0.2108820155262947,0.20003864478319885,0.22130970250815155,10,single_test_k5,5
28,ratio_S,4.058378076553344,3.8594101488590242,4.284461706876755,10,single_test_k5,5
28,div_gen,0.18506811708211898,0.1691890570893884,0.20148292444646357,10,single_test_k5,5
28,div_T,0.2084653228521347,0.19696369081735612,0.21922838520258667,10,single_test_k5,5
28,div_ratio,0.8918720666664287,0.8141410341894145,0.9888185175778397,10,single_test_k5,5
28,hit,0.91875,0.8625,0.975,10,single_test_k5,5
29,mixture_error,,,,5,single_test_k5,5
29,kid_T,0.41233773404877816,0.32445608386201175,0.49294527346044636,5,single_test_k5,5
29,coverage_T,0.40588235294117647,0.3117647058823529,0.5411764705882353,5,single_test_k5,5
29,kid_S,-0.3061916406377637,-0.36170526876954573,-0.25292295951128524,5,single_test_k5,5
29,coverage_S,1.0,1.0,1.0,5,single_test_k5,5
29,sim_S,0.8425716757774353,0.8300694704055787,0.8524056673049927,5,single_test_k5,5
29,sim_T,0.3133464872837067,0.2973293662071228,0.3284363952279091,5,single_test_k5,5
29,sim_T_to_S,0.22367607057094574,0.21514321565628053,0.23154661923646924,5,single_test_k5,5
29,ratio_S,3.7724326610565186,3.6585028648376463,3.9000009536743163,5,single_test_k5,5
29,div_gen,0.21377332210540773,0.20136946275830267,0.22551583349704743,5,single_test_k5,5
29,div_T,0.22422218322753906,0.2202767822146416,0.22828605353832246,5,single_test_k5,5
29,div_ratio,0.954748205642695,0.8871257074114747,1.02160077800048,5,single_test_k5,5
29,hit,0.9125,0.8625,0.9375,5,single_test_k5,5
30,mixture_error,,,,5,single_test_k5,5
30,kid_T,0.38197024427094883,0.29945615020431865,0.47806864961777895,5,single_test_k5,5
30,coverage_T,0.3870967741935484,0.3096774193548387,0.4645161290322581,5,single_test_k5,5
30,kid_S,-0.17047623151662278,-0.23449775815869658,-0.1184675402007197,5,single_test_k5,5
30,coverage_S,1.0,1.0,1.0,5,single_test_k5,5
30,sim_S,0.8573434948921204,0.8417770385742187,0.872909951210022,5,single_test_k5,5
30,sim_T,0.3736435234546661,0.3353576907515526,0.4106956021487712,5,single_test_k5,5
30,sim_T_to_S,0.28513447642326356,0.27433772683143615,0.29444133043289183,5,single_test_k5,5
30,ratio_S,3.0120544910430906,2.907103490829468,3.1563762998580933,5,single_test_k5,5
30,div_gen,0.16651835590600966,0.1363326296210289,0.19518847167491912,5,single_test_k5,5
30,div_T,0.16875838339328766,0.165489661693573,0.17138974666595458,5,single_test_k5,5
30,div_ratio,0.9885399246237074,0.807033475559435,1.1731342542767746,5,single_test_k5,5
30,hit,1.0,1.0,1.0,5,single_test_k5,5
31,mixture_error,,,,5,single_test_k5,5
31,kid_T,0.43971250446341975,0.35722846803081154,0.5247587081690135,5,single_test_k5,5
31,coverage_T,0.5166666666666667,0.3666666666666667,0.7083333333333333,5,single_test_k5,5
31,kid_S,-0.3300590025527221,-0.4097014385123501,-0.2504165665930941,5,single_test_k5,5
31,coverage_S,1.0,1.0,1.0,5,single_test_k5,5
31,sim_S,0.8675796747207641,0.8609986066818237,0.873956835269928,5,single_test_k5,5
31,sim_T,0.3775777816772461,0.3469220340251923,0.4082335293292999,5,single_test_k5,5
31,sim_T_to_S,0.29085169434547425,0.27539265155792236,0.30631073713302615,5,single_test_k5,5
31,ratio_S,2.9934070110321045,2.8451977729797364,3.1416162490844726,5,single_test_k5,5
31,div_gen,0.2244710087776184,0.2097395420074463,0.24136132180690764,5,single_test_k5,5
31,div_T,0.23722582757472993,0.2326438071578741,0.24170728623867035,5,single_test_k5,5
31,div_ratio,0.9483083494617184,0.8682564057792451,1.0377044737902468,5,single_test_k5,5
31,hit,1.0,1.0,1.0,5,single_test_k5,5
32,mixture_error,,,,5,single_test_k5,5
32,kid_T,0.6082510406255643,0.49218206541844534,0.7147714998767046,5,single_test_k5,5
32,coverage_T,0.4387096774193549,0.3290322580645161,0.5419354838709677,5,single_test_k5,5
32,kid_S,-0.001159224198707065,-0.23445275594888598,0.3384730221433235,5,single_test_k5,5
32,coverage_S,1.0,1.0,1.0,5,single_test_k5,5
32,sim_S,0.8543670058250428,0.8389180779457093,0.872526694536209,5,single_test_k5,5
32,sim_T,0.38327849507331846,0.3505686104297638,0.4159883797168732,5,single_test_k5,5
32,sim_T_to_S,0.29155328273773196,0.2800655722618103,0.3044299753010273,5,single_test_k5,5
32,ratio_S,2.939841318130493,2.786042308807373,3.093700028657913,5,single_test_k5,5
32,div_gen,0.18767326474189758,0.1567909300327301,0.21855559945106506,5,single_test_k5,5
32,div_T,0.20572662949562073,0.20058475732803344,0.20990505516529084,5,single_test_k5,5
32,div_ratio,0.9172972371182675,0.7519613722382029,1.082633101998332,5,single_test_k5,5
32,hit,0.9125,0.825,0.9875,5,single_test_k5,5
33,mixture_error,,,,5,single_test_k5,5
33,kid_T,0.4204396164194343,0.33846085406510157,0.5040613024404881,5,single_test_k5,5
33,coverage_T,0.26666666666666666,0.13846153846153847,0.3948717948717949,5,single_test_k5,5
33,kid_S,-0.1731403550699575,-0.30230316628482823,-0.07209973583692737,5,single_test_k5,5
33,coverage_S,1.0,1.0,1.0,5,single_test_k5,5
33,sim_S,0.8770476460456849,0.8624856829643249,0.8922358274459838,5,single_test_k5,5
33,sim_T,0.3086656928062439,0.2999443352222443,0.31787927746772765,5,single_test_k5,5
33,sim_T_to_S,0.23530240654945372,0.22721038162708282,0.2434581309556961,5,single_test_k5,5
33,ratio_S,3.7356966018676756,3.5561242580413817,3.916102647781372,5,single_test_k5,5
33,div_gen,0.1580504685640335,0.14355280697345735,0.17108856439590453,5,single_test_k5,5
33,div_T,0.1783001661300659,0.17489733695983886,0.18160676062107087,5,single_test_k5,5
33,div_ratio,0.888105333387171,0.7999119015937103,0.9719241723744364,5,single_test_k5,5
33,hit,1.0,1.0,1.0,5,single_test_k5,5
34,mixture_error,,,,30,single_test_k5,5
34,kid_T,0.54339054364033,0.4841991826719613,0.6075243086185609,30,single_test_k5,5
34,coverage_T,0.25985183301801934,0.219364600765576,0.2982419468613057,30,single_test_k5,5
34,kid_S,-0.19517719352699678,-0.2680656686306094,-0.11764174053627804,30,single_test_k5,5
34,coverage_S,1.0,1.0,1.0,30,single_test_k5,5
34,sim_S,0.8519164403279622,0.844184217453003,0.8589248478412628,30,single_test_k5,5
34,sim_T,0.31647585382064186,0.29873054031282664,0.3366533783078194,30,single_test_k5,5
34,sim_T_to_S,0.22889718860387803,0.21585209327439467,0.24147135169555745,30,single_test_k5,5
34,ratio_S,3.822305758794149,3.5905433011054995,4.056524384021759,30,single_test_k5,5
34,div_gen,0.19623993982871374,0.18459008511155844,0.20940766939272482,30,single_test_k5,5
34,div_T,0.20737201025088628,0.19769394014030695,0.21779244481275478,30,single_test_k5,5
34,div_ratio,0.958188015083371,0.8940464692853588,1.0379657724942069,30,single_test_k5,5
34,hit,0.8729166666666667,0.8229166666666666,0.91875,30,single_test_k5,5
35,mixture_error,,,,5,single_test_k5,5
35,kid_T,0.4706174989365778,0.3357777780158617,0.6232791617239162,5,single_test_k5,5
35,coverage_T,0.32857142857142857,0.2095238095238095,0.4429761904761904,5,single_test_k5,5
35,kid_S,-0.44480762603399915,-0.5060516992387523,-0.3775840376936303,5,single_test_k5,5
35,coverage_S,1.0,1.0,1.0,5,single_test_k5,5
35,sim_S,0.8616429209709168,0.8468517780303955,0.8758581838011741,5,single_test_k5,5
35,sim_T,0.26593096256256105,0.2392094478011131,0.28852745294570925,5,single_test_k5,5
35,sim_T_to_S,0.19089872539043426,0.18111596748232842,0.2033063918352127,5,single_test_k5,5
35,ratio_S,4.538771486282348,4.190854501724243,4.84179801940918,5,single_test_k5,5
35,div_gen,0.24740081429481506,0.2316041648387909,0.2684550493955612,5,single_test_k5,5
35,div_T,0.23819943368434907,0.2356689989566803,0.24177342653274536,5,single_test_k5,5
35,div_ratio,1.0400093325728905,0.9622822522895979,1.1393590419252861,5,single_test_k5,5
35,hit,0.7875,0.6625,0.9125,5,single_test_k5,5
36,mixture_error,,,,20,single_test_k5,5
36,kid_T,0.5006417969992768,0.43255465393493225,0.5701826676887857,20,single_test_k5,5
36,coverage_T,0.30683473854205573,0.26142470993080746,0.36460999503682434,20,single_test_k5,5
36,kid_S,-0.24465954760948483,-0.3256698250114639,-0.16816692767313596,20,single_test_k5,5
36,coverage_S,1.0,1.0,1.0,20,single_test_k5,5
36,sim_S,0.8551296800374985,0.8467457868903876,0.8628364136815071,20,single_test_k5,5
36,sim_T,0.3046357400715351,0.28529496971517804,0.32591281730681654,20,single_test_k5,5
36,sim_T_to_S,0.20392749458551407,0.19511941453441978,0.2131181500479579,20,single_test_k5,5
36,ratio_S,4.236062049865723,4.055828618705273,4.415349025130271,20,single_test_k5,5
36,div_gen,0.20846758261322976,0.18990060744807125,0.22806353798136114,20,single_test_k5,5
36,div_T,0.228451406955719,0.21236239878460764,0.24476174291223288,20,single_test_k5,5
36,div_ratio,0.9161829572880784,0.8558724693807056,0.972918120315252,20,single_test_k5,5
36,hit,0.94375,0.90625,0.98125,20,single_test_k5,5
37,mixture_error,,,,5,single_test_k5,5
37,kid_T,0.42143014610578683,0.35640015471417075,0.48753061255645064,5,single_test_k5,5
37,coverage_T,0.29230769230769227,0.22564102564102564,0.3794871794871796,5,single_test_k5,5
37,kid_S,-0.35548718074011065,-0.39078065356919184,-0.3308108047165117,5,single_test_k5,5
37,coverage_S,1.0,1.0,1.0,5,single_test_k5,5
37,sim_S,0.8502585053443908,0.8445083379745484,0.8585301160812377,5,single_test_k5,5
37,sim_T,0.2755265533924103,0.2690390944480896,0.28145057559013364,5,single_test_k5,5
37,sim_T_to_S,0.22328028380870818,0.21653628647327422,0.22981483794748783,5,single_test_k5,5
37,ratio_S,3.8131705284118653,3.689324712753296,3.9688368320465086,5,single_test_k5,5
37,div_gen,0.21131739914417266,0.19439230114221573,0.22750518321990967,5,single_test_k5,5
37,div_T,0.22750212848186493,0.22616619765758514,0.22891835868358612,5,single_test_k5,5
37,div_ratio,0.9293804002874871,0.8500248292732007,1.004815545815181,5,single_test_k5,5
37,hit,0.875,0.8125,0.95,5,single_test_k5,5
38,mixture_error,,,,5,single_test_k5,5
38,kid_T,0.4430934869846791,0.3831718961790841,0.503015077790274,5,single_test_k5,5
38,coverage_T,0.23157894736842105,0.1789473684210526,0.2631578947368421,5,single_test_k5,5
38,kid_S,-0.16766915343602165,-0.2816924796591291,-0.027124470645173916,5,single_test_k5,5
38,coverage_S,1.0,1.0,1.0,5,single_test_k5,5
38,sim_S,0.8739455819129944,0.8625623145699501,0.885474681854248,5,single_test_k5,5
38,sim_T,0.28450058698654174,0.25170448422431946,0.315232640504837,5,single_test_k5,5
38,sim_T_to_S,0.1825050175189972,0.17898906767368317,0.18664558231830597,5,single_test_k5,5
38,ratio_S,4.790450668334961,4.721578216552734,4.890238571166992,5,single_test_k5,5
38,div_gen,0.1816651254892349,0.1638051611930132,0.19878475069999696,5,single_test_k5,5
38,div_T,0.19332585036754607,0.19067807197570802,0.19597362875938415,5,single_test_k5,5
38,div_ratio,0.9418306559007569,0.8359079347122356,1.0433211806911538,5,single_test_k5,5
38,hit,0.7875,0.6625,0.9,5,single_test_k5,5
39,mixture_error,,,,5,single_test_k5,5
39,kid_T,0.43720330965419796,0.3433479251341545,0.5082444854973851,5,single_test_k5,5
39,coverage_T,0.4,0.36571428571428577,0.42857142857142855,5,single_test_k5,5
39,kid_S,-0.31977672558270775,-0.3911442091225094,-0.2484092420429061,5,single_test_k5,5
39,coverage_S,1.0,1.0,1.0,5,single_test_k5,5
39,sim_S,0.8550866365432739,0.8484490513801575,0.8615813016891479,5,single_test_k5,5
39,sim_T,0.3711345553398132,0.3391901731491089,0.39783023595809935,5,single_test_k5,5
39,sim_T_to_S,0.2796213895082474,0.2619159072637558,0.2964047761261463,5,single_test_k5,5
39,ratio_S,3.0721374988555907,2.8944943058490753,3.2755975246429445,5,single_test_k5,5
39,div_gen,0.20272134840488434,0.18771866261959075,0.21625250279903413,5,single_test_k5,5
39,div_T,0.22646521627902985,0.22475681006908416,0.22817362248897552,5,single_test_k5,5
39,div_ratio,0.8958291731854928,0.8228895854200209,0.9597391902146377,5,single_test_k5,5
39,hit,0.775,0.5875,0.9625,5,single_test_k5,5
40,mixture_error,,,,15,single_test_k5,5
40,kid_T,0.4816471461195795,0.41198554796220277,0.5518672574861431,15,single_test_k5,5
40,coverage_T,0.3907982456140351,0.30378344298245613,0.49110515350877193,15,single_test_k5,5
40,kid_S,-0.11101287385482858,-0.19412757979569378,-0.032389690121514374,15,single_test_k5,5
40,coverage_S,1.0,1.0,1.0,15,single_test_k5,5
40,sim_S,0.860292116800944,0.8486578860878944,0.8716991289456686,15,single_test_k5,5
40,sim_T,0.2979547083377838,0.2748384992281596,0.32250644654035565,15,single_test_k5,5
40,sim_T_to_S,0.2126597930987676,0.2016888848443826,0.22361125695208708,15,single_test_k5,5
40,ratio_S,4.081869983673096,3.8945368266105653,4.283158911863963,15,single_test_k5,5
40,div_gen,0.1570001890261968,0.13997589400659005,0.1754300303136309,15,single_test_k5,5
40,div_T,0.179025799036026,0.17217134488125643,0.18571946548918883,15,single_test_k5,5
40,div_ratio,0.8832284609224472,0.7826379499006813,0.9968717809543521,15,single_test_k5,5
40,hit,0.7958333333333333,0.7041666666666667,0.8875,15,single_test_k5,5
41,mixture_error,,,,5,single_test_k5,5
41,kid_T,0.43540408687112875,0.35315194329204685,0.5323050352033445,5,single_test_k5,5
41,coverage_T,0.3611111111111111,0.29444444444444445,0.43888888888888894,5,single_test_k5,5
41,kid_S,-0.3365177958586056,-0.4655641571928356,-0.23349388225742973,5,single_test_k5,5
41,coverage_S,1.0,1.0,1.0,5,single_test_k5,5
41,sim_S,0.8297165155410766,0.8091624855995179,0.8516410231590271,5,single_test_k5,5
41,sim_T,0.28278349041938783,0.26615783140063287,0.30158180996775624,5,single_test_k5,5
41,sim_T_to_S,0.1948259472846985,0.18984827101230622,0.19980362355709075,5,single_test_k5,5
41,ratio_S,4.261371994018555,4.137107827663422,4.396682071685791,5,single_test_k5,5
41,div_gen,0.24119145572185516,0.21535427868366241,0.26428761050105093,5,single_test_k5,5
41,div_T,0.2656122028827667,0.26156301498413087,0.26957370042800904,5,single_test_k5,5
41,div_ratio,0.9100777014192467,0.7993579404698183,1.009110179980478,5,single_test_k5,5
41,hit,0.9625,0.9375,0.9875,5,single_test_k5,5
42,mixture_error,,,,10,single_test_k5,5
42,kid_T,0.5111064414911398,0.4706664423547887,0.5496921118851209,10,single_test_k5,5
42,coverage_T,0.28095238095238095,0.17289560439560442,0.4208827838827838,10,single_test_k5,5
42,kid_S,-0.32129787823030737,-0.39416943185004943,-0.24820546255628723,10,single_test_k5,5
42,coverage_S,1.0,1.0,1.0,10,single_test_k5,5
42,sim_S,0.8488982081413269,0.8394770376384257,0.859249092489481,10,single_test_k5,5
42,sim_T,0.2653944119811058,0.24111644942313434,0.29195541623979804,10,single_test_k5,5
42,sim_T_to_S,0.18798702359199523,0.1785264501348138,0.19807301841676236,10,single_test_k5,5
42,ratio_S,4.545612072944641,4.315213760733605,4.759013159871102,10,single_test_k5,5
42,div_gen,0.2424676388502121,0.22017538249492644,0.2633282846584916,10,single_test_k5,5
42,div_T,0.25741774290800096,0.25373601254075767,0.2614649400487542,10,single_test_k5,5
42,div_ratio,0.9453888893996938,0.8470391175590982,1.0367393232906956,10,single_test_k5,5
42,hit,0.69375,0.60625,0.7875,10,single_test_k5,5
43,mixture_error,,,,20,single_test_k5,5
43,kid_T,0.5203830820016774,0.45473117128494595,0.5977476157632615,20,single_test_k5,5
43,coverage_T,0.3144637827564657,0.26614106361667333,0.36402119342973,20,single_test_k5,5
43,kid_S,-0.27788009437220557,-0.33488663997954077,-0.21639933465288066,20,single_test_k5,5
43,coverage_S,1.0,1.0,1.0,20,single_test_k5,5
43,sim_S,0.8497968882322311,0.8411891936510801,0.8579522150009871,20,single_test_k5,5
43,sim_T,0.2950369261205196,0.27706853145733473,0.3140710180439055,20,single_test_k5,5
43,sim_T_to_S,0.20906385779380798,0.19982373766601086,0.21779626747593284,20,single_test_k5,5
43,ratio_S,4.100559437274933,3.933005374968052,4.28961609095335,20,single_test_k5,5
43,div_gen,0.24830808565020562,0.23760035505518318,0.25890752030536535,20,single_test_k5,5
43,div_T,0.2602576598525047,0.2542723162099719,0.2668837246857584,20,single_test_k5,5
43,div_ratio,0.9570224748479974,0.9082265699603037,1.0041184975084008,20,single_test_k5,5
43,hit,0.84375,0.7625,0.91875,20,single_test_k5,5
44,mixture_error,,,,5,single_test_k5,5
44,kid_T,0.47200188404776855,0.36621095959509625,0.5589010629737061,5,single_test_k5,5
44,coverage_T,0.19393939393939394,0.1393939393939394,0.24848484848484848,5,single_test_k5,5
44,kid_S,-0.045481467003789786,-0.16625034200123318,0.0720888248454899,5,single_test_k5,5
44,coverage_S,1.0,1.0,1.0,5,single_test_k5,5
44,sim_S,0.864364743232727,0.8547878265380859,0.8736403822898865,5,single_test_k5,5
44,sim_T,0.36966943740844727,0.3374006748199463,0.394717800617218,5,single_test_k5,5
44,sim_T_to_S,0.2616598904132843,0.24118407368659972,0.27849277257919314,5,single_test_k5,5
44,ratio_S,3.3290317058563232,3.0994221687316896,3.627526140213013,5,single_test_k5,5
44,div_gen,0.13691629767417907,0.12157668769359589,0.1524450808763504,5,single_test_k5,5
44,div_T,0.12171478122472763,0.1166365161538124,0.12504225671291352,5,single_test_k5,5
44,div_ratio,1.1302530103231656,0.9867182638183227,1.290048966396522,5,single_test_k5,5
44,hit,0.9125,0.8625,0.9625,5,single_test_k5,5
45,mixture_error,,,,20,single_test_k5,5
45,kid_T,0.46209998255169654,0.4063499560954388,0.5301664886619657,20,single_test_k5,5
45,coverage_T,0.2972808237804368,0.24175351761881847,0.3498078579982847,20,single_test_k5,5
45,kid_S,-0.15723684442821506,-0.20686338981252542,-0.1023960628928847,20,single_test_k5,5
45,coverage_S,1.0,1.0,1.0,20,single_test_k5,5
45,sim_S,0.8585137724876404,0.8491113483905792,0.8667253521829843,20,single_test_k5,5
45,sim_T,0.32924568057060244,0.3186505354940891,0.3407005694136023,20,single_test_k5,5
45,sim_T_to_S,0.24170055761933326,0.23165394641458986,0.2526571766100824,20,single_test_k5,5
45,ratio_S,3.586798000335693,3.4257645136117936,3.744240688085556,20,single_test_k5,5
45,div_gen,0.1876472167670727,0.18088250478729606,0.19566850695759058,20,single_test_k5,5
45,div_T,0.20032537579536439,0.19148801438510418,0.20877471847459675,20,single_test_k5,5
45,div_ratio,0.9433091064558555,0.8977462996069827,0.9914520514477669,20,single_test_k5,5
45,hit,0.91875,0.878125,0.959375,20,single_test_k5,5
46,mixture_error,,,,10,single_test_k5,5
46,kid_T,0.4739568609795242,0.40191140403611375,0.5474475870967225,10,single_test_k5,5
46,coverage_T,0.29581724581724583,0.22981981981981983,0.3576423745173745,10,single_test_k5,5
46,kid_S,-0.22687294770994892,-0.335431836706265,-0.09908917144191523,10,single_test_k5,5
46,coverage_S,1.0,1.0,1.0,10,single_test_k5,5
46,sim_S,0.8472884297370911,0.8402662581205368,0.8527870436012746,10,single_test_k5,5
46,sim_T,0.28929322957992554,0.2660417550802231,0.3079618947207928,10,single_test_k5,5
46,sim_T_to_S,0.1934912845492363,0.1807918443530798,0.20521874394267797,10,single_test_k5,5
46,ratio_S,4.419081735610962,4.188231637477875,4.687467261552811,10,single_test_k5,5
46,div_gen,0.21212066560983658,0.18962847869843244,0.23653119586408136,10,single_test_k5,5
46,div_T,0.24037468135356904,0.21880918372422456,0.2622903674468398,10,single_test_k5,5
46,div_ratio,0.8851092134530105,0.8175300772436358,0.9582347334879814,10,single_test_k5,5
46,hit,0.96875,0.91875,1.0,10,single_test_k5,5
47,mixture_error,,,,15,single_test_k5,5
47,kid_T,0.49909888974301225,0.4390331172360783,0.5663949232736457,15,single_test_k5,5
47,coverage_T,0.2809941520467837,0.22778508771929828,0.3379405458089668,15,single_test_k5,5
47,kid_S,-0.2226465960233265,-0.3054425670501569,-0.13863415929270428,15,single_test_k5,5
47,coverage_S,1.0,1.0,1.0,15,single_test_k5,5
47,sim_S,0.8588274677594503,0.8533553611238798,0.8644988643129667,15,single_test_k5,5
47,sim_T,0.30461508135000864,0.2834230037778616,0.3279899569104115,15,single_test_k5,5
47,sim_T_to_S,0.22909916838010153,0.21753195931514102,0.24148462610940138,15,single_test_k5,5
47,ratio_S,3.7853492418924968,3.5861817133426666,3.977016942103704,15,single_test_k5,5
47,div_gen,0.203301868836085,0.189425513719519,0.2188025085131327,15,single_test_k5,5
47,div_T,0.2106194367011388,0.19806899080673854,0.22152632566789784,15,single_test_k5,5
47,div_ratio,0.9771747292074272,0.8884191804921344,1.066718509919173,15,single_test_k5,5
47,hit,0.9458333333333333,0.8958333333333334,0.9833333333333333,15,single_test_k5,5
48,mixture_error,,,,5,single_test_k5,5
48,kid_T,0.4425965356125303,0.37623770806266743,0.5458996891518701,5,single_test_k5,5
48,coverage_T,0.3142857142857143,0.16,0.4742857142857143,5,single_test_k5,5
48,kid_S,-0.12549195991534318,-0.29209470833275547,0.0010923191460655347,5,single_test_k5,5
48,coverage_S,1.0,1.0,1.0,5,single_test_k5,5
48,sim_S,0.8605604290962219,0.8468877792358399,0.8737236499786377,5,single_test_k5,5
48,sim_T,0.30697537660598756,0.27805715933442116,0.34008866563439366,5,single_test_k5,5
48,sim_T_to_S,0.2230490654706955,0.21627430617809296,0.2307851979881525,5,single_test_k5,5
48,ratio_S,3.863418960571289,3.722241315841675,3.9946764945983886,5,single_test_k5,5
48,div_gen,0.17478906214237214,0.13431258499622345,0.2209009981155395,5,single_test_k5,5
48,div_T,0.20166202783584594,0.19389065802097322,0.20687398910522461,5,single_test_k5,5
48,div_ratio,0.8771636281803259,0.6504884818906019,1.1502909445058775,5,single_test_k5,5
48,hit,0.8625,0.7875,0.95,5,single_test_k5,5
macro,mixture_error,,,,49,single_test_k5,5
macro,kid_T,0.47748769814210346,0.4661780865900393,0.4874038531795773,49,single_test_k5,5
macro,coverage_T,0.3173747316735745,0.3061857398756939,0.32900435296230013,49,single_test_k5,5
macro,kid_S,-0.2101513406751414,-0.22490000819195938,-0.19692331607882624,49,single_test_k5,5
macro,coverage_S,1.0,1.0,1.0,49,single_test_k5,5
macro,sim_S,0.8561205035922735,0.8545195901972044,0.8576648339030221,49,single_test_k5,5
macro,sim_T,0.31511646124035664,0.3120004433569361,0.3182091660112602,49,single_test_k5,5
macro,sim_T_to_S,0.23075512214225521,0.22930163008774446,0.23223928930512303,49,single_test_k5,5
macro,ratio_S,3.788186528488308,3.7608538696082885,3.8146346210391955,49,single_test_k5,5
macro,div_gen,0.19801645008601226,0.1956274665832492,0.200546630148558,49,single_test_k5,5
macro,div_T,0.2111737436953708,0.2100567515265386,0.2122309075370952,49,single_test_k5,5
macro,div_ratio,0.9443006890014117,0.9317246515470706,0.9584250044928087,49,single_test_k5,5
macro,hit,0.877083719851577,0.8679259118857335,0.8866212411100802,49,single_test_k5,5
