filename,sscd_sim,nn_train_id
000000.png,1.0000001,train_03675
000001.png,1.0,train_02122
000002.png,0.9999999,train_00052
000003.png,1.0000001,train_03065
000004.png,1.0,train_01490
000005.png,0.9999999,train_01946
000006.png,0.99999994,train_07001
000007.png,1.0000001,train_01950
000008.png,1.0000002,train_00366
000009.png,1.0000004,train_00076
000010.png,1.0,train_04767
000011.png,1.0,train_01478
000012.png,1.0000002,train_06283
000013.png,1.0000001,train_05940
000014.png,1.0,train_07645
000015.png,0.9999999,train_07568
000016.png,1.0000001,train_03339
000017.png,1.0000001,train_05326
000018.png,1.0000001,train_01208
000019.png,0.99999976,train_05302
000020.png,1.0,train_03715
000021.png,0.9999999,train_07714
000022.png,1.0,train_02985
000023.png,0.9999999,train_06399
000024.png,1.0000002,train_07275
000025.png,1.0,train_06722
000026.png,1.0000001,train_00030
000027.png,1.0,train_07645
000028.png,1.0,train_03715
000029.png,1.0,train_06668
000030.png,0.99999994,train_06185
000031.png,1.0000002,train_02967
000032.png,1.0000001,train_03339
000033.png,0.99999994,train_03512
000034.png,1.0000001,train_07119
000035.png,0.9999999,train_07431
000036.png,1.0000001,train_07119
000037.png,1.0000001,train_07893
000038.png,1.0000002,train_05629
000039.png,0.9999999,train_02146
000040.png,0.9999997,train_08127
000041.png,1.0000002,train_06354
000042.png,1.0000002,train_07275
000043.png,1.0,train_04966
000044.png,0.9999999,train_02099
000045.png,1.0,train_00108
000046.png,0.99999976,train_02885
000047.png,1.0,train_04971
000048.png,1.0000005,train_04788
000049.png,0.9999998,train_00850
000050.png,1.0000002,train_01343
000051.png,0.99999994,train_01417
000052.png,1.0,train_04178
000053.png,1.0,train_05358
000054.png,1.0,train_04440
000055.png,1.0,train_06288
000056.png,1.0,train_03441
000057.png,1.0000001,train_06089
000058.png,1.0000002,train_05379
000059.png,1.0000001,train_03309
000060.png,1.0000001,train_05703
000061.png,1.0,train_04966
000062.png,0.9999999,train_02242
000063.png,1.0000001,train_03675
000064.png,1.0000001,train_03065
000065.png,1.0,train_00108
000066.png,1.0000002,train_02967
000067.png,1.0,train_06157
000068.png,0.9999998,train_00850
000069.png,1.0000001,train_06378
000070.png,0.99999994,train_03456
000071.png,1.0000001,train_05703
000072.png,1.0000002,train_00163
000073.png,0.9999998,train_02607
000074.png,1.0000001,train_04246
000075.png,1.0000002,train_06305
000076.png,1.0,train_07356
000077.png,1.0,train_07356
000078.png,0.99999994,train_02791
000079.png,0.99999976,train_00039
000080.png,0.9999999,train_00087
000081.png,1.0000001,train_05052
000082.png,1.0,train_00326
000083.png,1.0000002,train_00316
000084.png,0.99999994,train_00574
000085.png,1.0000002,train_07275
000086.png,1.0000001,train_07947
000087.png,1.0000001,train_04757
000088.png,0.9999999,train_00052
000089.png,0.99999994,train_00574
000090.png,1.0000001,train_01070
000091.png,1.0000001,train_00892
000092.png,1.0,train_03604
000093.png,0.9999999,train_02146
000094.png,0.99999976,train_05910
000095.png,1.0,train_02803
000096.png,1.0,train_00108
000097.png,0.99999976,train_06658
000098.png,0.99999994,train_05576
000099.png,0.99999994,train_01714
000100.png,1.0000002,train_04616
000101.png,1.0,train_03441
000102.png,1.0000001,train_01603
000103.png,1.0000002,train_05379
000104.png,1.0000001,train_07208
000105.png,1.0000001,train_01208
000106.png,0.99999994,train_02791
000107.png,0.9999998,train_02186
000108.png,1.0000001,train_01123
000109.png,1.0000001,train_05703
000110.png,1.0,train_04966
000111.png,1.0,train_05101
000112.png,0.9999999,train_07568
000113.png,1.0,train_01249
000114.png,1.0,train_05646
000115.png,1.0,train_05306
000116.png,1.0,train_04966
000117.png,1.0,train_00386
000118.png,1.0000001,train_01376
000119.png,1.0000001,train_01694
000120.png,1.0,train_07356
000121.png,1.0,train_06583
000122.png,1.0,train_00358
000123.png,1.0000001,train_01376
000124.png,0.99999994,train_03512
000125.png,0.9999999,train_05313
000126.png,0.99999994,train_03512
000127.png,1.0000001,train_07947
000128.png,1.0000002,train_04259
000129.png,1.0000001,train_08053
000130.png,1.0,train_00358
000131.png,1.0000001,train_06089
000132.png,1.0,train_02985
000133.png,0.99999994,train_03512
000134.png,1.0000001,train_07947
000135.png,1.0000005,train_04788
000136.png,0.9999999,train_01025
000137.png,0.99999994,train_01648
000138.png,1.0000002,train_07255
000139.png,1.0,train_00386
000140.png,0.99999964,train_06407
000141.png,1.0000001,train_06378
000142.png,1.0000002,train_03093
000143.png,0.99999994,train_03904
000144.png,1.0,train_04966
000145.png,1.0000002,train_05802
000146.png,1.0,train_05646
000147.png,1.0000002,train_07801
000148.png,1.0000001,train_07119
000149.png,0.99999976,train_06658
000150.png,1.0000002,train_07255
000151.png,0.99999994,train_05576
000152.png,0.9999998,train_00016
000153.png,0.99999994,train_00574
000154.png,1.0,train_03589
000155.png,0.9999998,train_06635
000156.png,0.9999997,train_07830
000157.png,0.99999976,train_05302
000158.png,1.0000002,train_05629
000159.png,1.0,train_01249
000160.png,1.0000002,train_04297
000161.png,0.9999999,train_07304
000162.png,1.0,train_03589
000163.png,0.99999976,train_04339
000164.png,1.0,train_05646
000165.png,1.0000001,train_07955
000166.png,1.0,train_05240
000167.png,0.99999964,train_06792
000168.png,0.9999999,train_04990
000169.png,0.99999994,train_06185
000170.png,1.0000004,train_04918
000171.png,0.99999976,train_00039
000172.png,1.0000001,train_06378
000173.png,0.99999994,train_01417
000174.png,1.0000001,train_07947
000175.png,1.0000001,train_01376
000176.png,1.0000002,train_00316
000177.png,1.0,train_00358
000178.png,1.0000002,train_02967
000179.png,0.9999997,train_08127
000180.png,0.99999994,train_03456
000181.png,0.9999999,train_02943
000182.png,0.9999999,train_01946
000183.png,0.9999999,train_06399
000184.png,1.0,train_04767
000185.png,1.0,train_04966
000186.png,1.0000001,train_06959
000187.png,0.9999997,train_05902
000188.png,1.0000002,train_00366
000189.png,1.0000002,train_06283
000190.png,1.0000001,train_08053
000191.png,0.9999999,train_05552
000192.png,1.0,train_05228
000193.png,1.0000001,train_08032
000194.png,1.0000001,train_01603
000195.png,0.9999999,train_04990
000196.png,0.9999999,train_03383
000197.png,0.9999999,train_01025
000198.png,1.0000001,train_02812
000199.png,1.0000002,train_07255
000200.png,1.0000002,train_05379
000201.png,0.9999999,train_01025
000202.png,1.0,train_04625
000203.png,1.0,train_04637
000204.png,1.0,train_05228
000205.png,1.0000001,train_05326
000206.png,0.9999998,train_06635
000207.png,0.9999999,train_05313
000208.png,1.0,train_00508
000209.png,1.0,train_05306
000210.png,0.9999998,train_00016
000211.png,1.0000001,train_07208
000212.png,1.0,train_03540
000213.png,1.0,train_07645
000214.png,0.9999999,train_02146
000215.png,1.0,train_00386
000216.png,0.99999994,train_06185
000217.png,1.0,train_00326
000218.png,1.0,train_07280
000219.png,0.9999999,train_00087
000220.png,0.99999994,train_06185
000221.png,1.0000001,train_06959
000222.png,1.0000004,train_07602
000223.png,1.0,train_07645
000224.png,1.0000001,train_01208
000225.png,0.99999976,train_05910
000226.png,1.0000002,train_07077
000227.png,0.9999999,train_06529
000228.png,1.0000001,train_06378
000229.png,1.0,train_01490
000230.png,0.9999998,train_02607
000231.png,0.99999964,train_04017
000232.png,1.0000004,train_00862
000233.png,0.99999994,train_03904
000234.png,0.9999999,train_04386
000235.png,0.99999976,train_05302
000236.png,0.99999976,train_06333
000237.png,1.0000002,train_00316
000238.png,0.99999994,train_01714
000239.png,0.99999976,train_06658
000240.png,0.99999994,train_01714
000241.png,1.0,train_04440
000242.png,1.0000001,train_05234
000243.png,1.0,train_04971
000244.png,0.9999997,train_08127
000245.png,1.0000002,train_07275
000246.png,1.0000001,train_05052
000247.png,1.0000001,train_02230
000248.png,1.0000001,train_05234
000249.png,1.0000001,train_01694
000250.png,1.0,train_01886
000251.png,1.0000001,train_05194
000252.png,0.99999994,train_01648
000253.png,0.9999999,train_03501
000254.png,1.0000004,train_00076
000255.png,0.99999976,train_05302
000256.png,0.9999998,train_00016
000257.png,1.0000001,train_07198
000258.png,1.0,train_06668
000259.png,1.0000001,train_08032
000260.png,1.0000001,train_05326
000261.png,1.0,train_00358
000262.png,1.0,train_07529
000263.png,1.0000001,train_00030
000264.png,1.0,train_07200
000265.png,0.99999994,train_03456
000266.png,1.0,train_07200
000267.png,0.9999999,train_06399
000268.png,1.0,train_00386
000269.png,1.0,train_02985
000270.png,1.0,train_04971
000271.png,1.0000001,train_07119
000272.png,0.9999998,train_06635
000273.png,1.0000001,train_04937
000274.png,1.0,train_07280
000275.png,0.9999999,train_00052
000276.png,1.0,train_02985
000277.png,0.99999994,train_03512
000278.png,1.0,train_06588
000279.png,1.0000001,train_04604
000280.png,1.0,train_02803
000281.png,1.0,train_03441
000282.png,0.99999994,train_01714
000283.png,1.0000002,train_00366
000284.png,1.0000002,train_07077
000285.png,1.0000001,train_07198
000286.png,0.9999999,train_06787
000287.png,0.99999994,train_06659
000288.png,1.0,train_06288
000289.png,1.0000001,train_04920
000290.png,1.0000001,train_04246
000291.png,0.99999994,train_07068
000292.png,1.0000001,train_00241
000293.png,1.0,train_05337
000294.png,0.99999976,train_00039
000295.png,1.0000001,train_08053
000296.png,0.99999994,train_06659
000297.png,1.0,train_05646
000298.png,1.0,train_00386
000299.png,1.0,train_03441
000300.png,1.0000001,train_06384
000301.png,0.99999976,train_00001
000302.png,1.0000002,train_06283
000303.png,0.99999964,train_06792
000304.png,1.0,train_07645
000305.png,1.0000001,train_06384
000306.png,1.0000002,train_01535
000307.png,0.9999999,train_07431
000308.png,1.0,train_01490
000309.png,0.9999998,train_06635
000310.png,1.0000001,train_07947
000311.png,1.0000002,train_07275
000312.png,1.0000002,train_04297
000313.png,1.0000004,train_04918
000314.png,1.0000002,train_07275
000315.png,1.0,train_04637
000316.png,0.9999999,train_07431
000317.png,1.0,train_04637
000318.png,1.0,train_05306
000319.png,1.0,train_04865
000320.png,0.9999998,train_06635
000321.png,1.0000002,train_01535
000322.png,1.0,train_05966
000323.png,1.0,train_00108
000324.png,0.99999994,train_03904
000325.png,1.0000004,train_04918
000326.png,1.0,train_00508
000327.png,1.0,train_05646
000328.png,0.99999994,train_07001
000329.png,0.99999976,train_05302
000330.png,1.0000001,train_00030
000331.png,1.0000001,train_07119
000332.png,1.0000002,train_02967
000333.png,1.0000002,train_05629
000334.png,0.9999999,train_05313
000335.png,1.0,train_06583
000336.png,0.99999994,train_01714
000337.png,1.0000001,train_06253
000338.png,1.0,train_00508
000339.png,0.9999999,train_06603
000340.png,1.0000002,train_07801
000341.png,0.99999994,train_05580
000342.png,1.0000002,train_07077
000343.png,1.0000002,train_06354
000344.png,1.0000002,train_07255
000345.png,0.9999999,train_06529
000346.png,1.0,train_07200
000347.png,0.9999999,train_01946
000348.png,1.0000002,train_07255
000349.png,1.0,train_05228
000350.png,0.9999999,train_07568
000351.png,1.0000001,train_05194
000352.png,1.0000001,train_07119
000353.png,1.0,train_00358
000354.png,0.99999976,train_02885
000355.png,1.0000001,train_04604
000356.png,1.0000001,train_00241
000357.png,1.0000001,train_06378
000358.png,1.0000002,train_06283
000359.png,1.0,train_05358
000360.png,1.0000001,train_02230
000361.png,1.0000001,train_00030
000362.png,0.99999994,train_01648
000363.png,1.0000002,train_06283
000364.png,0.9999999,train_02943
000365.png,1.0,train_04798
000366.png,1.0,train_04178
000367.png,0.99999976,train_00001
000368.png,1.0000001,train_04920
000369.png,1.0000001,train_07893
000370.png,1.0,train_07645
000371.png,1.0000001,train_05194
000372.png,0.9999999,train_03501
000373.png,1.0000004,train_00862
000374.png,1.0,train_04971
000375.png,0.9999999,train_05313
000376.png,1.0000001,train_03339
000377.png,1.0,train_05966
000378.png,0.9999999,train_06603
000379.png,0.9999999,train_07304
000380.png,1.0000002,train_03093
000381.png,0.99999994,train_05576
000382.png,1.0,train_05228
000383.png,0.9999999,train_04990
000384.png,0.99999994,train_07001
000385.png,0.9999997,train_05902
000386.png,1.0000001,train_06384
000387.png,0.9999998,train_02186
000388.png,1.0,train_01478
000389.png,1.0000001,train_05052
000390.png,1.0000001,train_00241
000391.png,1.0,train_03540
000392.png,1.0,train_00508
000393.png,0.99999994,train_01417
000394.png,0.9999999,train_05171
000395.png,1.0,train_04178
000396.png,1.0000001,train_07947
000397.png,0.99999976,train_06658
000398.png,1.0,train_03441
000399.png,1.0,train_02790
000400.png,1.0,train_06722
000401.png,1.0,train_03540
000402.png,1.0000001,train_04757
000403.png,0.9999999,train_07304
000404.png,0.9999998,train_06067
000405.png,1.0,train_04440
000406.png,0.99999964,train_06407
000407.png,1.0000001,train_04937
000408.png,1.0,train_00108
000409.png,1.0000002,train_04297
000410.png,1.0000004,train_00862
000411.png,1.0,train_06417
000412.png,1.0000004,train_04918
000413.png,1.0,train_04440
000414.png,1.0,train_01915
000415.png,1.0000001,train_03339
000416.png,0.9999999,train_06399
000417.png,0.9999999,train_00167
000418.png,0.9999999,train_06529
000419.png,1.0000002,train_07077
000420.png,1.0000001,train_04920
000421.png,0.99999994,train_06185
000422.png,1.0000001,train_01950
000423.png,1.0000001,train_02812
000424.png,1.0,train_07645
000425.png,0.99999994,train_02791
000426.png,1.0,train_04865
000427.png,1.0000001,train_00030
000428.png,0.99999994,train_06659
000429.png,0.99999976,train_02885
000430.png,0.9999999,train_05552
000431.png,1.0000002,train_05379
000432.png,1.0000002,train_06283
000433.png,1.0000001,train_08053
000434.png,1.0,train_06588
000435.png,1.0000001,train_07198
000436.png,0.9999999,train_03383
000437.png,1.0000002,train_06283
000438.png,1.0000002,train_07275
000439.png,1.0,train_06668
000440.png,1.0000005,train_03421
000441.png,1.0000001,train_01123
000442.png,1.0000001,train_01123
000443.png,0.99999964,train_06792
000444.png,1.0000001,train_04604
000445.png,1.0000004,train_00076
000446.png,0.9999999,train_07431
000447.png,1.0000002,train_04616
000448.png,1.0000001,train_03309
000449.png,1.0000002,train_00163
000450.png,0.9999999,train_04386
000451.png,1.0000001,train_05052
000452.png,1.0000002,train_07801
000453.png,0.9999999,train_03998
000454.png,1.0,train_04767
000455.png,0.99999976,train_07826
000456.png,0.99999976,train_05302
000457.png,1.0,train_04971
000458.png,0.99999964,train_04017
000459.png,0.9999999,train_04386
000460.png,1.0000002,train_04908
000461.png,0.99999976,train_00039
000462.png,0.9999998,train_02186
000463.png,1.0,train_04767
000464.png,1.0,train_04865
000465.png,1.0,train_02122
000466.png,1.0000001,train_05703
000467.png,1.0,train_07356
000468.png,1.0000001,train_06253
000469.png,1.0,train_00386
000470.png,0.99999964,train_04017
000471.png,0.9999999,train_00052
000472.png,1.0000001,train_07893
000473.png,1.0000004,train_00862
000474.png,0.99999994,train_06659
000475.png,0.9999999,train_05171
000476.png,1.0000002,train_07077
000477.png,1.0000001,train_04757
000478.png,0.99999994,train_07068
000479.png,1.0000001,train_03914
000480.png,0.9999999,train_07431
000481.png,0.99999964,train_06407
000482.png,1.0000001,train_04920
000483.png,1.0,train_05966
000484.png,1.0000001,train_06089
000485.png,0.99999994,train_00574
000486.png,1.0000001,train_01694
000487.png,1.0,train_00358
000488.png,1.0000002,train_07255
000489.png,0.9999999,train_06603
000490.png,0.99999994,train_07068
000491.png,1.0000001,train_03309
000492.png,0.9999999,train_07304
000493.png,1.0,train_05240
000494.png,1.0,train_06157
000495.png,1.0000004,train_00076
000496.png,1.0000002,train_05379
000497.png,0.99999976,train_06333
000498.png,1.0,train_06288
000499.png,1.0000001,train_05194
000500.png,1.0,train_06583
000501.png,1.0000001,train_05234
000502.png,1.0000001,train_08032
000503.png,1.0,train_02298
000504.png,0.99999994,train_01714
000505.png,1.0000001,train_05194
000506.png,1.0000002,train_05802
000507.png,1.0000002,train_06283
000508.png,1.0,train_00358
000509.png,0.99999964,train_06407
000510.png,1.0,train_00358
000511.png,1.0000002,train_05379
000512.png,1.0000001,train_06959
000513.png,1.0000001,train_08053
000514.png,0.9999998,train_02186
000515.png,1.0000001,train_00030
000516.png,0.99999994,train_03904
000517.png,1.0,train_06417
000518.png,1.0000002,train_06354
000519.png,1.0,train_04625
000520.png,1.0,train_02122
000521.png,1.0,train_05646
000522.png,1.0000002,train_06354
000523.png,1.0,train_01478
000524.png,1.0,train_05306
000525.png,0.9999999,train_06826
000526.png,1.0,train_03715
000527.png,0.99999994,train_06659
000528.png,1.0,train_04625
000529.png,0.9999997,train_07830
000530.png,0.99999976,train_07826
000531.png,0.99999994,train_01648
000532.png,1.0000001,train_03675
000533.png,1.0,train_04178
000534.png,1.0000002,train_07255
000535.png,0.99999976,train_00001
000536.png,1.0000002,train_06354
000537.png,1.0000002,train_04297
000538.png,1.0000001,train_03675
000539.png,0.9999999,train_04990
000540.png,0.9999999,train_05313
000541.png,1.0000002,train_03093
000542.png,1.0000001,train_07955
000543.png,1.0,train_03540
000544.png,1.0,train_08117
000545.png,1.0,train_05337
000546.png,0.9999999,train_04996
000547.png,0.9999999,train_03998
000548.png,1.0000001,train_04757
000549.png,1.0,train_03589
000550.png,1.0,train_04767
000551.png,1.0000002,train_06354
000552.png,1.0000002,train_05629
000553.png,1.0,train_04178
000554.png,0.99999994,train_06659
000555.png,0.9999999,train_05171
000556.png,1.0,train_05646
000557.png,0.99999994,train_03512
000558.png,1.0000002,train_00218
000559.png,0.9999998,train_02607
000560.png,0.9999999,train_04996
000561.png,1.0,train_00108
000562.png,1.0000001,train_02230
000563.png,1.0,train_05306
000564.png,0.99999994,train_00574
000565.png,1.0000001,train_01123
000566.png,1.0,train_02298
000567.png,1.0,train_03540
000568.png,1.0000001,train_03675
000569.png,0.99999994,train_01648
000570.png,1.0000001,train_05940
000571.png,0.9999999,train_06787
000572.png,1.0000001,train_05052
000573.png,1.0000002,train_01343
000574.png,0.99999964,train_04017
000575.png,1.0000001,train_06759
000576.png,1.0000001,train_01603
000577.png,0.99999994,train_05576
000578.png,1.0000001,train_01123
000579.png,0.9999999,train_07568
000580.png,1.0,train_07645
000581.png,1.0000002,train_00366
000582.png,1.0000001,train_06253
000583.png,1.0,train_04865
000584.png,1.0000001,train_05194
000585.png,0.99999994,train_03456
000586.png,0.99999976,train_04339
000587.png,0.9999997,train_08127
000588.png,1.0,train_06157
000589.png,1.0000002,train_07275
000590.png,0.9999999,train_07714
000591.png,1.0000001,train_08032
000592.png,1.0000001,train_07947
000593.png,0.9999999,train_07714
000594.png,1.0,train_03540
000595.png,0.99999976,train_00001
000596.png,0.99999994,train_02791
000597.png,1.0000002,train_02967
000598.png,0.99999994,train_03904
000599.png,1.0,train_01886
000600.png,1.0,train_03441
000601.png,0.9999999,train_00167
000602.png,1.0000002,train_07275
000603.png,0.99999994,train_06659
000604.png,1.0000002,train_05379
000605.png,1.0,train_05458
000606.png,0.9999999,train_02943
000607.png,1.0,train_07645
000608.png,1.0000002,train_06354
000609.png,1.0000001,train_06378
000610.png,0.99999976,train_05910
000611.png,0.9999998,train_02186
000612.png,0.99999994,train_07001
000613.png,1.0000001,train_05194
000614.png,1.0000001,train_06759
000615.png,0.99999976,train_06333
000616.png,0.9999998,train_00850
000617.png,1.0000001,train_05703
000618.png,1.0,train_07280
000619.png,1.0000001,train_04920
000620.png,1.0,train_02985
000621.png,0.99999976,train_06333
000622.png,1.0,train_02122
000623.png,0.99999976,train_07203
000624.png,1.0,train_04798
000625.png,1.0,train_00386
000626.png,0.99999994,train_01648
000627.png,0.9999998,train_06635
000628.png,1.0,train_07645
000629.png,1.0000001,train_02230
000630.png,1.0000002,train_05379
000631.png,1.0,train_03540
000632.png,1.0,train_05240
000633.png,1.0000001,train_07947
000634.png,0.9999999,train_02146
000635.png,0.9999998,train_00016
000636.png,1.0000002,train_07275
000637.png,1.0,train_02803
000638.png,1.0000001,train_03339
000639.png,1.0,train_02985
000640.png,1.0,train_04178
000641.png,1.0000002,train_02967
000642.png,1.0000002,train_07275
000643.png,1.0000002,train_06283
000644.png,1.0000001,train_01123
000645.png,1.0000001,train_07947
000646.png,1.0,train_07356
000647.png,1.0000002,train_03093
000648.png,1.0000001,train_07208
000649.png,1.0,train_07200
000650.png,0.9999999,train_07304
000651.png,1.0000001,train_05326
000652.png,1.0,train_07280
000653.png,0.9999999,train_01946
000654.png,1.0000001,train_02230
000655.png,1.0000001,train_08053
000656.png,1.0000002,train_02967
000657.png,1.0,train_05228
000658.png,0.9999999,train_05552
000659.png,1.0000002,train_07255
000660.png,1.0000001,train_07893
000661.png,0.9999999,train_07431
000662.png,1.0000004,train_00862
000663.png,1.0,train_07200
000664.png,1.0,train_03589
000665.png,0.9999999,train_05171
000666.png,1.0000001,train_08053
000667.png,1.0000001,train_00892
000668.png,1.0000001,train_01070
000669.png,1.0000001,train_01694
000670.png,1.0,train_05228
000671.png,1.0000002,train_06283
000672.png,1.0000001,train_06384
000673.png,1.0,train_06583
000674.png,0.9999998,train_00016
000675.png,0.99999976,train_06658
000676.png,1.0000002,train_00163
000677.png,1.0,train_06417
000678.png,1.0000002,train_00366
000679.png,1.0,train_08117
000680.png,1.0000001,train_08053
000681.png,1.0000001,train_07198
000682.png,1.0,train_05358
000683.png,0.9999998,train_00016
000684.png,1.0000002,train_00366
000685.png,0.9999999,train_02146
000686.png,0.99999976,train_07203
000687.png,0.99999976,train_05910
000688.png,1.0000004,train_00076
000689.png,1.0000001,train_05194
000690.png,1.0000001,train_05194
000691.png,1.0,train_06417
000692.png,1.0000002,train_04297
000693.png,1.0,train_02122
000694.png,1.0,train_00326
000695.png,1.0000002,train_00218
000696.png,1.0,train_04625
000697.png,1.0000005,train_04788
000698.png,1.0,train_07356
000699.png,1.0,train_01915
000700.png,0.99999976,train_00001
000701.png,1.0000002,train_05802
000702.png,1.0,train_04178
000703.png,1.0000001,train_05052
000704.png,1.0000001,train_02812
000705.png,0.99999976,train_03040
000706.png,1.0,train_03441
000707.png,1.0,train_00108
000708.png,1.0000001,train_07947
000709.png,1.0000001,train_07119
000710.png,1.0000001,train_06759
000711.png,0.9999999,train_05313
000712.png,1.0,train_03441
000713.png,1.0000002,train_02967
000714.png,1.0,train_04865
000715.png,1.0,train_05337
000716.png,1.0000002,train_03093
000717.png,1.0000002,train_03016
000718.png,1.0,train_01249
000719.png,1.0,train_06583
000720.png,1.0,train_01915
000721.png,0.9999999,train_01946
000722.png,1.0000001,train_01070
000723.png,0.9999999,train_07304
000724.png,1.0000002,train_05379
000725.png,0.99999976,train_07826
000726.png,1.0000001,train_05194
000727.png,0.99999976,train_03040
000728.png,1.0000001,train_05234
000729.png,0.9999998,train_06067
000730.png,0.9999999,train_05552
000731.png,1.0000001,train_01123
000732.png,0.99999994,train_01648
000733.png,1.0,train_03441
000734.png,1.0,train_05337
000735.png,0.9999999,train_05171
000736.png,1.0,train_04625
000737.png,1.0000002,train_06283
000738.png,1.0,train_06583
000739.png,1.0000002,train_07077
000740.png,0.9999999,train_06826
000741.png,1.0,train_00386
000742.png,1.0000002,train_05629
000743.png,1.0000001,train_07119
000744.png,0.99999994,train_01648
000745.png,1.0,train_07356
000746.png,1.0000002,train_06305
000747.png,0.99999994,train_05576
000748.png,0.99999994,train_06659
000749.png,1.0000001,train_08053
000750.png,0.9999998,train_02607
000751.png,0.99999976,train_07203
000752.png,1.0,train_06288
000753.png,1.0000002,train_07255
000754.png,1.0000001,train_06378
000755.png,1.0000001,train_06759
000756.png,1.0,train_07529
000757.png,1.0000002,train_01343
000758.png,0.9999999,train_07714
000759.png,1.0000004,train_00076
000760.png,0.9999999,train_06787
000761.png,1.0,train_02298
000762.png,1.0000001,train_05234
000763.png,0.9999998,train_02186
000764.png,0.9999999,train_07304
000765.png,0.9999999,train_06826
000766.png,0.9999999,train_03383
000767.png,1.0000001,train_05940
000768.png,1.0,train_03589
000769.png,1.0000002,train_05802
000770.png,0.99999994,train_06659
000771.png,0.99999994,train_07001
000772.png,0.99999994,train_03904
000773.png,1.0000004,train_00862
000774.png,1.0000001,train_07208
000775.png,0.99999994,train_01648
000776.png,0.9999999,train_07714
000777.png,1.0,train_07280
000778.png,1.0,train_06417
000779.png,1.0000001,train_01123
000780.png,0.99999976,train_00039
000781.png,0.9999999,train_00052
000782.png,1.0000001,train_05052
000783.png,1.0,train_03715
000784.png,1.0000001,train_07208
000785.png,1.0000002,train_06283
000786.png,1.0000001,train_08032
000787.png,0.99999976,train_06658
000788.png,1.0,train_00326
000789.png,1.0000002,train_00218
000790.png,0.99999994,train_01417
000791.png,0.99999976,train_05302
000792.png,0.9999999,train_07431
000793.png,1.0000002,train_04259
000794.png,0.99999976,train_07203
000795.png,0.99999994,train_07068
000796.png,0.99999994,train_05576
000797.png,1.0000001,train_07893
000798.png,0.99999994,train_03904
000799.png,1.0,train_03589
000800.png,0.9999998,train_06067
000801.png,0.99999994,train_05580
000802.png,1.0000004,train_00076
000803.png,1.0000001,train_07955
000804.png,1.0,train_06722
000805.png,1.0000002,train_00316
000806.png,0.99999976,train_07203
000807.png,1.0,train_01478
000808.png,1.0,train_00358
000809.png,0.9999999,train_05313
000810.png,1.0000001,train_04920
000811.png,1.0000001,train_05940
000812.png,1.0000001,train_06253
000813.png,0.9999999,train_02146
000814.png,1.0000001,train_06253
000815.png,1.0000004,train_00862
000816.png,0.99999976,train_02885
000817.png,1.0,train_02985
000818.png,1.0000002,train_01535
000819.png,0.99999994,train_01417
000820.png,1.0,train_00386
000821.png,0.99999994,train_07068
000822.png,1.0000002,train_04297
000823.png,0.9999999,train_06399
000824.png,1.0,train_04440
000825.png,1.0000001,train_05052
000826.png,1.0,train_06668
000827.png,1.0000002,train_04259
000828.png,1.0000001,train_04920
000829.png,0.9999998,train_00016
000830.png,0.99999964,train_06407
000831.png,1.0000001,train_06089
000832.png,0.9999998,train_00016
000833.png,1.0,train_04178
000834.png,0.9999998,train_02186
000835.png,1.0000001,train_07198
000836.png,0.99999994,train_03456
000837.png,1.0,train_02790
000838.png,0.9999999,train_02943
000839.png,0.9999997,train_08127
000840.png,1.0000002,train_06354
000841.png,0.99999994,train_07068
000842.png,1.0000001,train_03914
000843.png,1.0000004,train_07602
000844.png,0.9999999,train_00052
000845.png,0.99999976,train_02885
000846.png,1.0000002,train_05379
000847.png,0.9999999,train_02146
000848.png,1.0,train_04798
000849.png,0.9999999,train_02242
000850.png,1.0,train_06722
000851.png,1.0,train_04971
000852.png,0.9999999,train_05020
000853.png,1.0000001,train_06378
000854.png,0.9999999,train_05313
000855.png,1.0,train_07356
000856.png,1.0000001,train_06089
000857.png,1.0000001,train_03675
000858.png,0.99999976,train_00001
000859.png,0.99999994,train_02791
000860.png,0.9999999,train_05171
000861.png,1.0,train_04971
000862.png,1.0000002,train_00218
000863.png,1.0,train_07200
000864.png,1.0000001,train_00892
000865.png,1.0,train_00108
000866.png,0.9999998,train_00850
000867.png,1.0000001,train_07955
000868.png,0.9999997,train_07830
000869.png,0.99999994,train_01417
000870.png,1.0000001,train_01950
000871.png,1.0000002,train_07275
000872.png,1.0,train_04440
000873.png,1.0000002,train_05629
000874.png,1.0,train_04178
000875.png,0.99999994,train_01417
000876.png,1.0,train_03604
000877.png,1.0,train_00326
000878.png,1.0000002,train_07255
000879.png,1.0000002,train_03016
000880.png,0.9999999,train_02146
000881.png,1.0000002,train_05802
000882.png,0.9999998,train_00850
000883.png,1.0000002,train_06305
000884.png,1.0,train_05240
000885.png,1.0000002,train_01343
000886.png,1.0,train_00508
000887.png,1.0,train_06417
000888.png,0.99999964,train_04017
000889.png,1.0000001,train_08053
000890.png,1.0000001,train_06253
000891.png,0.9999999,train_07431
000892.png,1.0000001,train_05194
000893.png,0.9999999,train_03501
000894.png,0.99999994,train_01648
000895.png,1.0000001,train_01950
000896.png,1.0,train_01490
000897.png,0.9999999,train_04990
000898.png,0.9999999,train_01946
000899.png,0.99999994,train_07068
000900.png,1.0000002,train_07077
000901.png,1.0,train_02790
000902.png,1.0000002,train_06283
000903.png,1.0,train_03715
000904.png,1.0000002,train_04616
000905.png,1.0,train_06588
000906.png,1.0000004,train_00862
000907.png,0.99999964,train_04017
000908.png,1.0,train_04178
000909.png,1.0000001,train_02812
000910.png,1.0000001,train_06089
000911.png,1.0,train_07280
000912.png,0.99999994,train_01648
000913.png,1.0,train_02122
000914.png,1.0000002,train_00316
000915.png,1.0,train_05228
000916.png,1.0,train_05358
000917.png,0.9999998,train_02186
000918.png,0.99999994,train_02791
000919.png,1.0000001,train_08053
000920.png,1.0000002,train_06354
000921.png,1.0000001,train_07947
000922.png,0.9999999,train_05020
000923.png,1.0000001,train_06759
000924.png,1.0000001,train_04937
000925.png,1.0000002,train_03093
000926.png,1.0000001,train_05703
000927.png,1.0000001,train_05703
000928.png,0.99999976,train_07826
000929.png,1.0,train_06157
000930.png,1.0,train_03441
000931.png,1.0,train_03604
000932.png,1.0000001,train_07955
000933.png,1.0000002,train_07275
000934.png,1.0000002,train_07077
000935.png,1.0000002,train_00218
000936.png,1.0,train_00358
000937.png,0.9999998,train_00850
000938.png,1.0,train_06583
000939.png,1.0000004,train_04918
000940.png,1.0,train_06668
000941.png,1.0,train_05240
000942.png,1.0000002,train_06354
000943.png,1.0000001,train_06253
000944.png,1.0000001,train_00030
000945.png,1.0000002,train_06305
000946.png,1.0000001,train_06253
000947.png,0.99999994,train_05576
000948.png,0.9999999,train_06399
000949.png,1.0,train_07356
000950.png,1.0000002,train_07275
000951.png,1.0000002,train_01535
000952.png,1.0000001,train_07198
000953.png,1.0000001,train_06378
000954.png,1.0,train_03441
000955.png,1.0000001,train_03065
000956.png,1.0,train_03441
000957.png,0.99999976,train_04339
000958.png,1.0,train_05458
000959.png,1.0000002,train_04616
000960.png,1.0000001,train_07119
000961.png,1.0000001,train_04920
000962.png,0.9999999,train_04990
000963.png,1.0,train_04440
000964.png,1.0000004,train_00076
000965.png,1.0000001,train_02812
000966.png,1.0,train_03715
000967.png,1.0000002,train_07275
000968.png,1.0,train_00358
000969.png,1.0,train_05306
000970.png,1.0,train_00508
000971.png,1.0000001,train_02230
000972.png,1.0000001,train_04604
000973.png,1.0000001,train_05194
000974.png,1.0,train_06157
000975.png,1.0,train_03604
000976.png,1.0,train_06157
000977.png,1.0,train_03441
000978.png,1.0,train_03441
000979.png,1.0000001,train_03065
000980.png,0.99999976,train_00039
000981.png,1.0000001,train_05052
000982.png,0.9999999,train_07304
000983.png,1.0000001,train_04246
000984.png,0.99999976,train_06333
000985.png,1.0000001,train_01694
000986.png,0.9999999,train_05552
000987.png,0.9999999,train_06826
000988.png,1.0000002,train_04908
000989.png,0.99999976,train_05910
000990.png,1.0000001,train_03065
000991.png,1.0000001,train_08053
000992.png,1.0000002,train_01535
000993.png,0.99999976,train_05302
000994.png,0.99999976,train_05302
000995.png,1.0000001,train_03675
000996.png,0.9999999,train_01946
000997.png,1.0,train_03441
000998.png,0.9999999,train_07431
000999.png,1.0000002,train_00218
001000.png,0.99999994,train_05576
001001.png,0.9999999,train_03998
001002.png,0.99999976,train_02885
001003.png,1.0000001,train_01070
001004.png,1.0000001,train_00892
001005.png,1.0000001,train_01376
001006.png,1.0000001,train_05194
001007.png,0.9999999,train_05171
001008.png,1.0,train_06583
001009.png,1.0,train_03604
001010.png,1.0000001,train_01208
001011.png,0.99999976,train_05302
001012.png,0.99999994,train_03512
001013.png,1.0000001,train_02812
001014.png,0.9999999,train_05171
001015.png,1.0,train_05458
001016.png,1.0000001,train_07947
001017.png,1.0,train_05358
001018.png,1.0000001,train_07947
001019.png,1.0000001,train_05940
001020.png,1.0000001,train_01208
001021.png,0.99999994,train_06659
001022.png,0.9999999,train_02146
001023.png,1.0,train_04178
001024.png,0.9999997,train_08127
001025.png,1.0,train_01249
001026.png,0.99999976,train_04339
001027.png,0.99999994,train_01714
001028.png,1.0000002,train_06354
001029.png,1.0000001,train_05234
001030.png,0.99999976,train_00001
001031.png,0.9999999,train_04386
001032.png,1.0,train_03604
001033.png,1.0000001,train_01376
001034.png,1.0,train_04798
001035.png,1.0000001,train_03309
001036.png,0.99999994,train_00574
001037.png,1.0,train_05458
001038.png,1.0000001,train_07955
001039.png,0.99999976,train_07826
001040.png,1.0000001,train_03065
001041.png,1.0000002,train_05629
001042.png,1.0,train_03604
001043.png,1.0,train_04440
001044.png,0.99999976,train_05910
001045.png,1.0000001,train_04246
001046.png,1.0000001,train_05194
001047.png,1.0000002,train_03093
001048.png,1.0000002,train_02967
001049.png,1.0000004,train_00076
001050.png,1.0000002,train_00316
001051.png,1.0,train_03540
001052.png,0.99999994,train_05580
001053.png,1.0000002,train_01343
001054.png,1.0000002,train_05379
001055.png,1.0,train_04966
001056.png,0.99999976,train_05302
001057.png,0.99999964,train_04017
001058.png,1.0000001,train_00030
001059.png,1.0000002,train_06283
001060.png,1.0000001,train_04246
001061.png,0.9999999,train_07431
001062.png,1.0,train_04637
001063.png,1.0000001,train_00241
001064.png,0.9999999,train_06529
001065.png,1.0,train_02122
001066.png,1.0000001,train_00030
001067.png,0.9999998,train_02186
001068.png,1.0,train_06588
001069.png,1.0000001,train_00241
001070.png,0.9999999,train_01946
001071.png,1.0000001,train_04757
001072.png,0.99999976,train_02885
001073.png,0.9999999,train_02146
001074.png,1.0,train_05646
001075.png,1.0000001,train_06384
001076.png,1.0000001,train_07198
001077.png,1.0000002,train_03016
001078.png,0.9999999,train_07714
001079.png,0.9999999,train_07431
001080.png,0.9999999,train_05020
001081.png,0.9999999,train_01025
001082.png,1.0000001,train_08053
001083.png,1.0000001,train_01208
001084.png,1.0000002,train_07275
001085.png,0.9999999,train_00087
001086.png,1.0000002,train_04908
001087.png,1.0000001,train_06253
001088.png,1.0000002,train_05802
001089.png,0.9999999,train_06603
001090.png,0.99999976,train_03040
001091.png,1.0,train_04865
001092.png,0.9999999,train_06787
001093.png,1.0000002,train_06354
001094.png,1.0000004,train_04918
001095.png,0.9999999,train_06399
001096.png,1.0000002,train_06283
001097.png,1.0,train_07529
001098.png,0.9999998,train_06635
001099.png,0.9999999,train_07568
001100.png,0.9999999,train_03998
001101.png,1.0000001,train_06759
001102.png,1.0000005,train_04788
001103.png,1.0000001,train_01123
001104.png,1.0,train_03540
001105.png,1.0000002,train_03093
001106.png,1.0000002,train_00163
001107.png,0.9999997,train_07830
001108.png,1.0,train_01886
001109.png,1.0,train_01478
001110.png,0.9999999,train_07431
001111.png,1.0,train_05337
001112.png,1.0000004,train_04918
001113.png,1.0,train_05337
001114.png,1.0,train_02298
001115.png,1.0,train_05966
001116.png,0.9999999,train_06399
001117.png,1.0,train_00386
001118.png,0.9999998,train_06635
001119.png,1.0000001,train_01070
001120.png,1.0000002,train_02967
001121.png,0.9999999,train_02099
001122.png,1.0000002,train_03093
001123.png,1.0000001,train_00892
001124.png,0.99999994,train_03456
001125.png,1.0,train_04178
001126.png,1.0000001,train_04937
001127.png,1.0000002,train_04908
001128.png,1.0000002,train_04908
001129.png,0.99999976,train_06324
001130.png,1.0000002,train_01343
001131.png,0.9999999,train_02242
001132.png,0.9999999,train_06787
001133.png,1.0000004,train_07602
001134.png,1.0000001,train_05940
001135.png,0.99999994,train_03904
001136.png,0.9999999,train_07431
001137.png,1.0000002,train_07275
001138.png,1.0000001,train_03339
001139.png,0.9999999,train_04996
001140.png,1.0,train_05458
001141.png,1.0000001,train_07119
001142.png,1.0,train_07645
001143.png,1.0000001,train_03914
001144.png,1.0000005,train_04788
001145.png,1.0,train_07200
001146.png,1.0000001,train_03914
001147.png,0.9999999,train_02943
001148.png,0.99999994,train_05580
001149.png,1.0,train_03441
001150.png,1.0,train_07645
001151.png,0.9999997,train_08127
001152.png,1.0000001,train_06378
001153.png,1.0,train_01490
001154.png,1.0,train_04798
001155.png,1.0,train_05101
001156.png,1.0000002,train_00163
001157.png,1.0,train_05306
001158.png,1.0000005,train_03421
001159.png,1.0000001,train_04604
001160.png,1.0000001,train_04920
001161.png,1.0,train_04178
001162.png,1.0000001,train_04937
001163.png,1.0000001,train_04757
001164.png,1.0,train_02803
001165.png,1.0000001,train_05052
001166.png,0.99999976,train_04339
001167.png,1.0,train_05337
001168.png,0.9999998,train_00016
001169.png,1.0,train_01478
001170.png,0.99999994,train_06659
001171.png,1.0000001,train_08053
001172.png,0.9999999,train_02099
001173.png,1.0,train_04865
001174.png,1.0000002,train_03093
001175.png,1.0000001,train_01950
001176.png,0.9999998,train_02607
001177.png,0.99999976,train_00039
001178.png,1.0,train_05646
001179.png,1.0000001,train_01603
001180.png,0.9999999,train_02146
001181.png,0.99999976,train_05302
001182.png,1.0,train_07280
001183.png,1.0,train_05101
001184.png,1.0000001,train_00030
001185.png,1.0000004,train_07602
001186.png,1.0000001,train_04920
001187.png,1.0,train_04637
001188.png,1.0000002,train_00163
001189.png,0.99999994,train_03456
001190.png,1.0000001,train_05940
001191.png,0.99999994,train_03904
001192.png,0.9999999,train_07431
001193.png,1.0,train_08117
001194.png,0.9999999,train_04787
001195.png,1.0000001,train_05194
001196.png,1.0,train_05358
001197.png,0.9999998,train_02607
001198.png,0.9999999,train_00167
001199.png,1.0,train_06583
001200.png,1.0000001,train_04604
001201.png,1.0000002,train_07801
001202.png,0.9999999,train_00087
001203.png,1.0000001,train_07955
001204.png,1.0,train_07529
001205.png,0.99999994,train_06185
001206.png,1.0000001,train_05940
001207.png,0.99999976,train_00001
001208.png,1.0000001,train_00030
001209.png,0.9999999,train_05552
001210.png,0.99999994,train_05580
001211.png,1.0,train_06417
001212.png,1.0000002,train_07077
001213.png,0.9999998,train_02607
001214.png,0.99999994,train_01714
001215.png,1.0000002,train_00163
001216.png,0.9999999,train_06529
001217.png,1.0,train_04440
001218.png,0.9999999,train_06787
001219.png,1.0000001,train_00892
001220.png,1.0,train_04178
001221.png,1.0000002,train_05379
001222.png,0.99999976,train_07203
001223.png,1.0000002,train_07077
001224.png,0.9999999,train_05020
001225.png,1.0,train_06157
001226.png,1.0000001,train_06759
001227.png,0.99999994,train_01714
001228.png,0.99999976,train_05910
001229.png,1.0000002,train_06283
001230.png,1.0000001,train_05194
001231.png,1.0000002,train_04616
001232.png,1.0000001,train_03675
001233.png,0.99999976,train_05910
001234.png,1.0000001,train_06759
001235.png,1.0,train_05240
001236.png,1.0,train_08117
001237.png,1.0000001,train_02230
001238.png,1.0000002,train_01343
001239.png,0.9999999,train_03998
001240.png,1.0000004,train_07602
001241.png,0.9999999,train_01025
001242.png,0.99999964,train_04017
001243.png,0.99999994,train_07068
001244.png,1.0000002,train_00218
001245.png,0.9999998,train_00016
001246.png,0.99999994,train_03512
001247.png,1.0000002,train_04908
001248.png,1.0000001,train_07955
001249.png,1.0000001,train_01208
001250.png,0.9999999,train_04386
001251.png,1.0,train_04966
001252.png,0.9999999,train_04787
001253.png,1.0000002,train_00316
001254.png,0.99999964,train_04017
001255.png,1.0000001,train_06959
001256.png,1.0,train_03715
001257.png,1.0,train_07645
001258.png,0.99999976,train_04339
001259.png,0.99999994,train_06659
001260.png,1.0,train_07280
001261.png,1.0000002,train_06354
001262.png,0.9999999,train_06603
001263.png,1.0000001,train_04920
001264.png,0.9999997,train_08127
001265.png,1.0,train_02985
001266.png,1.0000004,train_00862
001267.png,1.0,train_07356
001268.png,1.0000001,train_01603
001269.png,1.0000001,train_03339
001270.png,1.0000001,train_03675
001271.png,1.0,train_07200
001272.png,0.99999994,train_01648
001273.png,1.0,train_05101
001274.png,1.0,train_02122
001275.png,1.0000002,train_04297
001276.png,0.99999964,train_06792
001277.png,1.0000001,train_07208
001278.png,0.9999997,train_08127
001279.png,1.0000001,train_06384
001280.png,1.0000001,train_06759
001281.png,1.0,train_06668
001282.png,1.0,train_05240
001283.png,1.0,train_04966
001284.png,0.99999994,train_01714
001285.png,1.0000002,train_04616
001286.png,1.0,train_00108
001287.png,1.0000002,train_07801
001288.png,1.0000002,train_07275
001289.png,1.0,train_06588
001290.png,0.99999994,train_03904
001291.png,1.0,train_06157
001292.png,0.9999999,train_05313
001293.png,0.9999999,train_06787
001294.png,1.0000002,train_07275
001295.png,1.0,train_07645
001296.png,1.0000002,train_07275
001297.png,0.99999994,train_01714
001298.png,0.99999976,train_05910
001299.png,1.0000001,train_07893
001300.png,1.0,train_01915
001301.png,0.99999994,train_07001
001302.png,1.0000002,train_06283
001303.png,1.0000001,train_07893
001304.png,0.99999994,train_05580
001305.png,1.0,train_05358
001306.png,1.0000001,train_07947
001307.png,0.9999999,train_06826
001308.png,1.0000001,train_04604
001309.png,0.99999976,train_06658
001310.png,1.0000001,train_04920
001311.png,1.0,train_01886
001312.png,0.99999994,train_03512
001313.png,1.0,train_06583
001314.png,0.99999976,train_06324
001315.png,1.0,train_05358
001316.png,0.9999998,train_06067
001317.png,1.0,train_01490
001318.png,0.9999999,train_00052
001319.png,1.0000001,train_07208
001320.png,0.99999994,train_01417
001321.png,0.99999976,train_00001
001322.png,0.99999994,train_06659
001323.png,0.9999999,train_06826
001324.png,0.9999999,train_04787
001325.png,1.0,train_00386
001326.png,0.99999994,train_03456
001327.png,1.0000002,train_07275
001328.png,1.0000001,train_07893
001329.png,1.0000001,train_02230
001330.png,0.99999994,train_06185
001331.png,0.9999999,train_04787
001332.png,0.99999994,train_05576
001333.png,1.0,train_04625
001334.png,1.0,train_05646
001335.png,1.0000002,train_03093
001336.png,1.0,train_05358
001337.png,1.0,train_04966
001338.png,1.0,train_01886
001339.png,1.0000002,train_06354
001340.png,1.0000002,train_07077
001341.png,1.0000001,train_06959
001342.png,1.0,train_04971
001343.png,0.99999976,train_04339
001344.png,1.0,train_00386
001345.png,1.0000002,train_07077
001346.png,1.0,train_06288
001347.png,1.0000001,train_01376
001348.png,1.0000002,train_04259
001349.png,1.0000001,train_03309
001350.png,1.0,train_04865
001351.png,1.0000001,train_01070
001352.png,1.0000001,train_02812
001353.png,0.99999976,train_02885
001354.png,1.0000002,train_02967
001355.png,0.99999976,train_04339
001356.png,1.0000001,train_03914
001357.png,1.0,train_00386
001358.png,1.0000002,train_07801
001359.png,1.0000001,train_03065
001360.png,0.9999999,train_07568
001361.png,0.9999999,train_06399
001362.png,1.0000005,train_04788
001363.png,1.0000002,train_01343
001364.png,1.0,train_07645
001365.png,1.0000001,train_04604
001366.png,1.0000001,train_06384
001367.png,1.0000002,train_00316
001368.png,1.0000002,train_00218
001369.png,1.0000001,train_01123
001370.png,1.0,train_06722
001371.png,1.0,train_07280
001372.png,1.0,train_06722
001373.png,0.99999994,train_02791
001374.png,0.9999999,train_04386
001375.png,1.0,train_02790
001376.png,1.0000002,train_06305
001377.png,1.0000004,train_00862
001378.png,0.99999964,train_04017
001379.png,0.9999999,train_02943
001380.png,1.0,train_03540
001381.png,0.9999999,train_01025
001382.png,0.9999999,train_05313
001383.png,1.0,train_02790
001384.png,1.0000001,train_08032
001385.png,1.0,train_03441
001386.png,1.0000004,train_00862
001387.png,1.0000002,train_04297
001388.png,1.0000001,train_00030
001389.png,0.9999999,train_02146
001390.png,1.0,train_07645
001391.png,1.0000001,train_03065
001392.png,0.9999999,train_06603
001393.png,0.9999998,train_06635
001394.png,1.0,train_07645
001395.png,1.0000001,train_07119
001396.png,0.99999976,train_00001
001397.png,1.0,train_02985
001398.png,1.0000001,train_02812
001399.png,1.0,train_07200
001400.png,0.9999999,train_04990
001401.png,0.9999998,train_00850
001402.png,1.0,train_07529
001403.png,1.0000001,train_04246
001404.png,0.9999997,train_07830
001405.png,1.0000001,train_07198
001406.png,1.0000001,train_00892
001407.png,1.0,train_02790
001408.png,1.0000002,train_07275
001409.png,1.0000001,train_08032
001410.png,0.9999999,train_05020
001411.png,1.0000001,train_03339
001412.png,1.0000001,train_04920
001413.png,1.0000001,train_02230
001414.png,0.9999999,train_06787
001415.png,1.0000001,train_05052
001416.png,1.0000001,train_08032
001417.png,0.9999997,train_07830
001418.png,0.99999994,train_05576
001419.png,0.99999994,train_07001
001420.png,1.0000002,train_07077
001421.png,1.0000001,train_04604
001422.png,0.9999997,train_05902
001423.png,0.9999999,train_05171
001424.png,1.0000001,train_07119
001425.png,1.0,train_01915
001426.png,0.99999976,train_06324
001427.png,1.0,train_03715
001428.png,1.0,train_05358
001429.png,1.0,train_02803
001430.png,0.99999994,train_05580
001431.png,0.99999976,train_00039
001432.png,0.99999976,train_06333
001433.png,1.0000002,train_05629
001434.png,1.0000004,train_07602
001435.png,1.0000001,train_01603
001436.png,0.99999994,train_05580
001437.png,1.0,train_05358
001438.png,0.9999999,train_00087
001439.png,1.0,train_05240
001440.png,1.0000001,train_04757
001441.png,0.99999976,train_06333
001442.png,1.0,train_02985
001443.png,0.9999999,train_03383
001444.png,0.9999999,train_02146
001445.png,1.0000002,train_04297
001446.png,1.0,train_03441
001447.png,1.0000002,train_00163
001448.png,1.0,train_05228
001449.png,1.0,train_00108
001450.png,1.0000001,train_01123
001451.png,0.9999999,train_00167
001452.png,0.99999976,train_07826
001453.png,0.9999999,train_03383
001454.png,1.0000002,train_07275
001455.png,0.99999976,train_07203
001456.png,1.0,train_05228
001457.png,1.0,train_07356
001458.png,1.0000001,train_07119
001459.png,1.0000001,train_05234
001460.png,0.99999976,train_07203
001461.png,1.0000001,train_05052
001462.png,1.0,train_01886
001463.png,0.99999964,train_04017
001464.png,1.0000001,train_03339
001465.png,1.0,train_00326
001466.png,0.9999999,train_02146
001467.png,1.0000002,train_06305
001468.png,0.99999976,train_06658
001469.png,1.0,train_00358
001470.png,0.99999976,train_06324
001471.png,1.0000001,train_01694
001472.png,0.9999999,train_00052
001473.png,1.0,train_01886
001474.png,1.0000001,train_00892
001475.png,1.0,train_04178
001476.png,1.0000001,train_00030
001477.png,0.99999994,train_06185
001478.png,0.9999999,train_05552
001479.png,0.9999999,train_05552
001480.png,1.0,train_07200
001481.png,1.0000002,train_07275
001482.png,1.0000001,train_03309
001483.png,1.0000004,train_00862
001484.png,0.9999998,train_02607
001485.png,0.99999976,train_05302
001486.png,1.0000002,train_02967
001487.png,1.0000002,train_06283
001488.png,1.0000001,train_08053
001489.png,0.9999999,train_02242
001490.png,1.0000001,train_03914
001491.png,1.0000001,train_01950
001492.png,0.9999999,train_02943
001493.png,1.0,train_06417
001494.png,1.0,train_03715
001495.png,0.9999999,train_02943
001496.png,0.9999999,train_04787
001497.png,0.9999997,train_07830
001498.png,1.0,train_07645
001499.png,1.0000005,train_04788
001500.png,1.0,train_06288
001501.png,1.0000001,train_05234
001502.png,1.0,train_04971
001503.png,1.0000002,train_00163
001504.png,1.0000001,train_01070
001505.png,1.0,train_05101
001506.png,1.0,train_02803
001507.png,1.0000001,train_03065
001508.png,1.0000002,train_07255
001509.png,0.99999994,train_03456
001510.png,1.0000001,train_00241
001511.png,1.0000002,train_06354
001512.png,1.0,train_03604
001513.png,0.9999999,train_06787
001514.png,1.0,train_06668
001515.png,1.0,train_04865
001516.png,1.0,train_03604
001517.png,1.0000001,train_02230
001518.png,0.9999998,train_00016
001519.png,0.9999998,train_00850
001520.png,0.9999999,train_00052
001521.png,0.99999994,train_03456
001522.png,1.0000002,train_00163
001523.png,0.99999994,train_05580
001524.png,0.99999994,train_06185
001525.png,1.0,train_01915
001526.png,0.9999997,train_05902
001527.png,1.0000001,train_01208
001528.png,0.9999999,train_05313
001529.png,1.0,train_06588
001530.png,1.0000001,train_04937
001531.png,1.0000001,train_01603
001532.png,0.9999999,train_06787
001533.png,0.9999999,train_06399
001534.png,1.0000001,train_03914
001535.png,1.0,train_07280
001536.png,1.0000002,train_07801
001537.png,1.0,train_03604
001538.png,1.0000002,train_06283
001539.png,1.0,train_03589
001540.png,0.99999994,train_05576
001541.png,1.0,train_02298
001542.png,1.0000001,train_01950
001543.png,0.99999964,train_06407
001544.png,0.99999976,train_05910
001545.png,0.99999964,train_06407
001546.png,0.99999994,train_00574
001547.png,0.9999999,train_06603
001548.png,0.99999994,train_07068
001549.png,0.9999999,train_05552
001550.png,0.99999976,train_04339
001551.png,0.9999999,train_07568
001552.png,1.0,train_05101
001553.png,0.9999999,train_06826
001554.png,0.9999999,train_05020
001555.png,1.0000001,train_03065
001556.png,1.0,train_06722
001557.png,1.0,train_00326
001558.png,1.0,train_02298
001559.png,1.0000002,train_04616
001560.png,1.0,train_06157
001561.png,0.9999999,train_06529
001562.png,1.0,train_05101
001563.png,0.9999998,train_06635
001564.png,1.0000001,train_05940
001565.png,1.0000001,train_06378
001566.png,1.0,train_00358
001567.png,1.0000001,train_05326
001568.png,0.9999999,train_02943
001569.png,1.0000001,train_02230
001570.png,0.99999994,train_05580
001571.png,0.9999999,train_03501
001572.png,1.0,train_06588
001573.png,1.0,train_06288
001574.png,0.99999976,train_06658
001575.png,1.0000004,train_00076
001576.png,1.0,train_01249
001577.png,1.0,train_06722
001578.png,0.9999999,train_05313
001579.png,0.9999999,train_00052
001580.png,0.9999999,train_04990
001581.png,0.9999999,train_06399
001582.png,1.0,train_02790
001583.png,1.0000001,train_04246
001584.png,0.99999994,train_03456
001585.png,0.99999976,train_07203
001586.png,1.0000002,train_05802
001587.png,1.0,train_05240
001588.png,1.0000001,train_06089
001589.png,0.99999976,train_05302
001590.png,0.9999997,train_05902
001591.png,1.0,train_05101
001592.png,1.0,train_05240
001593.png,1.0,train_01478
001594.png,1.0,train_06288
001595.png,1.0,train_06157
001596.png,1.0,train_06288
001597.png,1.0,train_05646
001598.png,1.0,train_03540
001599.png,1.0,train_01915
001600.png,1.0,train_00386
001601.png,1.0000001,train_08053
001602.png,1.0000004,train_00862
001603.png,1.0000005,train_04788
001604.png,0.99999994,train_03904
001605.png,1.0000001,train_06253
001606.png,1.0000002,train_05379
001607.png,0.99999964,train_04017
001608.png,1.0,train_04865
001609.png,1.0,train_05228
001610.png,1.0000002,train_06283
001611.png,1.0,train_01886
001612.png,1.0,train_03540
001613.png,0.9999999,train_06529
001614.png,0.99999964,train_06407
001615.png,0.99999976,train_04339
001616.png,0.99999994,train_03456
001617.png,1.0,train_05306
001618.png,1.0000001,train_01376
001619.png,0.9999999,train_06603
001620.png,1.0000005,train_04788
001621.png,1.0,train_02985
001622.png,1.0000001,train_07119
001623.png,0.9999999,train_06603
001624.png,1.0,train_02790
001625.png,1.0,train_05966
001626.png,0.9999999,train_01946
001627.png,0.99999976,train_06324
001628.png,1.0,train_01490
001629.png,1.0000001,train_07947
001630.png,1.0,train_04440
001631.png,1.0,train_06417
001632.png,1.0000001,train_08053
001633.png,1.0000002,train_04297
001634.png,1.0000005,train_04788
001635.png,0.9999999,train_07304
001636.png,0.99999976,train_03040
001637.png,1.0000002,train_04259
001638.png,1.0000001,train_06384
001639.png,1.0000002,train_06283
001640.png,1.0000002,train_06283
001641.png,1.0,train_07529
001642.png,1.0,train_06157
001643.png,1.0,train_04971
001644.png,1.0,train_04625
001645.png,1.0000002,train_07275
001646.png,1.0000001,train_03675
001647.png,1.0000001,train_01694
001648.png,1.0000005,train_04788
001649.png,0.99999994,train_06659
001650.png,1.0,train_04865
001651.png,1.0,train_05101
001652.png,1.0000001,train_07119
001653.png,1.0000001,train_06253
001654.png,0.99999994,train_07068
001655.png,0.9999998,train_02607
001656.png,1.0,train_02790
001657.png,0.9999999,train_06529
001658.png,1.0000001,train_01603
001659.png,1.0000001,train_08053
001660.png,1.0000002,train_01343
001661.png,1.0,train_04625
001662.png,0.99999976,train_00039
001663.png,0.9999999,train_02242
001664.png,0.9999999,train_04787
001665.png,1.0000001,train_05234
001666.png,1.0000002,train_06354
001667.png,1.0,train_07280
001668.png,1.0000001,train_04604
001669.png,1.0,train_02790
001670.png,1.0000002,train_07801
001671.png,0.9999997,train_07830
001672.png,1.0000004,train_00076
001673.png,0.9999998,train_00016
001674.png,0.9999999,train_02242
001675.png,1.0000005,train_03421
001676.png,0.99999976,train_02885
001677.png,1.0000002,train_06354
001678.png,0.99999994,train_07001
001679.png,1.0000001,train_05940
001680.png,1.0000002,train_01535
001681.png,0.99999994,train_03456
001682.png,1.0000002,train_04259
001683.png,1.0000002,train_07801
001684.png,0.99999976,train_07826
001685.png,0.9999999,train_07304
001686.png,0.9999999,train_02146
001687.png,1.0000002,train_04616
001688.png,1.0000001,train_07119
001689.png,1.0000002,train_07255
001690.png,1.0000001,train_03309
001691.png,1.0,train_03715
001692.png,1.0,train_01478
001693.png,1.0000001,train_01208
001694.png,1.0000001,train_06759
001695.png,1.0000002,train_07077
001696.png,1.0000002,train_07077
001697.png,0.9999999,train_05020
001698.png,0.9999999,train_06529
001699.png,1.0000001,train_05234
001700.png,1.0000001,train_08053
001701.png,1.0000002,train_07801
001702.png,1.0000001,train_01376
001703.png,0.9999999,train_00052
001704.png,0.99999994,train_01648
001705.png,1.0,train_04971
001706.png,1.0,train_00386
001707.png,1.0000001,train_08032
001708.png,0.99999976,train_05302
001709.png,1.0000001,train_00030
001710.png,1.0,train_00358
001711.png,1.0,train_03715
001712.png,1.0000001,train_08053
001713.png,0.99999976,train_06658
001714.png,0.9999997,train_08127
001715.png,0.99999964,train_06407
001716.png,1.0000001,train_06759
001717.png,1.0000001,train_07893
001718.png,0.9999999,train_07568
001719.png,1.0,train_04767
001720.png,1.0,train_06417
001721.png,1.0000002,train_00366
001722.png,0.9999999,train_07431
001723.png,1.0,train_07280
001724.png,0.9999999,train_05313
001725.png,1.0000002,train_00316
001726.png,1.0,train_04625
001727.png,1.0000002,train_02967
001728.png,0.9999999,train_03998
001729.png,0.99999994,train_07001
001730.png,1.0000001,train_07947
001731.png,0.9999999,train_04996
001732.png,1.0,train_02298
001733.png,1.0000005,train_04788
001734.png,0.99999994,train_03904
001735.png,1.0,train_07645
001736.png,1.0000001,train_00241
001737.png,1.0,train_04865
001738.png,1.0000002,train_03016
001739.png,1.0000002,train_00366
001740.png,1.0,train_01478
001741.png,1.0000001,train_03339
001742.png,1.0000001,train_01694
001743.png,0.99999994,train_06185
001744.png,0.9999999,train_01946
001745.png,0.9999999,train_02242
001746.png,1.0000001,train_04920
001747.png,1.0,train_02985
001748.png,0.99999976,train_00001
001749.png,1.0000001,train_06253
001750.png,1.0000002,train_05629
001751.png,0.99999994,train_06659
001752.png,0.99999994,train_02791
001753.png,1.0000001,train_07893
001754.png,1.0,train_04625
001755.png,0.9999999,train_00087
001756.png,1.0,train_07645
001757.png,0.99999976,train_07203
001758.png,1.0000001,train_06759
001759.png,1.0000001,train_04937
001760.png,1.0000001,train_08053
001761.png,1.0000002,train_07275
001762.png,1.0,train_04625
001763.png,0.99999994,train_05580
001764.png,1.0,train_01249
001765.png,0.9999998,train_06067
001766.png,0.99999994,train_02791
001767.png,1.0000002,train_00366
001768.png,1.0,train_01249
001769.png,0.9999999,train_04787
001770.png,0.99999976,train_07203
001771.png,0.9999998,train_02186
001772.png,1.0000001,train_05234
001773.png,0.9999999,train_04386
001774.png,0.9999999,train_03501
001775.png,1.0000001,train_06089
001776.png,1.0,train_03604
001777.png,1.0,train_05358
001778.png,1.0,train_04625
001779.png,0.9999999,train_02099
001780.png,1.0,train_07280
001781.png,1.0000002,train_06305
001782.png,1.0000002,train_00163
001783.png,1.0,train_03540
001784.png,0.9999998,train_06635
001785.png,0.99999994,train_01417
001786.png,1.0,train_02803
001787.png,0.9999998,train_06635
001788.png,1.0,train_04637
001789.png,1.0,train_03540
001790.png,0.99999976,train_00001
001791.png,0.9999999,train_00167
001792.png,0.9999999,train_06529
001793.png,0.99999994,train_02791
001794.png,0.9999997,train_08127
001795.png,0.9999999,train_06399
001796.png,0.9999999,train_05552
001797.png,1.0000002,train_06354
001798.png,1.0000001,train_06959
001799.png,0.99999994,train_05576
001800.png,1.0000001,train_08032
001801.png,1.0,train_06583
001802.png,1.0000001,train_04757
001803.png,1.0000001,train_01070
001804.png,1.0,train_07645
001805.png,1.0000001,train_06253
001806.png,1.0,train_05101
001807.png,1.0000001,train_01208
001808.png,1.0,train_00358
001809.png,1.0000001,train_08053
001810.png,0.99999976,train_04339
001811.png,1.0,train_02122
001812.png,1.0000001,train_07947
001813.png,1.0000001,train_01070
001814.png,0.99999976,train_07826
001815.png,1.0000001,train_06253
001816.png,1.0000001,train_08032
001817.png,0.99999976,train_06324
001818.png,0.9999999,train_04386
001819.png,1.0,train_07280
001820.png,1.0000001,train_06253
001821.png,1.0,train_07645
001822.png,1.0000001,train_04757
001823.png,0.9999999,train_06529
001824.png,1.0,train_00508
001825.png,0.9999998,train_00016
001826.png,1.0,train_03540
001827.png,1.0000001,train_01603
001828.png,1.0000001,train_07947
001829.png,0.9999999,train_00087
001830.png,1.0,train_01886
001831.png,0.9999999,train_07304
001832.png,0.99999964,train_06407
001833.png,1.0000002,train_07801
001834.png,1.0000001,train_05052
001835.png,0.99999994,train_06659
001836.png,0.9999999,train_06826
001837.png,1.0000001,train_05940
001838.png,1.0,train_03441
001839.png,0.9999998,train_02186
001840.png,1.0,train_05240
001841.png,1.0,train_01886
001842.png,0.99999994,train_03512
001843.png,0.99999976,train_07203
001844.png,1.0000002,train_07801
001845.png,1.0000002,train_00366
001846.png,1.0,train_05306
001847.png,0.9999998,train_02186
001848.png,1.0000002,train_07801
001849.png,1.0,train_00508
001850.png,0.9999999,train_01025
001851.png,0.9999999,train_00052
001852.png,1.0000001,train_05234
001853.png,1.0000002,train_01343
001854.png,1.0000001,train_01694
001855.png,1.0,train_04865
001856.png,1.0000001,train_00892
001857.png,1.0000001,train_05194
001858.png,1.0,train_05306
001859.png,0.99999994,train_01648
001860.png,1.0000001,train_01070
001861.png,1.0,train_06157
001862.png,0.99999976,train_00001
001863.png,0.9999999,train_00052
001864.png,1.0000001,train_07955
001865.png,1.0000002,train_00163
001866.png,1.0,train_04625
001867.png,1.0000001,train_02812
001868.png,1.0,train_02122
001869.png,1.0000001,train_05940
001870.png,0.9999999,train_04990
001871.png,0.99999976,train_00001
001872.png,1.0,train_04767
001873.png,0.9999999,train_03383
001874.png,1.0,train_05101
001875.png,1.0,train_03589
001876.png,0.9999999,train_01946
001877.png,1.0000001,train_01070
001878.png,1.0000001,train_01070
001879.png,1.0000001,train_01694
001880.png,0.9999999,train_05313
001881.png,1.0000001,train_07955
001882.png,1.0000004,train_00862
001883.png,0.9999999,train_07568
001884.png,1.0000002,train_03093
001885.png,1.0000005,train_04788
001886.png,1.0000002,train_06283
001887.png,1.0000001,train_00241
001888.png,1.0,train_03441
001889.png,1.0,train_03715
001890.png,0.99999976,train_06324
001891.png,0.9999999,train_07568
001892.png,1.0000002,train_06305
001893.png,1.0,train_04625
001894.png,0.99999976,train_06333
001895.png,1.0000001,train_01123
001896.png,1.0000002,train_00163
001897.png,1.0000001,train_06384
001898.png,1.0,train_04440
001899.png,1.0000001,train_04920
001900.png,1.0000001,train_01376
001901.png,1.0000001,train_05052
001902.png,0.9999997,train_07830
001903.png,1.0000001,train_07119
001904.png,1.0000002,train_04259
001905.png,0.99999976,train_05302
001906.png,1.0000002,train_05379
001907.png,0.99999976,train_00001
001908.png,1.0,train_01478
001909.png,1.0000002,train_04259
001910.png,0.9999999,train_05313
001911.png,1.0000002,train_01343
001912.png,0.99999994,train_01417
001913.png,0.99999976,train_05910
001914.png,1.0000002,train_01343
001915.png,1.0,train_04178
001916.png,1.0,train_00508
001917.png,1.0000002,train_06283
001918.png,1.0000002,train_07801
001919.png,1.0,train_04637
001920.png,1.0000001,train_03914
001921.png,1.0,train_03715
001922.png,1.0,train_04440
001923.png,1.0000001,train_04920
001924.png,1.0000002,train_00163
001925.png,1.0,train_01478
001926.png,1.0,train_00386
001927.png,0.99999976,train_05910
001928.png,0.9999999,train_05313
001929.png,1.0000002,train_05629
001930.png,1.0,train_03715
001931.png,0.9999999,train_06826
001932.png,1.0000001,train_03309
001933.png,1.0,train_08117
001934.png,1.0,train_05966
001935.png,1.0000002,train_06354
001936.png,1.0000001,train_03914
001937.png,1.0000001,train_07893
001938.png,1.0000001,train_01208
001939.png,0.99999976,train_06324
001940.png,0.99999994,train_01648
001941.png,1.0000001,train_04920
001942.png,1.0000001,train_08032
001943.png,1.0000001,train_08053
001944.png,0.9999998,train_02186
001945.png,0.99999964,train_06407
001946.png,0.99999994,train_00574
001947.png,1.0000001,train_00241
001948.png,0.9999999,train_04996
001949.png,1.0000001,train_06959
001950.png,1.0000001,train_06378
001951.png,0.9999998,train_00016
001952.png,1.0000001,train_07119
001953.png,1.0000001,train_05703
001954.png,1.0,train_02790
001955.png,0.9999999,train_06399
001956.png,1.0000001,train_04604
001957.png,0.99999994,train_02791
001958.png,1.0000002,train_02967
001959.png,0.9999999,train_07304
001960.png,1.0,train_04637
001961.png,1.0,train_04625
001962.png,1.0000005,train_04788
001963.png,1.0000001,train_02812
001964.png,1.0,train_08117
001965.png,0.99999994,train_03904
001966.png,1.0000001,train_02812
001967.png,0.99999976,train_05910
001968.png,1.0,train_04767
001969.png,0.99999994,train_03456
001970.png,1.0,train_07645
001971.png,1.0,train_08117
001972.png,1.0000001,train_07208
001973.png,0.99999976,train_07826
001974.png,1.0000002,train_07275
001975.png,1.0000001,train_03675
001976.png,1.0,train_01478
001977.png,1.0000001,train_04757
001978.png,0.9999999,train_02943
001979.png,1.0000002,train_06354
001980.png,1.0000002,train_02967
001981.png,1.0,train_04971
001982.png,1.0,train_03441
001983.png,0.99999994,train_05576
001984.png,1.0,train_02985
001985.png,1.0000001,train_06759
001986.png,0.9999999,train_07431
001987.png,1.0000002,train_06354
001988.png,1.0,train_07356
001989.png,1.0000001,train_05052
001990.png,1.0000002,train_02967
001991.png,0.9999999,train_03501
001992.png,1.0000004,train_07602
001993.png,1.0,train_01478
001994.png,1.0,train_04637
001995.png,1.0000002,train_00163
001996.png,1.0000001,train_06378
001997.png,1.0,train_01490
001998.png,0.9999999,train_04996
001999.png,1.0,train_00358
002000.png,1.0,train_04767
002001.png,1.0,train_02790
002002.png,0.9999999,train_06826
002003.png,0.9999999,train_03998
002004.png,1.0000002,train_06283
002005.png,1.0,train_07200
002006.png,1.0,train_07200
002007.png,1.0000001,train_04920
002008.png,1.0,train_05337
002009.png,0.9999999,train_04990
002010.png,1.0000001,train_07893
002011.png,0.99999994,train_07068
002012.png,1.0,train_03715
002013.png,1.0000001,train_02230
002014.png,1.0,train_04798
002015.png,1.0000001,train_01950
002016.png,1.0000002,train_07255
002017.png,0.9999999,train_02146
002018.png,1.0000002,train_02967
002019.png,1.0000002,train_00316
002020.png,1.0,train_08117
002021.png,1.0,train_04971
002022.png,1.0000004,train_00862
002023.png,0.9999997,train_05902
002024.png,0.9999999,train_01946
002025.png,0.99999964,train_06407
002026.png,0.9999999,train_07714
002027.png,0.99999994,train_03512
002028.png,1.0000002,train_04259
002029.png,1.0000002,train_06283
002030.png,0.99999994,train_05580
002031.png,1.0000002,train_06283
002032.png,0.99999994,train_02791
002033.png,1.0,train_05306
002034.png,1.0,train_07645
002035.png,0.9999999,train_02943
002036.png,1.0,train_07356
002037.png,0.99999994,train_07001
002038.png,0.99999976,train_00039
002039.png,1.0000001,train_04246
002040.png,1.0000002,train_06305
002041.png,1.0000001,train_05234
002042.png,1.0,train_04637
002043.png,1.0,train_05228
002044.png,1.0000001,train_03914
002045.png,0.9999998,train_00016
002046.png,1.0000001,train_02230
002047.png,0.99999994,train_05580
002048.png,1.0000001,train_01603
002049.png,1.0,train_05358
002050.png,1.0,train_02298
002051.png,0.9999998,train_02607
002052.png,1.0,train_06722
002053.png,1.0000001,train_01376
002054.png,1.0,train_05240
002055.png,0.99999976,train_06324
002056.png,0.99999994,train_01417
002057.png,1.0,train_04440
002058.png,0.9999998,train_00850
002059.png,1.0000002,train_00316
002060.png,1.0,train_03441
002061.png,1.0000004,train_00862
002062.png,0.99999976,train_06324
002063.png,1.0000001,train_04246
002064.png,0.9999999,train_01025
002065.png,1.0000001,train_03339
002066.png,1.0,train_01915
002067.png,1.0,train_02790
002068.png,1.0000001,train_01603
002069.png,1.0000001,train_08032
002070.png,0.99999976,train_07203
002071.png,1.0000001,train_05194
002072.png,1.0000002,train_04259
002073.png,1.0000001,train_02230
002074.png,0.99999964,train_04017
002075.png,0.9999997,train_05902
002076.png,1.0000005,train_04788
002077.png,1.0,train_03589
002078.png,1.0000001,train_01070
002079.png,1.0,train_04625
002080.png,1.0000002,train_05629
002081.png,1.0,train_06417
002082.png,0.99999994,train_03456
002083.png,1.0000002,train_05802
002084.png,1.0000004,train_04918
002085.png,0.99999976,train_06333
002086.png,1.0000002,train_04908
002087.png,1.0,train_05306
002088.png,1.0,train_06583
002089.png,1.0000002,train_06283
002090.png,1.0000001,train_07947
002091.png,1.0000002,train_06305
002092.png,1.0,train_00508
002093.png,1.0000002,train_02967
002094.png,0.99999976,train_07203
002095.png,1.0,train_06417
002096.png,1.0000004,train_07602
002097.png,0.9999999,train_04990
002098.png,1.0000001,train_03339
002099.png,1.0,train_02298
002100.png,1.0,train_00508
002101.png,1.0,train_00508
002102.png,1.0,train_01249
002103.png,1.0000001,train_00030
002104.png,1.0000001,train_00892
002105.png,1.0000001,train_07893
002106.png,1.0000001,train_05326
002107.png,1.0000001,train_08053
002108.png,0.9999999,train_04996
002109.png,0.99999976,train_07203
002110.png,1.0000001,train_07947
002111.png,0.9999997,train_07830
002112.png,1.0000001,train_08053
002113.png,1.0,train_07645
002114.png,1.0000002,train_05802
002115.png,1.0000001,train_04604
002116.png,0.9999999,train_02146
002117.png,1.0,train_04637
002118.png,1.0000004,train_00862
002119.png,0.9999999,train_03383
002120.png,1.0,train_00386
002121.png,0.99999994,train_07001
002122.png,1.0000002,train_07275
002123.png,0.9999999,train_00052
002124.png,1.0000001,train_07208
002125.png,1.0,train_05966
002126.png,1.0000001,train_08032
002127.png,0.99999994,train_03456
002128.png,1.0,train_05306
002129.png,1.0,train_06583
002130.png,0.99999976,train_04339
002131.png,1.0,train_04625
002132.png,1.0000002,train_03093
002133.png,0.99999976,train_05910
002134.png,1.0000002,train_06283
002135.png,1.0000004,train_07602
002136.png,1.0000002,train_03093
002137.png,0.9999999,train_05171
002138.png,1.0000002,train_07275
002139.png,1.0000001,train_03309
002140.png,1.0000004,train_04918
002141.png,1.0000001,train_05194
002142.png,1.0000001,train_01950
002143.png,0.9999998,train_06067
002144.png,1.0000001,train_07208
002145.png,1.0,train_02298
002146.png,0.99999976,train_07826
002147.png,0.99999994,train_00574
002148.png,1.0,train_07200
002149.png,1.0000001,train_01123
002150.png,1.0000001,train_01694
002151.png,0.99999994,train_06185
002152.png,1.0000002,train_07275
002153.png,0.9999999,train_01025
002154.png,1.0000002,train_06305
002155.png,1.0000001,train_07955
002156.png,0.9999999,train_05020
002157.png,1.0000002,train_03016
002158.png,1.0000001,train_05052
002159.png,1.0000001,train_01376
002160.png,1.0000001,train_04757
002161.png,1.0000004,train_04918
002162.png,0.9999999,train_04990
002163.png,0.99999994,train_02791
002164.png,1.0000002,train_06305
002165.png,1.0,train_07645
002166.png,1.0,train_05306
002167.png,0.9999999,train_03383
002168.png,1.0,train_05228
002169.png,1.0,train_06588
002170.png,0.9999999,train_06399
002171.png,0.99999964,train_06792
002172.png,1.0,train_01886
002173.png,0.9999999,train_05552
002174.png,0.9999999,train_00087
002175.png,1.0,train_03540
002176.png,0.9999999,train_07714
002177.png,0.99999994,train_03456
002178.png,1.0,train_02122
002179.png,0.9999999,train_02943
002180.png,1.0,train_04798
002181.png,1.0000002,train_00163
002182.png,0.9999999,train_06603
002183.png,1.0,train_02298
002184.png,1.0000002,train_04259
002185.png,0.99999994,train_06659
002186.png,0.9999999,train_04990
002187.png,0.9999997,train_07830
002188.png,0.99999976,train_04339
002189.png,0.99999994,train_07068
002190.png,0.9999999,train_03383
002191.png,1.0,train_00326
002192.png,1.0000002,train_04616
002193.png,1.0000002,train_00163
002194.png,0.9999999,train_06399
002195.png,1.0,train_07645
002196.png,0.99999994,train_05580
002197.png,1.0000001,train_01376
002198.png,0.99999994,train_06185
002199.png,1.0,train_03715
002200.png,0.99999976,train_07203
002201.png,1.0000001,train_06253
002202.png,1.0000001,train_03309
002203.png,1.0000001,train_07955
002204.png,1.0000001,train_05194
002205.png,1.0,train_06588
002206.png,1.0,train_02298
002207.png,1.0,train_04966
002208.png,1.0,train_03589
002209.png,1.0000001,train_05194
002210.png,1.0000002,train_05629
002211.png,1.0,train_00358
002212.png,1.0,train_08117
002213.png,1.0000001,train_03339
002214.png,0.99999994,train_01417
002215.png,1.0,train_04440
002216.png,1.0000001,train_07893
002217.png,1.0,train_00508
002218.png,1.0000001,train_05194
002219.png,1.0,train_06583
002220.png,1.0000004,train_07602
002221.png,1.0,train_05306
002222.png,1.0000001,train_07119
002223.png,0.9999999,train_04990
002224.png,0.99999994,train_06185
002225.png,1.0,train_05337
002226.png,1.0000001,train_01208
002227.png,1.0000001,train_00241
002228.png,1.0000002,train_06283
002229.png,1.0,train_03589
002230.png,1.0,train_03441
002231.png,1.0000004,train_00862
002232.png,0.99999976,train_04339
002233.png,1.0,train_00386
002234.png,0.9999999,train_06826
002235.png,0.99999976,train_06324
002236.png,1.0,train_06668
002237.png,1.0000002,train_05379
002238.png,1.0000002,train_02967
002239.png,0.99999976,train_00001
002240.png,1.0000005,train_04788
002241.png,1.0000002,train_06354
002242.png,0.9999999,train_06399
002243.png,1.0000002,train_00163
002244.png,1.0000002,train_00218
002245.png,0.99999976,train_07826
002246.png,1.0000002,train_02967
002247.png,0.99999976,train_07203
002248.png,1.0,train_02985
002249.png,1.0,train_02803
002250.png,1.0000002,train_03093
002251.png,1.0000002,train_03093
002252.png,1.0,train_01478
002253.png,1.0,train_06722
002254.png,1.0,train_04971
002255.png,1.0,train_02985
002256.png,1.0000001,train_01376
002257.png,1.0000001,train_08053
002258.png,1.0,train_01249
002259.png,1.0000004,train_00076
002260.png,1.0000002,train_04616
002261.png,0.9999999,train_05020
002262.png,0.9999998,train_06067
002263.png,1.0,train_00386
002264.png,1.0000002,train_07801
002265.png,0.99999976,train_00039
002266.png,1.0000001,train_05234
002267.png,1.0000001,train_00030
002268.png,1.0000001,train_01603
002269.png,1.0000002,train_00218
002270.png,1.0,train_06588
002271.png,1.0000001,train_03914
002272.png,0.9999998,train_00850
002273.png,1.0000001,train_07955
002274.png,1.0000001,train_03675
002275.png,0.9999999,train_01946
002276.png,1.0000002,train_07275
002277.png,1.0000001,train_08053
002278.png,1.0000001,train_01123
002279.png,1.0000001,train_06959
002280.png,0.9999999,train_05171
002281.png,0.99999994,train_07068
002282.png,1.0,train_05306
002283.png,1.0000002,train_04616
002284.png,0.9999999,train_04787
002285.png,0.99999994,train_01714
002286.png,1.0000002,train_04297
002287.png,1.0000002,train_00316
002288.png,1.0000001,train_07947
002289.png,1.0000001,train_05194
002290.png,1.0000001,train_07893
002291.png,1.0000001,train_07947
002292.png,1.0000004,train_00862
002293.png,1.0000001,train_07893
002294.png,1.0000001,train_03065
002295.png,1.0,train_04865
002296.png,1.0000001,train_04937
002297.png,0.99999994,train_03456
002298.png,0.99999994,train_03904
002299.png,1.0,train_02122
002300.png,1.0000001,train_05194
002301.png,1.0,train_04971
002302.png,0.99999994,train_00574
002303.png,0.99999976,train_06324
002304.png,1.0000002,train_05629
002305.png,0.9999999,train_00087
002306.png,1.0000001,train_04757
002307.png,1.0,train_04971
002308.png,0.9999997,train_07830
002309.png,0.99999994,train_06659
002310.png,1.0000001,train_05326
002311.png,1.0000002,train_07275
002312.png,0.99999994,train_02791
002313.png,0.9999999,train_07568
002314.png,0.99999976,train_05302
002315.png,1.0000002,train_01343
002316.png,0.99999994,train_07068
002317.png,0.99999994,train_00574
002318.png,1.0,train_06157
002319.png,0.9999999,train_02099
002320.png,0.9999999,train_00052
002321.png,0.99999994,train_02791
002322.png,1.0000001,train_05234
002323.png,0.9999999,train_01025
002324.png,1.0,train_06588
002325.png,1.0000001,train_05703
002326.png,1.0,train_02790
002327.png,0.9999999,train_03998
002328.png,1.0,train_02298
002329.png,0.99999976,train_03040
002330.png,1.0000001,train_01950
002331.png,1.0000005,train_04788
002332.png,1.0000001,train_05326
002333.png,1.0000001,train_03914
002334.png,1.0000004,train_00862
002335.png,1.0,train_01478
002336.png,0.9999999,train_06529
002337.png,1.0000001,train_01603
002338.png,1.0,train_07645
002339.png,1.0,train_04798
002340.png,0.9999999,train_05171
002341.png,0.99999994,train_01714
002342.png,1.0000001,train_00030
002343.png,0.9999998,train_02607
002344.png,1.0000001,train_05052
002345.png,0.99999994,train_01648
002346.png,0.9999999,train_04787
002347.png,1.0,train_04971
002348.png,0.99999994,train_00574
002349.png,1.0000001,train_07119
002350.png,0.9999999,train_04386
002351.png,1.0000001,train_08032
002352.png,1.0,train_01886
002353.png,0.9999999,train_05171
002354.png,1.0,train_03604
002355.png,1.0000001,train_07947
002356.png,1.0000002,train_01343
002357.png,0.9999998,train_00850
002358.png,0.9999998,train_02607
002359.png,0.9999999,train_03501
002360.png,1.0,train_07645
002361.png,1.0,train_07529
002362.png,0.99999976,train_00039
002363.png,1.0000002,train_05379
002364.png,1.0000002,train_00218
002365.png,1.0000001,train_07119
002366.png,1.0000001,train_05326
002367.png,0.9999999,train_05313
002368.png,1.0,train_01249
002369.png,1.0,train_07200
002370.png,1.0000001,train_04937
002371.png,0.99999976,train_04339
002372.png,1.0000001,train_03065
002373.png,1.0,train_02790
002374.png,1.0,train_03441
002375.png,0.9999999,train_02099
002376.png,0.99999976,train_06333
002377.png,0.9999999,train_02943
002378.png,0.9999999,train_06399
002379.png,1.0,train_00326
002380.png,1.0000001,train_02812
002381.png,1.0,train_07645
002382.png,1.0,train_07356
002383.png,1.0000002,train_02967
002384.png,0.9999999,train_07714
002385.png,1.0,train_07645
002386.png,1.0000001,train_05703
002387.png,0.9999999,train_06399
002388.png,1.0,train_03589
002389.png,0.9999999,train_05313
002390.png,1.0,train_07645
002391.png,1.0000001,train_08053
002392.png,0.9999999,train_07568
002393.png,1.0000002,train_06305
002394.png,1.0000002,train_06283
002395.png,0.99999994,train_07001
002396.png,0.9999997,train_05902
002397.png,1.0,train_02122
002398.png,1.0000001,train_04937
002399.png,0.99999994,train_07068
002400.png,1.0,train_04865
002401.png,0.99999994,train_03512
002402.png,1.0000002,train_01535
002403.png,0.99999994,train_00574
002404.png,1.0,train_07529
002405.png,0.9999999,train_02943
002406.png,1.0000001,train_05234
002407.png,0.9999999,train_03383
002408.png,1.0,train_04966
002409.png,1.0000002,train_01535
002410.png,1.0,train_05966
002411.png,1.0,train_06668
002412.png,0.9999997,train_08127
002413.png,0.99999976,train_02885
002414.png,1.0000002,train_00316
002415.png,1.0000004,train_00862
002416.png,1.0000001,train_05326
002417.png,1.0,train_04971
002418.png,1.0000001,train_07198
002419.png,1.0000002,train_04259
002420.png,1.0000001,train_00241
002421.png,1.0,train_06668
002422.png,1.0,train_02790
002423.png,1.0000001,train_07208
002424.png,1.0,train_00508
002425.png,0.9999998,train_06635
002426.png,0.9999999,train_07568
002427.png,1.0,train_04440
002428.png,1.0,train_04767
002429.png,0.9999999,train_06787
002430.png,1.0000001,train_05703
002431.png,1.0000001,train_05194
002432.png,1.0000001,train_06378
002433.png,1.0,train_03604
002434.png,1.0000001,train_05052
002435.png,1.0,train_00386
002436.png,1.0000001,train_00892
002437.png,0.9999999,train_06399
002438.png,1.0000001,train_07955
002439.png,1.0,train_07280
002440.png,1.0000002,train_07801
002441.png,1.0000001,train_01123
002442.png,1.0000001,train_01694
002443.png,1.0,train_04767
002444.png,1.0,train_05358
002445.png,1.0000002,train_04297
002446.png,1.0,train_07200
002447.png,1.0000002,train_06354
002448.png,1.0,train_05358
002449.png,0.99999994,train_03904
002450.png,1.0000001,train_07208
002451.png,1.0000002,train_04259
002452.png,1.0000001,train_07198
002453.png,1.0,train_00508
002454.png,1.0000001,train_01070
002455.png,0.99999976,train_00001
002456.png,1.0000001,train_04757
002457.png,1.0000001,train_01070
002458.png,1.0,train_04625
002459.png,1.0000002,train_04616
002460.png,1.0000002,train_05379
002461.png,1.0,train_04865
002462.png,0.9999998,train_02607
002463.png,1.0,train_04440
002464.png,1.0,train_01490
002465.png,1.0000001,train_06378
002466.png,1.0000002,train_02967
002467.png,1.0,train_08117
002468.png,1.0000001,train_06759
002469.png,1.0,train_06583
002470.png,0.9999998,train_00016
002471.png,0.9999999,train_01025
002472.png,0.9999999,train_06826
002473.png,1.0,train_04865
002474.png,1.0,train_05966
002475.png,1.0,train_03441
002476.png,1.0000002,train_06305
002477.png,0.9999999,train_04386
002478.png,1.0000001,train_07947
002479.png,1.0,train_02122
002480.png,1.0000002,train_02967
002481.png,1.0,train_04625
002482.png,1.0000001,train_01603
002483.png,0.9999999,train_02099
002484.png,1.0000001,train_06378
002485.png,1.0000001,train_01694
002486.png,0.9999998,train_02607
002487.png,1.0000001,train_03675
002488.png,1.0,train_01490
002489.png,1.0000002,train_02967
002490.png,0.99999964,train_06407
002491.png,1.0000001,train_07893
002492.png,0.9999999,train_06603
002493.png,1.0,train_00386
002494.png,1.0,train_04625
002495.png,1.0000002,train_01535
002496.png,1.0000001,train_06384
002497.png,0.99999976,train_07826
002498.png,0.9999997,train_07830
002499.png,1.0000001,train_00030
002500.png,0.99999994,train_03456
002501.png,1.0000002,train_06283
002502.png,1.0,train_06583
002503.png,1.0,train_03441
002504.png,1.0000001,train_01603
002505.png,1.0000002,train_07077
002506.png,1.0,train_04178
002507.png,1.0,train_05458
002508.png,1.0,train_06288
002509.png,1.0,train_00108
002510.png,0.9999999,train_07714
002511.png,0.9999999,train_00167
002512.png,1.0,train_03589
002513.png,1.0000001,train_01070
002514.png,0.9999999,train_02099
002515.png,1.0,train_07280
002516.png,1.0000002,train_04259
002517.png,1.0000001,train_03675
002518.png,0.9999999,train_05313
002519.png,0.9999999,train_06399
002520.png,1.0000001,train_07947
002521.png,1.0,train_08117
002522.png,1.0000002,train_00163
002523.png,1.0000001,train_07893
002524.png,1.0000001,train_00241
002525.png,1.0000001,train_07947
002526.png,0.9999999,train_03998
002527.png,1.0000004,train_00076
002528.png,1.0000001,train_07198
002529.png,1.0,train_05228
002530.png,0.99999994,train_01714
002531.png,1.0,train_02803
002532.png,1.0,train_07200
002533.png,1.0,train_04440
002534.png,1.0,train_00508
002535.png,1.0,train_00386
002536.png,1.0000002,train_06283
002537.png,0.9999999,train_07568
002538.png,1.0,train_06722
002539.png,1.0000001,train_06253
002540.png,1.0,train_07356
002541.png,0.99999976,train_05302
002542.png,1.0,train_00386
002543.png,1.0,train_05228
002544.png,1.0000001,train_07119
002545.png,1.0000001,train_02230
002546.png,0.99999964,train_06407
002547.png,1.0000004,train_00862
002548.png,0.9999999,train_02146
002549.png,0.99999964,train_06792
002550.png,1.0,train_02298
002551.png,0.99999994,train_03456
002552.png,0.99999994,train_01648
002553.png,1.0,train_00508
002554.png,0.9999999,train_05313
002555.png,1.0,train_01249
002556.png,1.0,train_01886
002557.png,1.0,train_04798
002558.png,0.9999997,train_07830
002559.png,1.0,train_03441
002560.png,0.9999999,train_04787
002561.png,0.99999964,train_06792
002562.png,1.0000002,train_05629
002563.png,1.0,train_06417
002564.png,0.9999999,train_02943
002565.png,1.0000002,train_00218
002566.png,0.99999976,train_00001
002567.png,1.0000001,train_07955
002568.png,0.99999994,train_00574
002569.png,1.0000001,train_05052
002570.png,1.0,train_03604
002571.png,1.0,train_04440
002572.png,1.0000001,train_01603
002573.png,1.0,train_01490
002574.png,0.9999997,train_07830
002575.png,1.0000002,train_02967
002576.png,1.0000002,train_00163
002577.png,0.99999994,train_06185
002578.png,0.99999994,train_03512
002579.png,1.0000001,train_01603
002580.png,0.99999976,train_06658
002581.png,1.0000002,train_04259
002582.png,1.0,train_07645
002583.png,1.0,train_03441
002584.png,0.9999999,train_04996
002585.png,0.99999994,train_01648
002586.png,1.0,train_04440
002587.png,1.0000001,train_04604
002588.png,1.0,train_02122
002589.png,1.0,train_06668
002590.png,1.0,train_05101
002591.png,0.9999999,train_01025
002592.png,1.0000001,train_06089
002593.png,1.0000001,train_08053
002594.png,1.0000002,train_01535
002595.png,0.9999999,train_07431
002596.png,1.0000001,train_00030
002597.png,1.0,train_05228
002598.png,1.0000002,train_00218
002599.png,0.9999999,train_01946
002600.png,1.0,train_06417
002601.png,1.0000001,train_04757
002602.png,1.0000001,train_07198
002603.png,1.0000001,train_07955
002604.png,0.9999998,train_02607
002605.png,1.0000001,train_01603
002606.png,0.99999994,train_07001
002607.png,1.0,train_05228
002608.png,0.99999964,train_06407
002609.png,1.0,train_04971
002610.png,1.0000001,train_01376
002611.png,0.9999999,train_05313
002612.png,0.9999999,train_07714
002613.png,1.0000001,train_05194
002614.png,1.0,train_04865
002615.png,1.0,train_00358
002616.png,0.9999999,train_03998
002617.png,1.0,train_01249
002618.png,1.0000002,train_02967
002619.png,1.0,train_04966
002620.png,1.0,train_06588
002621.png,0.9999999,train_07431
002622.png,1.0,train_05337
002623.png,1.0,train_03604
002624.png,0.99999964,train_06792
002625.png,0.9999998,train_00850
002626.png,1.0000004,train_04918
002627.png,0.9999999,train_00052
002628.png,1.0000001,train_05194
002629.png,0.9999999,train_00052
002630.png,1.0000001,train_01376
002631.png,0.99999994,train_03904
002632.png,1.0000002,train_05629
002633.png,1.0,train_05306
002634.png,1.0000001,train_08053
002635.png,1.0,train_05458
002636.png,1.0000001,train_02812
002637.png,1.0000001,train_05194
002638.png,0.99999976,train_05302
002639.png,1.0000002,train_00163
002640.png,0.99999976,train_07203
002641.png,1.0,train_06583
002642.png,1.0,train_05358
002643.png,0.9999997,train_05902
002644.png,1.0000001,train_05194
002645.png,1.0000002,train_00316
002646.png,1.0000001,train_06089
002647.png,1.0,train_04798
002648.png,1.0000002,train_07801
002649.png,0.9999999,train_01025
002650.png,0.99999964,train_06792
002651.png,1.0,train_04637
002652.png,1.0,train_03441
002653.png,1.0000001,train_04937
002654.png,1.0000002,train_07801
002655.png,1.0000005,train_03421
002656.png,0.9999999,train_07304
002657.png,0.99999994,train_05580
002658.png,1.0000002,train_02967
002659.png,0.9999999,train_00052
002660.png,0.9999999,train_07431
002661.png,1.0000002,train_06354
002662.png,0.9999999,train_06603
002663.png,1.0000001,train_03675
002664.png,1.0000002,train_04259
002665.png,1.0000001,train_06253
002666.png,1.0000001,train_07947
002667.png,1.0000001,train_04937
002668.png,1.0,train_01490
002669.png,1.0000002,train_05802
002670.png,1.0000001,train_06378
002671.png,0.9999999,train_07714
002672.png,1.0,train_03441
002673.png,0.9999998,train_02186
002674.png,1.0,train_02122
002675.png,1.0000001,train_01070
002676.png,1.0,train_06588
002677.png,0.99999976,train_07826
002678.png,1.0,train_00108
002679.png,0.9999999,train_05171
002680.png,1.0,train_01478
002681.png,0.99999976,train_02885
002682.png,1.0000001,train_07119
002683.png,0.99999976,train_03040
002684.png,0.9999999,train_07568
002685.png,1.0000002,train_00366
002686.png,0.9999999,train_06787
002687.png,1.0000001,train_01208
002688.png,1.0000002,train_05629
002689.png,1.0000002,train_04297
002690.png,1.0000002,train_06283
002691.png,1.0,train_03604
002692.png,1.0000001,train_06384
002693.png,0.9999999,train_07714
002694.png,1.0,train_06588
002695.png,1.0,train_06722
002696.png,0.9999999,train_03998
002697.png,0.9999999,train_04990
002698.png,0.99999976,train_00039
002699.png,1.0,train_06722
002700.png,1.0000002,train_03016
002701.png,1.0000001,train_07208
002702.png,1.0,train_01478
002703.png,1.0000002,train_02967
002704.png,1.0000002,train_05629
002705.png,1.0,train_07200
002706.png,0.99999976,train_05910
002707.png,1.0000002,train_07801
002708.png,1.0000001,train_03675
002709.png,1.0000002,train_00316
002710.png,1.0000001,train_05703
002711.png,1.0000001,train_07119
002712.png,1.0000002,train_06354
002713.png,0.99999994,train_05576
002714.png,0.9999998,train_00016
002715.png,0.99999976,train_07826
002716.png,0.9999999,train_06603
002717.png,0.99999994,train_05576
002718.png,1.0000001,train_02812
002719.png,1.0,train_00508
002720.png,0.99999994,train_05580
002721.png,1.0000004,train_00862
002722.png,0.99999976,train_07203
002723.png,1.0,train_06157
002724.png,1.0,train_03441
002725.png,1.0000001,train_07198
002726.png,1.0000001,train_00030
002727.png,1.0,train_00108
002728.png,1.0000001,train_06959
002729.png,0.9999997,train_07830
002730.png,1.0000001,train_00030
002731.png,0.99999994,train_03456
002732.png,1.0,train_04971
002733.png,1.0,train_05101
002734.png,1.0000002,train_07077
002735.png,1.0,train_03441
002736.png,1.0000001,train_03309
002737.png,1.0000004,train_00076
002738.png,0.9999999,train_03383
002739.png,1.0000002,train_06305
002740.png,1.0000002,train_03093
002741.png,1.0,train_05240
002742.png,1.0,train_01249
002743.png,0.9999999,train_06787
002744.png,1.0,train_06588
002745.png,1.0,train_07200
002746.png,0.9999999,train_06399
002747.png,1.0000004,train_07602
002748.png,1.0,train_03540
002749.png,1.0,train_06157
002750.png,1.0,train_07200
002751.png,0.99999976,train_04339
002752.png,1.0000001,train_00892
002753.png,0.99999994,train_07001
002754.png,1.0,train_08117
002755.png,0.9999999,train_00052
002756.png,1.0,train_04865
002757.png,1.0000001,train_07208
002758.png,1.0000001,train_07955
002759.png,1.0,train_01490
002760.png,0.9999998,train_00850
002761.png,0.9999998,train_00016
002762.png,1.0,train_00326
002763.png,1.0000001,train_04937
002764.png,1.0000001,train_06253
002765.png,1.0,train_02985
002766.png,0.99999994,train_02791
002767.png,1.0000001,train_04920
002768.png,1.0000001,train_08053
002769.png,0.9999997,train_05902
002770.png,0.9999999,train_07304
002771.png,1.0,train_00386
002772.png,1.0,train_03715
002773.png,0.99999994,train_00574
002774.png,1.0000001,train_03339
002775.png,0.99999976,train_05302
002776.png,0.99999964,train_06792
002777.png,0.99999976,train_05910
002778.png,1.0000001,train_07198
002779.png,1.0000001,train_06384
002780.png,1.0,train_04966
002781.png,1.0,train_07280
002782.png,1.0000001,train_07119
002783.png,0.99999976,train_05910
002784.png,0.9999999,train_02146
002785.png,0.99999994,train_03904
002786.png,1.0,train_07645
002787.png,1.0000002,train_00316
002788.png,1.0000002,train_03093
002789.png,0.9999999,train_06529
002790.png,1.0,train_00108
002791.png,1.0,train_04865
002792.png,1.0,train_05240
002793.png,1.0000002,train_01535
002794.png,1.0,train_02790
002795.png,0.9999999,train_00087
002796.png,1.0000001,train_05194
002797.png,1.0000001,train_08053
002798.png,0.99999964,train_06792
002799.png,0.9999999,train_06399
002800.png,1.0,train_04637
002801.png,1.0000002,train_07275
002802.png,0.9999999,train_04996
002803.png,1.0000001,train_06253
002804.png,1.0000002,train_06283
002805.png,1.0000002,train_01343
002806.png,1.0000001,train_01070
002807.png,0.9999998,train_06067
002808.png,1.0000002,train_07077
002809.png,1.0000002,train_00163
002810.png,0.99999994,train_03456
002811.png,1.0,train_01249
002812.png,0.9999999,train_03501
002813.png,0.99999976,train_00039
002814.png,1.0,train_05240
002815.png,1.0,train_04178
002816.png,1.0,train_06157
002817.png,1.0,train_05458
002818.png,0.9999999,train_02943
002819.png,1.0000002,train_03016
002820.png,0.99999976,train_07203
002821.png,1.0,train_04625
002822.png,1.0,train_00508
002823.png,1.0000002,train_02967
002824.png,1.0000001,train_05194
002825.png,0.9999999,train_06787
002826.png,0.99999976,train_07826
002827.png,1.0,train_07356
002828.png,0.9999997,train_07830
002829.png,1.0,train_02985
002830.png,1.0,train_07529
002831.png,0.99999994,train_07068
002832.png,0.9999999,train_05171
002833.png,1.0,train_01886
002834.png,0.9999999,train_00167
002835.png,0.9999998,train_06067
002836.png,0.9999999,train_07304
002837.png,1.0000005,train_03421
002838.png,1.0,train_00508
002839.png,1.0000001,train_04920
002840.png,0.99999976,train_02885
002841.png,0.9999999,train_04990
002842.png,0.9999999,train_06826
002843.png,0.9999998,train_02607
002844.png,1.0,train_04798
002845.png,1.0000002,train_04259
002846.png,1.0,train_05101
002847.png,1.0,train_07529
002848.png,0.99999976,train_05910
002849.png,1.0000001,train_01694
002850.png,0.99999976,train_07203
002851.png,1.0000001,train_04757
002852.png,0.99999964,train_06792
002853.png,0.99999994,train_05580
002854.png,0.99999976,train_06658
002855.png,0.99999976,train_05302
002856.png,1.0000001,train_07208
002857.png,0.9999998,train_02186
002858.png,1.0000002,train_07801
002859.png,0.9999997,train_08127
002860.png,1.0,train_03540
002861.png,1.0,train_06288
002862.png,1.0,train_00326
002863.png,1.0000002,train_00366
002864.png,1.0000002,train_00366
002865.png,1.0000002,train_00218
002866.png,1.0,train_04440
002867.png,0.99999994,train_07001
002868.png,0.99999994,train_02791
002869.png,0.99999964,train_06407
002870.png,1.0000001,train_05194
002871.png,1.0000001,train_01950
002872.png,0.99999994,train_03512
002873.png,1.0000001,train_07208
002874.png,0.9999998,train_06067
002875.png,1.0000004,train_04918
002876.png,1.0000001,train_06384
002877.png,0.9999999,train_05313
002878.png,1.0,train_05966
002879.png,1.0,train_06157
002880.png,1.0000002,train_04297
002881.png,1.0,train_05337
002882.png,1.0000001,train_02230
002883.png,0.9999999,train_02242
002884.png,1.0000001,train_06378
002885.png,0.9999998,train_02186
002886.png,0.9999999,train_01946
002887.png,1.0,train_00358
002888.png,1.0000002,train_05802
002889.png,1.0000002,train_07801
002890.png,0.9999999,train_02099
002891.png,0.99999994,train_05580
002892.png,1.0000001,train_07119
002893.png,0.99999994,train_01714
002894.png,1.0000002,train_07255
002895.png,1.0,train_04637
002896.png,0.9999999,train_01025
002897.png,0.9999999,train_05552
002898.png,0.9999999,train_02146
002899.png,1.0000001,train_07947
002900.png,1.0000001,train_00241
002901.png,0.99999976,train_00039
002902.png,0.9999999,train_07304
002903.png,1.0000002,train_00366
002904.png,0.99999994,train_01648
002905.png,0.9999999,train_02099
002906.png,1.0,train_01249
002907.png,1.0000002,train_05802
002908.png,1.0000002,train_06305
002909.png,1.0,train_01886
002910.png,1.0,train_05306
002911.png,1.0000004,train_00076
002912.png,0.9999998,train_00850
002913.png,1.0,train_03604
002914.png,0.9999997,train_05902
002915.png,0.9999999,train_03998
002916.png,1.0000001,train_01950
002917.png,0.99999994,train_03512
002918.png,0.99999964,train_06792
002919.png,0.99999964,train_06407
002920.png,0.9999998,train_00850
002921.png,1.0000001,train_02230
002922.png,0.99999964,train_06792
002923.png,0.99999976,train_06324
002924.png,1.0000001,train_06378
002925.png,1.0,train_01490
002926.png,1.0000001,train_06959
002927.png,1.0,train_00386
002928.png,1.0000001,train_00892
002929.png,1.0,train_07529
002930.png,1.0000001,train_04757
002931.png,1.0,train_04637
002932.png,1.0,train_04966
002933.png,0.99999994,train_06185
002934.png,1.0000001,train_06089
002935.png,0.99999976,train_02885
002936.png,1.0,train_01249
002937.png,0.9999999,train_03501
002938.png,1.0000001,train_05940
002939.png,1.0000002,train_07275
002940.png,0.99999976,train_03040
002941.png,0.99999994,train_05576
002942.png,1.0,train_08117
002943.png,0.9999999,train_00052
002944.png,0.99999976,train_02885
002945.png,1.0000001,train_07947
002946.png,1.0000001,train_05326
002947.png,1.0,train_05228
002948.png,1.0,train_07356
002949.png,1.0000004,train_04918
002950.png,0.9999999,train_04386
002951.png,1.0,train_05240
002952.png,1.0000002,train_01535
002953.png,1.0,train_05966
002954.png,0.99999994,train_01417
002955.png,1.0,train_06288
002956.png,0.99999976,train_07203
002957.png,0.9999998,train_02186
002958.png,1.0000001,train_06759
002959.png,0.9999999,train_01946
002960.png,0.99999994,train_03512
002961.png,1.0,train_07645
002962.png,1.0,train_02803
002963.png,0.9999999,train_05313
002964.png,1.0,train_02298
002965.png,0.9999997,train_05902
002966.png,1.0000001,train_07119
002967.png,1.0,train_06668
002968.png,1.0000001,train_08053
002969.png,0.99999964,train_06407
002970.png,1.0000001,train_01376
002971.png,1.0,train_01490
002972.png,0.99999994,train_05576
002973.png,0.99999976,train_04339
002974.png,0.9999999,train_06399
002975.png,1.0000001,train_05194
002976.png,1.0,train_07529
002977.png,1.0,train_02790
002978.png,0.99999964,train_06407
002979.png,1.0,train_06417
002980.png,0.9999999,train_07431
002981.png,1.0000001,train_07893
002982.png,1.0,train_06417
002983.png,1.0000002,train_05379
002984.png,1.0000002,train_03016
002985.png,0.9999999,train_02943
002986.png,0.9999999,train_03383
002987.png,1.0,train_01490
002988.png,1.0,train_04865
002989.png,0.9999999,train_02146
002990.png,1.0,train_04971
002991.png,1.0000001,train_04937
002992.png,0.9999997,train_08127
002993.png,1.0000001,train_05940
002994.png,1.0000002,train_00366
002995.png,0.99999994,train_07001
002996.png,1.0,train_05101
002997.png,1.0,train_06417
002998.png,1.0,train_07645
002999.png,1.0,train_06157
003000.png,1.0,train_04625
003001.png,1.0000001,train_04920
003002.png,1.0,train_05966
003003.png,1.0,train_02790
003004.png,1.0000002,train_00218
003005.png,1.0000002,train_06354
003006.png,1.0,train_04966
003007.png,0.99999976,train_02885
003008.png,0.9999999,train_03998
003009.png,0.9999999,train_04787
003010.png,1.0000002,train_07255
003011.png,0.99999976,train_04339
003012.png,0.99999994,train_00574
003013.png,1.0000002,train_06283
003014.png,0.9999998,train_02186
003015.png,1.0000002,train_00366
003016.png,1.0,train_01478
003017.png,0.99999976,train_04339
003018.png,0.99999976,train_07203
003019.png,1.0,train_07200
003020.png,1.0000002,train_06283
003021.png,1.0000002,train_07077
003022.png,0.9999999,train_05313
003023.png,1.0,train_02122
003024.png,1.0,train_04625
003025.png,1.0,train_01249
003026.png,1.0000001,train_06253
003027.png,1.0,train_00508
003028.png,0.9999997,train_08127
003029.png,1.0000001,train_03309
003030.png,1.0000002,train_05802
003031.png,0.9999999,train_06603
003032.png,1.0000001,train_06384
003033.png,1.0000001,train_05940
003034.png,1.0000002,train_06283
003035.png,1.0000004,train_00862
003036.png,1.0000001,train_06959
003037.png,0.99999976,train_06324
003038.png,0.99999976,train_05910
003039.png,0.9999999,train_02943
003040.png,0.9999999,train_03501
003041.png,1.0000002,train_05802
003042.png,0.9999998,train_06067
003043.png,0.9999999,train_05171
003044.png,0.99999976,train_05302
003045.png,1.0000002,train_00163
003046.png,1.0000001,train_01070
003047.png,1.0,train_00108
003048.png,1.0000001,train_05194
003049.png,0.9999999,train_04990
003050.png,1.0000001,train_05194
003051.png,1.0000001,train_03675
003052.png,1.0000001,train_01208
003053.png,1.0,train_04637
003054.png,1.0,train_06588
003055.png,0.9999999,train_04990
003056.png,1.0,train_01478
003057.png,1.0,train_08117
003058.png,1.0,train_04767
003059.png,1.0,train_01478
003060.png,1.0,train_01886
003061.png,1.0000004,train_00862
003062.png,1.0000001,train_05052
003063.png,1.0000002,train_06283
003064.png,1.0000001,train_05326
003065.png,0.99999994,train_00574
003066.png,1.0000002,train_00163
003067.png,0.9999999,train_02242
003068.png,1.0,train_04966
003069.png,0.9999999,train_06826
003070.png,1.0,train_06417
003071.png,1.0000001,train_07955
003072.png,1.0,train_07280
003073.png,1.0000001,train_03065
003074.png,1.0,train_06588
003075.png,1.0,train_02122
003076.png,1.0000001,train_03339
003077.png,0.9999999,train_07431
003078.png,1.0000001,train_05326
003079.png,0.9999999,train_03998
003080.png,0.9999998,train_02186
003081.png,1.0000001,train_01070
003082.png,1.0,train_05101
003083.png,1.0000001,train_07208
003084.png,1.0,train_01249
003085.png,1.0000002,train_07255
003086.png,1.0,train_00508
003087.png,1.0000004,train_04918
003088.png,1.0000002,train_02967
003089.png,1.0,train_01886
003090.png,1.0,train_01915
003091.png,0.99999994,train_03456
003092.png,1.0000002,train_01343
003093.png,1.0,train_05101
003094.png,1.0000001,train_06378
003095.png,1.0,train_05101
003096.png,0.99999994,train_01417
003097.png,1.0,train_00508
003098.png,0.99999964,train_04017
003099.png,1.0,train_06288
003100.png,0.9999997,train_05902
003101.png,0.9999999,train_02146
003102.png,1.0000002,train_07275
003103.png,1.0000001,train_05940
003104.png,1.0000002,train_05629
003105.png,0.9999999,train_04386
003106.png,1.0000002,train_00218
003107.png,1.0000002,train_00366
003108.png,1.0,train_03441
003109.png,1.0,train_05240
003110.png,0.9999999,train_02099
003111.png,1.0000004,train_00862
003112.png,0.99999994,train_05576
003113.png,1.0,train_04798
003114.png,1.0000002,train_02967
003115.png,1.0000001,train_06384
003116.png,1.0,train_04798
003117.png,0.99999976,train_03040
003118.png,1.0000004,train_04918
003119.png,1.0,train_06588
003120.png,0.9999999,train_03383
003121.png,1.0,train_01478
003122.png,1.0000002,train_06305
003123.png,1.0000002,train_03016
003124.png,1.0000001,train_01123
003125.png,0.9999999,train_07714
003126.png,1.0000001,train_04920
003127.png,1.0000001,train_05703
003128.png,1.0000002,train_07801
003129.png,1.0000001,train_06759
003130.png,1.0000001,train_04920
003131.png,1.0,train_04178
003132.png,1.0000002,train_06305
003133.png,1.0,train_06583
003134.png,0.9999998,train_06635
003135.png,0.9999999,train_06787
003136.png,0.99999994,train_02791
003137.png,1.0,train_04178
003138.png,0.99999964,train_04017
003139.png,1.0,train_02985
003140.png,1.0000001,train_00892
003141.png,1.0,train_06722
003142.png,0.9999999,train_04990
003143.png,0.99999976,train_05910
003144.png,0.9999999,train_02943
003145.png,0.99999976,train_06324
003146.png,1.0,train_03715
003147.png,1.0000002,train_03016
003148.png,1.0,train_04966
003149.png,1.0,train_07645
003150.png,0.9999999,train_05171
003151.png,0.9999999,train_06826
003152.png,1.0000001,train_01694
003153.png,1.0,train_02122
003154.png,1.0000002,train_05629
003155.png,1.0,train_02122
003156.png,1.0,train_07200
003157.png,1.0000002,train_05802
003158.png,0.9999999,train_06529
003159.png,1.0,train_05240
003160.png,0.9999999,train_00052
003161.png,0.9999997,train_05902
003162.png,1.0000001,train_04604
003163.png,0.9999999,train_07568
003164.png,1.0000002,train_01535
003165.png,1.0000002,train_00163
003166.png,0.99999976,train_03040
003167.png,1.0,train_02985
003168.png,1.0000001,train_01376
003169.png,1.0000002,train_07275
003170.png,1.0000002,train_00366
003171.png,1.0,train_03589
003172.png,1.0,train_04767
003173.png,0.9999999,train_06787
003174.png,1.0,train_02298
003175.png,0.9999999,train_00052
003176.png,1.0,train_05966
003177.png,1.0,train_05240
003178.png,1.0000001,train_01123
003179.png,1.0,train_03604
003180.png,0.9999999,train_07714
003181.png,1.0000001,train_03065
003182.png,1.0000002,train_00218
003183.png,1.0000002,train_02967
003184.png,1.0000001,train_05052
003185.png,1.0,train_05240
003186.png,0.9999999,train_01025
003187.png,1.0,train_02790
003188.png,1.0000002,train_04259
003189.png,0.99999994,train_05576
003190.png,1.0,train_01886
003191.png,1.0000002,train_04908
003192.png,1.0000002,train_06354
003193.png,1.0000002,train_02967
003194.png,1.0000002,train_06283
003195.png,0.99999964,train_04017
003196.png,1.0,train_00386
003197.png,1.0,train_03441
003198.png,1.0000001,train_01208
003199.png,1.0000001,train_00241
003200.png,1.0000001,train_02812
003201.png,1.0000001,train_07955
003202.png,1.0000002,train_04297
003203.png,1.0,train_00108
003204.png,1.0000002,train_00218
003205.png,1.0000002,train_07255
003206.png,1.0000001,train_07893
003207.png,1.0000001,train_02230
003208.png,1.0,train_01886
003209.png,1.0000001,train_07955
003210.png,0.99999976,train_05302
003211.png,1.0000005,train_04788
003212.png,1.0,train_03589
003213.png,1.0,train_00386
003214.png,1.0000002,train_03093
003215.png,1.0,train_06417
003216.png,1.0,train_07645
003217.png,1.0000002,train_00163
003218.png,1.0000001,train_05194
003219.png,1.0,train_06668
003220.png,1.0,train_00108
003221.png,1.0000001,train_03675
003222.png,1.0000002,train_03093
003223.png,0.9999999,train_04990
003224.png,1.0,train_07529
003225.png,1.0,train_04178
003226.png,1.0000002,train_00218
003227.png,0.9999999,train_02146
003228.png,1.0,train_06668
003229.png,1.0,train_06157
003230.png,1.0000004,train_00862
003231.png,1.0000001,train_01603
003232.png,1.0000002,train_04297
003233.png,1.0000001,train_05940
003234.png,0.9999999,train_07304
003235.png,0.9999998,train_00016
003236.png,1.0000001,train_08032
003237.png,1.0,train_04767
003238.png,1.0,train_06288
003239.png,1.0,train_03441
003240.png,0.9999999,train_03383
003241.png,1.0000001,train_05703
003242.png,1.0000001,train_01123
003243.png,0.9999999,train_06399
003244.png,0.9999998,train_06067
003245.png,1.0000001,train_05052
003246.png,1.0000001,train_06959
003247.png,0.99999994,train_03904
003248.png,1.0000002,train_00316
003249.png,1.0000001,train_04757
003250.png,1.0000001,train_06959
003251.png,1.0000001,train_04920
003252.png,1.0,train_05458
003253.png,0.99999976,train_00001
003254.png,1.0000001,train_03675
003255.png,1.0,train_01886
003256.png,1.0,train_04637
003257.png,1.0000002,train_06283
003258.png,0.99999994,train_03456
003259.png,1.0,train_06417
003260.png,0.9999999,train_00087
003261.png,1.0,train_05358
003262.png,0.9999999,train_06787
003263.png,1.0000001,train_01950
003264.png,0.99999976,train_06658
003265.png,0.99999976,train_06658
003266.png,0.99999994,train_01417
003267.png,0.9999999,train_04996
003268.png,1.0000001,train_04604
003269.png,1.0000001,train_07947
003270.png,1.0,train_06583
003271.png,1.0000001,train_01208
003272.png,0.99999964,train_06407
003273.png,0.9999999,train_03383
003274.png,1.0000002,train_06354
003275.png,1.0,train_00326
003276.png,0.99999994,train_03512
003277.png,0.99999994,train_00574
003278.png,0.9999999,train_01946
003279.png,0.99999994,train_02791
003280.png,1.0000001,train_07119
003281.png,1.0000002,train_01535
003282.png,0.9999999,train_06529
003283.png,0.99999976,train_03040
003284.png,0.9999999,train_01025
003285.png,0.99999976,train_06333
003286.png,1.0000001,train_07947
003287.png,1.0000001,train_01208
003288.png,1.0000001,train_04604
003289.png,1.0000001,train_05940
003290.png,0.9999997,train_07830
003291.png,1.0,train_01915
003292.png,1.0,train_03589
003293.png,0.9999999,train_00052
003294.png,0.9999999,train_01946
003295.png,1.0,train_03715
003296.png,0.9999999,train_05171
003297.png,1.0000001,train_05194
003298.png,1.0,train_05101
003299.png,0.99999994,train_05580
003300.png,1.0000001,train_05326
003301.png,1.0000002,train_07255
003302.png,1.0,train_05646
003303.png,0.9999999,train_07431
003304.png,0.9999999,train_07431
003305.png,0.99999994,train_01417
003306.png,1.0,train_03441
003307.png,1.0000001,train_06384
003308.png,1.0,train_05358
003309.png,1.0000001,train_00892
003310.png,1.0000002,train_07275
003311.png,1.0,train_07356
003312.png,1.0000001,train_03309
003313.png,0.9999999,train_05313
003314.png,1.0,train_00508
003315.png,1.0000004,train_00862
003316.png,0.9999999,train_02146
003317.png,1.0,train_06288
003318.png,1.0000001,train_04246
003319.png,1.0,train_01915
003320.png,0.9999999,train_06529
003321.png,1.0,train_05240
003322.png,0.9999999,train_04787
003323.png,1.0,train_00358
003324.png,1.0,train_02298
003325.png,0.9999999,train_01946
003326.png,0.9999999,train_01025
003327.png,1.0000001,train_01694
003328.png,1.0,train_04637
003329.png,0.99999976,train_07203
003330.png,0.9999999,train_06399
003331.png,1.0,train_04865
003332.png,1.0000002,train_02967
003333.png,1.0000001,train_03309
003334.png,1.0000001,train_03309
003335.png,1.0000002,train_06283
003336.png,1.0,train_05306
003337.png,0.99999994,train_00574
003338.png,0.99999976,train_06324
003339.png,1.0,train_07280
003340.png,1.0,train_05646
003341.png,1.0000002,train_07077
003342.png,1.0,train_05966
003343.png,0.9999999,train_02943
003344.png,1.0000001,train_04757
003345.png,0.99999964,train_06407
003346.png,1.0000002,train_05629
003347.png,0.99999994,train_00574
003348.png,1.0000001,train_07198
003349.png,1.0,train_04637
003350.png,1.0,train_04798
003351.png,1.0,train_04637
003352.png,1.0,train_00108
003353.png,0.9999998,train_02607
003354.png,1.0,train_05337
003355.png,0.99999994,train_00574
003356.png,1.0000002,train_01343
003357.png,1.0000001,train_01950
003358.png,1.0000002,train_03093
003359.png,0.99999976,train_07826
003360.png,1.0000001,train_05194
003361.png,1.0,train_05228
003362.png,1.0000002,train_02967
003363.png,1.0000001,train_01603
003364.png,1.0000001,train_03309
003365.png,1.0000001,train_06759
003366.png,0.99999976,train_00001
003367.png,0.9999999,train_02943
003368.png,1.0,train_05646
003369.png,0.99999976,train_00039
003370.png,1.0,train_07356
003371.png,1.0,train_01915
003372.png,1.0000002,train_02967
003373.png,0.9999997,train_08127
003374.png,1.0,train_04767
003375.png,0.9999999,train_00087
003376.png,0.99999976,train_06658
003377.png,1.0,train_01249
003378.png,1.0000001,train_07198
003379.png,1.0000002,train_04297
003380.png,1.0000001,train_03914
003381.png,1.0,train_04625
003382.png,0.99999994,train_03456
003383.png,1.0000001,train_07208
003384.png,1.0000002,train_04259
003385.png,1.0,train_03441
003386.png,0.99999994,train_05580
003387.png,1.0000002,train_07275
003388.png,0.9999999,train_00167
003389.png,1.0000001,train_06959
003390.png,1.0000001,train_08053
003391.png,1.0000001,train_05234
003392.png,1.0000001,train_06378
003393.png,1.0000001,train_08053
003394.png,0.99999976,train_06658
003395.png,1.0,train_03589
003396.png,1.0,train_05240
003397.png,0.9999999,train_00087
003398.png,0.99999976,train_00039
003399.png,1.0000002,train_00218
003400.png,1.0000001,train_06959
003401.png,1.0,train_01490
003402.png,0.9999999,train_01025
003403.png,1.0,train_08117
003404.png,1.0000002,train_05802
003405.png,1.0000001,train_05194
003406.png,1.0000001,train_07955
003407.png,1.0000002,train_06354
003408.png,0.9999999,train_02099
003409.png,1.0,train_03589
003410.png,0.99999994,train_07068
003411.png,0.99999976,train_02885
003412.png,1.0000002,train_00218
003413.png,0.9999998,train_06635
003414.png,0.99999976,train_05302
003415.png,1.0,train_04637
003416.png,1.0000001,train_03675
003417.png,1.0,train_02122
003418.png,1.0,train_04178
003419.png,0.9999999,train_04990
003420.png,0.99999994,train_06185
003421.png,0.99999964,train_04017
003422.png,1.0000002,train_04616
003423.png,0.9999999,train_00052
003424.png,1.0,train_04178
003425.png,0.99999994,train_00574
003426.png,1.0,train_04865
003427.png,1.0,train_04971
003428.png,0.9999998,train_02186
003429.png,1.0,train_05337
003430.png,1.0,train_02985
003431.png,1.0,train_05646
003432.png,1.0000002,train_04297
003433.png,1.0,train_03441
003434.png,1.0000001,train_05052
003435.png,1.0,train_03441
003436.png,1.0000001,train_08053
003437.png,1.0000001,train_05052
003438.png,1.0,train_04178
003439.png,0.9999999,train_02099
003440.png,1.0000002,train_00366
003441.png,0.99999994,train_03456
003442.png,0.9999999,train_05171
003443.png,1.0000001,train_01208
003444.png,1.0000001,train_06959
003445.png,1.0,train_06722
003446.png,1.0000004,train_00862
003447.png,1.0,train_05358
003448.png,1.0000004,train_07602
003449.png,1.0000001,train_07198
003450.png,0.99999994,train_03512
003451.png,1.0000001,train_06759
003452.png,0.99999976,train_02885
003453.png,1.0000001,train_05194
003454.png,1.0000004,train_00076
003455.png,1.0000002,train_07255
003456.png,1.0000002,train_07255
003457.png,0.99999994,train_03904
003458.png,1.0000002,train_07275
003459.png,1.0000001,train_04920
003460.png,1.0,train_07280
003461.png,0.99999994,train_05576
003462.png,1.0000002,train_05629
003463.png,1.0000005,train_04788
003464.png,0.9999999,train_04996
003465.png,1.0,train_05646
003466.png,1.0000001,train_04757
003467.png,1.0,train_06417
003468.png,0.9999999,train_05171
003469.png,0.9999999,train_02943
003470.png,1.0,train_01249
003471.png,1.0000002,train_01343
003472.png,1.0,train_04971
003473.png,1.0000001,train_03339
003474.png,1.0,train_06668
003475.png,1.0,train_04625
003476.png,0.9999999,train_05171
003477.png,0.99999994,train_01714
003478.png,0.99999964,train_04017
003479.png,1.0000002,train_04297
003480.png,1.0000005,train_04788
003481.png,0.99999994,train_06185
003482.png,1.0,train_04865
003483.png,1.0000001,train_01694
003484.png,0.9999998,train_02607
003485.png,1.0000001,train_05703
003486.png,1.0000002,train_01343
003487.png,1.0000001,train_07893
003488.png,1.0000001,train_03065
003489.png,1.0000004,train_04918
003490.png,0.9999999,train_03998
003491.png,1.0,train_06583
003492.png,1.0,train_01886
003493.png,0.99999994,train_03512
003494.png,0.99999976,train_05302
003495.png,1.0000002,train_00316
003496.png,0.9999999,train_06787
003497.png,1.0,train_05337
003498.png,1.0000002,train_07077
003499.png,0.9999999,train_02242
003500.png,1.0000001,train_03914
003501.png,1.0,train_02790
003502.png,1.0,train_05228
003503.png,1.0000001,train_07198
003504.png,1.0000001,train_07947
003505.png,1.0,train_03715
003506.png,1.0,train_06288
003507.png,1.0000001,train_08032
003508.png,1.0000001,train_00030
003509.png,0.9999999,train_02099
003510.png,1.0,train_03589
003511.png,1.0,train_06583
003512.png,1.0000002,train_04259
003513.png,1.0,train_07280
003514.png,1.0000001,train_04757
003515.png,0.9999999,train_03501
003516.png,0.99999976,train_07826
003517.png,1.0,train_06417
003518.png,0.9999999,train_04386
003519.png,1.0000002,train_07275
003520.png,0.99999976,train_05910
003521.png,1.0000001,train_05194
003522.png,0.99999976,train_02885
003523.png,0.99999994,train_03512
003524.png,0.9999999,train_04386
003525.png,1.0,train_05646
003526.png,1.0,train_06722
003527.png,1.0000005,train_03421
003528.png,1.0000002,train_04259
003529.png,1.0,train_07645
003530.png,1.0,train_08117
003531.png,1.0,train_07356
003532.png,1.0000002,train_07275
003533.png,1.0000002,train_04616
003534.png,1.0,train_07529
003535.png,0.9999997,train_05902
003536.png,1.0000001,train_05234
003537.png,1.0,train_02985
003538.png,1.0000001,train_05940
003539.png,1.0000001,train_07947
003540.png,0.9999999,train_07568
003541.png,1.0000002,train_07275
003542.png,1.0000002,train_04616
003543.png,1.0000002,train_04616
003544.png,1.0000001,train_05940
003545.png,0.9999999,train_02146
003546.png,1.0000001,train_05940
003547.png,0.99999964,train_06407
003548.png,0.99999994,train_06659
003549.png,1.0000002,train_06354
003550.png,0.9999999,train_06603
003551.png,0.99999976,train_05302
003552.png,1.0000002,train_00163
003553.png,0.9999999,train_02099
003554.png,1.0,train_04625
003555.png,1.0,train_04865
003556.png,0.9999999,train_04996
003557.png,1.0000001,train_06759
003558.png,1.0000004,train_00862
003559.png,0.9999999,train_01946
003560.png,1.0000001,train_05052
003561.png,1.0000001,train_04604
003562.png,0.9999998,train_06635
003563.png,1.0000001,train_06959
003564.png,0.9999998,train_06067
003565.png,1.0000001,train_08053
003566.png,1.0,train_02790
003567.png,1.0000001,train_05326
003568.png,0.99999994,train_01648
003569.png,1.0,train_04798
003570.png,1.0000001,train_05940
003571.png,0.99999976,train_06333
003572.png,1.0000001,train_01950
003573.png,0.99999976,train_07826
003574.png,1.0000001,train_07198
003575.png,1.0000001,train_05326
003576.png,1.0000002,train_07077
003577.png,1.0,train_05240
003578.png,1.0000002,train_04908
003579.png,0.9999999,train_05020
003580.png,1.0000002,train_07801
003581.png,0.99999994,train_03904
003582.png,1.0000001,train_05940
003583.png,1.0,train_06668
003584.png,1.0,train_06157
003585.png,1.0000005,train_04788
003586.png,1.0000005,train_03421
003587.png,0.9999999,train_07568
003588.png,0.99999994,train_05580
003589.png,1.0000001,train_07955
003590.png,1.0000001,train_07955
003591.png,1.0,train_07645
003592.png,1.0000001,train_05940
003593.png,1.0,train_06288
003594.png,1.0,train_04440
003595.png,1.0000004,train_04918
003596.png,1.0,train_06722
003597.png,1.0,train_03441
003598.png,1.0000001,train_04757
003599.png,1.0000001,train_01070
003600.png,0.99999994,train_01417
003601.png,1.0000001,train_08053
003602.png,1.0,train_07356
003603.png,0.99999994,train_01648
003604.png,0.99999994,train_05576
003605.png,1.0000001,train_00892
003606.png,1.0,train_07645
003607.png,1.0000002,train_00163
003608.png,0.9999997,train_07830
003609.png,0.99999994,train_06659
003610.png,1.0,train_02298
003611.png,0.99999994,train_01714
003612.png,0.9999998,train_06635
003613.png,0.99999976,train_06324
003614.png,0.99999994,train_05576
003615.png,1.0,train_03540
003616.png,1.0,train_04440
003617.png,0.9999999,train_06787
003618.png,1.0,train_06288
003619.png,1.0,train_08117
003620.png,0.99999976,train_05910
003621.png,0.9999998,train_00016
003622.png,1.0,train_07529
003623.png,1.0000002,train_05379
003624.png,0.9999999,train_03501
003625.png,1.0000001,train_04604
003626.png,1.0000001,train_05052
003627.png,1.0,train_01249
003628.png,0.9999998,train_00016
003629.png,0.99999994,train_01417
003630.png,0.9999999,train_02099
003631.png,0.99999994,train_05576
003632.png,1.0000002,train_03016
003633.png,1.0000002,train_01343
003634.png,0.9999999,train_06826
003635.png,0.9999999,train_06399
003636.png,0.99999994,train_01648
003637.png,0.9999999,train_04996
003638.png,0.9999999,train_04787
003639.png,1.0000001,train_07947
003640.png,1.0000002,train_05802
003641.png,0.99999976,train_00039
003642.png,1.0000002,train_06283
003643.png,1.0,train_07529
003644.png,0.9999999,train_05171
003645.png,0.99999994,train_07001
003646.png,0.9999999,train_06529
003647.png,0.99999994,train_07068
003648.png,0.99999976,train_00001
003649.png,1.0,train_04178
003650.png,0.99999994,train_07068
003651.png,1.0000004,train_04918
003652.png,1.0000001,train_06378
003653.png,0.9999999,train_00052
003654.png,1.0000001,train_02230
003655.png,1.0000002,train_07275
003656.png,1.0,train_05306
003657.png,1.0000001,train_01123
003658.png,1.0,train_05458
003659.png,1.0000001,train_00241
003660.png,1.0,train_01249
003661.png,1.0000004,train_00076
003662.png,1.0000001,train_06089
003663.png,1.0000002,train_03016
003664.png,0.99999976,train_00039
003665.png,0.99999976,train_00001
003666.png,0.99999976,train_07826
003667.png,1.0000001,train_03065
003668.png,1.0,train_05646
003669.png,1.0000002,train_04297
003670.png,0.9999999,train_03501
003671.png,1.0,train_02122
003672.png,1.0,train_00508
003673.png,1.0,train_02122
003674.png,1.0000001,train_01603
003675.png,1.0,train_04637
003676.png,0.9999998,train_00016
003677.png,0.9999999,train_06529
003678.png,1.0000001,train_06759
003679.png,1.0,train_05306
003680.png,1.0000001,train_06253
003681.png,1.0000001,train_02812
003682.png,0.99999964,train_04017
003683.png,1.0000001,train_01070
003684.png,1.0,train_03540
003685.png,1.0000002,train_02967
003686.png,1.0,train_00508
003687.png,0.9999999,train_04996
003688.png,1.0000002,train_03016
003689.png,0.99999976,train_04339
003690.png,1.0,train_06722
003691.png,0.99999976,train_06333
003692.png,1.0,train_00326
003693.png,0.99999976,train_00039
003694.png,1.0,train_05646
003695.png,1.0000001,train_05194
003696.png,1.0,train_07356
003697.png,0.9999999,train_07714
003698.png,0.9999998,train_00016
003699.png,1.0,train_04971
003700.png,1.0,train_06588
003701.png,1.0000001,train_08053
003702.png,0.99999976,train_00001
003703.png,1.0000001,train_01208
003704.png,1.0000002,train_07077
003705.png,1.0000001,train_07208
003706.png,1.0000001,train_05703
003707.png,1.0,train_02122
003708.png,1.0000001,train_03065
003709.png,1.0000001,train_06759
003710.png,1.0,train_07356
003711.png,0.99999976,train_00001
003712.png,1.0000002,train_05629
003713.png,0.9999999,train_01025
003714.png,0.99999994,train_03512
003715.png,1.0,train_02985
003716.png,1.0,train_06668
003717.png,1.0,train_04966
003718.png,1.0000004,train_00862
003719.png,0.9999999,train_06529
003720.png,1.0000002,train_04297
003721.png,0.9999998,train_00850
003722.png,1.0000002,train_05379
003723.png,1.0000004,train_00862
003724.png,0.9999999,train_07431
003725.png,1.0,train_00386
003726.png,1.0000002,train_04259
003727.png,1.0,train_01915
003728.png,1.0000002,train_01343
003729.png,1.0,train_01249
003730.png,0.99999976,train_05910
003731.png,1.0000001,train_01603
003732.png,1.0000001,train_00892
003733.png,1.0000001,train_05194
003734.png,0.99999964,train_06407
003735.png,1.0,train_05240
003736.png,1.0000001,train_00030
003737.png,0.99999976,train_06333
003738.png,0.9999999,train_02146
003739.png,1.0000001,train_07947
003740.png,1.0000001,train_01070
003741.png,1.0000001,train_01694
003742.png,0.9999999,train_02099
003743.png,0.9999998,train_00016
003744.png,0.99999976,train_04339
003745.png,1.0,train_03441
003746.png,1.0,train_04966
003747.png,1.0000002,train_03016
003748.png,1.0000002,train_04908
003749.png,1.0,train_03589
003750.png,1.0000002,train_05802
003751.png,0.9999999,train_00052
003752.png,1.0000001,train_04604
003753.png,1.0,train_05966
003754.png,1.0000001,train_01950
003755.png,0.9999999,train_07304
003756.png,1.0000001,train_06378
003757.png,1.0000004,train_04918
003758.png,1.0000001,train_05052
003759.png,0.9999999,train_07714
003760.png,0.99999994,train_07068
003761.png,1.0,train_06583
003762.png,1.0,train_04798
003763.png,1.0000002,train_05802
003764.png,1.0000002,train_07255
003765.png,1.0,train_07356
003766.png,1.0000002,train_04297
003767.png,1.0000002,train_03093
003768.png,1.0000002,train_07077
003769.png,0.99999994,train_03904
003770.png,0.99999994,train_03456
003771.png,1.0000001,train_06959
003772.png,1.0,train_00108
003773.png,1.0000001,train_07947
003774.png,1.0000001,train_00892
003775.png,0.9999999,train_01025
003776.png,0.99999964,train_04017
003777.png,0.9999997,train_05902
003778.png,0.9999999,train_00167
003779.png,0.9999999,train_05552
003780.png,1.0000002,train_07077
003781.png,0.9999999,train_04990
003782.png,1.0000001,train_01694
003783.png,1.0,train_03715
003784.png,1.0,train_05101
003785.png,1.0,train_06417
003786.png,0.99999976,train_04339
003787.png,1.0,train_02122
003788.png,1.0,train_06722
003789.png,1.0000001,train_06253
003790.png,1.0000001,train_08053
003791.png,1.0,train_02298
003792.png,1.0000002,train_06305
003793.png,1.0000001,train_07947
003794.png,1.0,train_03441
003795.png,1.0,train_06722
003796.png,1.0,train_00108
003797.png,1.0000001,train_05194
003798.png,0.9999997,train_07830
003799.png,0.99999976,train_06324
003800.png,1.0000001,train_03065
003801.png,1.0000002,train_01535
003802.png,0.9999999,train_03501
003803.png,1.0000002,train_06283
003804.png,0.9999998,train_02607
003805.png,0.9999999,train_03501
003806.png,1.0000002,train_03016
003807.png,0.99999994,train_05580
003808.png,1.0,train_04440
003809.png,1.0000001,train_05326
003810.png,1.0000001,train_05234
003811.png,1.0,train_07280
003812.png,1.0000001,train_01694
003813.png,0.9999999,train_06399
003814.png,0.99999976,train_06333
003815.png,1.0000002,train_05802
003816.png,1.0000002,train_07077
003817.png,1.0,train_04966
003818.png,0.99999976,train_06324
003819.png,0.9999999,train_05313
003820.png,0.9999999,train_01025
003821.png,0.9999999,train_04996
003822.png,0.9999999,train_04990
003823.png,1.0,train_01915
003824.png,1.0000001,train_01208
003825.png,1.0000001,train_03339
003826.png,1.0000001,train_06253
003827.png,1.0,train_04625
003828.png,1.0,train_00108
003829.png,1.0,train_05228
003830.png,1.0000002,train_07275
003831.png,1.0000001,train_07208
003832.png,0.99999994,train_03456
003833.png,1.0000001,train_07893
003834.png,0.99999994,train_05580
003835.png,1.0000002,train_07801
003836.png,0.99999976,train_05302
003837.png,1.0,train_06583
003838.png,1.0000002,train_03016
003839.png,1.0000001,train_04937
003840.png,1.0000002,train_00163
003841.png,0.99999976,train_00039
003842.png,0.9999999,train_04787
003843.png,0.9999999,train_03501
003844.png,1.0000002,train_07275
003845.png,1.0,train_01249
003846.png,0.9999998,train_00850
003847.png,0.9999999,train_02242
003848.png,1.0000001,train_01070
003849.png,1.0,train_04971
003850.png,0.99999964,train_04017
003851.png,0.9999997,train_07830
003852.png,1.0,train_00108
003853.png,0.99999964,train_04017
003854.png,0.9999998,train_06635
003855.png,1.0000001,train_01070
003856.png,0.99999976,train_05910
003857.png,1.0000004,train_07602
003858.png,1.0000001,train_03914
003859.png,1.0000001,train_05940
003860.png,1.0000002,train_06354
003861.png,1.0,train_03604
003862.png,1.0,train_05306
003863.png,0.99999994,train_05576
003864.png,1.0,train_04440
003865.png,1.0,train_02298
003866.png,0.9999999,train_07714
003867.png,1.0,train_03604
003868.png,1.0000002,train_00163
003869.png,1.0000002,train_07275
003870.png,1.0000002,train_02967
003871.png,0.9999999,train_02099
003872.png,1.0000001,train_06759
003873.png,1.0000002,train_07255
003874.png,0.9999999,train_04996
003875.png,1.0,train_05240
003876.png,1.0,train_03441
003877.png,1.0000001,train_05703
003878.png,1.0,train_03604
003879.png,1.0,train_05101
003880.png,1.0000002,train_00316
003881.png,1.0,train_06722
003882.png,1.0,train_05101
003883.png,0.99999976,train_06658
003884.png,0.99999994,train_03512
003885.png,1.0000001,train_01603
003886.png,1.0000002,train_06283
003887.png,1.0,train_03441
003888.png,1.0000002,train_05379
003889.png,1.0000002,train_06354
003890.png,0.9999998,train_00850
003891.png,1.0,train_04637
003892.png,1.0,train_05358
003893.png,1.0000002,train_06354
003894.png,0.9999999,train_00052
003895.png,1.0,train_04637
003896.png,1.0,train_06583
003897.png,1.0000001,train_03675
003898.png,1.0000002,train_04616
003899.png,1.0000002,train_05379
003900.png,0.9999999,train_07568
003901.png,1.0,train_04625
003902.png,0.9999999,train_04386
003903.png,1.0,train_01490
003904.png,0.99999994,train_03456
003905.png,1.0000001,train_05234
003906.png,0.9999999,train_03998
003907.png,0.99999994,train_06659
003908.png,1.0000001,train_05940
003909.png,0.99999994,train_02791
003910.png,0.9999999,train_06787
003911.png,1.0000002,train_05802
003912.png,1.0000001,train_07947
003913.png,1.0000001,train_07893
003914.png,1.0000001,train_00892
003915.png,1.0000001,train_05234
003916.png,0.9999999,train_06399
003917.png,1.0,train_01490
003918.png,0.99999976,train_03040
003919.png,1.0,train_05646
003920.png,1.0000002,train_06354
003921.png,0.9999999,train_07714
003922.png,1.0,train_07200
003923.png,0.9999999,train_06826
003924.png,1.0000002,train_04297
003925.png,1.0000002,train_06354
003926.png,1.0000004,train_00076
003927.png,1.0000004,train_00862
003928.png,1.0,train_02803
003929.png,0.9999998,train_02186
003930.png,1.0,train_00108
003931.png,0.9999999,train_07568
003932.png,1.0000005,train_03421
003933.png,1.0000001,train_06959
003934.png,1.0000002,train_04297
003935.png,0.99999994,train_01648
003936.png,0.99999994,train_07001
003937.png,0.99999994,train_07068
003938.png,1.0,train_03540
003939.png,1.0000002,train_04297
003940.png,1.0,train_04637
003941.png,1.0,train_03441
003942.png,1.0,train_01490
003943.png,1.0000002,train_00316
003944.png,1.0000001,train_04920
003945.png,1.0000001,train_04937
003946.png,1.0000001,train_05194
003947.png,0.9999999,train_04386
003948.png,1.0,train_04625
003949.png,1.0000001,train_02230
003950.png,1.0,train_06722
003951.png,1.0,train_03441
003952.png,1.0,train_05101
003953.png,1.0,train_04637
003954.png,1.0,train_05337
003955.png,1.0000001,train_03675
003956.png,1.0,train_06288
003957.png,1.0000002,train_06305
003958.png,0.9999999,train_03501
003959.png,1.0,train_05646
003960.png,1.0,train_07645
003961.png,0.99999976,train_06333
003962.png,1.0,train_07529
003963.png,0.99999976,train_05910
003964.png,1.0,train_07645
003965.png,1.0000002,train_07275
003966.png,1.0,train_00386
003967.png,1.0,train_00108
003968.png,1.0,train_05966
003969.png,1.0000001,train_00241
003970.png,1.0000004,train_00862
003971.png,0.9999999,train_07431
003972.png,0.9999999,train_07431
003973.png,0.9999999,train_06529
003974.png,0.9999999,train_02242
003975.png,1.0000001,train_05052
003976.png,1.0,train_02985
003977.png,1.0000005,train_04788
003978.png,1.0000001,train_05194
003979.png,1.0000001,train_02230
003980.png,1.0000004,train_00862
003981.png,1.0,train_05458
003982.png,0.9999999,train_07714
003983.png,1.0000004,train_00076
003984.png,0.9999998,train_06067
003985.png,1.0,train_05240
003986.png,1.0000001,train_07893
003987.png,0.9999999,train_03501
003988.png,1.0,train_03540
003989.png,0.99999964,train_06792
003990.png,1.0000002,train_03093
003991.png,1.0000004,train_00862
003992.png,0.99999994,train_05576
003993.png,1.0000001,train_03914
003994.png,0.99999964,train_06407
003995.png,0.9999998,train_06635
003996.png,1.0,train_03441
003997.png,0.99999994,train_03456
003998.png,0.99999994,train_06185
003999.png,0.99999994,train_07001
004000.png,1.0,train_07645
004001.png,1.0,train_00326
004002.png,0.9999999,train_05171
004003.png,0.9999999,train_07714
004004.png,1.0000002,train_07801
004005.png,0.9999999,train_03501
004006.png,1.0000005,train_03421
004007.png,1.0000001,train_07947
004008.png,0.99999976,train_06333
004009.png,1.0,train_07529
004010.png,1.0000001,train_07198
004011.png,1.0000005,train_04788
004012.png,1.0000002,train_07077
004013.png,1.0,train_07280
004014.png,0.9999997,train_08127
004015.png,0.9999998,train_02186
004016.png,1.0000004,train_00862
004017.png,1.0,train_05358
004018.png,1.0,train_03540
004019.png,1.0000002,train_06354
004020.png,0.99999994,train_05580
004021.png,0.9999999,train_00052
004022.png,0.9999999,train_04386
004023.png,1.0000002,train_06283
004024.png,0.9999999,train_06787
004025.png,0.9999999,train_01946
004026.png,0.99999994,train_06185
004027.png,0.9999999,train_02146
004028.png,1.0000001,train_01603
004029.png,1.0,train_07645
004030.png,1.0000001,train_00241
004031.png,0.99999976,train_02885
004032.png,1.0,train_08117
004033.png,0.99999976,train_04339
004034.png,1.0,train_06583
004035.png,1.0000001,train_07198
004036.png,1.0000001,train_00241
004037.png,0.99999976,train_00001
004038.png,0.9999999,train_07568
004039.png,1.0000001,train_08032
004040.png,1.0000001,train_07947
004041.png,1.0000004,train_00862
004042.png,0.99999994,train_03456
004043.png,0.9999998,train_06635
004044.png,1.0000005,train_04788
004045.png,0.99999976,train_00001
004046.png,1.0000001,train_03309
004047.png,0.9999999,train_06826
004048.png,1.0,train_06588
004049.png,0.99999994,train_02791
004050.png,1.0000002,train_00218
004051.png,1.0000002,train_00163
004052.png,0.9999999,train_02099
004053.png,1.0000002,train_04259
004054.png,0.9999999,train_07714
004055.png,1.0000002,train_07077
004056.png,1.0000002,train_05379
004057.png,1.0000001,train_06089
004058.png,1.0000005,train_03421
004059.png,1.0000001,train_03339
004060.png,1.0000004,train_00862
004061.png,1.0000001,train_05326
004062.png,0.9999998,train_02186
004063.png,1.0000001,train_05194
004064.png,1.0000001,train_07893
004065.png,1.0,train_04625
004066.png,1.0000001,train_06384
004067.png,1.0,train_04971
004068.png,0.99999994,train_06659
004069.png,1.0,train_01490
004070.png,0.9999998,train_00850
004071.png,0.9999999,train_05313
004072.png,1.0000001,train_07208
004073.png,1.0000005,train_03421
004074.png,1.0,train_04966
004075.png,1.0,train_00326
004076.png,1.0000001,train_00030
004077.png,1.0000001,train_00030
004078.png,1.0,train_03441
004079.png,1.0000002,train_07275
004080.png,1.0000002,train_00163
004081.png,0.9999997,train_08127
004082.png,1.0000002,train_07801
004083.png,1.0,train_02790
004084.png,0.9999998,train_02186
004085.png,1.0000001,train_06384
004086.png,1.0000001,train_01070
004087.png,1.0000001,train_05194
004088.png,0.99999994,train_03456
004089.png,1.0000002,train_04259
004090.png,1.0,train_05358
004091.png,1.0000002,train_02967
004092.png,1.0000001,train_01123
004093.png,1.0,train_03540
004094.png,0.99999994,train_03904
004095.png,0.9999999,train_02943
004096.png,0.9999997,train_05902
004097.png,1.0000001,train_08053
004098.png,1.0000001,train_06384
004099.png,0.9999998,train_06635
004100.png,1.0000002,train_03093
004101.png,1.0,train_01249
004102.png,1.0000004,train_04918
004103.png,1.0,train_05101
004104.png,1.0,train_07529
004105.png,0.99999994,train_01714
004106.png,0.9999997,train_05902
004107.png,1.0,train_01249
004108.png,1.0000001,train_00030
004109.png,0.99999994,train_07001
004110.png,0.9999998,train_02186
004111.png,1.0000002,train_00366
004112.png,1.0000002,train_00316
004113.png,1.0000001,train_04757
004114.png,1.0000001,train_06384
004115.png,0.99999994,train_01417
004116.png,0.99999964,train_06407
004117.png,1.0000004,train_00862
004118.png,0.9999999,train_06399
004119.png,1.0,train_04798
004120.png,0.9999999,train_07304
004121.png,1.0000001,train_06378
004122.png,1.0000002,train_04616
004123.png,1.0,train_03604
004124.png,1.0000002,train_06283
004125.png,0.99999964,train_06792
004126.png,1.0,train_00108
004127.png,0.9999999,train_06826
004128.png,0.9999999,train_00052
004129.png,1.0,train_02790
004130.png,1.0000004,train_04918
004131.png,1.0000002,train_05802
004132.png,1.0000001,train_02230
004133.png,1.0000001,train_05194
004134.png,1.0000001,train_01070
004135.png,1.0,train_04625
004136.png,0.9999997,train_08127
004137.png,0.9999999,train_04996
004138.png,0.99999994,train_01714
004139.png,1.0,train_07645
004140.png,1.0,train_05306
004141.png,1.0,train_04966
004142.png,1.0,train_04625
004143.png,1.0000002,train_00218
004144.png,1.0,train_07645
004145.png,0.99999976,train_05302
004146.png,1.0000001,train_04920
004147.png,1.0000001,train_08032
004148.png,1.0000001,train_03914
004149.png,1.0,train_03441
004150.png,1.0,train_03589
004151.png,1.0000001,train_06759
004152.png,0.9999999,train_05313
004153.png,1.0,train_00108
004154.png,1.0000001,train_07947
004155.png,0.99999994,train_05580
004156.png,0.9999998,train_00016
004157.png,0.9999999,train_05313
004158.png,1.0,train_00108
004159.png,1.0,train_05306
004160.png,0.99999976,train_05302
004161.png,1.0000001,train_01070
004162.png,1.0000002,train_04908
004163.png,1.0,train_00386
004164.png,0.9999999,train_07431
004165.png,1.0,train_04440
004166.png,0.9999999,train_05171
004167.png,1.0000004,train_00076
004168.png,1.0000001,train_08053
004169.png,0.9999999,train_00167
004170.png,0.99999976,train_07826
004171.png,1.0000001,train_08053
004172.png,1.0000005,train_03421
004173.png,1.0000002,train_02967
004174.png,0.99999976,train_03040
004175.png,1.0000002,train_00316
004176.png,1.0000001,train_06384
004177.png,1.0000001,train_04604
004178.png,0.99999976,train_00039
004179.png,0.99999994,train_07068
004180.png,1.0000001,train_03914
004181.png,1.0000001,train_05052
004182.png,1.0000002,train_06354
004183.png,1.0,train_05337
004184.png,1.0,train_05358
004185.png,0.9999999,train_00167
004186.png,1.0,train_03715
004187.png,1.0000001,train_08053
004188.png,0.99999994,train_05580
004189.png,1.0,train_04625
004190.png,1.0,train_05228
004191.png,0.9999999,train_03998
004192.png,0.9999999,train_00167
004193.png,1.0,train_04798
004194.png,0.99999994,train_01714
004195.png,1.0,train_06417
004196.png,1.0,train_05358
004197.png,1.0,train_03715
004198.png,0.9999999,train_06826
004199.png,1.0000002,train_06354
004200.png,1.0,train_04178
004201.png,1.0000002,train_04259
004202.png,0.9999999,train_02943
004203.png,0.9999999,train_05552
004204.png,0.99999994,train_00574
004205.png,1.0,train_07200
004206.png,1.0,train_05966
004207.png,1.0,train_06588
004208.png,0.99999994,train_06659
004209.png,0.9999998,train_00016
004210.png,1.0000001,train_00241
004211.png,1.0000002,train_03093
004212.png,0.9999999,train_07714
004213.png,1.0,train_00108
004214.png,1.0000002,train_07801
004215.png,0.9999999,train_01025
004216.png,1.0,train_02803
004217.png,1.0000001,train_00241
004218.png,1.0000001,train_01376
004219.png,1.0000001,train_07119
004220.png,1.0000001,train_01208
004221.png,1.0000002,train_00218
004222.png,1.0,train_06588
004223.png,0.9999997,train_07830
004224.png,1.0000002,train_04908
004225.png,1.0,train_01478
004226.png,1.0000001,train_02812
004227.png,1.0000002,train_07077
004228.png,0.9999999,train_04386
004229.png,1.0,train_00386
004230.png,1.0000001,train_03309
004231.png,1.0,train_07529
004232.png,1.0,train_04966
004233.png,0.99999964,train_06407
004234.png,0.99999976,train_07203
004235.png,0.9999998,train_00016
004236.png,1.0000002,train_05379
004237.png,0.99999976,train_05302
004238.png,0.99999964,train_04017
004239.png,1.0,train_05458
004240.png,1.0000002,train_07077
004241.png,0.9999999,train_00087
004242.png,0.99999994,train_01417
004243.png,1.0000001,train_05703
004244.png,1.0,train_06588
004245.png,0.99999994,train_01714
004246.png,1.0,train_04865
004247.png,1.0,train_06668
004248.png,0.9999999,train_03383
004249.png,1.0,train_06668
004250.png,0.9999999,train_01025
004251.png,1.0,train_03441
004252.png,1.0000001,train_05234
004253.png,1.0,train_05228
004254.png,1.0,train_07200
004255.png,1.0000002,train_07077
004256.png,1.0000002,train_00316
004257.png,0.9999999,train_04990
004258.png,0.99999976,train_07826
004259.png,1.0,train_03441
004260.png,1.0000004,train_07602
004261.png,1.0,train_04767
004262.png,0.99999994,train_02791
004263.png,1.0000002,train_07077
004264.png,1.0000001,train_07208
004265.png,1.0000001,train_05234
004266.png,0.99999976,train_06658
004267.png,1.0000001,train_04757
004268.png,1.0000001,train_06759
004269.png,1.0000002,train_06283
004270.png,0.99999964,train_04017
004271.png,1.0000001,train_08032
004272.png,0.9999999,train_06603
004273.png,1.0000001,train_01070
004274.png,1.0000001,train_08053
004275.png,0.9999998,train_06067
004276.png,1.0000001,train_08053
004277.png,0.99999976,train_00001
004278.png,0.9999999,train_04386
004279.png,1.0000001,train_04920
004280.png,1.0,train_04625
004281.png,0.99999976,train_00039
004282.png,1.0000002,train_00366
004283.png,1.0000002,train_02967
004284.png,0.99999994,train_01417
004285.png,1.0,train_05966
004286.png,0.99999994,train_06185
004287.png,1.0000001,train_05194
004288.png,0.99999994,train_07068
004289.png,0.9999999,train_07304
004290.png,1.0000001,train_07119
004291.png,0.9999998,train_02607
004292.png,0.9999999,train_06529
004293.png,0.9999999,train_07714
004294.png,1.0000002,train_04908
004295.png,1.0,train_05458
004296.png,0.9999998,train_06635
004297.png,1.0000001,train_07955
004298.png,1.0000001,train_02230
004299.png,1.0000001,train_04604
004300.png,1.0,train_03441
004301.png,1.0000002,train_04616
004302.png,0.9999999,train_02943
004303.png,1.0,train_05358
004304.png,0.99999976,train_07826
004305.png,1.0000002,train_01343
004306.png,0.9999998,train_02607
004307.png,0.9999999,train_02146
004308.png,1.0,train_03441
004309.png,0.99999994,train_06659
004310.png,0.9999999,train_02146
004311.png,0.9999999,train_07714
004312.png,1.0000002,train_07255
004313.png,1.0000001,train_02812
004314.png,1.0000001,train_04937
004315.png,1.0,train_07356
004316.png,1.0,train_06417
004317.png,1.0000002,train_00366
004318.png,0.99999994,train_06659
004319.png,0.9999999,train_00052
004320.png,1.0000001,train_06959
004321.png,0.9999999,train_06603
004322.png,0.9999999,train_04386
004323.png,0.9999997,train_07830
004324.png,1.0000001,train_01208
004325.png,0.9999997,train_05902
004326.png,0.99999976,train_06324
004327.png,1.0000001,train_00241
004328.png,1.0000002,train_05629
004329.png,0.99999994,train_06659
004330.png,0.99999964,train_04017
004331.png,1.0000002,train_05629
004332.png,1.0000001,train_06378
004333.png,0.9999999,train_05313
004334.png,1.0000001,train_04920
004335.png,0.99999964,train_06792
004336.png,1.0000001,train_03065
004337.png,1.0,train_03441
004338.png,1.0000001,train_08053
004339.png,1.0,train_03441
004340.png,1.0,train_03540
004341.png,0.9999997,train_08127
004342.png,1.0000002,train_05629
004343.png,1.0,train_01490
004344.png,1.0,train_03441
004345.png,1.0,train_06668
004346.png,1.0000001,train_04246
004347.png,1.0,train_03604
004348.png,0.99999994,train_03512
004349.png,0.99999976,train_05302
004350.png,1.0,train_06722
004351.png,1.0000001,train_06253
004352.png,1.0000002,train_07275
004353.png,1.0,train_00508
004354.png,0.9999998,train_06635
004355.png,1.0,train_07280
004356.png,1.0000002,train_07275
004357.png,1.0000001,train_00030
004358.png,0.9999999,train_02099
004359.png,1.0,train_01886
004360.png,0.9999999,train_06603
004361.png,0.9999999,train_05020
004362.png,0.99999994,train_07001
004363.png,1.0,train_07529
004364.png,1.0000001,train_04604
004365.png,1.0000004,train_00076
004366.png,1.0,train_05337
004367.png,0.9999997,train_08127
004368.png,1.0,train_00508
004369.png,1.0000001,train_05940
004370.png,1.0,train_07200
004371.png,0.99999994,train_03904
004372.png,1.0,train_05240
004373.png,0.9999999,train_04787
004374.png,1.0000001,train_03339
004375.png,1.0000001,train_00030
004376.png,1.0,train_00326
004377.png,1.0,train_07529
004378.png,1.0000001,train_01694
004379.png,1.0000002,train_07077
004380.png,1.0000001,train_05326
004381.png,0.9999997,train_07830
004382.png,0.99999994,train_07068
004383.png,0.99999994,train_00574
004384.png,1.0,train_03589
004385.png,0.99999976,train_07826
004386.png,1.0000001,train_05326
004387.png,1.0000002,train_01535
004388.png,1.0,train_00508
004389.png,0.9999999,train_07304
004390.png,0.9999999,train_07714
004391.png,1.0000001,train_03065
004392.png,1.0,train_04440
004393.png,1.0000001,train_00030
004394.png,0.99999964,train_06407
004395.png,0.9999997,train_07830
004396.png,1.0000001,train_02230
004397.png,1.0,train_06583
004398.png,1.0,train_03715
004399.png,1.0,train_07529
004400.png,1.0000004,train_00862
004401.png,0.9999999,train_00167
004402.png,1.0,train_02985
004403.png,1.0,train_05458
004404.png,1.0000001,train_07198
004405.png,1.0,train_06583
004406.png,0.99999976,train_04339
004407.png,1.0000002,train_00218
004408.png,1.0000001,train_00030
004409.png,0.9999999,train_07714
004410.png,1.0000001,train_08032
004411.png,1.0,train_03540
004412.png,1.0,train_06157
004413.png,0.9999999,train_01946
004414.png,1.0000001,train_03914
004415.png,0.9999999,train_02242
004416.png,1.0,train_05101
004417.png,1.0,train_00386
004418.png,1.0,train_01249
004419.png,0.9999998,train_06067
004420.png,0.9999999,train_03383
004421.png,1.0000002,train_01343
004422.png,0.9999999,train_07714
004423.png,0.99999964,train_06792
004424.png,0.99999976,train_07203
004425.png,1.0,train_06157
004426.png,0.99999994,train_06659
004427.png,0.99999994,train_06185
004428.png,0.9999999,train_02146
004429.png,0.9999999,train_00052
004430.png,1.0,train_07200
004431.png,1.0000002,train_01535
004432.png,1.0000001,train_00030
004433.png,1.0000001,train_04246
004434.png,0.9999999,train_07304
004435.png,1.0,train_07645
004436.png,1.0000001,train_04937
004437.png,0.9999999,train_06529
004438.png,1.0000002,train_05802
004439.png,1.0000001,train_06089
004440.png,1.0000001,train_00892
004441.png,0.9999997,train_08127
004442.png,1.0,train_05966
004443.png,1.0000001,train_05703
004444.png,1.0000001,train_00892
004445.png,1.0000002,train_05379
004446.png,1.0000005,train_04788
004447.png,1.0,train_04767
004448.png,1.0,train_03441
004449.png,1.0,train_02790
004450.png,1.0000001,train_06759
004451.png,1.0000001,train_00241
004452.png,1.0,train_05337
004453.png,1.0,train_05101
004454.png,1.0000001,train_05940
004455.png,1.0,train_04971
004456.png,0.99999994,train_00574
004457.png,1.0000001,train_08053
004458.png,1.0,train_02122
004459.png,1.0000002,train_06283
004460.png,1.0000002,train_02967
004461.png,0.9999999,train_07714
004462.png,0.99999994,train_03456
004463.png,0.99999994,train_03904
004464.png,1.0,train_00508
004465.png,1.0,train_00326
004466.png,1.0000001,train_01950
004467.png,1.0,train_05101
004468.png,1.0000005,train_03421
004469.png,1.0,train_05358
004470.png,0.9999999,train_02099
004471.png,1.0,train_02985
004472.png,1.0,train_05966
004473.png,0.9999997,train_07830
004474.png,1.0,train_00326
004475.png,0.99999964,train_06407
004476.png,0.9999997,train_08127
004477.png,0.9999998,train_06067
004478.png,1.0000002,train_07275
004479.png,1.0,train_07356
004480.png,1.0,train_06417
004481.png,1.0000001,train_07893
004482.png,0.99999976,train_05910
004483.png,0.9999999,train_00167
004484.png,1.0000002,train_04616
004485.png,0.9999998,train_02186
004486.png,1.0000004,train_00862
004487.png,0.99999976,train_06333
004488.png,1.0000002,train_07077
004489.png,1.0000002,train_04908
004490.png,1.0000001,train_04757
004491.png,1.0000001,train_03065
004492.png,1.0,train_00358
004493.png,0.99999994,train_02791
004494.png,0.9999998,train_00016
004495.png,1.0,train_04865
004496.png,0.9999999,train_05313
004497.png,1.0,train_04637
004498.png,1.0,train_03589
004499.png,0.99999976,train_04339
004500.png,1.0000001,train_07893
004501.png,1.0000001,train_01950
004502.png,1.0,train_06417
004503.png,0.99999964,train_04017
004504.png,0.9999997,train_05902
004505.png,0.9999998,train_06067
004506.png,1.0,train_07280
004507.png,1.0000001,train_06959
004508.png,1.0,train_06157
004509.png,1.0000001,train_06253
004510.png,1.0000001,train_00892
004511.png,1.0000001,train_04757
004512.png,1.0000001,train_00892
004513.png,1.0000002,train_06354
004514.png,1.0,train_04865
004515.png,1.0000002,train_07255
004516.png,1.0000001,train_07119
004517.png,1.0,train_03589
004518.png,1.0,train_05240
004519.png,0.99999976,train_05302
004520.png,1.0000001,train_08053
004521.png,0.9999997,train_05902
004522.png,0.9999999,train_07304
004523.png,1.0000001,train_05703
004524.png,0.9999999,train_02242
004525.png,1.0000001,train_03065
004526.png,0.99999994,train_03904
004527.png,0.9999998,train_06067
004528.png,1.0000001,train_00030
004529.png,0.99999994,train_06185
004530.png,1.0000002,train_07275
004531.png,1.0000002,train_04908
004532.png,0.9999998,train_02607
004533.png,1.0000001,train_01376
004534.png,1.0,train_03441
004535.png,1.0000001,train_03309
004536.png,0.99999994,train_02791
004537.png,1.0000001,train_03339
004538.png,0.9999999,train_03998
004539.png,1.0,train_00326
004540.png,1.0,train_04971
004541.png,0.99999976,train_06333
004542.png,1.0000001,train_05052
004543.png,1.0000001,train_06384
004544.png,0.9999998,train_06067
004545.png,1.0000004,train_00862
004546.png,0.99999976,train_07203
004547.png,1.0000002,train_05802
004548.png,0.99999964,train_06407
004549.png,1.0,train_04798
004550.png,1.0,train_04798
004551.png,1.0000001,train_07947
004552.png,0.9999998,train_06067
004553.png,1.0,train_02122
004554.png,1.0000001,train_06089
004555.png,0.9999999,train_06399
004556.png,0.99999976,train_06324
004557.png,0.9999998,train_02607
004558.png,1.0,train_04971
004559.png,1.0,train_07645
004560.png,1.0000001,train_02230
004561.png,0.9999998,train_00016
004562.png,1.0000001,train_01123
004563.png,1.0,train_04798
004564.png,1.0,train_08117
004565.png,0.9999999,train_00087
004566.png,0.99999994,train_01714
004567.png,1.0000001,train_01070
004568.png,1.0000005,train_03421
004569.png,1.0000002,train_05629
004570.png,1.0,train_00508
004571.png,1.0,train_03540
004572.png,1.0,train_05240
004573.png,0.9999999,train_03383
004574.png,1.0,train_07529
004575.png,0.99999994,train_06185
004576.png,0.9999999,train_03998
004577.png,1.0000001,train_07208
004578.png,0.99999994,train_00574
004579.png,0.9999999,train_02099
004580.png,1.0,train_05358
004581.png,1.0000001,train_00241
004582.png,1.0,train_07200
004583.png,0.9999997,train_08127
004584.png,0.9999998,train_00850
004585.png,1.0,train_05337
004586.png,0.99999976,train_05302
004587.png,0.99999994,train_01417
004588.png,0.9999999,train_00087
004589.png,1.0,train_04440
004590.png,0.9999999,train_03383
004591.png,0.9999999,train_04996
004592.png,0.9999999,train_01946
004593.png,1.0,train_04971
004594.png,0.9999998,train_00016
004595.png,1.0000001,train_07208
004596.png,1.0,train_01478
004597.png,1.0000002,train_06283
004598.png,1.0000002,train_05379
004599.png,1.0000002,train_01535
004600.png,1.0000001,train_01950
004601.png,0.9999999,train_04996
004602.png,0.9999997,train_05902
004603.png,0.9999998,train_06635
004604.png,0.99999994,train_06659
004605.png,1.0000001,train_05194
004606.png,1.0000002,train_04908
004607.png,0.99999994,train_05580
004608.png,1.0,train_04178
004609.png,1.0000001,train_04604
004610.png,1.0,train_04440
004611.png,1.0,train_07529
004612.png,1.0000002,train_07275
004613.png,1.0000002,train_07801
004614.png,1.0,train_05337
004615.png,0.99999994,train_02791
004616.png,1.0,train_00358
004617.png,0.99999994,train_05576
004618.png,0.9999999,train_01025
004619.png,1.0000002,train_07801
004620.png,1.0000001,train_06089
004621.png,1.0,train_03715
004622.png,1.0,train_06668
004623.png,1.0000002,train_07275
004624.png,0.99999964,train_06407
004625.png,1.0000001,train_05703
004626.png,1.0000001,train_05194
004627.png,0.99999994,train_02791
004628.png,1.0000005,train_04788
004629.png,0.9999999,train_00087
004630.png,1.0000002,train_06283
004631.png,1.0,train_07280
004632.png,1.0000002,train_04908
004633.png,0.9999999,train_07304
004634.png,1.0000002,train_01343
004635.png,0.9999999,train_04386
004636.png,0.99999976,train_00039
004637.png,1.0,train_03441
004638.png,0.9999999,train_03501
004639.png,0.9999999,train_06826
004640.png,0.99999964,train_06792
004641.png,1.0,train_02122
004642.png,0.9999998,train_02607
004643.png,0.99999976,train_05302
004644.png,0.9999999,train_01946
004645.png,1.0,train_06157
004646.png,1.0,train_02122
004647.png,1.0000001,train_01208
004648.png,1.0000001,train_01376
004649.png,1.0000002,train_04616
004650.png,0.99999994,train_06659
004651.png,0.9999998,train_06067
004652.png,1.0000001,train_00030
004653.png,1.0,train_06583
004654.png,1.0000002,train_01535
004655.png,1.0,train_05646
004656.png,1.0,train_06583
004657.png,0.9999999,train_03501
004658.png,1.0000001,train_02230
004659.png,1.0000001,train_08032
004660.png,0.99999994,train_03512
004661.png,1.0,train_00358
004662.png,0.9999999,train_03383
004663.png,0.99999976,train_06333
004664.png,1.0000001,train_04604
004665.png,0.99999976,train_02885
004666.png,1.0000001,train_08032
004667.png,1.0000001,train_02812
004668.png,1.0,train_01490
004669.png,0.99999976,train_04339
004670.png,1.0000002,train_05629
004671.png,0.99999976,train_07203
004672.png,1.0000002,train_03016
004673.png,0.9999999,train_06529
004674.png,1.0000001,train_00892
004675.png,0.99999976,train_04339
004676.png,1.0000002,train_06354
004677.png,1.0,train_07645
004678.png,1.0000001,train_07208
004679.png,0.9999998,train_00016
004680.png,1.0000001,train_04920
004681.png,0.99999994,train_06659
004682.png,0.9999999,train_06399
004683.png,1.0000002,train_00316
004684.png,1.0000002,train_01343
004685.png,1.0,train_07356
004686.png,0.9999999,train_04996
004687.png,0.9999997,train_08127
004688.png,0.9999999,train_06529
004689.png,1.0000002,train_04908
004690.png,1.0000001,train_00892
004691.png,1.0000004,train_04918
004692.png,0.99999994,train_07068
004693.png,0.9999999,train_01025
004694.png,0.9999999,train_07714
004695.png,1.0000001,train_05194
004696.png,0.99999994,train_01417
004697.png,0.9999999,train_07431
004698.png,0.99999994,train_03904
004699.png,1.0000001,train_05052
004700.png,1.0,train_00326
004701.png,1.0,train_07529
004702.png,1.0,train_05646
004703.png,0.99999976,train_05302
004704.png,1.0000002,train_07275
004705.png,1.0000001,train_08053
004706.png,1.0000002,train_05379
004707.png,1.0,train_00108
004708.png,0.99999976,train_00039
004709.png,1.0000002,train_01343
004710.png,1.0,train_02790
004711.png,1.0000001,train_03675
004712.png,1.0000001,train_00241
004713.png,0.99999994,train_07068
004714.png,1.0000001,train_07119
004715.png,0.9999997,train_08127
004716.png,1.0000001,train_08032
004717.png,1.0000004,train_00862
004718.png,1.0,train_00386
004719.png,1.0000001,train_06959
004720.png,1.0000001,train_07198
004721.png,1.0000002,train_03016
004722.png,1.0,train_06157
004723.png,1.0000001,train_00241
004724.png,1.0000001,train_04937
004725.png,1.0000002,train_00163
004726.png,1.0000002,train_07077
004727.png,1.0000002,train_05379
004728.png,1.0,train_04966
004729.png,0.99999976,train_06333
004730.png,1.0000001,train_01950
004731.png,1.0000002,train_02967
004732.png,0.9999999,train_00167
004733.png,1.0000002,train_03016
004734.png,1.0,train_06583
004735.png,0.99999976,train_00039
004736.png,1.0,train_05358
004737.png,1.0000001,train_05194
004738.png,1.0000001,train_08053
004739.png,1.0000002,train_07077
004740.png,0.99999994,train_07001
004741.png,1.0000002,train_06305
004742.png,0.99999994,train_03512
004743.png,1.0000001,train_07198
004744.png,1.0000005,train_03421
004745.png,1.0000002,train_04908
004746.png,1.0,train_00358
004747.png,1.0,train_05646
004748.png,1.0,train_05358
004749.png,1.0,train_04865
004750.png,1.0000001,train_06089
004751.png,1.0000001,train_03675
004752.png,1.0,train_03715
004753.png,1.0,train_06722
004754.png,0.9999999,train_06603
004755.png,0.99999964,train_04017
004756.png,1.0,train_05337
004757.png,1.0000002,train_05379
004758.png,1.0000002,train_06354
004759.png,1.0,train_05228
004760.png,1.0,train_05966
004761.png,0.9999999,train_06826
004762.png,1.0000001,train_03914
004763.png,0.9999999,train_00087
004764.png,1.0,train_01249
004765.png,1.0,train_01915
004766.png,1.0000001,train_07208
004767.png,0.9999999,train_04787
004768.png,1.0,train_06668
004769.png,1.0000002,train_05802
004770.png,1.0,train_01886
004771.png,1.0000001,train_07947
004772.png,1.0,train_00326
004773.png,1.0000005,train_03421
004774.png,1.0000002,train_01343
004775.png,0.9999999,train_06826
004776.png,1.0000001,train_07947
004777.png,1.0000002,train_07255
004778.png,1.0000005,train_03421
004779.png,1.0000001,train_01694
004780.png,1.0000001,train_05194
004781.png,0.9999998,train_06635
004782.png,1.0000001,train_05194
004783.png,1.0,train_00386
004784.png,1.0000001,train_04604
004785.png,1.0000002,train_07275
004786.png,0.99999976,train_07203
004787.png,1.0000001,train_00892
004788.png,1.0000001,train_05234
004789.png,0.99999976,train_06324
004790.png,1.0,train_06157
004791.png,1.0000001,train_08032
004792.png,1.0000001,train_07893
004793.png,1.0,train_02122
004794.png,1.0000001,train_01123
004795.png,1.0000001,train_06253
004796.png,1.0,train_06668
004797.png,1.0000001,train_05326
004798.png,1.0,train_00108
004799.png,0.99999976,train_06658
004800.png,1.0,train_05358
004801.png,1.0,train_06157
004802.png,1.0000001,train_01070
004803.png,0.9999999,train_03501
004804.png,1.0000001,train_00892
004805.png,1.0000004,train_00076
004806.png,1.0000002,train_07275
004807.png,1.0000001,train_03065
004808.png,0.9999999,train_06787
004809.png,1.0000002,train_07801
004810.png,1.0,train_04966
004811.png,0.9999999,train_06603
004812.png,1.0000001,train_05234
004813.png,1.0000001,train_05326
004814.png,1.0000001,train_01950
004815.png,1.0000001,train_08053
004816.png,1.0000001,train_05703
004817.png,0.99999976,train_06324
004818.png,1.0000001,train_04757
004819.png,1.0000001,train_05194
004820.png,0.99999964,train_04017
004821.png,1.0000001,train_06384
004822.png,1.0000004,train_04918
004823.png,1.0000002,train_00218
004824.png,0.99999976,train_06333
004825.png,1.0,train_05337
004826.png,1.0000002,train_07801
004827.png,1.0000001,train_05940
004828.png,1.0,train_07356
004829.png,1.0000002,train_05629
004830.png,1.0,train_03441
004831.png,1.0,train_08117
004832.png,0.9999999,train_02146
004833.png,1.0000002,train_04297
004834.png,1.0,train_01490
004835.png,1.0000002,train_07801
004836.png,1.0000001,train_05194
004837.png,1.0,train_05458
004838.png,1.0,train_00386
004839.png,1.0000002,train_03093
004840.png,1.0000002,train_05379
004841.png,1.0000001,train_03065
004842.png,1.0,train_03441
004843.png,1.0,train_04767
004844.png,1.0000001,train_04937
004845.png,0.99999976,train_03040
004846.png,1.0,train_04440
004847.png,0.9999999,train_04386
004848.png,0.99999994,train_02791
004849.png,0.9999999,train_07304
004850.png,0.9999999,train_02943
004851.png,0.99999964,train_06792
004852.png,1.0000002,train_00218
004853.png,1.0000002,train_07077
004854.png,0.9999999,train_04990
004855.png,1.0000002,train_06305
004856.png,0.9999999,train_00052
004857.png,1.0,train_00326
004858.png,0.99999994,train_06185
004859.png,0.9999999,train_04386
004860.png,0.99999976,train_06658
004861.png,1.0,train_06588
004862.png,1.0000002,train_07275
004863.png,1.0000002,train_04616
004864.png,1.0000001,train_05234
004865.png,0.99999976,train_05910
004866.png,1.0,train_04440
004867.png,1.0000002,train_05379
004868.png,0.9999999,train_04990
004869.png,0.9999999,train_05171
004870.png,1.0000001,train_07119
004871.png,1.0,train_06722
004872.png,1.0000001,train_06384
004873.png,1.0,train_07645
004874.png,0.99999994,train_01417
004875.png,1.0,train_03715
004876.png,0.9999999,train_04787
004877.png,1.0,train_04767
004878.png,0.9999999,train_03383
004879.png,1.0,train_04971
004880.png,0.9999999,train_07431
004881.png,1.0000001,train_05326
004882.png,1.0000002,train_06283
004883.png,0.9999998,train_06067
004884.png,1.0000001,train_01950
004885.png,1.0,train_06417
004886.png,1.0000001,train_03309
004887.png,0.99999994,train_03512
004888.png,1.0,train_05240
004889.png,1.0000001,train_06253
004890.png,1.0000002,train_04908
004891.png,1.0,train_04625
004892.png,0.99999976,train_02885
004893.png,1.0,train_05101
004894.png,1.0,train_04971
004895.png,1.0,train_07529
004896.png,0.99999976,train_07826
004897.png,1.0,train_07645
004898.png,0.9999999,train_01025
004899.png,1.0000001,train_03309
004900.png,1.0000001,train_01950
004901.png,1.0000001,train_00892
004902.png,1.0000002,train_07077
004903.png,1.0000001,train_01603
004904.png,0.99999994,train_03904
004905.png,0.9999999,train_06603
004906.png,1.0,train_06157
004907.png,0.9999999,train_04386
004908.png,0.99999976,train_05910
004909.png,1.0,train_01249
004910.png,1.0,train_03540
004911.png,1.0,train_06157
004912.png,1.0000001,train_01208
004913.png,1.0000002,train_04908
004914.png,1.0000001,train_07947
004915.png,1.0,train_03540
004916.png,0.99999964,train_06792
004917.png,1.0000001,train_05052
004918.png,0.9999998,train_02186
004919.png,1.0,train_03715
004920.png,1.0,train_00358
004921.png,1.0000001,train_02812
004922.png,0.9999999,train_05171
004923.png,1.0000001,train_07947
004924.png,0.99999994,train_01648
004925.png,0.9999998,train_00850
004926.png,0.9999997,train_08127
004927.png,1.0000001,train_06759
004928.png,0.99999994,train_01417
004929.png,1.0000001,train_06378
004930.png,1.0,train_06288
004931.png,0.99999976,train_07203
004932.png,0.9999998,train_02186
004933.png,0.99999976,train_00039
004934.png,0.9999998,train_02186
004935.png,1.0000001,train_07208
004936.png,1.0000001,train_04757
004937.png,1.0,train_04971
004938.png,1.0,train_05240
004939.png,1.0000002,train_01535
004940.png,1.0000001,train_06959
004941.png,1.0,train_04440
004942.png,1.0000001,train_07119
004943.png,0.99999994,train_02791
004944.png,1.0000002,train_07275
004945.png,0.99999994,train_07001
004946.png,1.0000002,train_07077
004947.png,1.0,train_05358
004948.png,1.0,train_00108
004949.png,1.0,train_02122
004950.png,1.0,train_02122
004951.png,1.0000002,train_07275
004952.png,0.99999976,train_02885
004953.png,1.0000002,train_07255
004954.png,1.0,train_02298
004955.png,0.9999999,train_07714
004956.png,1.0000002,train_04259
004957.png,1.0000001,train_04937
004958.png,1.0000001,train_01376
004959.png,0.99999976,train_07203
004960.png,1.0,train_04178
004961.png,0.9999998,train_02186
004962.png,1.0,train_02803
004963.png,1.0000001,train_08053
004964.png,1.0000001,train_04604
004965.png,1.0000004,train_00862
004966.png,1.0,train_05101
004967.png,0.99999964,train_06792
004968.png,1.0,train_05240
004969.png,0.9999999,train_05171
004970.png,0.9999999,train_06399
004971.png,1.0000001,train_08053
004972.png,1.0,train_00326
004973.png,1.0,train_03540
004974.png,1.0000001,train_07119
004975.png,1.0000004,train_00076
004976.png,1.0000002,train_00163
004977.png,1.0,train_08117
004978.png,1.0,train_06157
004979.png,1.0,train_00358
004980.png,0.9999999,train_07431
004981.png,1.0,train_01478
004982.png,0.99999994,train_01648
004983.png,1.0,train_04637
004984.png,0.99999994,train_05576
004985.png,1.0,train_03604
004986.png,1.0000001,train_08053
004987.png,1.0000002,train_03093
004988.png,1.0000002,train_00316
004989.png,1.0000002,train_01343
004990.png,1.0,train_06583
004991.png,0.9999999,train_07568
004992.png,0.9999998,train_02607
004993.png,1.0,train_05101
004994.png,1.0000001,train_05940
004995.png,1.0000001,train_07893
004996.png,1.0000002,train_04297
004997.png,1.0000001,train_02812
004998.png,1.0000001,train_01603
004999.png,0.9999999,train_01025
005000.png,1.0,train_05646
005001.png,1.0000001,train_03339
005002.png,1.0000001,train_01603
005003.png,1.0,train_04971
005004.png,1.0000001,train_04246
005005.png,0.9999999,train_05552
005006.png,1.0000002,train_06354
005007.png,1.0000001,train_00030
005008.png,0.9999998,train_02186
005009.png,0.9999999,train_02099
005010.png,0.99999994,train_07068
005011.png,1.0,train_02985
005012.png,1.0,train_04625
005013.png,0.99999976,train_02885
005014.png,1.0000001,train_03339
005015.png,1.0000004,train_07602
005016.png,1.0,train_00326
005017.png,1.0,train_05306
005018.png,1.0000001,train_03309
005019.png,1.0000001,train_06959
005020.png,1.0000004,train_00862
005021.png,1.0,train_07280
005022.png,1.0000001,train_01950
005023.png,0.99999976,train_06324
005024.png,1.0000001,train_08032
005025.png,0.99999994,train_06185
005026.png,1.0,train_07645
005027.png,1.0000002,train_00316
005028.png,1.0,train_01478
005029.png,1.0000004,train_04918
005030.png,1.0000002,train_07275
005031.png,0.9999999,train_05313
005032.png,0.9999999,train_06529
005033.png,0.9999999,train_06603
005034.png,0.9999999,train_05171
005035.png,1.0000001,train_07198
005036.png,0.9999999,train_03998
005037.png,1.0000002,train_01343
005038.png,0.9999999,train_00087
005039.png,0.9999999,train_03998
005040.png,1.0000001,train_06959
005041.png,0.9999999,train_05552
005042.png,1.0000002,train_07275
005043.png,0.99999976,train_07203
005044.png,0.99999994,train_00574
005045.png,0.9999999,train_05552
005046.png,1.0000004,train_00862
005047.png,1.0000001,train_01694
005048.png,1.0000001,train_05326
005049.png,0.9999999,train_07431
005050.png,1.0000002,train_01343
005051.png,1.0000001,train_01208
005052.png,1.0000001,train_01070
005053.png,0.9999998,train_06635
005054.png,1.0,train_06583
005055.png,1.0000001,train_06089
005056.png,1.0000002,train_00366
005057.png,1.0,train_03715
005058.png,0.9999999,train_07568
005059.png,1.0000001,train_07947
005060.png,1.0000001,train_06089
005061.png,0.99999994,train_05580
005062.png,0.99999994,train_03512
005063.png,1.0,train_03604
005064.png,1.0000002,train_05629
005065.png,1.0000001,train_05194
005066.png,0.9999999,train_06399
005067.png,0.99999976,train_07203
005068.png,1.0000001,train_00241
005069.png,1.0000001,train_06378
005070.png,0.9999999,train_00087
005071.png,1.0000002,train_02967
005072.png,0.99999976,train_05910
005073.png,1.0000002,train_06305
005074.png,0.99999994,train_03512
005075.png,1.0,train_04625
005076.png,0.99999994,train_00574
005077.png,0.9999998,train_00016
005078.png,1.0,train_06288
005079.png,0.99999994,train_01417
005080.png,0.99999976,train_06658
005081.png,1.0,train_02985
005082.png,1.0000002,train_03093
005083.png,1.0000001,train_04246
005084.png,1.0,train_06722
005085.png,1.0000001,train_05326
005086.png,1.0000005,train_03421
005087.png,0.99999994,train_03512
005088.png,1.0,train_01478
005089.png,1.0,train_02122
005090.png,0.9999999,train_03998
005091.png,0.99999994,train_06185
005092.png,1.0000001,train_08032
005093.png,1.0,train_06668
005094.png,1.0000001,train_06089
005095.png,1.0000004,train_00862
005096.png,1.0,train_01478
005097.png,1.0000002,train_00316
005098.png,1.0000001,train_07208
005099.png,1.0,train_04865
005100.png,1.0000001,train_01123
005101.png,0.99999994,train_01648
005102.png,1.0,train_03589
005103.png,1.0,train_05458
005104.png,1.0000002,train_03093
005105.png,1.0000002,train_00218
005106.png,1.0,train_02803
005107.png,1.0000001,train_04757
005108.png,1.0000001,train_01950
005109.png,0.9999998,train_06067
005110.png,0.9999998,train_06635
005111.png,0.9999998,train_00850
005112.png,0.9999999,train_03383
005113.png,0.9999999,train_03998
005114.png,0.99999994,train_06185
005115.png,1.0000002,train_04908
005116.png,0.99999976,train_03040
005117.png,1.0000001,train_06253
005118.png,1.0,train_04637
005119.png,1.0000002,train_00316
005120.png,1.0000005,train_04788
005121.png,1.0,train_01915
005122.png,0.9999999,train_01025
005123.png,1.0,train_02803
005124.png,1.0000001,train_03339
005125.png,1.0,train_08117
005126.png,1.0000002,train_02967
005127.png,1.0000004,train_00076
005128.png,0.99999976,train_07203
005129.png,0.9999998,train_02607
005130.png,0.9999999,train_00167
005131.png,0.99999976,train_00001
005132.png,1.0000001,train_06384
005133.png,0.99999994,train_03512
005134.png,1.0000002,train_05802
005135.png,0.99999964,train_06792
005136.png,1.0,train_03441
005137.png,1.0,train_07529
005138.png,0.9999999,train_06399
005139.png,0.9999998,train_06635
005140.png,1.0000002,train_04297
005141.png,1.0,train_05306
005142.png,0.99999976,train_06658
005143.png,1.0,train_08117
005144.png,1.0,train_06668
005145.png,0.9999999,train_04386
005146.png,1.0000002,train_07275
005147.png,1.0000002,train_03093
005148.png,1.0000002,train_05629
005149.png,1.0,train_01915
005150.png,0.9999999,train_04386
005151.png,1.0000002,train_02967
005152.png,0.9999999,train_04787
005153.png,1.0000001,train_04604
005154.png,1.0000002,train_07077
005155.png,1.0000001,train_07198
005156.png,0.99999964,train_06407
005157.png,1.0000002,train_06283
005158.png,0.99999976,train_05302
005159.png,1.0,train_04637
005160.png,1.0000001,train_01376
005161.png,0.99999994,train_02791
005162.png,0.99999964,train_06407
005163.png,0.9999999,train_01025
005164.png,1.0000004,train_00862
005165.png,0.99999994,train_05576
005166.png,1.0000002,train_06354
005167.png,1.0,train_03441
005168.png,1.0,train_00108
005169.png,1.0,train_02122
005170.png,1.0000001,train_01208
005171.png,1.0000002,train_06305
005172.png,0.9999998,train_06067
005173.png,1.0,train_00386
005174.png,1.0000004,train_07602
005175.png,1.0,train_01490
005176.png,1.0000001,train_06253
005177.png,0.99999964,train_06792
005178.png,0.99999976,train_04339
005179.png,0.9999998,train_00016
005180.png,0.99999976,train_04339
005181.png,1.0,train_03715
005182.png,1.0000004,train_00862
005183.png,0.9999999,train_07714
005184.png,1.0,train_05228
005185.png,1.0,train_04178
005186.png,0.99999976,train_07203
005187.png,1.0000001,train_06759
005188.png,0.99999976,train_06333
005189.png,1.0,train_00108
005190.png,1.0,train_04865
005191.png,0.99999976,train_07203
005192.png,1.0,train_05240
005193.png,1.0,train_02122
005194.png,1.0000002,train_04616
005195.png,1.0000001,train_07198
005196.png,0.9999999,train_02146
005197.png,1.0000004,train_04918
005198.png,1.0000002,train_02967
005199.png,0.99999976,train_06333
005200.png,0.9999999,train_06826
005201.png,0.9999999,train_04990
005202.png,1.0000001,train_05940
005203.png,1.0000001,train_06759
005204.png,0.99999976,train_06333
005205.png,0.9999999,train_02099
005206.png,0.99999994,train_05580
005207.png,0.9999999,train_07431
005208.png,0.99999994,train_06659
005209.png,0.99999976,train_06333
005210.png,1.0,train_03715
005211.png,1.0000001,train_07208
005212.png,1.0,train_06588
005213.png,1.0,train_00326
005214.png,1.0000001,train_07198
005215.png,1.0000002,train_06283
005216.png,1.0000001,train_04246
005217.png,1.0000001,train_08053
005218.png,1.0000001,train_05940
005219.png,0.9999997,train_07830
005220.png,1.0,train_06722
005221.png,1.0,train_07200
005222.png,1.0,train_00326
005223.png,1.0000001,train_06253
005224.png,1.0000002,train_00163
005225.png,1.0,train_04767
005226.png,1.0000002,train_07801
005227.png,0.9999999,train_07431
005228.png,0.99999994,train_06659
005229.png,1.0,train_04178
005230.png,1.0000002,train_06283
005231.png,1.0000001,train_04246
005232.png,0.9999999,train_00167
005233.png,0.99999964,train_06407
005234.png,0.9999998,train_02607
005235.png,0.99999994,train_06185
005236.png,0.9999999,train_04787
005237.png,0.9999999,train_02146
005238.png,0.9999999,train_02146
005239.png,0.99999976,train_00039
005240.png,1.0,train_05337
005241.png,1.0000002,train_00218
005242.png,1.0000001,train_08053
005243.png,0.99999964,train_06792
005244.png,0.9999999,train_01025
005245.png,0.9999999,train_02943
005246.png,1.0000001,train_02230
005247.png,1.0,train_03589
005248.png,0.9999999,train_06826
005249.png,1.0000004,train_00076
005250.png,1.0,train_06668
005251.png,1.0000001,train_05234
005252.png,1.0,train_03540
005253.png,1.0,train_04637
005254.png,1.0,train_04178
005255.png,1.0,train_06668
005256.png,1.0000001,train_03065
005257.png,1.0000001,train_07893
005258.png,0.99999976,train_07203
005259.png,1.0000001,train_01376
005260.png,1.0000001,train_01208
005261.png,0.9999999,train_06787
005262.png,1.0,train_02985
005263.png,1.0000001,train_05326
005264.png,1.0000001,train_06384
005265.png,1.0000001,train_04920
005266.png,1.0000002,train_00218
005267.png,1.0000001,train_08053
005268.png,1.0000002,train_04908
005269.png,0.99999994,train_06185
005270.png,1.0,train_00108
005271.png,1.0000002,train_00218
005272.png,1.0,train_08117
005273.png,1.0000001,train_00030
005274.png,0.99999976,train_06658
005275.png,1.0000001,train_03309
005276.png,1.0,train_07529
005277.png,1.0000002,train_03016
005278.png,1.0,train_07645
005279.png,1.0000001,train_03675
005280.png,1.0,train_03540
005281.png,1.0,train_05337
005282.png,0.9999999,train_00087
005283.png,1.0000001,train_05052
005284.png,1.0000002,train_02967
005285.png,0.9999999,train_02099
005286.png,1.0000002,train_07801
005287.png,1.0000002,train_05379
005288.png,1.0,train_03589
005289.png,1.0000002,train_02967
005290.png,0.99999976,train_05910
005291.png,0.99999976,train_04339
005292.png,0.9999999,train_05313
005293.png,1.0000001,train_04937
005294.png,1.0,train_06583
005295.png,1.0,train_06722
005296.png,1.0,train_01915
005297.png,1.0,train_04971
005298.png,1.0,train_00386
005299.png,1.0000001,train_01376
005300.png,1.0000001,train_07947
005301.png,1.0,train_06583
005302.png,1.0000001,train_04604
005303.png,0.99999994,train_02791
005304.png,1.0000001,train_08053
005305.png,1.0,train_07645
005306.png,1.0,train_03715
005307.png,1.0,train_07356
005308.png,0.99999994,train_02791
005309.png,0.99999994,train_07068
005310.png,1.0000002,train_06283
005311.png,0.99999994,train_06659
005312.png,0.99999976,train_00039
005313.png,1.0,train_00386
005314.png,1.0,train_06588
005315.png,1.0000004,train_00076
005316.png,1.0000001,train_00241
005317.png,1.0000001,train_04246
005318.png,0.9999999,train_04386
005319.png,0.99999994,train_01648
005320.png,0.9999999,train_06603
005321.png,0.99999994,train_03904
005322.png,1.0,train_07200
005323.png,0.99999976,train_07203
005324.png,1.0,train_00326
005325.png,1.0000002,train_05379
005326.png,1.0000001,train_00892
005327.png,0.99999976,train_07203
005328.png,1.0,train_06588
005329.png,0.9999999,train_05552
005330.png,1.0,train_03715
005331.png,1.0,train_07645
005332.png,1.0,train_04865
005333.png,1.0000002,train_04259
005334.png,1.0,train_03441
005335.png,0.99999976,train_06324
005336.png,1.0,train_02803
005337.png,1.0,train_04966
005338.png,1.0,train_06668
005339.png,0.99999964,train_04017
005340.png,1.0000002,train_06354
005341.png,0.9999999,train_06399
005342.png,0.9999999,train_02943
005343.png,1.0000001,train_03309
005344.png,1.0,train_03589
005345.png,1.0,train_03441
005346.png,1.0,train_04178
005347.png,1.0000001,train_01208
005348.png,0.99999994,train_06185
005349.png,0.99999994,train_05580
005350.png,1.0000001,train_05234
005351.png,0.9999999,train_06529
005352.png,1.0,train_05966
005353.png,1.0000001,train_05194
005354.png,1.0000001,train_01376
005355.png,0.9999999,train_04996
005356.png,1.0000001,train_05234
005357.png,1.0000001,train_01603
005358.png,0.99999994,train_02791
005359.png,0.9999999,train_06826
005360.png,1.0000001,train_08053
005361.png,1.0,train_02122
005362.png,0.99999976,train_05910
005363.png,0.99999994,train_07068
005364.png,0.99999994,train_07001
005365.png,1.0,train_04178
005366.png,0.9999998,train_02607
005367.png,0.99999994,train_05576
005368.png,0.99999976,train_05910
005369.png,1.0,train_06583
005370.png,0.9999999,train_07568
005371.png,1.0000001,train_04604
005372.png,1.0,train_02790
005373.png,1.0000001,train_00892
005374.png,0.9999999,train_02943
005375.png,0.9999999,train_04996
005376.png,0.99999976,train_04339
005377.png,1.0,train_04865
005378.png,1.0000002,train_04297
005379.png,1.0000002,train_05629
005380.png,0.9999999,train_03383
005381.png,1.0,train_04178
005382.png,1.0,train_03540
005383.png,1.0000001,train_05703
005384.png,1.0,train_04767
005385.png,0.99999994,train_03456
005386.png,1.0000001,train_00892
005387.png,1.0000002,train_07255
005388.png,1.0000001,train_03065
005389.png,1.0,train_00358
005390.png,1.0000001,train_03675
005391.png,0.99999994,train_03456
005392.png,1.0000002,train_06354
005393.png,1.0000001,train_03914
005394.png,1.0000001,train_05940
005395.png,1.0,train_07645
005396.png,0.99999994,train_01714
005397.png,0.9999999,train_06399
005398.png,1.0,train_06588
005399.png,1.0,train_04865
005400.png,0.99999994,train_01417
005401.png,1.0,train_02298
005402.png,0.9999999,train_03383
005403.png,1.0,train_00358
005404.png,0.9999999,train_00087
005405.png,0.9999999,train_01946
005406.png,1.0,train_04966
005407.png,1.0,train_06583
005408.png,1.0000001,train_07893
005409.png,1.0,train_02122
005410.png,1.0,train_04798
005411.png,1.0,train_06157
005412.png,0.99999994,train_00574
005413.png,1.0000002,train_05629
005414.png,1.0000002,train_03016
005415.png,1.0000002,train_04297
005416.png,0.9999997,train_05902
005417.png,1.0,train_07280
005418.png,1.0,train_08117
005419.png,0.9999999,train_05552
005420.png,1.0000001,train_02812
005421.png,0.9999999,train_07568
005422.png,1.0,train_04966
005423.png,0.99999994,train_00574
005424.png,0.9999999,train_03501
005425.png,0.9999999,train_04386
005426.png,0.99999976,train_03040
005427.png,1.0,train_05337
005428.png,0.9999999,train_05020
005429.png,1.0000001,train_07198
005430.png,1.0000001,train_03309
005431.png,1.0000004,train_07602
005432.png,1.0,train_04966
005433.png,1.0000004,train_00862
005434.png,0.9999999,train_06787
005435.png,0.99999976,train_07826
005436.png,1.0000001,train_05052
005437.png,0.99999976,train_06658
005438.png,1.0000001,train_04920
005439.png,1.0,train_01249
005440.png,1.0000001,train_01123
005441.png,1.0000002,train_00218
005442.png,1.0,train_06588
005443.png,1.0000001,train_02230
005444.png,0.9999999,train_07568
005445.png,1.0000001,train_07198
005446.png,0.9999999,train_06603
005447.png,0.99999994,train_01417
005448.png,1.0000001,train_05940
005449.png,1.0000002,train_07801
005450.png,0.99999994,train_06659
005451.png,1.0000001,train_06378
005452.png,1.0,train_05306
005453.png,1.0000001,train_05234
005454.png,1.0000002,train_04259
005455.png,1.0,train_00326
005456.png,1.0,train_04767
005457.png,1.0000001,train_06378
005458.png,1.0000001,train_03339
005459.png,0.99999964,train_06792
005460.png,0.99999994,train_05580
005461.png,1.0,train_02122
005462.png,1.0,train_04798
005463.png,1.0,train_03441
005464.png,1.0000004,train_07602
005465.png,0.9999999,train_03998
005466.png,1.0000001,train_05194
005467.png,1.0,train_00326
005468.png,1.0,train_04767
005469.png,1.0,train_07645
005470.png,1.0,train_00386
005471.png,0.99999976,train_00039
005472.png,1.0,train_06588
005473.png,1.0000001,train_01950
005474.png,0.9999998,train_06635
005475.png,1.0,train_04178
005476.png,1.0000001,train_04246
005477.png,1.0000001,train_00241
005478.png,1.0,train_00386
005479.png,1.0000002,train_04259
005480.png,0.9999999,train_05552
005481.png,1.0000001,train_05326
005482.png,1.0000002,train_07255
005483.png,0.9999999,train_04990
005484.png,1.0000004,train_04918
005485.png,0.9999998,train_02607
005486.png,1.0,train_07200
005487.png,1.0000002,train_02967
005488.png,1.0000001,train_04604
005489.png,1.0000001,train_06089
005490.png,1.0000002,train_04259
005491.png,0.9999998,train_02186
005492.png,1.0000002,train_07801
005493.png,0.99999994,train_03456
005494.png,0.9999997,train_07830
005495.png,1.0,train_00108
005496.png,1.0000002,train_01535
005497.png,1.0000002,train_04616
005498.png,1.0000001,train_03339
005499.png,1.0000001,train_03339
005500.png,1.0000002,train_05802
005501.png,0.99999994,train_05576
005502.png,1.0000001,train_01208
005503.png,0.9999999,train_05171
005504.png,0.9999998,train_00850
005505.png,1.0000001,train_06253
005506.png,1.0000002,train_00316
005507.png,1.0,train_05646
005508.png,0.99999976,train_05910
005509.png,1.0,train_01249
005510.png,1.0,train_05306
005511.png,1.0000001,train_06089
005512.png,0.9999997,train_05902
005513.png,1.0,train_03715
005514.png,1.0000001,train_05940
005515.png,1.0,train_01478
005516.png,1.0000002,train_07801
005517.png,0.99999994,train_03456
005518.png,0.9999999,train_04996
005519.png,1.0,train_04637
005520.png,1.0000002,train_07275
005521.png,0.9999999,train_04787
005522.png,1.0000001,train_01070
005523.png,0.99999976,train_04339
005524.png,1.0000001,train_05052
005525.png,0.99999976,train_00039
005526.png,1.0,train_07200
005527.png,1.0000001,train_05052
005528.png,0.9999999,train_02146
005529.png,1.0000002,train_07801
005530.png,1.0000002,train_04908
005531.png,1.0000001,train_00892
005532.png,1.0000001,train_06959
005533.png,0.99999976,train_07826
005534.png,1.0,train_06157
005535.png,0.9999998,train_06067
005536.png,1.0000001,train_05940
005537.png,1.0000001,train_02812
005538.png,1.0000001,train_05194
005539.png,1.0000001,train_04604
005540.png,1.0,train_06157
005541.png,1.0000001,train_04757
005542.png,0.99999994,train_01648
005543.png,0.9999999,train_04996
005544.png,1.0000001,train_08032
005545.png,1.0000001,train_04604
005546.png,1.0,train_05228
005547.png,1.0,train_07645
005548.png,1.0000001,train_05194
005549.png,1.0000001,train_08053
005550.png,1.0,train_04625
005551.png,1.0000002,train_00163
005552.png,0.9999999,train_02099
005553.png,1.0,train_07200
005554.png,1.0000002,train_02967
005555.png,1.0000001,train_00241
005556.png,1.0000002,train_04616
005557.png,1.0000001,train_01950
005558.png,1.0000001,train_08053
005559.png,1.0000001,train_01376
005560.png,1.0,train_06722
005561.png,1.0,train_00508
005562.png,0.99999994,train_03456
005563.png,1.0000001,train_00892
005564.png,1.0000001,train_08032
005565.png,1.0000002,train_00316
005566.png,1.0,train_02790
005567.png,0.9999999,train_01946
005568.png,0.99999994,train_05576
005569.png,1.0000001,train_07208
005570.png,0.9999999,train_00167
005571.png,0.99999994,train_07001
005572.png,0.9999999,train_07568
005573.png,1.0000001,train_05052
005574.png,1.0,train_04798
005575.png,1.0,train_02790
005576.png,1.0000001,train_00241
005577.png,1.0,train_04625
005578.png,0.99999964,train_04017
005579.png,0.99999976,train_06658
005580.png,1.0000001,train_08053
005581.png,0.99999964,train_04017
005582.png,1.0000001,train_06378
005583.png,0.9999999,train_01946
005584.png,1.0,train_03540
005585.png,1.0000002,train_04616
005586.png,1.0000001,train_01123
005587.png,0.9999999,train_06787
005588.png,1.0000002,train_02967
005589.png,1.0000002,train_02967
005590.png,1.0,train_00108
005591.png,0.9999999,train_02146
005592.png,1.0000001,train_00892
005593.png,1.0000001,train_02812
005594.png,1.0,train_03441
005595.png,1.0000004,train_07602
005596.png,1.0,train_06722
005597.png,1.0,train_00358
005598.png,1.0000001,train_02230
005599.png,1.0,train_06288
005600.png,1.0000002,train_02967
005601.png,1.0000002,train_05629
005602.png,1.0,train_03441
005603.png,1.0,train_00508
005604.png,0.9999999,train_06603
005605.png,0.9999998,train_00850
005606.png,1.0000002,train_06283
005607.png,1.0000001,train_01208
005608.png,1.0000002,train_01343
005609.png,1.0,train_06668
005610.png,0.9999998,train_00016
005611.png,0.99999994,train_01714
005612.png,1.0,train_03589
005613.png,1.0000001,train_05052
005614.png,1.0,train_06288
005615.png,0.9999999,train_02146
005616.png,1.0000002,train_01343
005617.png,1.0,train_05358
005618.png,0.9999999,train_06787
005619.png,1.0,train_06288
005620.png,1.0,train_07645
005621.png,1.0,train_04971
005622.png,1.0,train_04798
005623.png,1.0000005,train_04788
005624.png,1.0000002,train_04297
005625.png,1.0,train_06288
005626.png,1.0000001,train_01376
005627.png,1.0000002,train_04259
005628.png,1.0000001,train_01376
005629.png,1.0000002,train_02967
005630.png,1.0000002,train_07275
005631.png,1.0000002,train_05379
005632.png,0.99999976,train_03040
005633.png,0.99999976,train_06333
005634.png,1.0,train_03441
005635.png,0.99999976,train_07203
005636.png,0.99999976,train_04339
005637.png,0.99999976,train_07203
005638.png,0.99999994,train_07068
005639.png,1.0,train_02790
005640.png,1.0000002,train_07275
005641.png,1.0000001,train_03675
005642.png,0.99999994,train_07001
005643.png,1.0,train_04767
005644.png,1.0000001,train_04246
005645.png,1.0,train_04966
005646.png,1.0000001,train_05194
005647.png,0.9999999,train_00167
005648.png,1.0000001,train_01603
005649.png,1.0000005,train_04788
005650.png,1.0000001,train_06378
005651.png,0.99999994,train_01417
005652.png,1.0000001,train_06759
005653.png,1.0000001,train_07955
005654.png,0.9999999,train_03383
005655.png,1.0000002,train_07077
005656.png,0.9999999,train_05313
005657.png,1.0000002,train_07077
005658.png,1.0,train_00386
005659.png,1.0,train_02298
005660.png,0.99999976,train_06324
005661.png,1.0,train_04798
005662.png,1.0000002,train_06283
005663.png,1.0000001,train_04937
005664.png,1.0,train_07356
005665.png,1.0000001,train_01123
005666.png,1.0000001,train_05194
005667.png,0.9999998,train_06067
005668.png,0.9999999,train_04787
005669.png,1.0000001,train_06759
005670.png,0.9999999,train_03998
005671.png,1.0,train_05966
005672.png,0.99999976,train_06333
005673.png,1.0000001,train_06759
005674.png,1.0000002,train_04297
005675.png,1.0,train_01478
005676.png,0.9999999,train_07714
005677.png,1.0000001,train_04937
005678.png,1.0000004,train_00862
005679.png,1.0,train_06722
005680.png,0.99999994,train_06185
005681.png,1.0000002,train_01343
005682.png,1.0000002,train_01343
005683.png,1.0000001,train_07893
005684.png,1.0,train_06417
005685.png,1.0,train_04767
005686.png,0.99999994,train_00574
005687.png,1.0,train_05240
005688.png,0.99999976,train_04339
005689.png,1.0,train_05240
005690.png,1.0000005,train_04788
005691.png,0.9999999,train_07568
005692.png,0.9999999,train_07431
005693.png,0.9999999,train_05171
005694.png,0.9999997,train_07830
005695.png,1.0000001,train_07208
005696.png,0.9999997,train_07830
005697.png,0.99999994,train_00574
005698.png,1.0000005,train_03421
005699.png,1.0,train_01249
005700.png,0.9999999,train_00087
005701.png,1.0000001,train_01694
005702.png,1.0000001,train_01208
005703.png,0.9999999,train_03501
005704.png,0.9999999,train_03501
005705.png,1.0000002,train_00316
005706.png,1.0,train_05306
005707.png,1.0,train_03604
005708.png,1.0000002,train_04259
005709.png,1.0000002,train_05629
005710.png,0.99999964,train_06792
005711.png,1.0000002,train_07801
005712.png,0.9999999,train_03383
005713.png,0.9999999,train_03998
005714.png,1.0,train_00386
005715.png,1.0000002,train_07255
005716.png,1.0000001,train_03309
005717.png,1.0000004,train_00862
005718.png,0.9999997,train_08127
005719.png,1.0000002,train_05629
005720.png,0.9999999,train_04787
005721.png,1.0,train_01886
005722.png,1.0000001,train_07198
005723.png,0.99999994,train_03904
005724.png,0.99999976,train_06324
005725.png,1.0000001,train_06089
005726.png,1.0000001,train_04920
005727.png,0.99999994,train_01417
005728.png,1.0,train_06157
005729.png,1.0000001,train_04920
005730.png,1.0000001,train_01376
005731.png,1.0,train_05358
005732.png,1.0000001,train_06759
005733.png,0.9999999,train_00052
005734.png,1.0000001,train_01070
005735.png,1.0,train_00358
005736.png,1.0000002,train_01343
005737.png,0.99999976,train_03040
005738.png,1.0000004,train_04918
005739.png,0.99999976,train_05302
005740.png,0.99999994,train_03512
005741.png,0.99999976,train_06658
005742.png,0.9999999,train_00052
005743.png,1.0,train_01490
005744.png,0.9999999,train_00087
005745.png,1.0,train_00508
005746.png,1.0000002,train_00366
005747.png,0.9999999,train_03383
005748.png,1.0000002,train_04259
005749.png,1.0000001,train_03065
005750.png,1.0000002,train_04297
005751.png,1.0,train_06288
005752.png,1.0000002,train_06283
005753.png,1.0,train_01478
005754.png,1.0,train_05101
005755.png,0.9999999,train_04787
005756.png,0.99999976,train_05910
005757.png,1.0000002,train_01343
005758.png,0.9999999,train_06529
005759.png,1.0000001,train_08032
005760.png,0.9999999,train_05020
005761.png,0.9999998,train_02607
005762.png,1.0000004,train_00076
005763.png,0.99999976,train_00039
005764.png,0.9999999,train_07714
005765.png,1.0,train_05240
005766.png,1.0000001,train_08053
005767.png,1.0000001,train_05326
005768.png,1.0,train_04971
005769.png,0.99999976,train_05302
005770.png,1.0,train_04971
005771.png,1.0,train_06588
005772.png,0.99999994,train_06659
005773.png,1.0000002,train_05802
005774.png,1.0000001,train_01070
005775.png,1.0,train_00108
005776.png,1.0000002,train_03016
005777.png,1.0000001,train_08053
005778.png,1.0000004,train_04918
005779.png,1.0,train_01886
005780.png,1.0000001,train_05326
005781.png,0.9999998,train_02186
005782.png,0.99999976,train_07826
005783.png,1.0000001,train_06959
005784.png,0.99999976,train_02885
005785.png,1.0000001,train_05940
005786.png,1.0,train_06157
005787.png,1.0000001,train_01603
005788.png,1.0000002,train_00316
005789.png,0.99999994,train_03512
005790.png,0.9999999,train_04787
005791.png,1.0,train_06583
005792.png,1.0,train_07645
005793.png,1.0,train_05358
005794.png,0.99999994,train_07001
005795.png,0.9999999,train_06603
005796.png,1.0000002,train_06283
005797.png,1.0,train_03589
005798.png,1.0,train_03604
005799.png,1.0000001,train_01694
005800.png,1.0000001,train_06378
005801.png,1.0,train_05358
005802.png,1.0,train_03540
005803.png,1.0,train_07529
005804.png,0.9999999,train_05171
005805.png,1.0,train_01886
005806.png,1.0000001,train_05940
005807.png,1.0000001,train_00030
005808.png,0.99999994,train_01714
005809.png,1.0000002,train_07275
005810.png,1.0000002,train_07801
005811.png,1.0000001,train_07119
005812.png,1.0000001,train_07955
005813.png,0.9999999,train_01025
005814.png,1.0000001,train_02230
005815.png,0.9999997,train_05902
005816.png,1.0000001,train_00030
005817.png,1.0,train_01478
005818.png,1.0000001,train_06089
005819.png,1.0000002,train_02967
005820.png,1.0000001,train_01694
005821.png,1.0000001,train_08053
005822.png,1.0000002,train_07077
005823.png,1.0000001,train_07955
005824.png,0.9999999,train_01025
005825.png,0.9999998,train_00016
005826.png,1.0000001,train_06384
005827.png,1.0,train_06157
005828.png,1.0000002,train_00163
005829.png,1.0,train_02985
005830.png,1.0,train_04767
005831.png,0.99999994,train_05576
005832.png,1.0,train_02803
005833.png,1.0,train_05458
005834.png,1.0000001,train_01950
005835.png,0.9999999,train_06826
005836.png,1.0000001,train_01376
005837.png,0.99999976,train_00001
005838.png,1.0000001,train_07955
005839.png,1.0,train_02298
005840.png,0.9999999,train_04996
005841.png,0.9999999,train_00087
005842.png,1.0000002,train_00366
005843.png,1.0000002,train_03093
005844.png,1.0000001,train_01950
005845.png,0.99999994,train_03456
005846.png,1.0000001,train_02230
005847.png,1.0,train_06417
005848.png,0.9999998,train_00850
005849.png,0.9999999,train_07714
005850.png,0.99999964,train_06792
005851.png,0.9999999,train_04990
005852.png,1.0000002,train_05629
005853.png,1.0,train_02790
005854.png,1.0000002,train_07801
005855.png,1.0,train_06417
005856.png,1.0000002,train_06305
005857.png,1.0,train_08117
005858.png,1.0,train_02122
005859.png,1.0000002,train_05629
005860.png,1.0,train_06583
005861.png,1.0000001,train_07955
005862.png,1.0,train_03604
005863.png,1.0000001,train_06378
005864.png,1.0,train_01915
005865.png,0.99999994,train_01648
005866.png,1.0000001,train_05234
005867.png,1.0000001,train_01123
005868.png,1.0000002,train_06305
005869.png,1.0,train_04966
005870.png,1.0000001,train_04937
005871.png,1.0,train_03441
005872.png,1.0,train_02803
005873.png,1.0,train_07529
005874.png,1.0000002,train_05802
005875.png,1.0,train_04440
005876.png,1.0000002,train_05629
005877.png,1.0000005,train_04788
005878.png,1.0000002,train_06283
005879.png,1.0000001,train_08053
005880.png,1.0000001,train_06384
005881.png,1.0,train_05337
005882.png,1.0000004,train_00862
005883.png,1.0000001,train_06089
005884.png,1.0,train_04637
005885.png,1.0,train_06722
005886.png,1.0,train_02122
005887.png,1.0000002,train_07255
005888.png,1.0,train_08117
005889.png,1.0000001,train_08053
005890.png,0.9999999,train_04990
005891.png,0.99999994,train_01648
005892.png,1.0,train_00358
005893.png,1.0000005,train_04788
005894.png,1.0000001,train_05703
005895.png,0.9999999,train_04996
005896.png,0.9999999,train_02099
005897.png,1.0000001,train_04757
005898.png,1.0000004,train_04918
005899.png,0.9999999,train_00087
005900.png,1.0000002,train_04259
005901.png,1.0000001,train_04937
005902.png,1.0,train_00386
005903.png,1.0,train_07645
005904.png,1.0000001,train_08053
005905.png,1.0000001,train_06759
005906.png,1.0,train_05306
005907.png,1.0,train_01249
005908.png,0.99999976,train_02885
005909.png,1.0000001,train_01376
005910.png,1.0,train_06288
005911.png,1.0,train_06668
005912.png,0.9999999,train_01025
005913.png,1.0,train_05458
005914.png,0.99999994,train_00574
005915.png,1.0,train_00326
005916.png,0.99999976,train_06333
005917.png,1.0000001,train_06384
005918.png,0.99999994,train_03456
005919.png,0.9999999,train_05552
005920.png,1.0000001,train_07198
005921.png,0.9999997,train_05902
005922.png,1.0000002,train_07801
005923.png,1.0000001,train_07119
005924.png,0.99999976,train_06324
005925.png,1.0000001,train_05194
005926.png,1.0000001,train_06253
005927.png,1.0000002,train_03093
005928.png,0.9999999,train_01025
005929.png,1.0,train_05306
005930.png,0.99999994,train_03512
005931.png,1.0000001,train_00030
005932.png,1.0000001,train_04604
005933.png,1.0000001,train_07955
005934.png,0.9999999,train_01946
005935.png,1.0000001,train_08032
005936.png,1.0,train_01490
005937.png,1.0,train_07280
005938.png,1.0000001,train_01376
005939.png,1.0000001,train_03065
005940.png,1.0000002,train_03016
005941.png,1.0000001,train_07119
005942.png,1.0000002,train_06283
005943.png,1.0,train_03604
005944.png,1.0000001,train_07119
005945.png,1.0000002,train_06354
005946.png,1.0000004,train_00862
005947.png,1.0000001,train_01950
005948.png,1.0000001,train_08053
005949.png,0.99999994,train_02791
005950.png,1.0,train_01249
005951.png,1.0,train_04767
005952.png,0.99999994,train_03904
005953.png,0.9999999,train_06787
005954.png,1.0,train_00358
005955.png,1.0,train_04637
005956.png,0.9999999,train_04990
005957.png,0.9999999,train_04386
005958.png,0.9999999,train_05313
005959.png,0.99999964,train_04017
005960.png,1.0000001,train_05234
005961.png,1.0000002,train_06354
005962.png,1.0000001,train_06253
005963.png,0.99999976,train_02885
005964.png,0.99999976,train_06324
005965.png,1.0000001,train_04757
005966.png,1.0000002,train_07275
005967.png,1.0000001,train_06759
005968.png,1.0000005,train_03421
005969.png,1.0000002,train_07077
005970.png,0.99999994,train_03512
005971.png,1.0000001,train_01123
005972.png,0.9999999,train_05313
005973.png,1.0000001,train_08032
005974.png,1.0,train_05966
005975.png,1.0,train_05228
005976.png,1.0000002,train_07255
005977.png,0.99999976,train_07826
005978.png,1.0000001,train_05703
005979.png,1.0,train_02803
005980.png,1.0000001,train_05703
005981.png,0.9999998,train_02607
005982.png,0.9999999,train_02242
005983.png,1.0,train_07356
005984.png,0.99999994,train_06185
005985.png,1.0000001,train_03309
005986.png,1.0,train_07645
005987.png,1.0,train_01490
005988.png,1.0,train_05101
005989.png,1.0000001,train_08032
005990.png,1.0000002,train_00163
005991.png,1.0000002,train_04616
005992.png,1.0000001,train_04920
005993.png,1.0,train_07645
005994.png,0.99999994,train_02791
005995.png,0.9999999,train_03383
005996.png,1.0000002,train_01535
005997.png,1.0,train_04178
005998.png,0.99999976,train_06658
005999.png,1.0,train_03604
006000.png,0.99999994,train_07001
006001.png,0.99999994,train_07068
006002.png,1.0,train_04767
006003.png,1.0000001,train_07893
006004.png,1.0,train_01886
006005.png,1.0,train_06583
006006.png,1.0,train_06583
006007.png,1.0000004,train_00862
006008.png,0.9999999,train_07568
006009.png,0.9999999,train_06529
006010.png,1.0,train_06157
006011.png,1.0000002,train_00316
006012.png,1.0,train_05358
006013.png,1.0000001,train_04246
006014.png,1.0,train_06417
006015.png,1.0000002,train_02967
006016.png,1.0,train_07200
006017.png,1.0,train_06157
006018.png,1.0000002,train_00316
006019.png,0.99999994,train_07068
006020.png,1.0,train_04966
006021.png,1.0,train_05966
006022.png,1.0,train_07280
006023.png,1.0000001,train_04937
006024.png,0.9999999,train_06787
006025.png,0.99999994,train_03456
006026.png,1.0000001,train_00892
006027.png,1.0,train_06668
006028.png,1.0000002,train_07801
006029.png,0.9999998,train_02186
006030.png,0.9999998,train_06635
006031.png,1.0000002,train_06283
006032.png,1.0000001,train_05326
006033.png,1.0,train_04767
006034.png,1.0000002,train_07077
006035.png,1.0,train_04767
006036.png,1.0,train_03441
006037.png,0.99999976,train_04339
006038.png,1.0,train_00358
006039.png,1.0,train_00358
006040.png,0.9999999,train_04787
006041.png,0.9999999,train_07568
006042.png,0.9999999,train_04787
006043.png,1.0,train_04798
006044.png,1.0000001,train_04246
006045.png,0.99999976,train_06333
006046.png,1.0,train_01478
006047.png,1.0,train_02122
006048.png,0.99999994,train_03904
006049.png,1.0000001,train_00030
006050.png,1.0,train_06288
006051.png,1.0000001,train_08053
006052.png,1.0,train_00108
006053.png,0.9999998,train_06067
006054.png,1.0000001,train_05940
006055.png,1.0,train_05228
006056.png,1.0000002,train_07275
006057.png,1.0000002,train_07275
006058.png,1.0,train_03715
006059.png,1.0000001,train_06378
006060.png,0.99999994,train_07001
006061.png,1.0000002,train_05379
006062.png,1.0,train_06588
006063.png,1.0000002,train_07275
006064.png,0.9999999,train_01946
006065.png,0.99999994,train_00574
006066.png,1.0000001,train_05194
006067.png,1.0,train_01915
006068.png,0.9999999,train_04787
006069.png,0.99999994,train_07001
006070.png,1.0000001,train_08032
006071.png,1.0,train_00108
006072.png,1.0000001,train_03914
006073.png,0.9999997,train_07830
006074.png,1.0000001,train_05326
006075.png,0.9999999,train_02146
006076.png,1.0000001,train_06959
006077.png,0.99999994,train_06185
006078.png,1.0000001,train_06959
006079.png,1.0,train_06157
006080.png,1.0000001,train_03675
006081.png,0.99999994,train_03456
006082.png,0.9999999,train_04996
006083.png,1.0,train_01886
006084.png,1.0,train_04966
006085.png,1.0,train_02122
006086.png,1.0000002,train_02967
006087.png,0.9999999,train_04787
006088.png,0.9999998,train_06635
006089.png,0.9999997,train_08127
006090.png,1.0000002,train_07077
006091.png,1.0,train_03441
006092.png,1.0,train_04767
006093.png,1.0000001,train_03914
006094.png,1.0,train_05458
006095.png,1.0,train_07529
006096.png,0.99999976,train_07826
006097.png,1.0000001,train_03914
006098.png,1.0000001,train_05194
006099.png,1.0,train_04440
006100.png,0.9999999,train_04386
006101.png,0.9999999,train_00052
006102.png,0.99999994,train_01714
006103.png,1.0,train_06668
006104.png,1.0000001,train_00241
006105.png,0.9999999,train_07568
006106.png,1.0,train_02803
006107.png,1.0000001,train_04604
006108.png,1.0000001,train_07947
006109.png,1.0000002,train_04297
006110.png,0.99999964,train_04017
006111.png,1.0,train_05240
006112.png,1.0000001,train_01694
006113.png,1.0,train_05306
006114.png,0.9999999,train_01946
006115.png,0.99999994,train_05580
006116.png,1.0000001,train_07119
006117.png,0.99999994,train_03512
006118.png,1.0000002,train_04908
006119.png,0.9999999,train_07714
006120.png,0.9999999,train_02943
006121.png,1.0000001,train_07119
006122.png,0.9999999,train_07431
006123.png,1.0000002,train_03016
006124.png,1.0000001,train_08053
006125.png,0.99999976,train_06324
006126.png,1.0000002,train_04908
006127.png,1.0000001,train_06089
006128.png,1.0,train_04865
006129.png,1.0,train_03589
006130.png,1.0000001,train_04920
006131.png,1.0,train_08117
006132.png,0.9999999,train_04386
006133.png,1.0000001,train_07198
006134.png,0.9999998,train_00016
006135.png,1.0,train_00358
006136.png,1.0,train_05101
006137.png,1.0000002,train_03093
006138.png,0.9999998,train_06635
006139.png,0.9999999,train_06826
006140.png,1.0000001,train_01123
006141.png,1.0,train_07529
006142.png,1.0000001,train_05234
006143.png,0.99999994,train_05580
006144.png,0.9999999,train_04996
006145.png,0.99999994,train_03512
006146.png,0.9999999,train_07304
006147.png,1.0000002,train_04259
006148.png,0.9999999,train_04386
006149.png,1.0,train_02122
006150.png,1.0000001,train_03065
006151.png,1.0,train_07529
006152.png,0.9999999,train_06603
006153.png,0.9999999,train_05313
006154.png,1.0,train_04798
006155.png,0.99999994,train_00574
006156.png,1.0000001,train_00030
006157.png,1.0000001,train_02812
006158.png,1.0000001,train_05326
006159.png,0.9999999,train_07568
006160.png,1.0000002,train_04616
006161.png,0.9999999,train_06787
006162.png,0.9999999,train_06787
006163.png,0.9999999,train_04996
006164.png,1.0000004,train_07602
006165.png,1.0,train_07280
006166.png,0.9999999,train_05552
006167.png,1.0000001,train_04246
006168.png,0.99999994,train_01417
006169.png,1.0000001,train_07955
006170.png,1.0,train_05240
006171.png,1.0000001,train_07198
006172.png,1.0000001,train_03914
006173.png,1.0,train_05306
006174.png,1.0000002,train_00218
006175.png,1.0000001,train_05194
006176.png,1.0,train_03715
006177.png,1.0000001,train_06253
006178.png,1.0000001,train_01208
006179.png,1.0000001,train_05703
006180.png,1.0,train_04971
006181.png,0.9999999,train_03383
006182.png,0.9999999,train_06787
006183.png,1.0000001,train_00892
006184.png,1.0000001,train_07198
006185.png,1.0,train_04798
006186.png,0.9999999,train_06603
006187.png,1.0000002,train_03016
006188.png,1.0000001,train_01376
006189.png,1.0000001,train_07955
006190.png,0.9999999,train_04787
006191.png,0.9999999,train_06399
006192.png,1.0000002,train_06283
006193.png,1.0,train_05228
006194.png,1.0,train_06288
006195.png,1.0000001,train_03065
006196.png,1.0,train_05646
006197.png,0.99999976,train_06333
006198.png,1.0,train_05337
006199.png,0.9999999,train_03501
006200.png,1.0000004,train_00862
006201.png,1.0000001,train_01208
006202.png,0.99999976,train_06658
006203.png,1.0000002,train_07275
006204.png,1.0,train_05101
006205.png,1.0000001,train_00892
006206.png,1.0,train_05228
006207.png,1.0,train_08117
006208.png,1.0000001,train_06384
006209.png,1.0000001,train_07119
006210.png,0.99999994,train_01648
006211.png,1.0000001,train_05194
006212.png,1.0000002,train_01343
006213.png,1.0000002,train_04259
006214.png,1.0000001,train_05703
006215.png,1.0000001,train_05940
006216.png,1.0,train_04865
006217.png,1.0000001,train_01070
006218.png,0.9999999,train_06826
006219.png,0.9999998,train_06067
006220.png,1.0000002,train_04297
006221.png,1.0000004,train_07602
006222.png,0.99999976,train_05302
006223.png,1.0,train_07356
006224.png,1.0,train_05240
006225.png,1.0000002,train_06283
006226.png,1.0,train_01249
006227.png,1.0000001,train_04246
006228.png,1.0,train_05101
006229.png,0.9999998,train_06067
006230.png,1.0,train_04178
006231.png,1.0,train_05458
006232.png,1.0000001,train_08053
006233.png,1.0,train_01478
006234.png,1.0000001,train_06384
006235.png,0.9999999,train_07304
006236.png,1.0000002,train_03016
006237.png,1.0000001,train_03914
006238.png,0.99999994,train_02791
006239.png,1.0000001,train_05194
006240.png,0.9999999,train_06787
006241.png,0.99999964,train_06407
006242.png,1.0,train_01478
006243.png,0.9999999,train_02943
006244.png,0.9999999,train_02242
006245.png,1.0,train_00386
006246.png,0.9999999,train_06399
006247.png,1.0,train_05337
006248.png,1.0,train_01478
006249.png,1.0000002,train_06283
006250.png,1.0,train_04971
006251.png,1.0000001,train_03339
006252.png,1.0,train_01915
006253.png,0.9999999,train_07568
006254.png,0.99999976,train_05302
006255.png,1.0,train_00508
006256.png,1.0000001,train_00241
006257.png,1.0000002,train_06283
006258.png,1.0,train_04971
006259.png,1.0000002,train_02967
006260.png,1.0,train_00358
006261.png,1.0000001,train_07955
006262.png,1.0,train_07645
006263.png,0.99999976,train_02885
006264.png,1.0000001,train_02812
006265.png,1.0000002,train_04297
006266.png,1.0000002,train_07275
006267.png,0.9999999,train_05313
006268.png,1.0000002,train_00366
006269.png,1.0,train_04798
006270.png,0.99999994,train_01648
006271.png,0.9999997,train_05902
006272.png,1.0000002,train_01535
006273.png,0.99999994,train_00574
006274.png,1.0000001,train_00892
006275.png,1.0,train_01886
006276.png,1.0000002,train_04616
006277.png,1.0000002,train_02967
006278.png,1.0000002,train_03093
006279.png,1.0000001,train_07208
006280.png,0.99999976,train_07203
006281.png,1.0000001,train_03339
006282.png,0.9999999,train_02242
006283.png,0.99999976,train_00001
006284.png,1.0000001,train_05194
006285.png,0.9999998,train_00016
006286.png,1.0000001,train_07947
006287.png,0.9999999,train_04990
006288.png,0.99999994,train_03512
006289.png,1.0000002,train_03093
006290.png,0.9999997,train_07830
006291.png,1.0,train_00326
006292.png,1.0,train_07280
006293.png,0.99999976,train_04339
006294.png,0.99999964,train_06792
006295.png,1.0000001,train_04920
006296.png,1.0000001,train_05940
006297.png,1.0,train_01886
006298.png,1.0,train_07200
006299.png,1.0,train_03441
006300.png,1.0000002,train_06283
006301.png,0.9999999,train_01025
006302.png,1.0,train_06417
006303.png,1.0000002,train_07275
006304.png,1.0000001,train_08053
006305.png,0.99999976,train_00039
006306.png,1.0000002,train_03016
006307.png,1.0000001,train_06378
006308.png,0.99999994,train_05576
006309.png,1.0,train_04971
006310.png,1.0,train_04971
006311.png,1.0000004,train_07602
006312.png,0.9999999,train_04787
006313.png,1.0,train_00108
006314.png,1.0,train_07645
006315.png,1.0000002,train_05802
006316.png,1.0000001,train_05703
006317.png,1.0000001,train_07208
006318.png,1.0000002,train_02967
006319.png,0.9999999,train_00167
006320.png,0.9999999,train_05313
006321.png,1.0000001,train_03309
006322.png,1.0,train_06722
006323.png,0.9999999,train_06529
006324.png,1.0000002,train_05379
006325.png,1.0,train_06588
006326.png,1.0,train_04440
006327.png,1.0000001,train_05703
006328.png,0.99999964,train_06407
006329.png,0.99999994,train_05580
006330.png,1.0,train_07356
006331.png,1.0000001,train_08032
006332.png,1.0000002,train_05629
006333.png,1.0,train_05646
006334.png,0.9999999,train_07431
006335.png,1.0000001,train_01694
006336.png,0.9999999,train_02242
006337.png,1.0,train_05966
006338.png,1.0,train_01249
006339.png,1.0000002,train_00316
006340.png,1.0000001,train_01123
006341.png,1.0000001,train_06378
006342.png,1.0000002,train_01343
006343.png,1.0000002,train_04616
006344.png,0.9999999,train_04787
006345.png,1.0000002,train_07077
006346.png,1.0,train_04767
006347.png,1.0000002,train_06283
006348.png,1.0,train_06588
006349.png,1.0000001,train_06959
006350.png,1.0000001,train_01070
006351.png,0.9999999,train_06826
006352.png,1.0,train_07280
006353.png,1.0,train_04865
006354.png,0.99999994,train_06185
006355.png,1.0,train_02298
006356.png,1.0,train_04798
006357.png,0.99999976,train_03040
006358.png,0.9999997,train_07830
006359.png,1.0000001,train_06253
006360.png,1.0,train_00386
006361.png,1.0000001,train_05194
006362.png,1.0,train_04440
006363.png,1.0000002,train_05802
006364.png,1.0000001,train_05194
006365.png,1.0,train_06417
006366.png,1.0000001,train_01070
006367.png,1.0,train_00108
006368.png,1.0,train_00386
006369.png,1.0000004,train_00862
006370.png,0.9999999,train_00167
006371.png,1.0,train_00508
006372.png,1.0,train_00508
006373.png,1.0,train_04798
006374.png,1.0000001,train_05703
006375.png,1.0000001,train_08053
006376.png,0.99999994,train_07001
006377.png,0.99999976,train_00039
006378.png,1.0000002,train_00316
006379.png,0.99999976,train_00001
006380.png,0.99999994,train_03904
006381.png,1.0000001,train_04937
006382.png,1.0000004,train_00862
006383.png,1.0000001,train_05194
006384.png,1.0000004,train_00862
006385.png,0.99999964,train_06792
006386.png,1.0000004,train_00076
006387.png,0.9999999,train_00167
006388.png,1.0,train_03604
006389.png,1.0,train_01886
006390.png,1.0,train_00386
006391.png,1.0000001,train_04757
006392.png,0.99999994,train_07001
006393.png,1.0000002,train_06354
006394.png,1.0,train_05646
006395.png,0.9999997,train_08127
006396.png,1.0,train_07645
006397.png,1.0000002,train_06305
006398.png,1.0,train_05101
006399.png,0.9999999,train_06529
006400.png,1.0,train_06157
006401.png,1.0000001,train_04757
006402.png,1.0,train_06583
006403.png,0.99999976,train_00039
006404.png,0.9999999,train_06603
006405.png,0.9999999,train_04996
006406.png,1.0,train_03604
006407.png,0.9999999,train_00167
006408.png,1.0,train_01915
006409.png,0.9999999,train_02242
006410.png,0.9999998,train_02607
006411.png,1.0,train_03441
006412.png,0.9999999,train_06399
006413.png,0.99999994,train_03512
006414.png,1.0000001,train_06759
006415.png,1.0,train_03715
006416.png,0.99999976,train_07203
006417.png,1.0,train_06722
006418.png,1.0000002,train_04616
006419.png,1.0000002,train_00218
006420.png,1.0,train_01490
006421.png,1.0,train_03604
006422.png,0.99999994,train_01648
006423.png,1.0,train_05337
006424.png,1.0000001,train_07893
006425.png,1.0000004,train_04918
006426.png,0.9999997,train_07830
006427.png,0.9999999,train_05552
006428.png,1.0000001,train_07947
006429.png,0.9999999,train_04996
006430.png,1.0,train_05240
006431.png,0.9999998,train_06635
006432.png,1.0,train_06157
006433.png,0.99999994,train_01648
006434.png,1.0,train_06668
006435.png,1.0,train_04625
006436.png,1.0000005,train_03421
006437.png,0.9999999,train_02146
006438.png,0.9999999,train_01025
006439.png,1.0,train_07200
006440.png,0.99999994,train_07001
006441.png,1.0000002,train_05379
006442.png,0.9999999,train_00052
006443.png,1.0000001,train_01603
006444.png,0.9999999,train_07568
006445.png,0.9999999,train_03998
006446.png,1.0,train_04798
006447.png,1.0000002,train_06354
006448.png,1.0000001,train_02230
006449.png,0.9999999,train_06826
006450.png,0.9999999,train_04787
006451.png,1.0000001,train_05194
006452.png,1.0,train_04865
006453.png,1.0,train_02122
006454.png,1.0000002,train_02967
006455.png,1.0000002,train_04616
006456.png,0.9999999,train_00167
006457.png,0.99999994,train_01417
006458.png,0.9999999,train_06826
006459.png,1.0000001,train_03065
006460.png,0.9999999,train_03998
006461.png,0.9999998,train_06635
006462.png,0.9999999,train_03501
006463.png,1.0000004,train_00076
006464.png,1.0000001,train_01376
006465.png,0.9999999,train_05171
006466.png,0.99999976,train_04339
006467.png,1.0,train_00108
006468.png,0.99999976,train_00001
006469.png,1.0000002,train_07275
006470.png,1.0000001,train_04920
006471.png,0.9999999,train_05171
006472.png,1.0,train_05358
006473.png,1.0000001,train_03065
006474.png,0.99999976,train_06658
006475.png,0.9999999,train_07304
006476.png,1.0,train_04637
006477.png,1.0,train_05101
006478.png,1.0,train_00358
006479.png,1.0000002,train_07801
006480.png,1.0000001,train_04246
006481.png,0.99999976,train_05910
006482.png,1.0000001,train_01603
006483.png,0.9999999,train_04996
006484.png,0.99999994,train_05580
006485.png,1.0000001,train_05194
006486.png,1.0000002,train_07077
006487.png,0.99999994,train_05576
006488.png,0.9999999,train_00052
006489.png,0.99999994,train_03512
006490.png,1.0000001,train_06959
006491.png,1.0,train_07529
006492.png,1.0,train_01490
006493.png,1.0000001,train_02812
006494.png,0.99999976,train_00001
006495.png,0.9999999,train_00167
006496.png,0.9999997,train_07830
006497.png,1.0,train_01478
006498.png,1.0000001,train_05052
006499.png,1.0000002,train_06354
006500.png,1.0000001,train_01070
006501.png,1.0,train_00508
006502.png,1.0000002,train_05802
006503.png,1.0,train_04798
006504.png,1.0000002,train_07255
006505.png,0.9999999,train_04990
006506.png,1.0,train_08117
006507.png,0.99999976,train_05910
006508.png,0.9999999,train_03501
006509.png,1.0000001,train_07119
006510.png,1.0000005,train_03421
006511.png,0.99999994,train_03512
006512.png,1.0,train_01915
006513.png,1.0,train_04625
006514.png,1.0,train_07645
006515.png,1.0000001,train_01070
006516.png,1.0000002,train_00366
006517.png,0.9999998,train_06635
006518.png,0.9999999,train_02146
006519.png,1.0,train_00358
006520.png,0.9999999,train_03998
006521.png,1.0,train_02790
006522.png,1.0000001,train_01123
006523.png,0.99999964,train_06792
006524.png,0.9999998,train_02607
006525.png,1.0000001,train_01694
006526.png,1.0000001,train_00892
006527.png,1.0000001,train_02230
006528.png,1.0000001,train_04246
006529.png,1.0000001,train_08032
006530.png,1.0000002,train_07275
006531.png,1.0000004,train_07602
006532.png,1.0000001,train_00030
006533.png,0.9999998,train_02607
006534.png,1.0000004,train_04918
006535.png,1.0000002,train_00218
006536.png,0.99999994,train_05580
006537.png,1.0000004,train_07602
006538.png,1.0,train_06157
006539.png,0.99999976,train_05302
006540.png,1.0000001,train_02812
006541.png,0.99999976,train_06324
006542.png,0.99999994,train_01648
006543.png,0.9999998,train_06067
006544.png,1.0,train_00508
006545.png,1.0000001,train_02812
006546.png,1.0000002,train_07275
006547.png,0.9999998,train_02186
006548.png,1.0000001,train_06759
006549.png,1.0000002,train_03016
006550.png,1.0,train_06417
006551.png,1.0000002,train_07275
006552.png,1.0,train_06668
006553.png,1.0000001,train_03675
006554.png,1.0,train_04966
006555.png,1.0000001,train_05703
006556.png,0.9999999,train_06787
006557.png,0.9999998,train_02607
006558.png,1.0,train_07356
006559.png,1.0000001,train_07119
006560.png,0.99999976,train_07203
006561.png,0.99999994,train_06659
006562.png,1.0,train_07280
006563.png,0.9999999,train_03998
006564.png,1.0000002,train_05802
006565.png,1.0,train_07645
006566.png,1.0000002,train_06305
006567.png,1.0,train_05966
006568.png,1.0000005,train_04788
006569.png,1.0,train_06417
006570.png,1.0000001,train_04757
006571.png,1.0000001,train_08053
006572.png,0.9999999,train_02099
006573.png,1.0000001,train_01694
006574.png,1.0000002,train_02967
006575.png,1.0000002,train_05629
006576.png,0.9999999,train_03998
006577.png,0.99999976,train_00039
006578.png,1.0000001,train_02812
006579.png,1.0000002,train_05379
006580.png,1.0000002,train_00366
006581.png,0.99999994,train_03904
006582.png,0.99999994,train_03904
006583.png,1.0,train_02985
006584.png,0.99999994,train_03456
006585.png,1.0,train_01915
006586.png,1.0000004,train_00862
006587.png,1.0000002,train_06354
006588.png,1.0000002,train_00366
006589.png,1.0,train_00326
006590.png,1.0000001,train_04757
006591.png,0.99999976,train_03040
006592.png,0.9999999,train_04990
006593.png,1.0,train_08117
006594.png,0.99999976,train_06324
006595.png,0.99999964,train_04017
006596.png,0.9999998,train_06635
006597.png,1.0000001,train_06253
006598.png,0.9999999,train_04996
006599.png,1.0000001,train_06378
006600.png,1.0,train_03540
006601.png,0.99999976,train_02885
006602.png,1.0000002,train_04259
006603.png,1.0000001,train_00030
006604.png,1.0,train_07280
006605.png,1.0,train_07645
006606.png,0.9999999,train_01025
006607.png,1.0,train_01478
006608.png,1.0000001,train_06253
006609.png,0.99999976,train_02885
006610.png,0.9999997,train_07830
006611.png,1.0000005,train_04788
006612.png,1.0000002,train_02967
006613.png,1.0000002,train_07801
006614.png,0.9999999,train_03383
006615.png,1.0000002,train_07077
006616.png,1.0,train_03540
006617.png,1.0000001,train_01603
006618.png,1.0000001,train_03675
006619.png,1.0,train_05358
006620.png,0.99999994,train_07068
006621.png,1.0,train_03604
006622.png,1.0000001,train_04937
006623.png,0.9999999,train_01946
006624.png,1.0000002,train_06283
006625.png,0.99999976,train_07203
006626.png,0.99999994,train_03456
006627.png,1.0,train_01490
006628.png,1.0,train_04966
006629.png,1.0,train_00358
006630.png,0.99999994,train_02791
006631.png,0.9999999,train_03383
006632.png,1.0000002,train_06283
006633.png,1.0,train_03715
006634.png,0.99999976,train_05910
006635.png,1.0000001,train_05194
006636.png,0.9999999,train_07304
006637.png,0.99999976,train_06658
006638.png,1.0000001,train_01376
006639.png,0.99999976,train_05302
006640.png,1.0000001,train_01070
006641.png,1.0000001,train_08053
006642.png,0.9999999,train_06399
006643.png,1.0,train_06583
006644.png,0.99999994,train_05580
006645.png,1.0000001,train_05940
006646.png,0.99999964,train_06407
006647.png,1.0000001,train_05194
006648.png,1.0,train_08117
006649.png,1.0,train_03715
006650.png,1.0000001,train_03309
006651.png,1.0,train_02985
006652.png,0.99999994,train_01714
006653.png,0.99999964,train_06407
006654.png,0.9999999,train_06529
006655.png,0.9999998,train_00850
006656.png,1.0000002,train_05802
006657.png,1.0,train_00386
006658.png,0.9999999,train_06826
006659.png,1.0000002,train_03016
006660.png,1.0,train_04625
006661.png,0.99999994,train_02791
006662.png,1.0,train_06417
006663.png,0.9999998,train_02186
006664.png,1.0000001,train_05940
006665.png,1.0,train_02790
006666.png,1.0000002,train_04297
006667.png,0.99999994,train_05576
006668.png,1.0,train_06157
006669.png,1.0000002,train_04908
006670.png,1.0,train_05966
006671.png,1.0000001,train_01376
006672.png,1.0000004,train_00862
006673.png,0.9999999,train_00087
006674.png,1.0,train_00386
006675.png,0.9999999,train_01946
006676.png,1.0000001,train_06959
006677.png,1.0000001,train_00892
006678.png,0.99999976,train_07826
006679.png,0.9999998,train_02607
006680.png,1.0000001,train_03914
006681.png,1.0,train_06417
006682.png,1.0000002,train_05802
006683.png,0.9999999,train_01946
006684.png,1.0,train_06583
006685.png,1.0000001,train_07198
006686.png,0.99999994,train_07068
006687.png,0.9999999,train_06787
006688.png,1.0,train_04637
006689.png,1.0000002,train_06354
006690.png,1.0000002,train_00366
006691.png,1.0,train_00358
006692.png,0.9999999,train_00087
006693.png,0.99999976,train_04339
006694.png,1.0,train_03715
006695.png,1.0000002,train_04616
006696.png,0.99999976,train_00039
006697.png,1.0000001,train_03914
006698.png,1.0000001,train_08053
006699.png,0.99999976,train_05302
006700.png,1.0,train_05228
006701.png,1.0000001,train_08053
006702.png,1.0000002,train_07077
006703.png,0.99999976,train_05302
006704.png,0.9999999,train_06603
006705.png,0.9999999,train_00052
006706.png,1.0000001,train_03309
006707.png,1.0000001,train_01376
006708.png,0.99999994,train_05576
006709.png,1.0000002,train_03093
006710.png,1.0000001,train_07119
006711.png,1.0000001,train_03309
006712.png,0.99999994,train_06185
006713.png,0.9999999,train_02146
006714.png,1.0,train_02298
006715.png,1.0,train_04865
006716.png,1.0,train_03441
006717.png,1.0,train_06417
006718.png,1.0000001,train_03065
006719.png,0.99999994,train_01417
006720.png,1.0,train_04637
006721.png,1.0,train_04625
006722.png,0.99999994,train_03904
006723.png,1.0000001,train_04920
006724.png,1.0000002,train_03016
006725.png,1.0,train_04767
006726.png,1.0,train_07645
006727.png,1.0,train_05458
006728.png,1.0,train_04798
006729.png,0.9999998,train_00016
006730.png,1.0,train_03715
006731.png,1.0000004,train_07602
006732.png,1.0000001,train_01208
006733.png,1.0000001,train_05052
006734.png,0.99999976,train_06658
006735.png,0.99999994,train_03456
006736.png,1.0000002,train_02967
006737.png,1.0000001,train_05703
006738.png,0.99999976,train_05302
006739.png,0.99999976,train_07826
006740.png,1.0000001,train_01123
006741.png,0.99999976,train_06333
006742.png,0.9999999,train_05171
006743.png,1.0000001,train_07955
006744.png,0.99999994,train_06185
006745.png,0.9999999,train_04386
006746.png,1.0000002,train_02967
006747.png,1.0000001,train_00892
006748.png,1.0000002,train_04259
006749.png,0.9999999,train_05020
006750.png,1.0000002,train_06283
006751.png,1.0,train_07645
006752.png,1.0,train_06722
006753.png,1.0000002,train_03016
006754.png,1.0000001,train_06959
006755.png,1.0,train_00358
006756.png,1.0000001,train_07955
006757.png,1.0000001,train_04604
006758.png,1.0,train_07356
006759.png,0.9999999,train_02146
006760.png,1.0000001,train_07893
006761.png,0.99999994,train_07001
006762.png,1.0000001,train_01123
006763.png,1.0,train_05458
006764.png,1.0,train_07529
006765.png,0.99999994,train_03456
006766.png,1.0000002,train_06283
006767.png,1.0000001,train_02812
006768.png,1.0000002,train_05629
006769.png,1.0000002,train_00366
006770.png,0.9999998,train_02186
006771.png,0.9999998,train_02186
006772.png,0.9999999,train_07431
006773.png,0.9999998,train_02607
006774.png,0.99999976,train_04339
006775.png,1.0,train_04178
006776.png,0.9999999,train_07304
006777.png,0.9999999,train_06529
006778.png,1.0,train_05306
006779.png,1.0,train_02298
006780.png,0.9999999,train_06826
006781.png,0.99999994,train_00574
006782.png,1.0,train_03715
006783.png,0.9999999,train_02146
006784.png,0.9999999,train_06787
006785.png,1.0000002,train_02967
006786.png,1.0,train_01886
006787.png,0.99999994,train_02791
006788.png,0.99999976,train_05302
006789.png,1.0000002,train_02967
006790.png,1.0,train_06668
006791.png,0.9999998,train_02607
006792.png,1.0000001,train_01070
006793.png,1.0000001,train_04604
006794.png,1.0000001,train_01123
006795.png,1.0,train_05240
006796.png,1.0,train_04178
006797.png,1.0000001,train_05194
006798.png,0.99999994,train_01714
006799.png,1.0000002,train_03093
006800.png,1.0000001,train_01376
006801.png,0.9999999,train_06603
006802.png,0.9999999,train_06399
006803.png,1.0000002,train_04616
006804.png,1.0,train_00358
006805.png,1.0000002,train_01343
006806.png,0.9999998,train_00850
006807.png,0.99999976,train_06324
006808.png,1.0000001,train_08053
006809.png,1.0000002,train_00316
006810.png,1.0000001,train_04604
006811.png,0.99999976,train_04339
006812.png,1.0000002,train_04297
006813.png,1.0,train_04966
006814.png,1.0,train_01915
006815.png,1.0000001,train_06759
006816.png,0.9999999,train_04787
006817.png,1.0000001,train_02230
006818.png,0.99999994,train_06659
006819.png,1.0000001,train_01950
006820.png,1.0000001,train_06384
006821.png,1.0000002,train_07275
006822.png,0.9999999,train_07304
006823.png,1.0000001,train_07208
006824.png,1.0,train_00386
006825.png,0.9999999,train_00052
006826.png,1.0000001,train_03339
006827.png,0.99999994,train_06659
006828.png,0.9999999,train_05552
006829.png,1.0000002,train_00218
006830.png,1.0000001,train_04246
006831.png,1.0,train_07529
006832.png,1.0,train_04966
006833.png,1.0000001,train_01603
006834.png,0.99999994,train_02791
006835.png,1.0,train_03441
006836.png,0.9999998,train_00850
006837.png,0.9999999,train_05313
006838.png,1.0,train_01490
006839.png,1.0000002,train_07275
006840.png,1.0000001,train_08053
006841.png,1.0000004,train_04918
006842.png,1.0,train_05337
006843.png,1.0,train_02122
006844.png,1.0000002,train_04297
006845.png,0.9999998,train_00016
006846.png,0.99999994,train_03904
006847.png,1.0000001,train_01603
006848.png,1.0000001,train_07198
006849.png,1.0000001,train_02812
006850.png,0.9999999,train_02242
006851.png,0.9999999,train_06826
006852.png,0.99999964,train_04017
006853.png,1.0000001,train_04920
006854.png,1.0,train_04637
006855.png,1.0000001,train_04757
006856.png,1.0000002,train_03093
006857.png,1.0,train_02803
006858.png,1.0000001,train_05194
006859.png,1.0000001,train_05703
006860.png,0.99999994,train_03456
006861.png,1.0000001,train_00030
006862.png,1.0000001,train_00241
006863.png,1.0000001,train_07955
006864.png,1.0,train_06417
006865.png,1.0,train_02985
006866.png,1.0000002,train_07255
006867.png,1.0,train_01490
006868.png,0.9999999,train_06529
006869.png,1.0000002,train_06283
006870.png,0.9999997,train_05902
006871.png,0.99999994,train_05580
006872.png,1.0000001,train_07119
006873.png,0.99999994,train_07001
006874.png,1.0000002,train_07077
006875.png,0.9999999,train_05171
006876.png,1.0,train_05228
006877.png,0.99999976,train_02885
006878.png,1.0000001,train_00030
006879.png,0.9999999,train_04787
006880.png,1.0000004,train_00076
006881.png,0.9999997,train_07830
006882.png,0.9999998,train_00850
006883.png,0.9999999,train_03998
006884.png,1.0000001,train_07893
006885.png,0.9999999,train_05552
006886.png,1.0000001,train_07119
006887.png,1.0000004,train_00076
006888.png,1.0000001,train_03065
006889.png,1.0000001,train_00241
006890.png,1.0000002,train_02967
006891.png,1.0000001,train_05703
006892.png,1.0000005,train_04788
006893.png,1.0000002,train_07801
006894.png,0.9999999,train_04990
006895.png,1.0,train_04637
006896.png,1.0,train_06417
006897.png,0.99999976,train_03040
006898.png,1.0000002,train_02967
006899.png,1.0,train_05337
006900.png,1.0,train_04767
006901.png,1.0,train_03441
006902.png,0.99999976,train_06324
006903.png,0.9999998,train_02607
006904.png,1.0000001,train_05326
006905.png,1.0000001,train_05194
006906.png,0.9999999,train_07304
006907.png,0.99999994,train_05576
006908.png,1.0,train_01478
006909.png,0.9999999,train_02146
006910.png,1.0,train_05646
006911.png,1.0000001,train_03339
006912.png,0.9999999,train_07304
006913.png,0.99999976,train_06658
006914.png,0.9999999,train_07568
006915.png,1.0,train_05358
006916.png,1.0000004,train_00076
006917.png,1.0000001,train_04604
006918.png,1.0,train_03715
006919.png,0.99999994,train_01648
006920.png,0.99999976,train_05910
006921.png,1.0000001,train_06959
006922.png,0.9999999,train_06826
006923.png,0.9999999,train_02146
006924.png,1.0,train_04625
006925.png,0.9999999,train_04990
006926.png,1.0000001,train_04757
006927.png,0.9999999,train_02242
006928.png,0.99999994,train_01714
006929.png,1.0,train_04440
006930.png,0.99999994,train_06659
006931.png,0.99999994,train_01714
006932.png,1.0,train_07645
006933.png,0.9999999,train_07431
006934.png,0.9999999,train_01025
006935.png,1.0000002,train_07255
006936.png,1.0,train_03540
006937.png,1.0,train_04798
006938.png,1.0,train_05458
006939.png,1.0000001,train_04937
006940.png,1.0,train_07645
006941.png,1.0,train_06417
006942.png,0.99999994,train_01417
006943.png,1.0000002,train_07801
006944.png,0.9999999,train_07431
006945.png,1.0000001,train_06378
006946.png,1.0000001,train_06384
006947.png,0.9999999,train_01025
006948.png,1.0,train_03540
006949.png,0.99999994,train_06185
006950.png,1.0,train_03604
006951.png,0.99999994,train_07068
006952.png,1.0000001,train_07893
006953.png,1.0000001,train_08053
006954.png,1.0000001,train_01950
006955.png,1.0000002,train_06305
006956.png,0.99999994,train_01648
006957.png,0.99999994,train_05576
006958.png,0.9999998,train_00016
006959.png,1.0,train_00508
006960.png,1.0000001,train_05194
006961.png,1.0,train_07529
006962.png,1.0,train_06588
006963.png,1.0,train_05966
006964.png,1.0000001,train_08032
006965.png,1.0,train_03604
006966.png,1.0,train_07200
006967.png,1.0,train_05101
006968.png,1.0000001,train_06378
006969.png,1.0,train_02985
006970.png,1.0,train_06668
006971.png,1.0000002,train_05802
006972.png,1.0,train_02985
006973.png,1.0,train_04440
006974.png,1.0000002,train_00218
006975.png,1.0000001,train_04246
006976.png,1.0000001,train_05052
006977.png,0.9999998,train_06635
006978.png,1.0000001,train_01694
006979.png,0.99999994,train_03512
006980.png,1.0000002,train_00366
006981.png,0.99999964,train_06407
006982.png,0.99999994,train_07068
006983.png,1.0,train_05101
006984.png,1.0000002,train_07801
006985.png,0.99999994,train_01417
006986.png,0.9999999,train_01946
006987.png,1.0000001,train_05326
006988.png,0.9999999,train_00052
006989.png,1.0,train_02803
006990.png,0.9999997,train_05902
006991.png,1.0000001,train_07198
006992.png,1.0,train_08117
006993.png,1.0000001,train_07947
006994.png,0.99999994,train_03512
006995.png,0.9999999,train_02943
006996.png,0.9999999,train_06399
006997.png,0.9999999,train_02099
006998.png,1.0000001,train_00241
006999.png,1.0000001,train_02230
007000.png,1.0000001,train_00892
007001.png,1.0,train_02790
007002.png,1.0000001,train_02812
007003.png,1.0000001,train_00030
007004.png,1.0000002,train_05802
007005.png,1.0000001,train_03309
007006.png,1.0000004,train_00862
007007.png,0.99999994,train_06185
007008.png,0.99999964,train_04017
007009.png,0.99999994,train_07068
007010.png,1.0,train_01478
007011.png,0.9999999,train_07568
007012.png,1.0000001,train_06384
007013.png,1.0000001,train_04604
007014.png,1.0000001,train_08053
007015.png,1.0,train_06583
007016.png,1.0,train_06588
007017.png,0.99999976,train_05910
007018.png,1.0000002,train_03093
007019.png,1.0,train_03715
007020.png,0.9999999,train_04386
007021.png,0.99999994,train_06659
007022.png,0.99999994,train_05576
007023.png,1.0000002,train_07801
007024.png,1.0000001,train_07208
007025.png,1.0000002,train_06283
007026.png,1.0,train_07356
007027.png,1.0000004,train_07602
007028.png,1.0000002,train_02967
007029.png,0.9999999,train_05552
007030.png,1.0,train_04767
007031.png,1.0,train_00508
007032.png,1.0000001,train_01950
007033.png,0.9999998,train_00016
007034.png,1.0,train_01249
007035.png,1.0,train_03715
007036.png,1.0,train_04440
007037.png,1.0,train_06722
007038.png,1.0000002,train_01343
007039.png,1.0,train_01249
007040.png,1.0000004,train_00862
007041.png,0.9999999,train_00167
007042.png,1.0000001,train_07893
007043.png,0.9999999,train_06787
007044.png,1.0,train_07356
007045.png,0.99999994,train_03456
007046.png,1.0,train_00108
007047.png,1.0000001,train_05326
007048.png,1.0000002,train_07275
007049.png,1.0000001,train_01070
007050.png,0.9999999,train_02146
007051.png,1.0,train_06668
007052.png,1.0,train_03589
007053.png,0.99999994,train_03512
007054.png,0.9999999,train_00167
007055.png,1.0,train_03589
007056.png,1.0,train_02803
007057.png,1.0000002,train_05629
007058.png,0.9999999,train_02146
007059.png,1.0000001,train_04757
007060.png,1.0,train_01886
007061.png,1.0,train_04971
007062.png,1.0000002,train_06283
007063.png,0.9999998,train_06635
007064.png,1.0000001,train_05194
007065.png,1.0,train_04767
007066.png,1.0000005,train_03421
007067.png,1.0,train_01478
007068.png,1.0000004,train_00862
007069.png,0.99999976,train_05302
007070.png,0.99999976,train_04339
007071.png,1.0,train_00386
007072.png,1.0000002,train_06283
007073.png,0.99999994,train_05576
007074.png,1.0000002,train_07275
007075.png,1.0000002,train_06283
007076.png,1.0000001,train_04246
007077.png,1.0000001,train_08053
007078.png,1.0,train_06722
007079.png,1.0000001,train_01694
007080.png,1.0,train_04966
007081.png,1.0000001,train_05194
007082.png,1.0000002,train_04616
007083.png,1.0,train_06157
007084.png,1.0000001,train_04604
007085.png,1.0000001,train_06384
007086.png,0.9999998,train_00016
007087.png,0.99999976,train_00039
007088.png,0.9999999,train_06787
007089.png,0.9999999,train_01025
007090.png,1.0000002,train_06305
007091.png,0.99999994,train_07001
007092.png,0.9999999,train_06399
007093.png,1.0000002,train_07275
007094.png,1.0,train_03604
007095.png,1.0000004,train_04918
007096.png,1.0,train_01478
007097.png,0.9999999,train_02099
007098.png,1.0000001,train_01123
007099.png,1.0000001,train_04757
007100.png,1.0000001,train_06253
007101.png,1.0,train_01490
007102.png,0.99999964,train_06407
007103.png,1.0000001,train_01694
007104.png,0.99999994,train_05580
007105.png,0.9999999,train_06826
007106.png,1.0000001,train_05940
007107.png,0.9999999,train_00052
007108.png,1.0,train_06417
007109.png,1.0,train_05240
007110.png,1.0000001,train_05194
007111.png,0.9999999,train_07568
007112.png,0.9999999,train_04990
007113.png,1.0000002,train_03016
007114.png,0.9999999,train_02943
007115.png,1.0,train_03441
007116.png,1.0,train_04637
007117.png,1.0,train_07356
007118.png,1.0000001,train_02812
007119.png,0.9999999,train_06399
007120.png,1.0000001,train_01070
007121.png,1.0000002,train_07255
007122.png,0.9999999,train_01025
007123.png,1.0,train_04440
007124.png,1.0000001,train_01070
007125.png,1.0,train_00386
007126.png,0.9999999,train_07568
007127.png,0.9999999,train_05552
007128.png,1.0000001,train_01123
007129.png,1.0,train_00108
007130.png,0.9999999,train_05313
007131.png,1.0000002,train_01535
007132.png,1.0,train_06288
007133.png,1.0000001,train_01603
007134.png,1.0000002,train_02967
007135.png,1.0000004,train_07602
007136.png,0.9999998,train_06635
007137.png,0.99999994,train_03456
007138.png,1.0000002,train_01535
007139.png,1.0,train_07356
007140.png,0.99999976,train_07203
007141.png,1.0000001,train_07947
007142.png,1.0000002,train_06305
007143.png,0.9999999,train_00167
007144.png,0.99999976,train_05910
007145.png,1.0,train_04440
007146.png,1.0000002,train_04616
007147.png,1.0000005,train_04788
007148.png,1.0,train_04971
007149.png,1.0000001,train_01070
007150.png,1.0000001,train_04920
007151.png,0.9999998,train_06067
007152.png,0.9999997,train_07830
007153.png,0.9999999,train_06826
007154.png,0.99999994,train_00574
007155.png,1.0,train_07200
007156.png,1.0000001,train_01603
007157.png,1.0,train_07645
007158.png,1.0000001,train_01070
007159.png,0.9999999,train_03383
007160.png,1.0000001,train_03675
007161.png,1.0000001,train_01603
007162.png,1.0000001,train_08053
007163.png,1.0000001,train_06759
007164.png,1.0000001,train_07208
007165.png,0.9999999,train_03383
007166.png,1.0,train_00358
007167.png,1.0,train_00358
007168.png,1.0,train_05646
007169.png,1.0000001,train_05703
007170.png,1.0000001,train_01694
007171.png,1.0,train_03589
007172.png,1.0000002,train_06305
007173.png,1.0000001,train_02812
007174.png,1.0000001,train_07947
007175.png,1.0,train_03441
007176.png,1.0,train_00386
007177.png,0.9999999,train_04386
007178.png,1.0000002,train_07275
007179.png,1.0000001,train_04757
007180.png,1.0,train_05101
007181.png,0.9999999,train_00052
007182.png,0.9999997,train_08127
007183.png,1.0,train_05228
007184.png,1.0000001,train_02230
007185.png,1.0000002,train_00163
007186.png,1.0,train_04178
007187.png,1.0000002,train_05379
007188.png,0.9999999,train_07304
007189.png,0.9999999,train_02943
007190.png,1.0000002,train_04297
007191.png,1.0,train_04178
007192.png,0.9999999,train_04386
007193.png,0.9999998,train_02607
007194.png,1.0,train_03441
007195.png,0.9999998,train_06635
007196.png,1.0000002,train_04908
007197.png,1.0000001,train_05703
007198.png,1.0000002,train_02967
007199.png,0.99999976,train_06324
007200.png,1.0,train_03441
007201.png,1.0000002,train_02967
007202.png,1.0000001,train_07198
007203.png,0.99999994,train_07068
007204.png,1.0000002,train_07275
007205.png,0.99999976,train_00039
007206.png,0.99999976,train_06324
007207.png,1.0000004,train_00862
007208.png,1.0,train_07200
007209.png,1.0,train_00108
007210.png,1.0000001,train_07893
007211.png,1.0000004,train_04918
007212.png,0.99999976,train_05302
007213.png,0.99999994,train_03904
007214.png,0.9999999,train_05313
007215.png,1.0,train_02803
007216.png,1.0000002,train_05379
007217.png,1.0000001,train_04920
007218.png,1.0000002,train_00366
007219.png,1.0000001,train_01376
007220.png,1.0000002,train_07801
007221.png,0.99999994,train_06185
007222.png,1.0000002,train_07801
007223.png,1.0000002,train_06283
007224.png,0.9999999,train_00087
007225.png,1.0000002,train_06283
007226.png,0.9999999,train_07568
007227.png,1.0000001,train_04920
007228.png,0.99999994,train_02791
007229.png,1.0,train_08117
007230.png,0.9999999,train_00052
007231.png,1.0000002,train_06283
007232.png,1.0,train_01490
007233.png,0.9999999,train_07714
007234.png,1.0,train_03589
007235.png,1.0,train_05358
007236.png,1.0,train_02790
007237.png,0.99999994,train_05576
007238.png,1.0,train_06722
007239.png,1.0,train_04637
007240.png,0.99999994,train_00574
007241.png,1.0000001,train_02230
007242.png,0.9999999,train_04996
007243.png,1.0,train_06288
007244.png,1.0,train_04637
007245.png,1.0000005,train_03421
007246.png,0.99999976,train_07203
007247.png,1.0,train_02122
007248.png,1.0,train_00108
007249.png,0.9999999,train_02146
007250.png,1.0,train_07529
007251.png,1.0,train_05228
007252.png,1.0,train_04440
007253.png,0.9999999,train_02099
007254.png,0.9999999,train_00052
007255.png,0.9999999,train_07431
007256.png,0.99999964,train_06792
007257.png,1.0000002,train_05379
007258.png,1.0,train_01478
007259.png,1.0000004,train_07602
007260.png,0.9999998,train_06067
007261.png,1.0,train_05646
007262.png,1.0,train_01915
007263.png,1.0000002,train_00316
007264.png,1.0000001,train_04757
007265.png,1.0000001,train_03339
007266.png,1.0,train_00386
007267.png,1.0000004,train_07602
007268.png,1.0000002,train_00366
007269.png,1.0,train_04966
007270.png,1.0,train_03604
007271.png,0.9999999,train_07568
007272.png,0.9999997,train_05902
007273.png,0.9999998,train_00850
007274.png,1.0000004,train_00076
007275.png,1.0,train_03441
007276.png,0.9999999,train_02943
007277.png,1.0000002,train_04616
007278.png,0.9999999,train_06787
007279.png,1.0000001,train_05052
007280.png,1.0000002,train_04297
007281.png,1.0,train_06588
007282.png,1.0,train_05101
007283.png,1.0,train_05646
007284.png,1.0,train_02122
007285.png,0.9999997,train_08127
007286.png,1.0000001,train_02812
007287.png,1.0000002,train_01343
007288.png,1.0000001,train_04757
007289.png,1.0000001,train_00241
007290.png,1.0000004,train_00076
007291.png,1.0,train_05240
007292.png,0.9999999,train_06529
007293.png,1.0,train_05646
007294.png,1.0000001,train_04920
007295.png,0.9999997,train_08127
007296.png,1.0000005,train_04788
007297.png,1.0,train_06583
007298.png,1.0,train_07200
007299.png,1.0000001,train_01376
007300.png,1.0,train_02985
007301.png,0.9999999,train_07714
007302.png,1.0000001,train_03914
007303.png,1.0,train_00386
007304.png,1.0000002,train_03016
007305.png,0.9999999,train_04990
007306.png,0.99999976,train_02885
007307.png,1.0000001,train_04246
007308.png,1.0,train_05646
007309.png,0.99999976,train_05910
007310.png,1.0000004,train_00076
007311.png,0.9999999,train_06603
007312.png,0.9999999,train_06529
007313.png,1.0000001,train_07208
007314.png,0.99999994,train_00574
007315.png,1.0,train_04625
007316.png,1.0000001,train_00241
007317.png,0.99999976,train_05910
007318.png,1.0000002,train_00163
007319.png,0.9999998,train_02186
007320.png,1.0000002,train_07077
007321.png,1.0000001,train_02230
007322.png,1.0000002,train_00316
007323.png,1.0,train_04966
007324.png,1.0000001,train_07198
007325.png,1.0,train_03589
007326.png,1.0000004,train_00862
007327.png,0.9999998,train_06067
007328.png,1.0000002,train_02967
007329.png,1.0000001,train_04246
007330.png,1.0,train_01249
007331.png,1.0,train_07200
007332.png,0.9999998,train_06067
007333.png,0.9999999,train_06603
007334.png,1.0,train_00358
007335.png,0.99999976,train_06324
007336.png,0.99999976,train_04339
007337.png,1.0000001,train_03675
007338.png,1.0000001,train_07955
007339.png,1.0,train_03540
007340.png,1.0,train_05228
007341.png,1.0000002,train_04616
007342.png,1.0,train_03604
007343.png,1.0000002,train_03016
007344.png,1.0,train_05240
007345.png,1.0000002,train_05802
007346.png,0.9999999,train_04990
007347.png,1.0,train_03604
007348.png,1.0000001,train_01123
007349.png,0.9999999,train_02099
007350.png,1.0,train_03589
007351.png,1.0000001,train_06384
007352.png,1.0,train_03441
007353.png,1.0000004,train_07602
007354.png,1.0,train_07200
007355.png,0.99999994,train_05576
007356.png,1.0000001,train_02812
007357.png,1.0,train_06722
007358.png,1.0000001,train_01208
007359.png,1.0,train_01478
007360.png,1.0,train_05358
007361.png,1.0000001,train_07893
007362.png,1.0,train_03589
007363.png,1.0,train_04798
007364.png,0.99999964,train_06792
007365.png,1.0,train_06722
007366.png,1.0000002,train_02967
007367.png,1.0,train_06583
007368.png,1.0000002,train_00316
007369.png,0.9999999,train_00087
007370.png,1.0,train_06588
007371.png,1.0000001,train_06384
007372.png,0.99999964,train_06407
007373.png,0.9999999,train_02099
007374.png,1.0000004,train_00076
007375.png,1.0000001,train_01603
007376.png,0.99999994,train_03456
007377.png,1.0,train_04966
007378.png,0.9999998,train_02607
007379.png,1.0,train_00508
007380.png,1.0000001,train_05052
007381.png,1.0000001,train_02230
007382.png,1.0000001,train_03065
007383.png,0.9999999,train_07568
007384.png,1.0,train_04798
007385.png,1.0,train_05646
007386.png,0.9999999,train_07714
007387.png,0.99999994,train_01417
007388.png,0.99999994,train_01417
007389.png,1.0000002,train_04297
007390.png,1.0000001,train_00892
007391.png,1.0000001,train_06759
007392.png,1.0000002,train_01535
007393.png,0.9999999,train_05313
007394.png,1.0000004,train_00862
007395.png,1.0000005,train_04788
007396.png,1.0,train_08117
007397.png,0.99999976,train_02885
007398.png,1.0000001,train_05194
007399.png,1.0000001,train_04937
007400.png,0.9999999,train_01025
007401.png,0.99999964,train_06407
007402.png,1.0000002,train_07077
007403.png,1.0000001,train_02812
007404.png,0.99999976,train_07826
007405.png,1.0000005,train_04788
007406.png,1.0000001,train_03339
007407.png,0.99999994,train_07068
007408.png,0.9999999,train_04787
007409.png,0.9999999,train_03501
007410.png,1.0,train_00386
007411.png,0.9999999,train_06399
007412.png,1.0,train_07645
007413.png,0.9999998,train_02186
007414.png,1.0000004,train_00862
007415.png,1.0000001,train_01208
007416.png,1.0000001,train_01208
007417.png,1.0,train_04637
007418.png,1.0,train_06157
007419.png,1.0000001,train_07955
007420.png,1.0,train_04966
007421.png,0.9999999,train_05171
007422.png,1.0,train_01490
007423.png,0.9999999,train_07431
007424.png,1.0,train_02790
007425.png,0.9999999,train_04990
007426.png,1.0,train_05240
007427.png,1.0000001,train_07198
007428.png,1.0000004,train_04918
007429.png,0.99999994,train_01417
007430.png,0.9999999,train_07431
007431.png,1.0000001,train_04757
007432.png,1.0,train_05646
007433.png,0.9999999,train_04787
007434.png,0.99999994,train_01648
007435.png,1.0000001,train_00892
007436.png,0.9999999,train_06399
007437.png,0.9999999,train_06399
007438.png,1.0000001,train_00892
007439.png,0.9999999,train_03383
007440.png,1.0000001,train_07119
007441.png,1.0000002,train_06354
007442.png,1.0000002,train_04908
007443.png,0.99999976,train_05910
007444.png,0.9999997,train_07830
007445.png,1.0000002,train_07077
007446.png,1.0,train_04637
007447.png,0.9999999,train_01946
007448.png,1.0000001,train_05234
007449.png,1.0000001,train_00030
007450.png,1.0,train_07645
007451.png,0.9999999,train_01025
007452.png,0.9999999,train_05171
007453.png,1.0000002,train_00163
007454.png,1.0000002,train_03093
007455.png,1.0000002,train_06305
007456.png,1.0,train_06588
007457.png,1.0,train_00508
007458.png,1.0,train_02985
007459.png,1.0,train_05228
007460.png,0.9999997,train_07830
007461.png,1.0,train_07645
007462.png,1.0,train_05306
007463.png,0.99999994,train_00574
007464.png,1.0000005,train_03421
007465.png,0.9999999,train_04990
007466.png,1.0000001,train_05234
007467.png,1.0000002,train_05802
007468.png,1.0,train_00386
007469.png,1.0000002,train_04297
007470.png,1.0000002,train_03093
007471.png,1.0000002,train_07801
007472.png,1.0000001,train_07198
007473.png,1.0,train_03441
007474.png,1.0,train_04767
007475.png,0.99999976,train_00039
007476.png,1.0000001,train_06959
007477.png,0.9999998,train_00016
007478.png,1.0,train_07280
007479.png,1.0,train_00386
007480.png,1.0,train_00508
007481.png,1.0,train_04971
007482.png,1.0000002,train_02967
007483.png,1.0,train_00386
007484.png,0.99999994,train_05576
007485.png,1.0,train_07200
007486.png,1.0,train_07356
007487.png,1.0000001,train_05234
007488.png,0.9999997,train_08127
007489.png,1.0000001,train_04937
007490.png,1.0000002,train_05629
007491.png,1.0000005,train_04788
007492.png,1.0000001,train_07955
007493.png,1.0,train_01249
007494.png,1.0,train_04625
007495.png,0.99999994,train_03456
007496.png,1.0000001,train_04757
007497.png,1.0,train_04767
007498.png,1.0000001,train_00241
007499.png,1.0000001,train_04920
007500.png,0.9999999,train_06399
007501.png,1.0000002,train_06305
007502.png,1.0,train_02122
007503.png,0.9999999,train_05171
007504.png,1.0000002,train_00316
007505.png,1.0,train_03604
007506.png,1.0,train_00386
007507.png,1.0,train_04798
007508.png,1.0000001,train_05194
007509.png,1.0000001,train_06959
007510.png,0.9999998,train_06067
007511.png,1.0000002,train_05802
007512.png,0.9999997,train_08127
007513.png,0.99999994,train_05576
007514.png,1.0,train_03604
007515.png,1.0000001,train_06759
007516.png,1.0,train_02298
007517.png,0.9999999,train_07714
007518.png,1.0000001,train_08032
007519.png,0.9999999,train_07714
007520.png,0.99999964,train_06792
007521.png,0.99999976,train_03040
007522.png,1.0,train_06668
007523.png,1.0000001,train_07119
007524.png,1.0000001,train_05052
007525.png,1.0,train_07645
007526.png,0.9999999,train_03383
007527.png,0.99999976,train_06324
007528.png,0.99999994,train_07001
007529.png,0.99999976,train_03040
007530.png,1.0000001,train_07955
007531.png,1.0,train_07280
007532.png,0.9999999,train_02943
007533.png,1.0000001,train_07893
007534.png,1.0,train_07645
007535.png,1.0,train_03441
007536.png,1.0000001,train_05052
007537.png,1.0,train_03604
007538.png,1.0,train_06417
007539.png,0.99999994,train_07068
007540.png,1.0000002,train_00366
007541.png,1.0000001,train_00892
007542.png,1.0,train_07645
007543.png,1.0,train_05458
007544.png,1.0000001,train_06253
007545.png,1.0000002,train_00366
007546.png,1.0000005,train_04788
007547.png,0.9999998,train_02607
007548.png,0.9999999,train_02099
007549.png,0.99999994,train_07068
007550.png,1.0000002,train_06305
007551.png,1.0000001,train_05326
007552.png,1.0000002,train_07801
007553.png,1.0000004,train_00076
007554.png,0.99999994,train_01417
007555.png,1.0,train_01478
007556.png,0.9999999,train_05171
007557.png,1.0,train_03441
007558.png,0.9999997,train_07830
007559.png,0.99999994,train_01648
007560.png,0.9999998,train_02607
007561.png,0.99999994,train_05580
007562.png,1.0,train_04178
007563.png,1.0000004,train_00862
007564.png,1.0,train_08117
007565.png,1.0000002,train_07801
007566.png,1.0000001,train_03339
007567.png,0.99999994,train_02791
007568.png,1.0000001,train_00030
007569.png,0.9999999,train_02099
007570.png,0.9999999,train_04990
007571.png,0.9999998,train_06067
007572.png,0.9999999,train_03383
007573.png,0.99999964,train_06407
007574.png,0.99999994,train_02791
007575.png,0.99999994,train_06659
007576.png,1.0,train_00508
007577.png,1.0000001,train_07119
007578.png,1.0000002,train_05629
007579.png,0.9999999,train_06787
007580.png,1.0000002,train_05802
007581.png,1.0,train_01478
007582.png,0.9999998,train_02186
007583.png,1.0,train_06668
007584.png,1.0000001,train_01694
007585.png,0.9999999,train_07431
007586.png,1.0,train_07280
007587.png,1.0,train_01249
007588.png,0.9999999,train_02242
007589.png,1.0000001,train_06089
007590.png,0.9999999,train_02146
007591.png,1.0000004,train_00862
007592.png,1.0000001,train_07947
007593.png,1.0,train_01478
007594.png,1.0000001,train_06089
007595.png,1.0,train_07645
007596.png,1.0000001,train_02812
007597.png,1.0000001,train_08053
007598.png,0.99999994,train_00574
007599.png,1.0,train_01915
007600.png,1.0,train_06588
007601.png,1.0,train_05228
007602.png,0.9999999,train_03998
007603.png,1.0000004,train_07602
007604.png,1.0,train_04625
007605.png,0.99999994,train_01648
007606.png,0.99999994,train_06185
007607.png,1.0000002,train_04616
007608.png,0.99999976,train_07203
007609.png,0.9999999,train_05171
007610.png,1.0000002,train_07275
007611.png,0.99999976,train_05910
007612.png,0.99999976,train_02885
007613.png,1.0,train_02985
007614.png,1.0000001,train_05940
007615.png,1.0000001,train_07208
007616.png,1.0000001,train_05234
007617.png,0.99999994,train_07001
007618.png,0.99999976,train_06658
007619.png,1.0000001,train_01694
007620.png,1.0,train_05358
007621.png,1.0000001,train_01376
007622.png,1.0000001,train_02812
007623.png,1.0,train_01478
007624.png,1.0,train_08117
007625.png,1.0,train_04767
007626.png,1.0000002,train_05629
007627.png,1.0000001,train_03065
007628.png,1.0000004,train_00862
007629.png,1.0,train_00386
007630.png,0.99999994,train_07001
007631.png,0.99999994,train_00574
007632.png,1.0000002,train_00316
007633.png,0.99999976,train_00039
007634.png,1.0000002,train_03016
007635.png,0.9999999,train_04787
007636.png,1.0000002,train_05379
007637.png,1.0000001,train_03339
007638.png,1.0000001,train_03914
007639.png,1.0,train_06157
007640.png,0.99999976,train_06658
007641.png,0.9999999,train_00167
007642.png,1.0,train_07280
007643.png,1.0,train_02985
007644.png,0.9999999,train_05313
007645.png,0.9999999,train_05171
007646.png,1.0,train_05458
007647.png,1.0000001,train_00892
007648.png,0.9999999,train_04386
007649.png,1.0,train_05358
007650.png,1.0,train_04798
007651.png,1.0000001,train_08053
007652.png,0.9999999,train_03383
007653.png,0.9999999,train_03998
007654.png,0.9999999,train_03998
007655.png,1.0,train_01249
007656.png,1.0000001,train_05052
007657.png,0.9999999,train_00087
007658.png,1.0000002,train_06283
007659.png,0.9999999,train_05552
007660.png,1.0,train_02298
007661.png,1.0,train_05306
007662.png,1.0000002,train_07275
007663.png,1.0000001,train_07208
007664.png,0.9999999,train_04386
007665.png,1.0,train_01490
007666.png,0.99999994,train_02791
007667.png,1.0000005,train_04788
007668.png,0.9999999,train_05020
007669.png,0.9999999,train_02146
007670.png,0.99999976,train_06658
007671.png,1.0000001,train_03065
007672.png,1.0000002,train_06283
007673.png,0.9999999,train_07304
007674.png,0.99999994,train_06659
007675.png,1.0000001,train_00030
007676.png,0.9999999,train_03383
007677.png,1.0000002,train_06305
007678.png,0.9999999,train_06399
007679.png,1.0000002,train_05802
007680.png,1.0000002,train_06283
007681.png,1.0000001,train_05326
007682.png,0.99999994,train_07068
007683.png,1.0,train_01478
007684.png,1.0,train_02790
007685.png,1.0000001,train_07119
007686.png,1.0000001,train_06959
007687.png,1.0000001,train_04604
007688.png,1.0,train_06583
007689.png,1.0000001,train_05234
007690.png,1.0,train_03540
007691.png,1.0000001,train_01070
007692.png,0.99999994,train_03904
007693.png,1.0,train_04637
007694.png,0.9999999,train_02146
007695.png,1.0000001,train_04604
007696.png,0.99999964,train_06792
007697.png,1.0000001,train_04937
007698.png,1.0,train_03589
007699.png,1.0000001,train_02812
007700.png,1.0,train_08117
007701.png,0.99999976,train_05302
007702.png,0.99999994,train_01714
007703.png,1.0,train_07645
007704.png,1.0,train_06288
007705.png,1.0,train_01478
007706.png,1.0,train_03540
007707.png,1.0,train_06157
007708.png,1.0000004,train_07602
007709.png,1.0000001,train_05326
007710.png,1.0000001,train_07947
007711.png,1.0000002,train_05379
007712.png,1.0000001,train_04757
007713.png,1.0,train_02803
007714.png,0.99999994,train_03904
007715.png,1.0,train_07529
007716.png,1.0000002,train_04297
007717.png,1.0,train_03589
007718.png,1.0,train_06722
007719.png,1.0000002,train_05379
007720.png,0.99999976,train_05302
007721.png,1.0000001,train_07198
007722.png,0.99999964,train_06407
007723.png,0.9999999,train_01946
007724.png,1.0,train_05306
007725.png,1.0000002,train_06354
007726.png,0.9999999,train_06399
007727.png,0.99999994,train_05580
007728.png,1.0,train_01490
007729.png,1.0,train_04865
007730.png,0.9999999,train_04996
007731.png,0.99999964,train_06792
007732.png,1.0,train_04971
007733.png,1.0000001,train_06089
007734.png,0.9999999,train_05020
007735.png,1.0,train_03441
007736.png,1.0,train_06588
007737.png,1.0000001,train_05940
007738.png,1.0,train_04637
007739.png,1.0,train_01886
007740.png,0.99999994,train_00574
007741.png,1.0,train_00108
007742.png,0.99999994,train_03456
007743.png,1.0000002,train_01343
007744.png,0.9999999,train_02943
007745.png,0.9999999,train_06787
007746.png,1.0,train_05101
007747.png,0.9999999,train_07304
007748.png,1.0000002,train_07255
007749.png,0.9999999,train_05171
007750.png,1.0,train_00508
007751.png,1.0000002,train_03016
007752.png,1.0,train_04798
007753.png,1.0000001,train_05703
007754.png,0.9999999,train_05171
007755.png,0.9999999,train_03383
007756.png,1.0000001,train_05052
007757.png,0.9999997,train_08127
007758.png,1.0,train_01249
007759.png,0.99999976,train_05910
007760.png,0.99999994,train_06659
007761.png,0.99999976,train_03040
007762.png,0.99999976,train_06324
007763.png,0.9999999,train_05313
007764.png,1.0000001,train_05052
007765.png,1.0,train_01478
007766.png,1.0000004,train_00862
007767.png,0.99999976,train_05302
007768.png,1.0000002,train_00316
007769.png,1.0000004,train_04918
007770.png,1.0000001,train_06378
007771.png,0.99999994,train_03512
007772.png,1.0000001,train_05940
007773.png,0.99999994,train_01648
007774.png,1.0000001,train_03339
007775.png,1.0000001,train_06959
007776.png,1.0,train_03604
007777.png,1.0,train_04966
007778.png,1.0,train_04966
007779.png,1.0000002,train_06283
007780.png,1.0,train_06417
007781.png,0.9999999,train_05171
007782.png,0.99999976,train_04339
007783.png,1.0,train_05101
007784.png,1.0000002,train_00366
007785.png,1.0,train_02803
007786.png,0.9999999,train_04996
007787.png,1.0,train_07200
007788.png,1.0,train_02803
007789.png,0.9999999,train_06529
007790.png,1.0,train_05101
007791.png,0.99999994,train_01648
007792.png,1.0,train_02298
007793.png,0.9999998,train_02607
007794.png,1.0,train_05337
007795.png,1.0,train_00108
007796.png,0.9999998,train_06635
007797.png,1.0000001,train_07955
007798.png,1.0,train_06722
007799.png,1.0,train_06722
007800.png,0.9999999,train_00052
007801.png,1.0000001,train_04937
007802.png,1.0000001,train_04246
007803.png,1.0000001,train_05052
007804.png,0.9999999,train_04990
007805.png,0.9999999,train_06787
007806.png,1.0,train_04178
007807.png,0.99999994,train_06185
007808.png,1.0000002,train_06354
007809.png,1.0,train_05306
007810.png,1.0,train_02122
007811.png,1.0000001,train_06253
007812.png,1.0,train_04971
007813.png,0.99999994,train_06185
007814.png,1.0,train_04865
007815.png,0.9999999,train_04990
007816.png,0.99999994,train_05576
007817.png,1.0,train_01249
007818.png,1.0000002,train_06354
007819.png,0.9999999,train_07714
007820.png,1.0,train_05358
007821.png,0.99999976,train_04339
007822.png,1.0000002,train_05802
007823.png,1.0000002,train_03093
007824.png,0.9999999,train_06787
007825.png,1.0,train_04637
007826.png,0.9999999,train_04787
007827.png,1.0,train_03715
007828.png,1.0000001,train_07947
007829.png,0.9999999,train_03383
007830.png,1.0,train_00508
007831.png,1.0000002,train_00163
007832.png,1.0,train_07280
007833.png,1.0,train_01478
007834.png,0.9999999,train_07304
007835.png,1.0,train_00326
007836.png,0.99999976,train_05910
007837.png,1.0,train_04178
007838.png,1.0000001,train_06378
007839.png,0.99999976,train_04339
007840.png,1.0,train_07645
007841.png,0.9999999,train_04996
007842.png,1.0000001,train_03339
007843.png,1.0000002,train_06305
007844.png,0.9999999,train_04996
007845.png,0.9999999,train_05171
007846.png,1.0000002,train_04297
007847.png,1.0,train_01249
007848.png,1.0,train_05966
007849.png,1.0000002,train_07077
007850.png,1.0,train_06668
007851.png,0.9999997,train_05902
007852.png,1.0000002,train_05379
007853.png,1.0000002,train_04297
007854.png,0.9999999,train_06787
007855.png,1.0000001,train_05703
007856.png,0.99999976,train_00001
007857.png,0.99999994,train_05576
007858.png,1.0,train_06722
007859.png,1.0000001,train_02812
007860.png,1.0000002,train_00163
007861.png,1.0000001,train_01070
007862.png,1.0000001,train_00030
007863.png,1.0000004,train_00076
007864.png,1.0,train_05337
007865.png,1.0,train_03441
007866.png,0.9999998,train_00016
007867.png,0.9999999,train_07714
007868.png,1.0000002,train_07077
007869.png,1.0,train_05358
007870.png,0.99999994,train_02791
007871.png,1.0,train_02122
007872.png,1.0000002,train_07275
007873.png,0.99999976,train_00039
007874.png,1.0,train_02298
007875.png,1.0,train_05337
007876.png,1.0,train_06417
007877.png,0.99999994,train_03512
007878.png,1.0,train_05646
007879.png,0.9999999,train_03383
007880.png,1.0,train_04440
007881.png,1.0,train_00326
007882.png,1.0,train_04798
007883.png,1.0000002,train_00316
007884.png,1.0000001,train_04937
007885.png,1.0,train_04178
007886.png,1.0000002,train_07077
007887.png,1.0000001,train_06253
007888.png,0.99999994,train_05580
007889.png,1.0000001,train_03339
007890.png,0.9999999,train_02943
007891.png,0.9999999,train_03383
007892.png,1.0000001,train_07119
007893.png,1.0,train_04798
007894.png,1.0,train_05228
007895.png,1.0000001,train_00030
007896.png,1.0,train_04440
007897.png,1.0000001,train_01070
007898.png,1.0,train_03540
007899.png,1.0,train_07280
007900.png,1.0000002,train_03093
007901.png,0.9999999,train_04386
007902.png,1.0,train_06157
007903.png,1.0000004,train_07602
007904.png,1.0000004,train_00076
007905.png,1.0,train_04440
007906.png,1.0,train_06668
007907.png,1.0000001,train_03309
007908.png,1.0,train_05358
007909.png,1.0000001,train_07893
007910.png,1.0000001,train_03065
007911.png,0.9999998,train_02607
007912.png,1.0000001,train_05940
007913.png,1.0000005,train_04788
007914.png,1.0000004,train_07602
007915.png,0.9999999,train_06787
007916.png,1.0000001,train_00241
007917.png,1.0000001,train_07955
007918.png,0.9999999,train_03383
007919.png,1.0000001,train_01376
007920.png,1.0,train_01886
007921.png,1.0000001,train_01603
007922.png,1.0,train_04178
007923.png,0.99999994,train_00574
007924.png,1.0,train_02122
007925.png,0.9999999,train_07304
007926.png,1.0000001,train_03309
007927.png,1.0000001,train_05234
007928.png,1.0000002,train_07275
007929.png,1.0000001,train_05940
007930.png,1.0000001,train_07947
007931.png,1.0,train_00358
007932.png,0.99999976,train_00039
007933.png,0.99999994,train_01648
007934.png,1.0000001,train_07893
007935.png,0.9999999,train_07304
007936.png,1.0,train_06253
007937.png,0.99999976,train_03904
007938.png,0.99999994,train_04178
007939.png,1.0,train_00076
007940.png,0.9999999,train_02967
007941.png,0.99999994,train_06826
007942.png,0.9999998,train_01478
007943.png,1.0,train_06583
007944.png,0.9999998,train_02242
007945.png,0.99999976,train_06333
007946.png,0.99999964,train_05576
007947.png,1.0000002,train_00163
007948.png,0.99999976,train_03675
007949.png,0.99999976,train_07077
007950.png,0.9999999,train_05326
007951.png,1.0000005,train_03383
007952.png,0.9999999,train_05337
007953.png,1.0,train_04966
