filename,sscd_sim,nn_train_id
000000.png,0.99999994,train_07929
000001.png,1.0000001,train_04882
000002.png,1.0000004,train_07218
000003.png,1.0000002,train_00324
000004.png,0.99999976,train_01265
000005.png,0.99999976,train_00413
000006.png,1.0000001,train_03134
000007.png,0.9999999,train_00120
000008.png,1.0,train_02451
000009.png,1.0000002,train_06466
000010.png,1.0000001,train_03372
000011.png,0.9999999,train_05433
000012.png,1.0,train_05113
000013.png,1.0,train_02280
000014.png,0.99999976,train_03902
000015.png,0.99999994,train_04320
000016.png,1.0000002,train_05719
000017.png,1.0000001,train_03139
000018.png,0.9999999,train_04500
000019.png,0.99999994,train_03605
000020.png,1.0000002,train_02670
000021.png,1.0,train_05080
000022.png,1.0,train_02880
000023.png,1.0,train_03005
000024.png,1.0000002,train_03982
000025.png,0.99999994,train_03263
000026.png,1.0,train_01867
000027.png,1.0000001,train_03012
000028.png,0.9999998,train_07346
000029.png,1.0,train_03574
000030.png,0.99999994,train_06185
000031.png,1.0000002,train_07692
000032.png,1.0000001,train_05156
000033.png,1.0000001,train_06309
000034.png,1.0,train_05541
000035.png,1.0000001,train_06898
000036.png,0.99999994,train_07524
000037.png,1.0000001,train_04006
000038.png,0.9999999,train_07668
000039.png,1.0000001,train_03192
000040.png,0.99999994,train_01034
000041.png,1.0,train_07432
000042.png,1.0000002,train_00950
000043.png,1.0000004,train_03327
000044.png,1.0000002,train_00738
000045.png,0.9999999,train_06319
000046.png,1.0000002,train_04537
000047.png,1.0,train_06722
000048.png,1.0000001,train_00568
000049.png,1.0,train_07181
000050.png,1.0000001,train_03922
000051.png,1.0000001,train_06301
000052.png,1.0000001,train_04364
000053.png,1.0000002,train_01246
000054.png,0.99999994,train_07680
000055.png,1.0,train_03260
000056.png,0.99999976,train_07962
000057.png,1.0000001,train_05878
000058.png,1.0000001,train_06411
000059.png,1.0000002,train_05520
000060.png,1.0,train_06135
000061.png,1.0000001,train_05163
000062.png,1.0000001,train_05759
000063.png,1.0000004,train_05109
000064.png,0.9999999,train_05361
000065.png,1.0,train_05721
000066.png,0.9999998,train_06952
000067.png,1.0000001,train_04300
000068.png,0.99999994,train_05523
000069.png,1.0000002,train_04154
000070.png,0.9999999,train_05093
000071.png,0.99999976,train_06532
000072.png,1.0000001,train_06262
000073.png,1.0000001,train_03648
000074.png,1.0,train_06815
000075.png,1.0,train_00692
000076.png,1.0000001,train_02815
000077.png,1.0000001,train_07558
000078.png,1.0000001,train_00835
000079.png,0.99999994,train_01934
000080.png,1.0,train_03872
000081.png,0.9999999,train_06538
000082.png,1.0,train_07441
000083.png,1.0000002,train_00609
000084.png,0.99999994,train_04489
000085.png,1.0,train_03636
000086.png,0.9999999,train_07107
000087.png,1.0000005,train_00098
000088.png,1.0000001,train_08060
000089.png,0.99999976,train_06695
000090.png,1.0,train_01137
000091.png,0.9999999,train_00288
000092.png,1.0000001,train_00020
000093.png,0.99999994,train_03176
000094.png,0.9999999,train_06382
000095.png,1.0000002,train_05287
000096.png,1.0000002,train_05342
000097.png,0.99999994,train_07987
000098.png,0.9999999,train_02600
000099.png,1.0000002,train_02018
000100.png,0.99999964,train_07020
000101.png,1.0,train_06493
000102.png,1.0000002,train_03587
000103.png,1.0000001,train_04052
000104.png,0.99999976,train_04684
000105.png,1.0000001,train_01512
000106.png,1.0000001,train_00561
000107.png,1.0000002,train_00137
000108.png,1.0000002,train_06871
000109.png,1.0,train_04183
000110.png,0.9999999,train_04927
000111.png,1.0000001,train_02827
000112.png,1.0000002,train_03546
000113.png,0.9999999,train_05442
000114.png,1.0000002,train_02695
000115.png,0.9999998,train_04292
000116.png,1.0000004,train_02504
000117.png,0.9999999,train_08070
000118.png,1.0000002,train_01454
000119.png,0.9999999,train_06640
000120.png,1.0000002,train_01460
000121.png,1.0000004,train_06128
000122.png,1.0,train_04945
000123.png,1.0000002,train_01454
000124.png,1.0,train_03102
000125.png,1.0000001,train_03120
000126.png,1.0000002,train_03152
000127.png,0.99999976,train_01977
000128.png,1.0,train_06361
000129.png,1.0,train_03412
000130.png,1.0000001,train_00966
000131.png,1.0000001,train_07119
000132.png,1.0000001,train_07224
000133.png,1.0000002,train_07121
000134.png,1.0000001,train_03056
000135.png,1.0000001,train_04010
000136.png,1.0000005,train_07687
000137.png,1.0000001,train_00276
000138.png,1.0,train_05778
000139.png,1.0000004,train_06356
000140.png,0.9999998,train_02031
000141.png,1.0000001,train_03879
000142.png,1.0000002,train_01602
000143.png,1.0000002,train_06469
000144.png,1.0000001,train_02426
000145.png,1.0000002,train_04802
000146.png,1.0,train_01071
000147.png,0.9999999,train_06650
000148.png,1.0,train_04089
000149.png,0.99999994,train_05484
000150.png,1.0,train_05823
000151.png,0.9999999,train_03367
000152.png,1.0000001,train_02699
000153.png,1.0,train_07979
000154.png,0.9999999,train_01833
000155.png,1.0,train_07154
000156.png,0.99999994,train_07156
000157.png,0.9999999,train_02117
000158.png,1.0,train_07376
000159.png,0.9999999,train_01703
000160.png,1.0,train_04902
000161.png,1.0000002,train_06858
000162.png,0.9999998,train_04292
000163.png,1.0,train_05861
000164.png,1.0000001,train_03800
000165.png,1.0000002,train_00947
000166.png,1.0000001,train_07818
000167.png,1.0000002,train_05722
000168.png,1.0000001,train_07882
000169.png,1.0000002,train_02819
000170.png,1.0,train_07562
000171.png,1.0000002,train_05922
000172.png,1.0000002,train_00970
000173.png,1.0000002,train_00278
000174.png,1.0,train_07539
000175.png,1.0,train_02157
000176.png,0.9999999,train_04047
000177.png,1.0,train_05535
000178.png,1.0,train_07396
000179.png,1.0000001,train_05918
000180.png,1.0000001,train_03645
000181.png,1.0000002,train_00032
000182.png,0.9999998,train_04175
000183.png,0.9999999,train_00120
000184.png,1.0000001,train_00981
000185.png,1.0000002,train_04086
000186.png,1.0000001,train_07411
000187.png,1.0,train_00481
000188.png,1.0000001,train_06411
000189.png,1.0,train_07875
000190.png,1.0000001,train_03513
000191.png,1.0000002,train_00782
000192.png,1.0000001,train_01288
000193.png,0.9999999,train_00930
000194.png,1.0,train_07337
000195.png,1.0000004,train_01634
000196.png,1.0000001,train_05146
000197.png,0.9999999,train_07418
000198.png,1.0,train_07807
000199.png,1.0000001,train_01096
000200.png,1.0000001,train_03360
000201.png,1.0,train_04662
000202.png,1.0000001,train_00346
000203.png,1.0000001,train_02741
000204.png,1.0000002,train_00470
000205.png,0.99999976,train_06678
000206.png,1.0000002,train_01650
000207.png,1.0000002,train_06788
000208.png,1.0,train_00508
000209.png,1.0,train_01767
000210.png,0.9999999,train_06144
000211.png,0.9999999,train_04974
000212.png,1.0,train_00210
000213.png,1.0000002,train_06937
000214.png,1.0000001,train_00074
000215.png,1.0000001,train_03800
000216.png,1.0000002,train_04672
000217.png,1.0,train_06260
000218.png,1.0000001,train_05643
000219.png,1.0000002,train_03287
000220.png,1.0,train_02950
000221.png,1.0,train_07502
000222.png,0.99999994,train_03336
000223.png,1.0000002,train_03391
000224.png,1.0000002,train_01423
000225.png,0.9999999,train_00427
000226.png,1.0000001,train_02633
000227.png,0.9999998,train_08044
000228.png,1.0000001,train_01987
000229.png,1.0,train_04335
000230.png,1.0,train_06639
000231.png,1.0000001,train_00476
000232.png,1.0000002,train_05520
000233.png,1.0000001,train_00435
000234.png,0.99999976,train_05534
000235.png,1.0,train_05107
000236.png,1.0,train_02251
000237.png,1.0000002,train_01166
000238.png,0.9999999,train_03091
000239.png,1.0000001,train_03281
000240.png,1.0000001,train_02144
000241.png,1.0,train_07526
000242.png,1.0000004,train_05282
000243.png,1.0000001,train_05596
000244.png,1.0000001,train_07661
000245.png,1.0000002,train_04128
000246.png,1.0000001,train_07661
000247.png,1.0000001,train_03666
000248.png,1.0000004,train_00557
000249.png,1.0000001,train_01622
000250.png,1.0000004,train_02384
000251.png,1.0000002,train_03171
000252.png,1.0000005,train_00112
000253.png,1.0000001,train_00941
000254.png,1.0,train_03465
000255.png,1.0,train_00822
000256.png,1.0000001,train_02699
000257.png,1.0,train_05805
000258.png,1.0,train_07851
000259.png,1.0000001,train_04769
000260.png,0.99999976,train_06169
000261.png,1.0000002,train_03709
000262.png,0.9999999,train_00591
000263.png,1.0,train_03945
000264.png,0.99999994,train_08039
000265.png,1.0,train_04932
000266.png,0.99999994,train_07294
000267.png,0.99999994,train_04868
000268.png,1.0000002,train_06469
000269.png,1.0000002,train_01765
000270.png,1.0,train_05388
000271.png,0.99999994,train_01714
000272.png,1.0,train_04328
000273.png,1.0000001,train_03086
000274.png,1.0000002,train_05387
000275.png,1.0000004,train_05110
000276.png,1.0,train_06036
000277.png,0.99999994,train_00320
000278.png,0.9999999,train_01330
000279.png,1.0,train_05044
000280.png,1.0,train_08067
000281.png,1.0,train_07230
000282.png,1.0000002,train_04729
000283.png,0.9999999,train_02195
000284.png,0.9999999,train_06640
000285.png,1.0000002,train_00679
000286.png,1.0,train_02303
000287.png,0.9999999,train_04422
000288.png,0.99999994,train_04535
000289.png,1.0000005,train_06130
000290.png,1.0000002,train_00569
000291.png,0.99999976,train_00268
000292.png,0.99999994,train_05635
000293.png,0.9999999,train_00930
000294.png,1.0,train_06594
000295.png,1.0000001,train_01308
000296.png,1.0000002,train_06797
000297.png,0.9999997,train_04008
000298.png,1.0000001,train_00626
000299.png,1.0,train_03895
000300.png,1.0000001,train_01926
000301.png,1.0,train_00936
000302.png,1.0000001,train_01982
000303.png,0.99999994,train_00987
000304.png,1.0,train_07397
000305.png,1.0000001,train_05078
000306.png,1.0000002,train_01134
000307.png,0.9999998,train_00209
000308.png,1.0000001,train_03873
000309.png,0.99999994,train_07948
000310.png,0.9999997,train_00500
000311.png,1.0000001,train_00958
000312.png,0.9999999,train_02838
000313.png,0.9999998,train_07103
000314.png,0.9999999,train_02086
000315.png,1.0000001,train_03675
000316.png,1.0,train_01847
000317.png,1.0,train_04587
000318.png,1.0,train_01506
000319.png,0.99999976,train_05090
000320.png,0.99999976,train_03560
000321.png,1.0,train_07364
000322.png,0.99999976,train_00385
000323.png,1.0,train_01020
000324.png,1.0,train_05436
000325.png,0.9999999,train_07053
000326.png,1.0000005,train_00009
000327.png,1.0,train_02667
000328.png,1.0000001,train_04504
000329.png,1.0000001,train_00959
000330.png,1.0000001,train_02262
000331.png,1.0000001,train_03360
000332.png,1.0,train_03655
000333.png,0.99999994,train_07204
000334.png,1.0,train_01779
000335.png,1.0,train_07396
000336.png,1.0000001,train_02918
000337.png,0.9999999,train_02368
000338.png,1.0000001,train_06980
000339.png,1.0,train_06196
000340.png,0.9999998,train_02855
000341.png,0.99999994,train_05580
000342.png,1.0000005,train_05305
000343.png,1.0000002,train_02022
000344.png,1.0,train_05823
000345.png,1.0,train_03390
000346.png,1.0000004,train_07218
000347.png,0.99999994,train_07643
000348.png,0.9999998,train_04968
000349.png,1.0000001,train_02547
000350.png,0.9999996,train_01244
000351.png,0.99999994,train_04728
000352.png,1.0000001,train_02152
000353.png,0.99999994,train_04975
000354.png,0.99999994,train_04313
000355.png,0.99999994,train_00680
000356.png,0.9999999,train_02180
000357.png,1.0,train_05564
000358.png,0.99999994,train_05693
000359.png,1.0000002,train_05520
000360.png,1.0000004,train_00963
000361.png,1.0,train_04445
000362.png,0.9999999,train_06846
000363.png,1.0,train_07023
000364.png,1.0,train_01915
000365.png,1.0,train_00811
000366.png,1.0000001,train_07037
000367.png,1.0,train_04733
000368.png,0.9999999,train_06838
000369.png,1.0000001,train_04873
000370.png,1.0,train_01645
000371.png,1.0000004,train_07644
000372.png,0.99999994,train_01514
000373.png,0.99999976,train_01635
000374.png,0.9999999,train_00972
000375.png,1.0000002,train_03867
000376.png,1.0000001,train_03558
000377.png,1.0,train_02894
000378.png,1.0000002,train_03641
000379.png,1.0,train_06769
000380.png,1.0,train_07720
000381.png,1.0000004,train_03595
000382.png,1.0000001,train_04425
000383.png,0.99999994,train_02964
000384.png,1.0000002,train_00457
000385.png,1.0000001,train_06570
000386.png,0.9999999,train_03572
000387.png,0.99999964,train_07372
000388.png,1.0000001,train_02247
000389.png,1.0,train_07445
000390.png,1.0,train_06135
000391.png,1.0000002,train_05761
000392.png,1.0,train_05626
000393.png,1.0,train_05585
000394.png,1.0000005,train_04076
000395.png,0.99999994,train_04632
000396.png,1.0,train_00867
000397.png,1.0000002,train_04573
000398.png,1.0000001,train_00504
000399.png,0.9999999,train_00917
000400.png,1.0000001,train_07409
000401.png,1.0,train_03540
000402.png,1.0000005,train_02811
000403.png,1.0000002,train_02802
000404.png,1.0000002,train_07976
000405.png,0.9999999,train_00957
000406.png,1.0,train_07271
000407.png,1.0000001,train_00568
000408.png,0.9999999,train_06359
000409.png,0.9999999,train_03264
000410.png,1.0,train_03375
000411.png,1.0,train_03409
000412.png,1.0000002,train_01022
000413.png,0.99999976,train_04394
000414.png,0.9999999,train_00079
000415.png,0.99999994,train_03361
000416.png,0.9999999,train_03107
000417.png,1.0,train_04126
000418.png,1.0000002,train_04247
000419.png,1.0000002,train_00569
000420.png,0.9999999,train_01442
000421.png,0.9999998,train_07711
000422.png,0.99999976,train_01149
000423.png,1.0,train_05774
000424.png,1.0,train_01418
000425.png,1.0000002,train_06227
000426.png,0.9999999,train_04714
000427.png,1.0000002,train_00838
000428.png,0.9999999,train_02996
000429.png,0.9999999,train_01948
000430.png,1.0,train_03562
000431.png,1.0000002,train_03865
000432.png,1.0000002,train_03870
000433.png,1.0000002,train_00642
000434.png,1.0,train_05698
000435.png,1.0000002,train_05010
000436.png,1.0,train_02304
000437.png,1.0000004,train_06963
000438.png,1.0000001,train_01003
000439.png,1.0,train_01596
000440.png,1.0,train_02541
000441.png,1.0,train_04443
000442.png,1.0,train_04848
000443.png,0.99999994,train_00517
000444.png,0.9999999,train_06322
000445.png,0.99999976,train_01471
000446.png,0.9999999,train_07116
000447.png,0.9999999,train_06319
000448.png,1.0,train_07682
000449.png,1.0000002,train_01832
000450.png,1.0,train_05821
000451.png,0.99999976,train_06244
000452.png,1.0000004,train_03249
000453.png,0.9999996,train_02928
000454.png,1.0,train_07112
000455.png,1.0000002,train_05973
000456.png,1.0,train_08022
000457.png,0.9999998,train_05631
000458.png,0.9999999,train_03956
000459.png,1.0,train_08051
000460.png,1.0000001,train_03173
000461.png,1.0000002,train_08076
000462.png,1.0,train_02822
000463.png,1.0000002,train_04870
000464.png,1.0,train_02691
000465.png,0.99999994,train_06887
000466.png,1.0000002,train_05734
000467.png,0.9999999,train_06697
000468.png,1.0000002,train_00339
000469.png,1.0000001,train_00820
000470.png,0.9999999,train_04856
000471.png,1.0000002,train_06797
000472.png,1.0,train_07851
000473.png,1.0,train_00541
000474.png,1.0000001,train_02043
000475.png,0.9999997,train_04982
000476.png,1.0000001,train_02134
000477.png,0.9999999,train_01136
000478.png,1.0,train_07980
000479.png,0.9999999,train_06622
000480.png,1.0000001,train_02792
000481.png,1.0000001,train_02482
000482.png,0.99999976,train_06257
000483.png,1.0000002,train_04532
000484.png,0.99999976,train_02758
000485.png,1.0000001,train_06245
000486.png,1.0000001,train_03752
000487.png,1.0000001,train_02918
000488.png,1.0000002,train_04808
000489.png,1.0000001,train_07174
000490.png,1.0000002,train_00968
000491.png,1.0,train_05901
000492.png,0.9999999,train_07668
000493.png,1.0,train_05815
000494.png,1.0000001,train_05764
000495.png,1.0000001,train_06541
000496.png,1.0000001,train_03570
000497.png,1.0,train_03858
000498.png,1.0,train_05798
000499.png,1.0,train_00969
000500.png,0.99999994,train_02231
000501.png,1.0,train_00323
000502.png,0.9999999,train_02287
000503.png,1.0000002,train_06283
000504.png,1.0,train_07922
000505.png,1.0000001,train_04393
000506.png,1.0000005,train_05083
000507.png,0.99999976,train_06817
000508.png,1.0,train_02813
000509.png,1.0000004,train_05205
000510.png,1.0000001,train_06214
000511.png,0.99999976,train_08004
000512.png,0.9999998,train_04175
000513.png,1.0000001,train_01848
000514.png,0.9999998,train_03186
000515.png,1.0000001,train_07633
000516.png,1.0,train_03737
000517.png,0.9999998,train_05950
000518.png,1.0000001,train_01707
000519.png,0.99999994,train_01095
000520.png,1.0,train_02122
000521.png,0.9999999,train_07545
000522.png,1.0000001,train_01785
000523.png,1.0000001,train_05906
000524.png,1.0000002,train_07599
000525.png,1.0000002,train_05972
000526.png,0.99999994,train_01322
000527.png,1.0,train_02161
000528.png,0.9999999,train_00100
000529.png,1.0000004,train_00073
000530.png,1.0,train_06304
000531.png,0.9999999,train_01878
000532.png,1.0,train_07136
000533.png,1.0,train_03044
000534.png,1.0000001,train_04694
000535.png,1.0,train_03673
000536.png,1.0,train_01133
000537.png,1.0000002,train_04297
000538.png,1.0000001,train_04809
000539.png,1.0000004,train_01756
000540.png,1.0,train_00811
000541.png,0.9999999,train_00031
000542.png,1.0000002,train_05092
000543.png,1.0,train_04282
000544.png,1.0000001,train_06386
000545.png,1.0,train_02046
000546.png,1.0000002,train_03509
000547.png,1.0000002,train_04414
000548.png,0.99999994,train_07017
000549.png,1.0,train_02286
000550.png,0.9999999,train_02052
000551.png,1.0000001,train_02503
000552.png,1.0000004,train_02208
000553.png,1.0,train_00719
000554.png,1.0000002,train_06732
000555.png,1.0000001,train_07454
000556.png,1.0000005,train_07831
000557.png,0.99999976,train_01617
000558.png,0.99999976,train_06944
000559.png,1.0000005,train_08001
000560.png,0.9999999,train_04996
000561.png,0.99999976,train_06948
000562.png,1.0000005,train_07749
000563.png,0.9999999,train_00206
000564.png,1.0,train_05593
000565.png,1.0,train_07241
000566.png,0.99999994,train_02119
000567.png,1.0,train_00210
000568.png,0.9999997,train_06211
000569.png,1.0000001,train_00247
000570.png,0.9999999,train_02228
000571.png,0.9999999,train_00295
000572.png,1.0000002,train_03011
000573.png,1.0000001,train_02959
000574.png,1.0000002,train_01221
000575.png,0.9999998,train_06870
000576.png,0.9999999,train_01263
000577.png,1.0000002,train_06741
000578.png,1.0,train_03412
000579.png,1.0000002,train_01254
000580.png,1.0,train_00713
000581.png,1.0,train_07134
000582.png,1.0000004,train_07194
000583.png,0.9999998,train_04129
000584.png,0.99999976,train_05103
000585.png,1.0000001,train_07357
000586.png,1.0000002,train_02338
000587.png,0.9999997,train_06328
000588.png,1.0,train_05080
000589.png,1.0,train_04780
000590.png,1.0000001,train_03962
000591.png,1.0000001,train_04266
000592.png,1.0,train_05201
000593.png,0.9999999,train_03331
000594.png,1.0,train_01554
000595.png,1.0,train_07241
000596.png,1.0000002,train_03644
000597.png,1.0,train_05539
000598.png,0.9999999,train_03831
000599.png,1.0000001,train_03707
000600.png,0.9999998,train_03960
000601.png,1.0000004,train_03175
000602.png,1.0000001,train_00082
000603.png,1.0,train_00621
000604.png,1.0000001,train_07119
000605.png,0.99999994,train_05419
000606.png,1.0,train_07368
000607.png,1.0,train_06962
000608.png,1.0,train_05600
000609.png,1.0000002,train_02851
000610.png,1.0000001,train_01562
000611.png,0.99999964,train_05039
000612.png,0.9999999,train_04518
000613.png,1.0000002,train_04352
000614.png,0.99999994,train_03878
000615.png,0.99999964,train_02689
000616.png,0.9999999,train_00833
000617.png,1.0,train_07444
000618.png,0.99999976,train_02423
000619.png,1.0000002,train_02723
000620.png,0.9999999,train_01598
000621.png,1.0,train_00846
000622.png,1.0,train_05874
000623.png,1.0,train_06413
000624.png,1.0000001,train_05005
000625.png,0.9999999,train_01752
000626.png,0.9999999,train_06951
000627.png,1.0,train_00589
000628.png,1.0,train_03858
000629.png,1.0,train_05309
000630.png,1.0,train_04205
000631.png,0.99999994,train_04363
000632.png,0.99999994,train_03228
000633.png,1.0000001,train_00314
000634.png,0.99999976,train_07937
000635.png,0.9999999,train_02982
000636.png,0.9999999,train_00199
000637.png,1.0,train_08022
000638.png,1.0,train_03115
000639.png,1.0,train_02226
000640.png,1.0000002,train_03470
000641.png,1.0000002,train_01650
000642.png,1.0,train_02629
000643.png,1.0,train_00005
000644.png,1.0,train_05086
000645.png,1.0000001,train_01070
000646.png,0.9999999,train_06697
000647.png,1.0000001,train_06370
000648.png,1.0000001,train_01894
000649.png,1.0,train_06100
000650.png,1.0000001,train_05180
000651.png,1.0000002,train_07878
000652.png,1.0000004,train_01158
000653.png,1.0000002,train_05015
000654.png,1.0,train_04350
000655.png,1.0,train_06432
000656.png,0.9999997,train_05329
000657.png,1.0000001,train_05662
000658.png,0.9999999,train_03572
000659.png,1.0000001,train_06276
000660.png,1.0000001,train_03938
000661.png,0.9999999,train_07116
000662.png,0.9999998,train_08131
000663.png,1.0000002,train_02151
000664.png,1.0,train_04166
000665.png,1.0,train_02183
000666.png,1.0000001,train_07115
000667.png,1.0000001,train_01843
000668.png,1.0000002,train_01378
000669.png,0.9999999,train_02840
000670.png,0.9999999,train_02729
000671.png,1.0,train_04699
000672.png,1.0,train_07849
000673.png,1.0000001,train_00551
000674.png,1.0000002,train_05475
000675.png,1.0,train_07917
000676.png,0.9999998,train_02848
000677.png,1.0,train_01301
000678.png,1.0,train_01292
000679.png,1.0,train_04761
000680.png,0.99999994,train_03909
000681.png,0.99999994,train_01777
000682.png,1.0,train_05901
000683.png,1.0000002,train_05475
000684.png,1.0,train_00546
000685.png,1.0,train_01238
000686.png,1.0,train_01729
000687.png,0.99999976,train_05910
000688.png,1.0,train_03604
000689.png,1.0,train_04161
000690.png,1.0000001,train_03769
000691.png,0.99999976,train_01455
000692.png,1.0000001,train_06350
000693.png,0.9999999,train_03398
000694.png,1.0000002,train_05012
000695.png,1.0,train_03514
000696.png,1.0,train_03035
000697.png,1.0000001,train_03705
000698.png,0.9999998,train_07608
000699.png,1.0000001,train_05037
000700.png,1.0000001,train_07115
000701.png,1.0000002,train_05183
000702.png,1.0000002,train_06430
000703.png,0.9999998,train_01901
000704.png,1.0,train_06998
000705.png,1.0,train_04042
000706.png,1.0,train_07945
000707.png,1.0,train_06744
000708.png,1.0000001,train_06868
000709.png,0.99999976,train_03288
000710.png,1.0000001,train_02407
000711.png,1.0000002,train_04911
000712.png,0.9999999,train_05863
000713.png,1.0,train_03480
000714.png,1.0000002,train_03709
000715.png,1.0000001,train_04029
000716.png,0.9999999,train_04298
000717.png,1.0000001,train_01350
000718.png,1.0000002,train_06358
000719.png,1.0000004,train_06549
000720.png,1.0000001,train_03688
000721.png,1.0000001,train_04260
000722.png,0.9999999,train_04157
000723.png,1.0000001,train_04712
000724.png,0.99999976,train_01821
000725.png,1.0,train_07531
000726.png,1.0000002,train_07983
000727.png,1.0000001,train_00038
000728.png,1.0000001,train_03675
000729.png,1.0000001,train_00154
000730.png,0.9999999,train_04789
000731.png,0.9999998,train_00397
000732.png,1.0,train_05044
000733.png,1.0000001,train_05460
000734.png,1.0000002,train_01838
000735.png,0.9999999,train_07808
000736.png,1.0,train_03614
000737.png,1.0000001,train_06619
000738.png,1.0,train_03480
000739.png,1.0,train_01133
000740.png,0.99999994,train_06947
000741.png,1.0,train_02142
000742.png,1.0000005,train_02105
000743.png,0.9999999,train_00930
000744.png,0.9999998,train_05955
000745.png,1.0000002,train_02285
000746.png,1.0000001,train_06165
000747.png,0.9999995,train_06071
000748.png,1.0,train_06452
000749.png,1.0,train_04893
000750.png,0.99999994,train_06659
000751.png,1.0000001,train_06341
000752.png,1.0,train_01035
000753.png,1.0000002,train_00843
000754.png,1.0000004,train_02115
000755.png,1.0,train_07500
000756.png,1.0000001,train_01968
000757.png,1.0,train_07866
000758.png,1.0,train_01487
000759.png,1.0000004,train_04439
000760.png,1.0000002,train_01933
000761.png,1.0,train_08113
000762.png,0.9999999,train_06576
000763.png,0.99999964,train_05039
000764.png,1.0,train_06240
000765.png,0.9999999,train_06869
000766.png,1.0,train_05408
000767.png,1.0,train_00667
000768.png,0.9999999,train_01186
000769.png,1.0000002,train_03887
000770.png,0.9999999,train_04391
000771.png,0.9999999,train_04444
000772.png,1.0000002,train_02169
000773.png,0.9999999,train_04518
000774.png,1.0,train_02280
000775.png,1.0000002,train_06487
000776.png,0.9999999,train_05681
000777.png,1.0,train_05956
000778.png,1.0000002,train_04813
000779.png,0.9999998,train_01085
000780.png,1.0,train_03563
000781.png,1.0,train_03474
000782.png,1.0000002,train_01134
000783.png,1.0,train_07752
000784.png,1.0000004,train_00629
000785.png,1.0000001,train_05617
000786.png,1.0,train_04966
000787.png,1.0000001,train_07410
000788.png,1.0,train_03177
000789.png,1.0000005,train_06999
000790.png,1.0000004,train_04823
000791.png,1.0,train_04646
000792.png,0.99999994,train_02215
000793.png,0.99999976,train_07349
000794.png,0.99999994,train_02580
000795.png,0.9999999,train_00354
000796.png,1.0000001,train_05964
000797.png,0.9999999,train_05565
000798.png,1.0000005,train_04774
000799.png,1.0000002,train_05304
000800.png,1.0000002,train_00770
000801.png,1.0,train_01683
000802.png,0.9999998,train_03638
000803.png,1.0000001,train_07955
000804.png,1.0,train_00904
000805.png,1.0,train_02156
000806.png,1.0000001,train_06251
000807.png,1.0,train_07837
000808.png,1.0,train_02874
000809.png,1.0,train_05159
000810.png,1.0,train_03374
000811.png,0.99999994,train_04390
000812.png,1.0,train_04058
000813.png,1.0000001,train_01131
000814.png,1.0000001,train_03964
000815.png,1.0000001,train_00834
000816.png,1.0,train_04443
000817.png,1.0000002,train_06893
000818.png,1.0000001,train_04651
000819.png,0.99999976,train_00665
000820.png,1.0000002,train_06466
000821.png,1.0000001,train_02034
000822.png,1.0,train_07768
000823.png,1.0000002,train_03325
000824.png,1.0000002,train_07379
000825.png,1.0000002,train_03670
000826.png,1.0000002,train_07888
000827.png,1.0,train_01004
000828.png,1.0,train_00432
000829.png,1.0000004,train_00537
000830.png,1.0,train_07271
000831.png,0.9999999,train_01500
000832.png,1.0000005,train_01859
000833.png,1.0,train_08098
000834.png,1.0000002,train_00466
000835.png,1.0000002,train_00782
000836.png,1.0000002,train_01504
000837.png,1.0000004,train_01784
000838.png,0.99999976,train_04684
000839.png,1.0,train_07450
000840.png,1.0000001,train_00488
000841.png,1.0000001,train_04606
000842.png,1.0000001,train_02812
000843.png,1.0,train_04903
000844.png,1.0,train_06141
000845.png,0.9999999,train_07053
000846.png,1.0000001,train_01807
000847.png,1.0,train_05223
000848.png,1.0000004,train_05491
000849.png,1.0000001,train_02134
000850.png,0.9999999,train_00972
000851.png,0.9999999,train_04542
000852.png,0.9999999,train_03896
000853.png,1.0000002,train_03647
000854.png,1.0000001,train_01873
000855.png,1.0000001,train_07558
000856.png,1.0,train_03199
000857.png,1.0000002,train_01507
000858.png,1.0,train_00638
000859.png,1.0000001,train_05448
000860.png,0.9999999,train_07808
000861.png,0.9999999,train_01016
000862.png,1.0000001,train_05764
000863.png,1.0000004,train_03580
000864.png,1.0000002,train_00465
000865.png,0.9999998,train_01452
000866.png,1.0000001,train_02128
000867.png,1.0,train_07655
000868.png,1.0,train_06929
000869.png,1.0,train_01625
000870.png,1.0000002,train_03979
000871.png,1.0000002,train_01080
000872.png,1.0000005,train_03211
000873.png,1.0000002,train_00110
000874.png,1.0000002,train_06079
000875.png,1.0,train_01625
000876.png,1.0,train_04264
000877.png,0.99999994,train_00643
000878.png,1.0000002,train_04866
000879.png,0.9999999,train_00633
000880.png,1.0000002,train_04068
000881.png,1.0000001,train_04549
000882.png,1.0000001,train_02342
000883.png,0.9999999,train_03994
000884.png,1.0000002,train_03797
000885.png,0.9999999,train_07540
000886.png,0.9999998,train_06950
000887.png,1.0,train_06617
000888.png,0.99999964,train_04017
000889.png,1.0,train_07241
000890.png,1.0,train_01430
000891.png,1.0000002,train_00529
000892.png,0.9999999,train_06319
000893.png,1.0000002,train_05244
000894.png,1.0000005,train_01508
000895.png,1.0,train_01329
000896.png,1.0,train_02525
000897.png,1.0000001,train_04362
000898.png,0.9999999,train_02881
000899.png,1.0000002,train_02546
000900.png,0.99999976,train_05472
000901.png,0.99999994,train_06424
000902.png,1.0,train_01083
000903.png,1.0,train_03243
000904.png,1.0000005,train_06448
000905.png,1.0000004,train_02019
000906.png,1.0000001,train_06470
000907.png,1.0,train_06681
000908.png,1.0000002,train_01507
000909.png,1.0,train_05393
000910.png,1.0,train_04205
000911.png,0.9999999,train_05361
000912.png,1.0000001,train_02470
000913.png,1.0,train_06031
000914.png,1.0000002,train_00609
000915.png,0.9999999,train_04831
000916.png,1.0000001,train_00834
000917.png,0.99999976,train_04417
000918.png,1.0,train_02015
000919.png,1.0,train_03206
000920.png,1.0,train_04234
000921.png,1.0,train_01683
000922.png,1.0,train_06618
000923.png,1.0,train_05119
000924.png,1.0000002,train_06973
000925.png,1.0000001,train_04515
000926.png,0.9999999,train_00844
000927.png,1.0,train_08111
000928.png,1.0,train_01052
000929.png,1.0000001,train_02538
000930.png,1.0000002,train_00071
000931.png,1.0000002,train_01029
000932.png,1.0000002,train_00090
000933.png,1.0000001,train_01140
000934.png,0.9999999,train_00714
000935.png,1.0,train_01538
000936.png,0.9999999,train_01065
000937.png,0.99999976,train_07581
000938.png,0.99999976,train_03560
000939.png,1.0000001,train_02797
000940.png,0.9999999,train_03778
000941.png,0.9999999,train_01801
000942.png,0.9999999,train_04307
000943.png,1.0,train_05340
000944.png,1.0000005,train_07177
000945.png,1.0000002,train_03906
000946.png,0.99999976,train_03544
000947.png,1.0000004,train_03429
000948.png,1.0000001,train_03394
000949.png,1.0,train_02062
000950.png,1.0000002,train_03982
000951.png,0.9999999,train_03795
000952.png,1.0,train_04988
000953.png,0.9999998,train_01817
000954.png,1.0,train_03885
000955.png,0.9999998,train_08036
000956.png,1.0,train_01344
000957.png,1.0,train_06426
000958.png,0.99999994,train_05419
000959.png,1.0000002,train_02453
000960.png,0.9999999,train_00639
000961.png,1.0,train_07055
000962.png,1.0,train_00187
000963.png,1.0000001,train_05740
000964.png,0.99999994,train_06048
000965.png,0.9999999,train_06622
000966.png,1.0000001,train_02913
000967.png,0.9999999,train_07540
000968.png,1.0000001,train_05255
000969.png,1.0000001,train_02645
000970.png,1.0,train_05582
000971.png,1.0000001,train_02792
000972.png,1.0000002,train_02560
000973.png,1.0,train_00646
000974.png,0.9999999,train_02881
000975.png,0.9999999,train_07575
000976.png,1.0,train_02048
000977.png,1.0000001,train_06552
000978.png,0.9999999,train_03802
000979.png,1.0000001,train_00892
000980.png,0.9999999,train_02626
000981.png,0.9999997,train_08127
000982.png,1.0000001,train_06785
000983.png,1.0000002,train_04414
000984.png,1.0000001,train_02230
000985.png,1.0,train_02762
000986.png,0.9999999,train_00128
000987.png,1.0000004,train_04904
000988.png,1.0000002,train_06310
000989.png,1.0000002,train_01435
000990.png,0.9999998,train_06067
000991.png,1.0000002,train_04486
000992.png,0.9999999,train_08121
000993.png,1.0,train_01066
000994.png,1.0000002,train_06430
000995.png,0.9999999,train_02016
000996.png,1.0,train_04662
000997.png,0.99999994,train_02060
000998.png,0.9999999,train_03944
000999.png,0.99999994,train_02873
001000.png,1.0000002,train_07664
001001.png,1.0000002,train_07586
001002.png,0.9999999,train_03000
001003.png,1.0000001,train_00045
001004.png,1.0,train_02036
001005.png,1.0000001,train_05184
001006.png,0.9999998,train_01595
001007.png,1.0000005,train_01076
001008.png,1.0000002,train_04370
001009.png,1.0000002,train_07144
001010.png,1.0,train_04826
001011.png,1.0,train_07364
001012.png,1.0000004,train_02435
001013.png,1.0000004,train_07373
001014.png,0.99999964,train_00380
001015.png,1.0000002,train_04888
001016.png,0.99999964,train_05383
001017.png,1.0,train_01527
001018.png,1.0,train_00627
001019.png,1.0,train_08033
001020.png,0.99999994,train_04242
001021.png,1.0000002,train_03867
001022.png,1.0000002,train_06672
001023.png,0.9999998,train_02911
001024.png,0.9999999,train_01703
001025.png,1.0000001,train_00870
001026.png,1.0000001,train_04434
001027.png,1.0000001,train_08049
001028.png,0.99999976,train_06889
001029.png,1.0000002,train_02059
001030.png,0.9999999,train_06529
001031.png,1.0000001,train_05439
001032.png,1.0,train_00541
001033.png,1.0000002,train_05980
001034.png,1.0000001,train_07300
001035.png,0.9999999,train_03999
001036.png,1.0000002,train_01611
001037.png,1.0000002,train_02275
001038.png,1.0000002,train_05973
001039.png,1.0000001,train_04432
001040.png,0.9999999,train_05485
001041.png,1.0000002,train_06802
001042.png,1.0000002,train_04182
001043.png,1.0000001,train_01131
001044.png,1.0,train_04360
001045.png,0.9999998,train_04026
001046.png,1.0,train_05687
001047.png,0.9999998,train_02553
001048.png,0.99999976,train_02941
001049.png,1.0,train_01314
001050.png,1.0000002,train_00494
001051.png,1.0,train_03683
001052.png,1.0,train_00196
001053.png,1.0,train_07269
001054.png,1.0,train_01353
001055.png,1.0,train_03753
001056.png,1.0,train_07309
001057.png,1.0,train_03759
001058.png,1.0000002,train_00510
001059.png,0.9999999,train_03217
001060.png,1.0000002,train_02775
001061.png,1.0000004,train_05109
001062.png,1.0,train_05678
001063.png,1.0,train_03101
001064.png,1.0,train_00036
001065.png,0.9999998,train_00233
001066.png,1.0000001,train_01498
001067.png,0.9999999,train_01330
001068.png,1.0000002,train_00131
001069.png,1.0,train_05516
001070.png,1.0000001,train_07084
001071.png,0.9999999,train_01486
001072.png,1.0000001,train_00721
001073.png,1.0000004,train_03355
001074.png,1.0000001,train_07198
001075.png,1.0000001,train_06267
001076.png,1.0,train_01633
001077.png,1.0,train_04053
001078.png,1.0000001,train_01649
001079.png,1.0000001,train_05983
001080.png,1.0,train_04995
001081.png,0.9999999,train_03383
001082.png,0.9999999,train_04998
001083.png,1.0,train_00580
001084.png,1.0000001,train_06124
001085.png,0.99999964,train_02229
001086.png,0.9999999,train_00100
001087.png,1.0000002,train_00446
001088.png,1.0,train_04011
001089.png,1.0,train_07209
001090.png,1.0,train_04030
001091.png,0.9999999,train_06377
001092.png,0.9999999,train_03482
001093.png,1.0,train_04893
001094.png,1.0,train_06329
001095.png,0.9999999,train_05135
001096.png,0.99999976,train_07530
001097.png,1.0000001,train_05699
001098.png,1.0,train_07009
001099.png,0.9999999,train_04713
001100.png,0.99999976,train_07895
001101.png,1.0,train_07211
001102.png,1.0,train_07493
001103.png,1.0000002,train_00277
001104.png,1.0000001,train_02425
001105.png,1.0000001,train_03393
001106.png,1.0000001,train_04677
001107.png,0.9999997,train_05709
001108.png,1.0000001,train_00800
001109.png,1.0,train_00840
001110.png,1.0000005,train_01580
001111.png,1.0,train_02674
001112.png,1.0000005,train_05633
001113.png,1.0,train_04928
001114.png,0.9999999,train_00291
001115.png,1.0,train_01369
001116.png,1.0000001,train_07254
001117.png,1.0,train_06326
001118.png,1.0,train_05252
001119.png,1.0000002,train_01051
001120.png,1.0000004,train_03355
001121.png,1.0000001,train_05880
001122.png,1.0000002,train_01930
001123.png,1.0,train_01695
001124.png,1.0000002,train_00139
001125.png,1.0000001,train_03889
001126.png,1.0000001,train_07944
001127.png,0.99999964,train_02229
001128.png,1.0,train_01979
001129.png,0.9999998,train_03141
001130.png,1.0,train_03695
001131.png,1.0,train_02445
001132.png,1.0,train_03920
001133.png,1.0,train_00790
001134.png,1.0000001,train_01707
001135.png,0.9999999,train_02432
001136.png,1.0000001,train_07958
001137.png,1.0000001,train_06907
001138.png,0.99999976,train_04563
001139.png,1.0000001,train_01866
001140.png,1.0,train_00044
001141.png,1.0000001,train_02991
001142.png,1.0000002,train_05172
001143.png,0.9999999,train_06812
001144.png,1.0,train_05149
001145.png,1.0000002,train_04181
001146.png,0.9999998,train_06408
001147.png,1.0000002,train_04352
001148.png,1.0,train_00894
001149.png,0.99999976,train_06595
001150.png,1.0,train_01255
001151.png,0.9999999,train_02706
001152.png,1.0,train_06058
001153.png,1.0000001,train_04083
001154.png,1.0,train_06472
001155.png,0.99999976,train_04827
001156.png,1.0,train_03589
001157.png,1.0,train_00267
001158.png,1.0,train_05352
001159.png,1.0000002,train_06081
001160.png,1.0000002,train_01985
001161.png,1.0000001,train_03688
001162.png,1.0,train_07426
001163.png,0.9999997,train_04791
001164.png,1.0,train_03127
001165.png,1.0,train_00650
001166.png,1.0,train_07841
001167.png,0.9999998,train_04206
001168.png,1.0000001,train_06074
001169.png,1.0000001,train_07391
001170.png,1.0000002,train_00803
001171.png,1.0000001,train_02034
001172.png,1.0,train_04719
001173.png,0.9999999,train_05661
001174.png,1.0,train_00106
001175.png,0.99999994,train_06659
001176.png,1.0,train_04939
001177.png,1.0000001,train_00322
001178.png,1.0000002,train_07593
001179.png,0.99999994,train_00336
001180.png,1.0,train_03950
001181.png,0.9999999,train_00288
001182.png,1.0,train_00422
001183.png,0.99999976,train_07683
001184.png,1.0000001,train_01262
001185.png,0.9999999,train_00184
001186.png,1.0000002,train_01282
001187.png,1.0,train_04669
001188.png,1.0,train_00388
001189.png,0.9999999,train_01100
001190.png,1.0000001,train_07254
001191.png,1.0000001,train_02609
001192.png,0.9999999,train_03217
001193.png,1.0000002,train_05537
001194.png,1.0000002,train_01837
001195.png,1.0000005,train_06642
001196.png,1.0,train_03140
001197.png,1.0000002,train_05453
001198.png,1.0,train_03655
001199.png,1.0,train_07033
001200.png,0.9999999,train_05860
001201.png,0.9999999,train_06377
001202.png,1.0,train_01887
001203.png,1.0000001,train_06728
001204.png,1.0,train_03140
001205.png,1.0,train_02278
001206.png,1.0000002,train_08086
001207.png,1.0000002,train_03424
001208.png,1.0,train_05668
001209.png,1.0000002,train_06488
001210.png,1.0,train_00123
001211.png,1.0000001,train_06060
001212.png,1.0000001,train_04327
001213.png,1.0000002,train_04972
001214.png,1.0,train_00462
001215.png,0.9999999,train_01148
001216.png,1.0,train_03614
001217.png,1.0,train_01433
001218.png,1.0000001,train_04912
001219.png,0.99999994,train_06602
001220.png,1.0,train_05011
001221.png,0.99999964,train_07571
001222.png,1.0000002,train_02546
001223.png,0.99999976,train_05472
001224.png,1.0000001,train_08047
001225.png,1.0,train_06004
001226.png,1.0,train_02010
001227.png,0.99999994,train_04617
001228.png,1.0000004,train_02444
001229.png,0.9999999,train_03681
001230.png,1.0000002,train_02679
001231.png,0.99999964,train_02987
001232.png,1.0000001,train_02810
001233.png,0.9999999,train_03341
001234.png,1.0000001,train_06097
001235.png,1.0000001,train_04246
001236.png,1.0,train_00348
001237.png,1.0,train_02629
001238.png,1.0000001,train_00176
001239.png,1.0000001,train_00008
001240.png,1.0000001,train_01642
001241.png,1.0,train_07309
001242.png,0.9999999,train_07256
001243.png,1.0000001,train_01971
001244.png,1.0,train_05165
001245.png,1.0000002,train_07121
001246.png,0.9999999,train_05316
001247.png,1.0,train_07023
001248.png,1.0000002,train_01838
001249.png,0.99999976,train_01124
001250.png,0.9999998,train_05514
001251.png,0.99999976,train_04384
001252.png,0.99999994,train_01698
001253.png,1.0000004,train_00040
001254.png,1.0000001,train_04260
001255.png,0.99999994,train_01416
001256.png,0.99999964,train_01212
001257.png,0.9999999,train_04727
001258.png,1.0000001,train_01441
001259.png,1.0,train_01336
001260.png,1.0000001,train_06541
001261.png,1.0,train_07450
001262.png,1.0,train_06472
001263.png,1.0000002,train_00392
001264.png,0.99999994,train_00345
001265.png,1.0000002,train_04564
001266.png,1.0000001,train_07210
001267.png,1.0,train_04203
001268.png,0.9999997,train_08118
001269.png,1.0000001,train_00933
001270.png,0.99999994,train_08039
001271.png,0.99999964,train_00395
001272.png,0.99999964,train_02507
001273.png,0.9999999,train_00860
001274.png,1.0,train_01619
001275.png,1.0000001,train_05648
001276.png,1.0000001,train_00533
001277.png,1.0,train_03267
001278.png,0.99999976,train_04232
001279.png,1.0,train_02103
001280.png,1.0000001,train_01543
001281.png,0.9999999,train_03432
001282.png,1.0000002,train_06663
001283.png,1.0000001,train_03457
001284.png,1.0000001,train_02956
001285.png,0.9999999,train_02479
001286.png,0.99999976,train_04858
001287.png,0.9999999,train_07540
001288.png,0.99999994,train_00436
001289.png,1.0,train_07479
001290.png,0.9999997,train_01556
001291.png,0.99999976,train_02490
001292.png,0.9999998,train_05396
001293.png,1.0000002,train_01865
001294.png,0.99999976,train_02585
001295.png,1.0000001,train_05642
001296.png,0.9999999,train_04500
001297.png,1.0000002,train_01448
001298.png,1.0000001,train_08102
001299.png,0.9999998,train_06408
001300.png,1.0000002,train_07685
001301.png,1.0000002,train_01383
001302.png,1.0000001,train_01565
001303.png,0.9999999,train_02729
001304.png,1.0000002,train_00777
001305.png,0.9999998,train_05348
001306.png,1.0000002,train_06741
001307.png,1.0,train_01695
001308.png,1.0,train_02131
001309.png,0.9999999,train_08116
001310.png,0.9999999,train_04329
001311.png,1.0,train_03102
001312.png,1.0000002,train_02259
001313.png,1.0000002,train_01383
001314.png,1.0000001,train_00270
001315.png,1.0,train_06236
001316.png,1.0000002,train_02642
001317.png,0.9999999,train_07145
001318.png,1.0,train_05636
001319.png,1.0000001,train_05756
001320.png,1.0000002,train_06586
001321.png,1.0000005,train_01154
001322.png,1.0,train_03445
001323.png,0.9999999,train_06622
001324.png,1.0,train_00387
001325.png,0.99999976,train_07942
001326.png,1.0,train_02860
001327.png,1.0,train_04603
001328.png,1.0,train_02658
001329.png,0.9999997,train_03045
001330.png,1.0,train_03720
001331.png,1.0000001,train_01803
001332.png,1.0,train_02205
001333.png,1.0000001,train_00820
001334.png,1.0,train_03209
001335.png,1.0000001,train_05704
001336.png,1.0,train_01839
001337.png,1.0,train_00223
001338.png,1.0000005,train_07749
001339.png,1.0000001,train_02871
001340.png,0.9999998,train_04797
001341.png,1.0000002,train_02864
001342.png,1.0000002,train_05087
001343.png,1.0000001,train_05221
001344.png,1.0,train_02597
001345.png,0.9999999,train_03917
001346.png,1.0000002,train_07950
001347.png,0.9999999,train_06502
001348.png,1.0,train_05771
001349.png,1.0000002,train_05273
001350.png,1.0,train_06548
001351.png,1.0,train_04459
001352.png,1.0000004,train_05787
001353.png,1.0,train_02528
001354.png,1.0000004,train_02901
001355.png,1.0000002,train_01763
001356.png,1.0,train_00386
001357.png,1.0,train_00611
001358.png,1.0000001,train_03109
001359.png,1.0000002,train_00535
001360.png,1.0000005,train_03213
001361.png,1.0,train_01528
001362.png,1.0,train_07823
001363.png,0.9999999,train_06319
001364.png,1.0000002,train_06063
001365.png,1.0000002,train_02168
001366.png,0.99999994,train_07347
001367.png,1.0000002,train_07734
001368.png,1.0000005,train_05083
001369.png,0.9999999,train_00972
001370.png,1.0000001,train_04416
001371.png,0.99999994,train_02069
001372.png,1.0000001,train_05594
001373.png,0.9999999,train_03905
001374.png,1.0000001,train_03733
001375.png,1.0000002,train_01246
001376.png,1.0,train_07207
001377.png,1.0000001,train_00533
001378.png,1.0,train_02968
001379.png,1.0000001,train_05460
001380.png,1.0000001,train_05005
001381.png,1.0000001,train_05562
001382.png,1.0000004,train_00399
001383.png,0.9999999,train_04520
001384.png,1.0000002,train_08063
001385.png,1.0000002,train_02692
001386.png,1.0000005,train_06068
001387.png,1.0000002,train_05980
001388.png,1.0000002,train_03171
001389.png,1.0000002,train_00324
001390.png,1.0,train_00631
001391.png,0.9999998,train_06952
001392.png,1.0000001,train_03110
001393.png,1.0000001,train_02918
001394.png,1.0000001,train_04696
001395.png,1.0,train_04798
001396.png,0.99999976,train_07506
001397.png,1.0000001,train_01441
001398.png,1.0000001,train_05797
001399.png,0.99999976,train_06115
001400.png,0.9999998,train_01084
001401.png,1.0000002,train_01222
001402.png,1.0000001,train_01549
001403.png,1.0,train_00980
001404.png,0.99999976,train_00064
001405.png,1.0000002,train_04389
001406.png,1.0000002,train_04754
001407.png,1.0000001,train_00125
001408.png,0.9999999,train_04408
001409.png,0.9999999,train_05868
001410.png,1.0000001,train_08083
001411.png,1.0000001,train_00607
001412.png,1.0,train_03660
001413.png,1.0,train_04011
001414.png,0.9999999,train_05586
001415.png,0.9999999,train_05313
001416.png,1.0,train_05473
001417.png,1.0,train_07183
001418.png,1.0000001,train_03891
001419.png,0.9999999,train_01623
001420.png,1.0000002,train_00825
001421.png,1.0,train_03945
001422.png,0.9999999,train_05868
001423.png,1.0000005,train_05819
001424.png,1.0000001,train_02857
001425.png,1.0,train_01864
001426.png,1.0000002,train_00457
001427.png,1.0000001,train_01499
001428.png,1.0000001,train_04092
001429.png,0.9999999,train_05486
001430.png,1.0000002,train_06073
001431.png,0.9999999,train_07650
001432.png,1.0000002,train_02291
001433.png,1.0,train_08057
001434.png,1.0,train_01137
001435.png,1.0000001,train_02690
001436.png,1.0000001,train_04817
001437.png,0.9999999,train_07573
001438.png,0.9999999,train_05701
001439.png,1.0,train_00542
001440.png,0.99999976,train_01482
001441.png,1.0000004,train_06914
001442.png,1.0000002,train_01067
001443.png,0.99999994,train_05896
001444.png,1.0,train_04077
001445.png,1.0,train_00946
001446.png,1.0000002,train_00463
001447.png,1.0000001,train_00038
001448.png,1.0000002,train_03887
001449.png,1.0000001,train_07385
001450.png,1.0,train_02471
001451.png,0.99999976,train_04155
001452.png,1.0000002,train_05251
001453.png,1.0000002,train_06282
001454.png,0.99999976,train_06595
001455.png,1.0000001,train_04859
001456.png,1.0,train_02691
001457.png,1.0,train_00460
001458.png,1.0,train_02749
001459.png,0.9999999,train_03537
001460.png,1.0000001,train_00420
001461.png,1.0000002,train_00531
001462.png,1.0,train_06040
001463.png,1.0,train_00213
001464.png,1.0000002,train_04828
001465.png,1.0000004,train_04566
001466.png,1.0,train_00906
001467.png,0.99999976,train_07263
001468.png,0.99999976,train_05987
001469.png,1.0000001,train_02388
001470.png,0.99999994,train_03966
001471.png,1.0000001,train_06478
001472.png,1.0000002,train_01531
001473.png,1.0000001,train_07037
001474.png,1.0,train_05367
001475.png,1.0000001,train_06908
001476.png,1.0000002,train_07790
001477.png,1.0000001,train_02820
001478.png,1.0,train_05217
001479.png,1.0000002,train_00976
001480.png,1.0000002,train_02035
001481.png,1.0,train_05901
001482.png,1.0,train_03586
001483.png,1.0000002,train_07467
001484.png,1.0,train_04576
001485.png,1.0000001,train_06464
001486.png,0.9999999,train_06565
001487.png,1.0000001,train_02140
001488.png,1.0,train_04084
001489.png,1.0000002,train_04001
001490.png,0.9999999,train_06992
001491.png,1.0000004,train_06439
001492.png,0.9999999,train_02111
001493.png,1.0000002,train_00685
001494.png,0.9999999,train_05789
001495.png,1.0000002,train_00947
001496.png,0.9999999,train_00737
001497.png,1.0000001,train_01412
001498.png,0.9999999,train_04633
001499.png,1.0,train_00400
001500.png,1.0,train_04934
001501.png,1.0000002,train_05030
001502.png,0.9999999,train_04831
001503.png,1.0000002,train_03069
001504.png,0.99999976,train_01090
001505.png,1.0,train_00906
001506.png,1.0,train_03927
001507.png,0.9999999,train_06436
001508.png,1.0,train_01203
001509.png,1.0000002,train_02169
001510.png,1.0,train_03539
001511.png,0.9999998,train_02420
001512.png,1.0,train_03973
001513.png,1.0,train_04693
001514.png,1.0000001,train_00265
001515.png,1.0000001,train_01086
001516.png,1.0000002,train_05475
001517.png,0.99999994,train_04390
001518.png,1.0000001,train_06933
001519.png,1.0000002,train_01748
001520.png,1.0,train_07487
001521.png,1.0000002,train_01093
001522.png,0.99999994,train_07294
001523.png,1.0000004,train_02463
001524.png,1.0000001,train_03057
001525.png,1.0000002,train_04594
001526.png,1.0000004,train_00061
001527.png,1.0000002,train_00258
001528.png,1.0,train_04740
001529.png,1.0000002,train_07549
001530.png,0.9999999,train_00591
001531.png,1.0000001,train_05430
001532.png,1.0,train_01940
001533.png,1.0000001,train_01315
001534.png,1.0000001,train_00837
001535.png,0.9999999,train_02316
001536.png,1.0000001,train_03799
001537.png,0.9999999,train_06239
001538.png,1.0,train_02674
001539.png,1.0000004,train_02724
001540.png,0.9999999,train_05469
001541.png,1.0,train_00477
001542.png,1.0,train_03819
001543.png,0.9999999,train_02920
001544.png,0.99999976,train_03315
001545.png,1.0000001,train_07061
001546.png,0.9999999,train_02517
001547.png,1.0000001,train_05423
001548.png,1.0000002,train_03942
001549.png,1.0000002,train_00535
001550.png,0.99999994,train_01021
001551.png,1.0000002,train_04176
001552.png,1.0000002,train_04212
001553.png,1.0,train_06573
001554.png,1.0000005,train_05467
001555.png,1.0,train_05367
001556.png,1.0,train_08113
001557.png,1.0000002,train_04352
001558.png,1.0000001,train_02596
001559.png,1.0,train_04494
001560.png,0.9999999,train_04529
001561.png,1.0000001,train_02718
001562.png,0.99999976,train_00004
001563.png,1.0000001,train_07084
001564.png,1.0,train_03178
001565.png,1.0,train_05063
001566.png,1.0,train_01915
001567.png,1.0000001,train_06165
001568.png,1.0,train_07556
001569.png,0.9999999,train_06806
001570.png,1.0,train_06295
001571.png,0.9999999,train_03147
001572.png,1.0000002,train_07792
001573.png,0.9999999,train_06502
001574.png,0.9999999,train_03751
001575.png,0.99999976,train_03859
001576.png,0.9999999,train_02591
001577.png,1.0000004,train_06258
001578.png,1.0,train_04411
001579.png,1.0000001,train_06294
001580.png,1.0000001,train_02547
001581.png,1.0000001,train_06848
001582.png,1.0000001,train_01754
001583.png,1.0000001,train_05126
001584.png,1.0,train_02395
001585.png,0.9999999,train_00737
001586.png,1.0000002,train_04086
001587.png,1.0000001,train_03323
001588.png,0.99999994,train_02165
001589.png,1.0000001,train_08102
001590.png,0.99999994,train_06190
001591.png,0.99999976,train_05428
001592.png,1.0,train_01035
001593.png,1.0000002,train_02559
001594.png,1.0000001,train_02470
001595.png,0.99999976,train_02990
001596.png,1.0000001,train_02204
001597.png,0.9999999,train_04621
001598.png,1.0000001,train_02365
001599.png,1.0000001,train_06984
001600.png,1.0000002,train_00457
001601.png,1.0,train_04740
001602.png,1.0000001,train_02134
001603.png,1.0,train_02744
001604.png,0.9999999,train_06027
001605.png,1.0,train_06569
001606.png,1.0,train_03298
001607.png,1.0000001,train_06360
001608.png,0.99999976,train_00166
001609.png,0.9999998,train_07253
001610.png,0.99999976,train_04490
001611.png,1.0000002,train_04247
001612.png,1.0,train_07303
001613.png,1.0000004,train_04946
001614.png,1.0,train_07093
001615.png,1.0000002,train_06782
001616.png,1.0000002,train_01118
001617.png,1.0,train_07450
001618.png,1.0000001,train_06065
001619.png,1.0000002,train_07843
001620.png,1.0,train_04832
001621.png,0.9999998,train_07346
001622.png,1.0,train_01371
001623.png,1.0,train_06827
001624.png,0.99999976,train_04643
001625.png,0.99999994,train_04617
001626.png,1.0,train_06058
001627.png,0.9999999,train_02729
001628.png,1.0000001,train_06165
001629.png,1.0000005,train_03743
001630.png,1.0000001,train_03886
001631.png,0.99999994,train_00606
001632.png,1.0,train_03052
001633.png,0.99999976,train_07698
001634.png,1.0000004,train_07644
001635.png,1.0,train_06361
001636.png,0.99999976,train_04232
001637.png,1.0000004,train_00061
001638.png,0.9999998,train_05377
001639.png,0.9999999,train_02052
001640.png,1.0000004,train_06490
001641.png,1.0,train_01517
001642.png,1.0,train_03539
001643.png,1.0000002,train_07275
001644.png,1.0,train_07400
001645.png,1.0000004,train_03355
001646.png,1.0,train_03052
001647.png,1.0000001,train_07579
001648.png,1.0000001,train_03360
001649.png,0.9999998,train_03847
001650.png,1.0,train_02451
001651.png,1.0000001,train_01605
001652.png,1.0,train_01745
001653.png,1.0000001,train_06933
001654.png,1.0000005,train_02448
001655.png,1.0,train_01361
001656.png,1.0,train_04203
001657.png,1.0000001,train_03498
001658.png,1.0,train_03356
001659.png,1.0000001,train_06541
001660.png,1.0,train_07060
001661.png,0.9999998,train_05932
001662.png,1.0,train_06911
001663.png,1.0,train_01530
001664.png,1.0,train_05112
001665.png,1.0000002,train_00012
001666.png,1.0,train_05515
001667.png,1.0,train_01040
001668.png,1.0000005,train_04050
001669.png,0.99999994,train_02053
001670.png,1.0,train_01116
001671.png,1.0000001,train_02699
001672.png,1.0000001,train_02726
001673.png,0.9999999,train_03278
001674.png,1.0,train_01251
001675.png,1.0,train_01544
001676.png,0.9999998,train_01174
001677.png,1.0,train_04424
001678.png,0.9999999,train_06538
001679.png,1.0000004,train_02463
001680.png,0.99999994,train_01432
001681.png,1.0000001,train_02570
001682.png,1.0,train_01729
001683.png,1.0000002,train_03808
001684.png,0.9999999,train_07239
001685.png,0.9999999,train_08091
001686.png,1.0000005,train_05633
001687.png,0.9999998,train_04968
001688.png,0.99999964,train_03189
001689.png,1.0,train_03267
001690.png,1.0000002,train_06106
001691.png,1.0000001,train_04769
001692.png,0.9999999,train_07452
001693.png,1.0000002,train_02592
001694.png,1.0000002,train_02546
001695.png,1.0,train_03083
001696.png,1.0,train_04166
001697.png,1.0,train_05511
001698.png,0.99999994,train_02791
001699.png,1.0000001,train_00630
001700.png,0.99999994,train_07001
001701.png,1.0000001,train_06855
001702.png,1.0000002,train_02560
001703.png,1.0000002,train_00372
001704.png,0.99999964,train_06772
001705.png,1.0,train_07134
001706.png,1.0000001,train_06318
001707.png,1.0000002,train_03555
001708.png,0.99999964,train_01672
001709.png,0.9999999,train_01012
001710.png,0.99999976,train_00888
001711.png,0.99999994,train_02284
001712.png,1.0000002,train_02738
001713.png,1.0,train_03319
001714.png,1.0,train_06465
001715.png,1.0,train_01369
001716.png,0.9999999,train_05661
001717.png,0.99999994,train_06645
001718.png,1.0,train_04751
001719.png,1.0000001,train_03457
001720.png,1.0000002,train_04638
001721.png,0.9999999,train_00599
001722.png,1.0000004,train_00458
001723.png,0.9999999,train_02182
001724.png,1.0,train_03465
001725.png,1.0000002,train_01956
001726.png,1.0,train_05806
001727.png,1.0000002,train_08050
001728.png,0.9999999,train_02920
001729.png,0.99999994,train_01215
001730.png,1.0,train_06483
001731.png,1.0000004,train_04566
001732.png,1.0,train_02963
001733.png,1.0000005,train_03642
001734.png,0.9999999,train_03091
001735.png,0.99999994,train_04099
001736.png,0.99999964,train_05173
001737.png,1.0,train_02298
001738.png,0.9999999,train_06107
001739.png,1.0000001,train_01736
001740.png,0.9999998,train_07038
001741.png,1.0000004,train_03249
001742.png,0.99999976,train_02082
001743.png,0.9999999,train_06399
001744.png,1.0000001,train_01323
001745.png,0.99999976,train_04155
001746.png,1.0000004,train_02910
001747.png,0.9999999,train_02915
001748.png,0.99999976,train_06177
001749.png,1.0000001,train_05887
001750.png,1.0,train_04824
001751.png,1.0000002,train_03251
001752.png,1.0000001,train_00152
001753.png,0.99999994,train_02611
001754.png,1.0000001,train_00640
001755.png,1.0000001,train_02407
001756.png,1.0,train_01279
001757.png,1.0,train_06581
001758.png,1.0,train_01144
001759.png,1.0,train_00840
001760.png,1.0000001,train_06062
001761.png,0.9999999,train_05683
001762.png,0.9999999,train_06335
001763.png,0.99999964,train_04237
001764.png,1.0000002,train_00366
001765.png,0.99999976,train_02309
001766.png,1.0000002,train_07042
001767.png,1.0000002,train_06282
001768.png,0.99999964,train_06844
001769.png,1.0,train_06374
001770.png,1.0000001,train_02484
001771.png,1.0,train_01986
001772.png,0.9999999,train_00709
001773.png,1.0,train_06946
001774.png,1.0000001,train_03193
001775.png,1.0000001,train_00492
001776.png,0.9999999,train_02368
001777.png,0.9999996,train_07939
001778.png,0.9999999,train_02099
001779.png,1.0000001,train_03008
001780.png,0.99999994,train_07583
001781.png,1.0000001,train_04690
001782.png,0.99999994,train_01417
001783.png,0.99999976,train_07203
001784.png,1.0000002,train_01650
001785.png,1.0,train_02995
001786.png,1.0000002,train_04628
001787.png,1.0000002,train_05986
001788.png,1.0000002,train_02823
001789.png,1.0000001,train_03766
001790.png,0.99999976,train_00888
001791.png,1.0,train_02540
001792.png,1.0,train_07055
001793.png,0.9999999,train_06836
001794.png,1.0000002,train_04259
001795.png,1.0000001,train_00195
001796.png,1.0000001,train_07879
001797.png,1.0000004,train_00566
001798.png,1.0,train_06520
001799.png,1.0,train_02422
001800.png,0.9999999,train_03395
001801.png,0.9999999,train_06383
001802.png,1.0000001,train_00097
001803.png,1.0,train_07851
001804.png,1.0,train_05584
001805.png,1.0000004,train_03327
001806.png,1.0,train_05177
001807.png,1.0,train_04957
001808.png,1.0,train_00637
001809.png,1.0,train_03420
001810.png,1.0,train_02749
001811.png,1.0000002,train_05216
001812.png,1.0000004,train_04946
001813.png,1.0000004,train_07995
001814.png,1.0,train_00405
001815.png,1.0,train_01590
001816.png,1.0000002,train_04589
001817.png,0.99999994,train_06424
001818.png,0.9999998,train_01817
001819.png,1.0000001,train_07118
001820.png,1.0000001,train_01720
001821.png,1.0000002,train_07438
001822.png,1.0,train_05673
001823.png,1.0000002,train_05725
001824.png,1.0,train_05792
001825.png,0.9999999,train_00087
001826.png,1.0000002,train_03182
001827.png,1.0000002,train_03808
001828.png,1.0000001,train_00570
001829.png,0.9999999,train_04116
001830.png,0.9999997,train_02669
001831.png,1.0000002,train_05154
001832.png,1.0000002,train_04802
001833.png,1.0000001,train_07324
001834.png,0.9999999,train_04960
001835.png,0.99999994,train_05742
001836.png,1.0000002,train_01903
001837.png,0.9999998,train_03618
001838.png,1.0,train_05324
001839.png,1.0000004,train_07449
001840.png,1.0000002,train_05866
001841.png,0.99999994,train_07805
001842.png,1.0,train_07610
001843.png,0.99999994,train_05742
001844.png,1.0000002,train_02075
001845.png,1.0000002,train_01109
001846.png,0.9999999,train_03802
001847.png,1.0,train_02174
001848.png,1.0000002,train_01355
001849.png,1.0000001,train_01140
001850.png,1.0000001,train_00383
001851.png,1.0,train_07841
001852.png,0.99999964,train_06866
001853.png,1.0,train_00761
001854.png,1.0000001,train_07118
001855.png,1.0000002,train_04096
001856.png,1.0000002,train_07883
001857.png,0.9999999,train_05681
001858.png,1.0000001,train_03653
001859.png,0.99999994,train_00839
001860.png,1.0000001,train_03672
001861.png,1.0000001,train_03008
001862.png,1.0,train_07980
001863.png,0.9999998,train_01809
001864.png,1.0000002,train_01426
001865.png,1.0,train_04474
001866.png,0.99999976,train_07877
001867.png,1.0000001,train_07090
001868.png,1.0,train_00362
001869.png,0.9999999,train_04480
001870.png,0.99999976,train_04755
001871.png,1.0000002,train_00370
001872.png,0.9999999,train_07803
001873.png,1.0000001,train_05575
001874.png,1.0000002,train_04170
001875.png,0.9999998,train_00998
001876.png,1.0000001,train_03229
001877.png,1.0,train_01366
001878.png,1.0,train_00109
001879.png,1.0000001,train_08069
001880.png,1.0000002,train_05047
001881.png,1.0000002,train_03980
001882.png,0.99999994,train_07638
001883.png,0.99999994,train_05696
001884.png,1.0,train_04662
001885.png,1.0000002,train_01010
001886.png,1.0,train_03819
001887.png,0.99999976,train_01813
001888.png,0.99999976,train_05338
001889.png,1.0000001,train_01060
001890.png,0.9999999,train_02518
001891.png,0.9999999,train_05040
001892.png,0.99999994,train_01661
001893.png,1.0000002,train_00679
001894.png,1.0,train_02744
001895.png,1.0000001,train_01565
001896.png,1.0000002,train_06540
001897.png,1.0,train_00742
001898.png,1.0000001,train_04521
001899.png,0.99999994,train_07311
001900.png,0.9999999,train_05176
001901.png,0.9999994,train_04105
001902.png,1.0000001,train_07672
001903.png,1.0000002,train_03215
001904.png,0.99999994,train_00231
001905.png,0.9999999,train_00957
001906.png,1.0000001,train_01055
001907.png,1.0000004,train_06821
001908.png,1.0000004,train_05407
001909.png,0.9999999,train_02591
001910.png,0.9999999,train_05232
001911.png,1.0000001,train_06427
001912.png,1.0,train_05588
001913.png,0.99999976,train_06324
001914.png,1.0000002,train_06332
001915.png,1.0000002,train_01985
001916.png,1.0,train_04958
001917.png,1.0,train_04833
001918.png,0.9999999,train_03831
001919.png,1.0000002,train_07722
001920.png,0.9999999,train_04874
001921.png,0.99999994,train_01628
001922.png,0.99999994,train_02060
001923.png,1.0000002,train_01907
001924.png,0.9999998,train_06613
001925.png,1.0000002,train_03259
001926.png,1.0000001,train_05918
001927.png,0.9999999,train_02561
001928.png,1.0,train_04705
001929.png,1.0,train_07999
001930.png,0.9999999,train_00291
001931.png,0.9999999,train_05832
001932.png,1.0,train_05393
001933.png,0.9999999,train_06542
001934.png,1.0,train_07721
001935.png,1.0,train_00560
001936.png,0.9999999,train_01570
001937.png,0.99999994,train_07359
001938.png,1.0,train_07146
001939.png,1.0,train_07503
001940.png,1.0,train_06872
001941.png,1.0,train_02271
001942.png,1.0000002,train_03172
001943.png,1.0,train_04704
001944.png,1.0,train_03247
001945.png,0.99999976,train_04620
001946.png,1.0000001,train_07086
001947.png,1.0000005,train_01859
001948.png,0.9999999,train_07031
001949.png,0.99999964,train_01019
001950.png,0.99999994,train_06086
001951.png,1.0,train_03993
001952.png,1.0,train_05026
001953.png,1.0000002,train_03721
001954.png,1.0000002,train_04519
001955.png,0.9999998,train_00449
001956.png,1.0000002,train_05872
001957.png,1.0,train_05436
001958.png,1.0,train_02280
001959.png,0.9999999,train_05613
001960.png,0.9999999,train_02836
001961.png,1.0000002,train_07097
001962.png,1.0,train_03201
001963.png,1.0000002,train_01790
001964.png,0.9999996,train_02971
001965.png,0.9999999,train_05812
001966.png,0.9999999,train_04118
001967.png,1.0000001,train_02034
001968.png,1.0,train_06843
001969.png,1.0,train_01995
001970.png,1.0000002,train_07989
001971.png,1.0,train_06835
001972.png,0.9999999,train_06445
001973.png,1.0,train_03376
001974.png,1.0000001,train_00507
001975.png,1.0000002,train_06321
001976.png,1.0,train_01002
001977.png,1.0000005,train_05467
001978.png,1.0000002,train_00474
001979.png,0.9999999,train_05129
001980.png,0.9999999,train_04278
001981.png,1.0000002,train_07026
001982.png,1.0000002,train_03701
001983.png,1.0,train_03216
001984.png,1.0,train_02062
001985.png,1.0000001,train_02832
001986.png,1.0000001,train_07508
001987.png,0.99999976,train_00483
001988.png,1.0000005,train_02506
001989.png,0.9999999,train_04119
001990.png,1.0,train_00462
001991.png,1.0000001,train_03879
001992.png,0.99999994,train_07728
001993.png,1.0000001,train_04184
001994.png,1.0000001,train_06662
001995.png,0.9999998,train_02109
001996.png,1.0000002,train_06691
001997.png,1.0,train_05717
001998.png,1.0000002,train_02821
001999.png,1.0000002,train_00949
002000.png,0.99999994,train_02218
002001.png,1.0,train_05627
002002.png,1.0000002,train_01842
002003.png,0.9999998,train_06202
002004.png,1.0000001,train_05797
002005.png,1.0,train_00106
002006.png,1.0000002,train_02544
002007.png,1.0000002,train_02919
002008.png,1.0000004,train_07194
002009.png,1.0000001,train_04230
002010.png,1.0000001,train_03396
002011.png,1.0000002,train_04383
002012.png,1.0000002,train_01211
002013.png,1.0,train_06520
002014.png,1.0,train_01314
002015.png,1.0,train_07911
002016.png,1.0000002,train_00342
002017.png,1.0,train_07794
002018.png,0.99999994,train_02220
002019.png,1.0000002,train_02369
002020.png,1.0000002,train_01999
002021.png,1.0000001,train_01307
002022.png,1.0000002,train_03152
002023.png,1.0000002,train_06066
002024.png,0.99999976,train_00842
002025.png,1.0000004,train_06651
002026.png,1.0000002,train_01781
002027.png,0.9999995,train_00408
002028.png,0.9999999,train_03502
002029.png,1.0,train_01155
002030.png,1.0,train_01741
002031.png,1.0,train_02916
002032.png,1.0000001,train_01849
002033.png,1.0000002,train_05922
002034.png,1.0,train_01125
002035.png,0.9999995,train_05317
002036.png,0.9999999,train_06489
002037.png,1.0000002,train_04141
002038.png,1.0000002,train_01093
002039.png,0.9999999,train_05441
002040.png,0.9999999,train_04286
002041.png,1.0,train_06618
002042.png,0.99999976,train_00371
002043.png,1.0000001,train_00130
002044.png,0.9999999,train_03155
002045.png,0.99999976,train_05987
002046.png,1.0,train_00086
002047.png,1.0000001,train_06093
002048.png,1.0000001,train_02690
002049.png,1.0000002,train_07983
002050.png,0.9999999,train_01410
002051.png,1.0,train_05793
002052.png,0.99999994,train_01411
002053.png,1.0,train_00234
002054.png,1.0,train_06484
002055.png,1.0,train_03136
002056.png,1.0000001,train_06470
002057.png,0.9999999,train_02743
002058.png,0.9999999,train_06780
002059.png,0.9999999,train_05308
002060.png,0.9999999,train_04927
002061.png,1.0,train_07368
002062.png,1.0000001,train_04318
002063.png,0.99999994,train_02678
002064.png,0.99999964,train_00971
002065.png,1.0,train_01846
002066.png,0.99999994,train_04127
002067.png,0.99999994,train_07680
002068.png,1.0000001,train_07498
002069.png,0.9999999,train_06389
002070.png,0.9999999,train_03344
002071.png,1.0,train_04424
002072.png,1.0000002,train_05304
002073.png,0.9999999,train_07924
002074.png,1.0000004,train_03763
002075.png,1.0000004,train_02208
002076.png,1.0000002,train_04217
002077.png,0.9999999,train_02469
002078.png,1.0000001,train_06852
002079.png,1.0000001,train_08010
002080.png,1.0000001,train_03205
002081.png,1.0,train_07758
002082.png,1.0000002,train_03844
002083.png,0.9999999,train_07679
002084.png,1.0,train_06419
002085.png,0.9999999,train_07573
002086.png,1.0000002,train_02994
002087.png,1.0000001,train_02373
002088.png,0.9999999,train_06505
002089.png,1.0,train_04265
002090.png,1.0,train_06417
002091.png,0.9999999,train_07107
002092.png,1.0000001,train_07476
002093.png,1.0000002,train_06234
002094.png,1.0,train_05859
002095.png,1.0000001,train_05283
002096.png,1.0000002,train_01106
002097.png,1.0,train_07867
002098.png,1.0,train_00583
002099.png,1.0000001,train_01315
002100.png,1.0000005,train_03213
002101.png,1.0,train_02474
002102.png,0.9999999,train_06553
002103.png,1.0000001,train_02482
002104.png,1.0000001,train_03323
002105.png,1.0000002,train_00202
002106.png,1.0000001,train_04571
002107.png,0.9999998,train_01534
002108.png,1.0,train_07556
002109.png,1.0000001,train_02948
002110.png,1.0,train_01475
002111.png,1.0,train_05465
002112.png,0.9999999,train_03947
002113.png,0.99999994,train_06012
002114.png,0.9999999,train_01762
002115.png,1.0,train_06444
002116.png,1.0000002,train_06540
002117.png,1.0,train_01974
002118.png,1.0000002,train_01980
002119.png,1.0,train_02730
002120.png,1.0,train_01200
002121.png,1.0,train_04945
002122.png,1.0000002,train_01885
002123.png,0.9999999,train_07740
002124.png,1.0000001,train_00746
002125.png,1.0,train_01757
002126.png,0.9999996,train_02928
002127.png,0.9999999,train_07568
002128.png,0.9999999,train_00403
002129.png,1.0,train_05099
002130.png,1.0000001,train_03592
002131.png,1.0000001,train_02778
002132.png,1.0,train_05625
002133.png,1.0000001,train_07958
002134.png,1.0000001,train_00674
002135.png,0.99999976,train_05464
002136.png,1.0000002,train_06018
002137.png,0.99999994,train_00530
002138.png,1.0000004,train_02114
002139.png,0.9999998,train_01738
002140.png,0.99999976,train_04311
002141.png,0.9999999,train_01183
002142.png,0.99999976,train_03315
002143.png,1.0000004,train_03580
002144.png,1.0,train_05408
002145.png,0.9999999,train_04249
002146.png,1.0000002,train_00610
002147.png,0.99999976,train_06343
002148.png,1.0000001,train_05958
002149.png,0.99999976,train_06044
002150.png,1.0000002,train_06912
002151.png,1.0000005,train_00142
002152.png,1.0000001,train_07100
002153.png,1.0000002,train_00878
002154.png,1.0,train_02196
002155.png,1.0,train_07956
002156.png,1.0000004,train_03429
002157.png,1.0,train_01436
002158.png,1.0,train_07142
002159.png,1.0000001,train_01707
002160.png,0.99999994,train_02751
002161.png,0.99999976,train_04190
002162.png,1.0000002,train_05647
002163.png,1.0,train_06320
002164.png,1.0000001,train_05738
002165.png,1.0,train_00330
002166.png,1.0000002,train_06076
002167.png,0.99999994,train_05782
002168.png,1.0000001,train_06267
002169.png,0.99999976,train_00319
002170.png,1.0000001,train_03471
002171.png,1.0000001,train_05996
002172.png,1.0000002,train_03974
002173.png,1.0000001,train_06979
002174.png,0.9999999,train_06322
002175.png,0.9999999,train_01686
002176.png,0.9999998,train_02050
002177.png,1.0000001,train_00670
002178.png,1.0000001,train_08066
002179.png,1.0000002,train_07548
002180.png,1.0,train_03140
002181.png,0.9999999,train_04451
002182.png,1.0000002,train_00964
002183.png,1.0000004,train_02975
002184.png,1.0,train_00273
002185.png,0.99999994,train_05482
002186.png,0.99999994,train_04538
002187.png,1.0000001,train_04462
002188.png,0.9999999,train_05657
002189.png,1.0000001,train_07507
002190.png,1.0000002,train_00202
002191.png,1.0000004,train_04211
002192.png,1.0,train_04666
002193.png,1.0000001,train_03255
002194.png,0.9999999,train_06571
002195.png,0.99999976,train_06641
002196.png,1.0000001,train_07035
002197.png,0.99999994,train_01583
002198.png,1.0,train_07023
002199.png,1.0,train_07182
002200.png,0.9999998,train_01511
002201.png,0.9999999,train_05369
002202.png,1.0000002,train_04323
002203.png,1.0000002,train_00634
002204.png,1.0,train_03683
002205.png,0.9999999,train_04388
002206.png,0.99999994,train_05570
002207.png,1.0000002,train_04657
002208.png,0.99999994,train_04975
002209.png,1.0,train_04834
002210.png,1.0,train_05222
002211.png,1.0,train_03374
002212.png,1.0000001,train_03338
002213.png,1.0000004,train_05403
002214.png,1.0000002,train_02452
002215.png,1.0,train_07317
002216.png,0.9999999,train_04495
002217.png,1.0,train_06317
002218.png,1.0000001,train_07882
002219.png,1.0000001,train_00394
002220.png,0.9999999,train_04727
002221.png,1.0000002,train_05478
002222.png,1.0,train_03200
002223.png,1.0,train_03219
002224.png,1.0,train_00292
002225.png,1.0000002,train_07961
002226.png,1.0,train_02499
002227.png,1.0000004,train_03402
002228.png,1.0000004,train_03242
002229.png,1.0000002,train_02800
002230.png,1.0000001,train_05108
002231.png,1.0,train_01596
002232.png,0.9999999,train_04374
002233.png,1.0,train_04886
002234.png,0.99999994,train_05353
002235.png,1.0000005,train_07459
002236.png,1.0,train_06508
002237.png,1.0000002,train_05481
002238.png,1.0000001,train_07290
002239.png,1.0000002,train_03198
002240.png,1.0000001,train_02337
002241.png,0.9999999,train_08073
002242.png,0.99999976,train_05735
002243.png,0.99999976,train_06324
002244.png,1.0000002,train_02446
002245.png,1.0000002,train_07164
002246.png,1.0000001,train_02425
002247.png,0.99999976,train_05987
002248.png,1.0000001,train_01006
002249.png,1.0,train_01587
002250.png,1.0000001,train_00175
002251.png,0.9999999,train_05913
002252.png,0.9999999,train_06565
002253.png,0.99999976,train_05203
002254.png,1.0000002,train_00965
002255.png,1.0000001,train_03529
002256.png,1.0000002,train_01176
002257.png,1.0000005,train_05083
002258.png,1.0000002,train_06354
002259.png,0.9999998,train_06742
002260.png,1.0,train_03563
002261.png,1.0000002,train_03148
002262.png,1.0,train_04976
002263.png,1.0,train_03731
002264.png,0.9999999,train_02533
002265.png,1.0000001,train_02266
002266.png,0.9999999,train_06423
002267.png,1.0000002,train_02965
002268.png,1.0000004,train_05491
002269.png,1.0000001,train_07819
002270.png,0.9999998,train_06742
002271.png,1.0000002,train_01865
002272.png,1.0000002,train_02059
002273.png,1.0000001,train_06570
002274.png,1.0,train_03373
002275.png,1.0,train_00326
002276.png,1.0000001,train_00874
002277.png,0.99999994,train_04942
002278.png,1.0000001,train_01732
002279.png,1.0000002,train_04465
002280.png,1.0000002,train_03722
002281.png,1.0,train_03084
002282.png,1.0000002,train_01166
002283.png,1.0,train_03650
002284.png,1.0,train_06962
002285.png,0.9999998,train_02246
002286.png,1.0,train_05831
002287.png,1.0000005,train_00169
002288.png,1.0000001,train_06250
002289.png,1.0000001,train_04501
002290.png,1.0,train_02324
002291.png,0.99999994,train_04390
002292.png,1.0000002,train_00702
002293.png,1.0,train_00058
002294.png,0.9999999,train_02118
002295.png,1.0000002,train_02574
002296.png,0.99999994,train_07544
002297.png,1.0,train_05665
002298.png,1.0,train_06495
002299.png,0.99999994,train_07204
002300.png,1.0,train_06863
002301.png,1.0000001,train_00364
002302.png,1.0000001,train_05703
002303.png,1.0000002,train_06893
002304.png,1.0000002,train_01980
002305.png,1.0000001,train_00835
002306.png,0.99999994,train_07788
002307.png,1.0000001,train_01644
002308.png,0.99999994,train_02542
002309.png,0.99999994,train_05096
002310.png,1.0,train_07073
002311.png,1.0000004,train_06537
002312.png,1.0,train_03453
002313.png,1.0000001,train_02624
002314.png,1.0,train_00058
002315.png,1.0,train_00914
002316.png,0.9999999,train_06826
002317.png,1.0000001,train_05856
002318.png,1.0,train_05207
002319.png,1.0000002,train_01615
002320.png,1.0000001,train_03301
002321.png,0.99999976,train_02038
002322.png,1.0,train_01984
002323.png,0.9999998,train_07117
002324.png,0.99999976,train_06333
002325.png,1.0,train_05677
002326.png,1.0000001,train_06347
002327.png,1.0000001,train_03503
002328.png,1.0,train_01501
002329.png,0.9999998,train_07014
002330.png,1.0000001,train_00175
002331.png,1.0,train_06771
002332.png,0.9999999,train_01263
002333.png,1.0000002,train_05342
002334.png,0.99999976,train_07937
002335.png,1.0,train_03177
002336.png,1.0000002,train_02154
002337.png,1.0000001,train_06442
002338.png,1.0,train_00347
002339.png,1.0,train_05916
002340.png,1.0000001,train_03688
002341.png,1.0000002,train_07042
002342.png,0.9999999,train_05300
002343.png,1.0,train_06901
002344.png,1.0,train_07669
002345.png,0.99999976,train_04724
002346.png,1.0,train_05634
002347.png,0.9999997,train_05709
002348.png,1.0,train_05890
002349.png,1.0000002,train_02619
002350.png,1.0000001,train_06316
002351.png,1.0,train_01144
002352.png,1.0000001,train_03388
002353.png,0.99999994,train_00343
002354.png,1.0,train_05828
002355.png,1.0,train_07057
002356.png,1.0,train_04767
002357.png,0.9999999,train_02552
002358.png,0.9999998,train_06278
002359.png,1.0,train_03792
002360.png,1.0,train_07286
002361.png,0.9999999,train_04480
002362.png,1.0,train_07079
002363.png,1.0000005,train_03421
002364.png,1.0,train_07588
002365.png,0.9999999,train_06992
002366.png,1.0000002,train_02018
002367.png,1.0,train_07770
002368.png,1.0000002,train_03444
002369.png,1.0000001,train_06552
002370.png,1.0000002,train_02808
002371.png,1.0,train_06261
002372.png,1.0,train_02500
002373.png,1.0000001,train_06294
002374.png,1.0000002,train_03880
002375.png,1.0,train_00367
002376.png,0.99999994,train_02383
002377.png,1.0000002,train_02685
002378.png,1.0000001,train_06994
002379.png,1.0,train_03792
002380.png,1.0,train_00868
002381.png,0.99999994,train_00890
002382.png,1.0,train_04315
002383.png,1.0000002,train_02194
002384.png,0.99999994,train_00493
002385.png,1.0,train_02599
002386.png,1.0,train_04893
002387.png,1.0000002,train_01243
002388.png,0.99999994,train_04721
002389.png,1.0000002,train_06964
002390.png,0.99999994,train_06754
002391.png,1.0000002,train_01022
002392.png,1.0,train_05298
002393.png,0.9999998,train_01738
002394.png,0.9999998,train_07036
002395.png,0.9999999,train_04973
002396.png,0.99999976,train_03308
002397.png,1.0000001,train_05918
002398.png,0.99999976,train_06790
002399.png,1.0,train_06254
002400.png,1.0000002,train_07015
002401.png,1.0000001,train_07550
002402.png,1.0,train_02273
002403.png,1.0000001,train_06411
002404.png,0.9999999,train_06571
002405.png,1.0000002,train_06699
002406.png,1.0000004,train_06352
002407.png,0.9999998,train_02911
002408.png,1.0000002,train_03887
002409.png,1.0,train_01760
002410.png,1.0000002,train_06154
002411.png,0.9999997,train_07590
002412.png,1.0000002,train_06259
002413.png,1.0,train_07690
002414.png,1.0,train_01652
002415.png,1.0000001,train_01006
002416.png,1.0,train_03517
002417.png,0.99999976,train_03520
002418.png,1.0,train_06368
002419.png,1.0000002,train_01106
002420.png,0.99999976,train_03939
002421.png,1.0,train_06064
002422.png,0.99999994,train_02181
002423.png,0.9999999,train_00591
002424.png,0.9999999,train_00844
002425.png,1.0,train_00459
002426.png,1.0000001,train_01978
002427.png,1.0,train_07479
002428.png,0.9999999,train_05259
002429.png,1.0000002,train_00738
002430.png,1.0000002,train_00012
002431.png,1.0000001,train_05031
002432.png,1.0,train_04999
002433.png,1.0,train_01337
002434.png,0.9999999,train_07787
002435.png,1.0000001,train_02728
002436.png,1.0000002,train_06456
002437.png,1.0,train_00362
002438.png,1.0000001,train_02878
002439.png,1.0000002,train_06216
002440.png,0.9999999,train_03477
002441.png,0.99999994,train_00126
002442.png,0.99999976,train_07776
002443.png,1.0,train_04058
002444.png,1.0000001,train_02353
002445.png,0.99999994,train_06032
002446.png,1.0,train_05298
002447.png,1.0,train_03124
002448.png,1.0000002,train_03268
002449.png,0.9999999,train_01403
002450.png,1.0000002,train_03647
002451.png,0.9999999,train_02017
002452.png,1.0,train_00601
002453.png,1.0,train_08092
002454.png,1.0000004,train_02504
002455.png,1.0000002,train_04594
002456.png,1.0,train_03528
002457.png,0.9999999,train_03908
002458.png,1.0000002,train_05327
002459.png,1.0000001,train_07084
002460.png,0.99999976,train_00351
002461.png,1.0000001,train_00492
002462.png,1.0,train_02103
002463.png,1.0,train_04771
002464.png,1.0000005,train_02527
002465.png,0.99999976,train_02733
002466.png,1.0000002,train_00603
002467.png,1.0000001,train_03990
002468.png,1.0000002,train_05510
002469.png,0.9999999,train_04112
002470.png,1.0,train_06815
002471.png,0.9999998,train_04292
002472.png,1.0000002,train_06913
002473.png,1.0,train_05805
002474.png,1.0000001,train_03506
002475.png,0.9999999,train_07052
002476.png,1.0000002,train_07549
002477.png,0.9999999,train_03832
002478.png,1.0000001,train_05944
002479.png,1.0000002,train_05328
002480.png,1.0000004,train_06808
002481.png,0.99999994,train_07929
002482.png,1.0,train_06409
002483.png,1.0000004,train_06800
002484.png,1.0000002,train_00662
002485.png,0.9999999,train_06838
002486.png,1.0000001,train_05434
002487.png,1.0,train_06747
002488.png,1.0000001,train_02746
002489.png,1.0,train_05545
002490.png,1.0000002,train_07043
002491.png,1.0,train_02676
002492.png,1.0000002,train_06106
002493.png,1.0,train_01844
002494.png,0.9999999,train_02511
002495.png,1.0000002,train_01465
002496.png,0.99999976,train_05603
002497.png,0.99999976,train_06279
002498.png,1.0000001,train_01030
002499.png,1.0000002,train_05216
002500.png,1.0000002,train_04151
002501.png,1.0000002,train_03741
002502.png,1.0000001,train_01957
002503.png,0.9999998,train_05348
002504.png,0.9999999,train_07735
002505.png,1.0000001,train_06994
002506.png,1.0000004,train_01819
002507.png,1.0000002,train_06121
002508.png,1.0000002,train_04259
002509.png,1.0000001,train_04416
002510.png,0.9999999,train_00354
002511.png,1.0,train_04897
002512.png,1.0000001,train_02247
002513.png,1.0000001,train_07893
002514.png,0.9999999,train_06319
002515.png,0.9999999,train_08108
002516.png,1.0000002,train_05921
002517.png,0.99999976,train_05399
002518.png,1.0000002,train_00315
002519.png,1.0,train_03129
002520.png,0.99999976,train_00932
002521.png,1.0000002,train_02808
002522.png,0.9999999,train_03572
002523.png,1.0000002,train_01258
002524.png,0.9999999,train_06107
002525.png,1.0,train_03753
002526.png,1.0000005,train_08001
002527.png,1.0000001,train_00823
002528.png,1.0000001,train_03338
002529.png,1.0,train_02658
002530.png,1.0,train_05495
002531.png,1.0,train_07710
002532.png,1.0000001,train_07970
002533.png,1.0000002,train_03130
002534.png,1.0000002,train_01385
002535.png,1.0000001,train_06341
002536.png,1.0,train_07999
002537.png,0.99999976,train_07615
002538.png,1.0000001,train_02516
002539.png,1.0,train_04372
002540.png,1.0,train_04748
002541.png,1.0,train_00857
002542.png,1.0000001,train_04317
002543.png,1.0000005,train_07168
002544.png,1.0000004,train_02724
002545.png,1.0,train_00388
002546.png,1.0000004,train_06968
002547.png,1.0,train_00747
002548.png,1.0000004,train_03061
002549.png,1.0000005,train_03421
002550.png,0.9999998,train_07253
002551.png,1.0000002,train_02275
002552.png,1.0000002,train_05091
002553.png,0.9999999,train_03434
002554.png,1.0,train_06492
002555.png,1.0000001,train_04887
002556.png,1.0,train_06240
002557.png,0.9999998,train_05950
002558.png,0.99999976,train_04709
002559.png,0.9999998,train_07074
002560.png,1.0,train_08137
002561.png,1.0000002,train_02863
002562.png,1.0000005,train_04967
002563.png,1.0000002,train_03875
002564.png,0.9999997,train_06273
002565.png,1.0000002,train_05451
002566.png,0.9999999,train_07729
002567.png,0.99999964,train_01216
002568.png,1.0,train_00080
002569.png,1.0000002,train_03464
002570.png,0.9999999,train_00522
002571.png,0.99999976,train_02192
002572.png,1.0000001,train_04244
002573.png,1.0000001,train_07011
002574.png,1.0,train_04641
002575.png,1.0000004,train_03763
002576.png,1.0,train_00188
002577.png,0.9999999,train_03501
002578.png,0.99999994,train_04800
002579.png,0.99999994,train_00680
002580.png,1.0000002,train_06305
002581.png,1.0,train_00290
002582.png,1.0000001,train_06267
002583.png,0.99999994,train_00530
002584.png,1.0000004,train_00556
002585.png,1.0000001,train_05935
002586.png,0.99999976,train_02367
002587.png,1.0,train_03445
002588.png,1.0000001,train_00425
002589.png,1.0000002,train_03701
002590.png,0.99999994,train_01513
002591.png,0.9999999,train_06903
002592.png,0.9999999,train_04688
002593.png,1.0000002,train_07120
002594.png,0.99999994,train_05233
002595.png,1.0000001,train_04619
002596.png,1.0000002,train_03963
002597.png,1.0000001,train_01998
002598.png,1.0,train_07588
002599.png,1.0,train_07337
002600.png,1.0000002,train_00575
002601.png,0.99999976,train_07967
002602.png,1.0000001,train_03843
002603.png,0.99999994,train_07845
002604.png,1.0000002,train_07685
002605.png,1.0000002,train_05783
002606.png,0.9999999,train_01946
002607.png,1.0000001,train_01576
002608.png,0.99999964,train_05173
002609.png,1.0000001,train_01128
002610.png,1.0,train_07245
002611.png,1.0,train_00267
002612.png,1.0000004,train_06128
002613.png,1.0000001,train_00303
002614.png,1.0,train_02768
002615.png,1.0000001,train_02891
002616.png,1.0,train_07880
002617.png,1.0000004,train_05595
002618.png,1.0000001,train_03404
002619.png,0.99999976,train_04684
002620.png,1.0,train_03418
002621.png,0.9999999,train_07145
002622.png,0.99999976,train_05123
002623.png,1.0,train_03888
002624.png,0.99999976,train_01635
002625.png,0.9999999,train_04307
002626.png,1.0,train_06958
002627.png,0.9999998,train_08044
002628.png,1.0,train_02674
002629.png,1.0000004,train_02384
002630.png,0.9999999,train_05441
002631.png,1.0000004,train_05598
002632.png,1.0000002,train_01491
002633.png,1.0,train_04578
002634.png,1.0,train_01052
002635.png,1.0,train_02493
002636.png,1.0,train_00170
002637.png,1.0,train_01072
002638.png,0.9999998,train_06209
002639.png,1.0000001,train_06943
002640.png,1.0000001,train_00303
002641.png,1.0,train_02966
002642.png,1.0,train_04346
002643.png,1.0000001,train_00504
002644.png,1.0,train_06653
002645.png,1.0000002,train_00641
002646.png,1.0000002,train_02986
002647.png,1.0,train_00554
002648.png,1.0000005,train_06999
002649.png,0.99999976,train_05203
002650.png,0.9999999,train_07304
002651.png,0.9999999,train_06596
002652.png,1.0000001,train_03433
002653.png,1.0,train_05149
002654.png,0.9999998,train_07868
002655.png,0.9999999,train_05942
002656.png,1.0,train_04011
002657.png,0.9999999,train_00572
002658.png,1.0,train_02673
002659.png,0.99999964,train_03020
002660.png,0.99999994,train_03869
002661.png,1.0,train_04930
002662.png,1.0,train_06409
002663.png,1.0,train_03418
002664.png,0.9999999,train_01330
002665.png,1.0000002,train_07561
002666.png,0.99999994,train_07695
002667.png,0.9999998,train_03186
002668.png,1.0000002,train_03911
002669.png,1.0,train_05768
002670.png,1.0,train_06588
002671.png,0.9999999,train_00913
002672.png,0.99999994,train_06086
002673.png,1.0,train_04976
002674.png,0.9999999,train_04507
002675.png,1.0000001,train_03952
002676.png,1.0,train_04023
002677.png,1.0,train_01295
002678.png,1.0000002,train_01254
002679.png,0.99999994,train_07311
002680.png,1.0000004,train_01103
002681.png,0.9999999,train_05604
002682.png,0.9999999,train_07304
002683.png,0.9999998,train_03270
002684.png,1.0000002,train_05092
002685.png,1.0000001,train_03862
002686.png,1.0000001,train_03907
002687.png,1.0000002,train_07913
002688.png,1.0,train_07956
002689.png,1.0000001,train_05596
002690.png,0.9999999,train_07405
002691.png,1.0,train_00187
002692.png,1.0000004,train_01988
002693.png,1.0000001,train_04730
002694.png,1.0000001,train_01350
002695.png,0.9999999,train_06812
002696.png,0.99999994,train_06670
002697.png,1.0000001,train_05670
002698.png,1.0000004,train_00736
002699.png,1.0,train_00621
002700.png,1.0,train_06152
002701.png,0.99999976,train_06882
002702.png,1.0,train_03044
002703.png,0.9999999,train_05601
002704.png,1.0,train_05355
002705.png,1.0,train_06426
002706.png,0.9999999,train_08097
002707.png,1.0000005,train_06664
002708.png,1.0000001,train_02699
002709.png,0.9999999,train_01183
002710.png,1.0,train_03767
002711.png,0.9999998,train_01534
002712.png,1.0000001,train_04569
002713.png,1.0000001,train_02373
002714.png,1.0,train_00915
002715.png,1.0,train_05532
002716.png,1.0000001,train_03323
002717.png,1.0,train_07104
002718.png,0.9999999,train_05863
002719.png,1.0,train_01575
002720.png,1.0,train_00213
002721.png,0.9999999,train_04341
002722.png,1.0000001,train_02570
002723.png,1.0000002,train_06131
002724.png,0.99999994,train_04215
002725.png,0.9999996,train_07188
002726.png,0.9999999,train_02160
002727.png,1.0000001,train_03396
002728.png,1.0000002,train_05008
002729.png,1.0,train_04764
002730.png,0.99999994,train_06754
002731.png,0.9999999,train_06647
002732.png,0.99999976,train_05464
002733.png,1.0,train_04372
002734.png,1.0000001,train_07004
002735.png,1.0,train_04837
002736.png,1.0000002,train_06358
002737.png,1.0000002,train_07058
002738.png,0.99999964,train_00908
002739.png,0.9999999,train_04422
002740.png,1.0000001,train_07314
002741.png,1.0,train_01371
002742.png,0.99999976,train_04490
002743.png,1.0000001,train_05911
002744.png,0.9999999,train_00052
002745.png,0.9999997,train_00623
002746.png,0.99999976,train_02393
002747.png,0.9999999,train_04387
002748.png,0.9999998,train_01309
002749.png,0.9999999,train_06429
002750.png,1.0,train_04832
002751.png,1.0000001,train_00157
002752.png,0.99999976,train_02490
002753.png,1.0,train_05666
002754.png,0.9999999,train_04895
002755.png,0.99999994,train_05522
002756.png,0.9999999,train_06632
002757.png,0.9999999,train_06928
002758.png,0.9999999,train_01316
002759.png,1.0000001,train_05507
002760.png,1.0,train_02304
002761.png,1.0000002,train_00519
002762.png,0.99999994,train_02350
002763.png,1.0000001,train_07206
002764.png,0.9999999,train_03357
002765.png,1.0000002,train_04051
002766.png,1.0,train_01864
002767.png,0.9999999,train_03999
002768.png,0.9999998,train_06633
002769.png,1.0,train_03235
002770.png,0.99999994,train_05278
002771.png,0.99999976,train_04397
002772.png,1.0,train_05298
002773.png,0.9999999,train_02346
002774.png,1.0000002,train_02343
002775.png,0.99999976,train_00259
002776.png,1.0000002,train_06620
002777.png,0.9999999,train_00523
002778.png,1.0000002,train_05619
002779.png,1.0000004,train_03763
002780.png,1.0,train_04598
002781.png,1.0,train_06484
002782.png,0.9999999,train_05661
002783.png,1.0000001,train_05718
002784.png,1.0000002,train_03171
002785.png,1.0000004,train_02006
002786.png,1.0,train_07331
002787.png,1.0000002,train_08016
002788.png,0.99999994,train_07342
002789.png,0.99999994,train_01876
002790.png,1.0,train_02339
002791.png,0.99999994,train_02350
002792.png,0.9999998,train_01916
002793.png,1.0,train_02839
002794.png,1.0000002,train_03991
002795.png,1.0,train_07147
002796.png,1.0000004,train_05205
002797.png,0.9999999,train_03442
002798.png,1.0000002,train_02008
002799.png,0.9999999,train_05903
002800.png,1.0000001,train_07947
002801.png,1.0000004,train_07307
002802.png,0.99999994,train_05984
002803.png,1.0000002,train_00163
002804.png,1.0000001,train_07428
002805.png,1.0000002,train_05312
002806.png,0.9999999,train_04471
002807.png,1.0000002,train_05182
002808.png,1.0,train_06996
002809.png,1.0,train_07136
002810.png,0.9999999,train_00668
002811.png,1.0,train_07909
002812.png,0.99999994,train_06669
002813.png,1.0,train_02902
002814.png,0.99999964,train_07571
002815.png,1.0,train_04768
002816.png,1.0,train_03124
002817.png,1.0000002,train_07692
002818.png,0.9999999,train_02935
002819.png,0.99999994,train_07518
002820.png,0.99999976,train_04406
002821.png,1.0000001,train_04306
002822.png,0.99999976,train_05987
002823.png,1.0,train_07427
002824.png,1.0,train_00547
002825.png,1.0000002,train_04657
002826.png,1.0000002,train_03555
002827.png,1.0,train_03159
002828.png,1.0000001,train_05670
002829.png,0.99999976,train_02885
002830.png,0.9999999,train_00404
002831.png,1.0000001,train_07132
002832.png,1.0,train_05588
002833.png,1.0000001,train_06654
002834.png,1.0000001,train_05315
002835.png,0.9999999,train_04451
002836.png,0.99999994,train_02873
002837.png,1.0000001,train_06555
002838.png,0.9999999,train_07732
002839.png,0.99999994,train_04703
002840.png,1.0,train_05995
002841.png,1.0,train_06924
002842.png,1.0000002,train_07098
002843.png,0.9999999,train_00714
002844.png,1.0000001,train_06318
002845.png,1.0000001,train_07968
002846.png,1.0,train_06953
002847.png,1.0000001,train_05322
002848.png,1.0000001,train_04101
002849.png,0.9999998,train_00794
002850.png,0.9999998,train_05088
002851.png,1.0,train_02879
002852.png,0.99999976,train_04691
002853.png,1.0000002,train_07231
002854.png,1.0000001,train_01412
002855.png,1.0000002,train_01814
002856.png,0.9999998,train_05514
002857.png,0.99999976,train_05090
002858.png,1.0000002,train_02224
002859.png,1.0000002,train_06066
002860.png,1.0000002,train_00136
002861.png,0.9999999,train_05425
002862.png,1.0,train_02254
002863.png,1.0000002,train_06468
002864.png,1.0,train_03092
002865.png,1.0000001,train_05918
002866.png,1.0,train_04019
002867.png,1.0000001,train_00865
002868.png,1.0000001,train_01644
002869.png,1.0000002,train_05170
002870.png,0.99999994,train_06649
002871.png,0.9999999,train_06982
002872.png,1.0000001,train_05764
002873.png,1.0,train_05061
002874.png,1.0000001,train_04769
002875.png,1.0000002,train_07548
002876.png,1.0000001,train_00488
002877.png,0.9999997,train_03342
002878.png,0.9999999,train_02931
002879.png,1.0,train_05516
002880.png,1.0000002,train_03874
002881.png,1.0000001,train_05448
002882.png,1.0,train_00863
002883.png,0.99999994,train_05213
002884.png,1.0000001,train_04890
002885.png,1.0,train_05132
002886.png,0.99999994,train_07805
002887.png,1.0,train_01231
002888.png,1.0000001,train_06427
002889.png,0.99999994,train_01514
002890.png,1.0000001,train_02329
002891.png,0.9999999,train_00403
002892.png,1.0,train_07397
002893.png,0.9999999,train_07246
002894.png,1.0000002,train_08076
002895.png,1.0000001,train_01347
002896.png,1.0,train_05541
002897.png,1.0000002,train_01504
002898.png,0.9999999,train_08070
002899.png,1.0,train_01184
002900.png,1.0,train_01370
002901.png,1.0,train_01430
002902.png,0.99999994,train_07412
002903.png,0.9999997,train_03064
002904.png,1.0,train_06579
002905.png,1.0,train_02280
002906.png,1.0000002,train_04407
002907.png,1.0000001,train_06600
002908.png,1.0000004,train_05569
002909.png,1.0000001,train_02736
002910.png,1.0000005,train_05979
002911.png,1.0000002,train_03070
002912.png,0.99999976,train_06404
002913.png,1.0000002,train_06487
002914.png,1.0000002,train_03959
002915.png,0.9999999,train_00167
002916.png,1.0,train_07023
002917.png,1.0000002,train_05702
002918.png,1.0000004,train_00891
002919.png,0.9999999,train_02881
002920.png,1.0,train_01959
002921.png,1.0000001,train_02283
002922.png,1.0,train_00362
002923.png,1.0,train_07853
002924.png,1.0000002,train_06079
002925.png,0.9999999,train_07577
002926.png,1.0000004,train_05110
002927.png,1.0000002,train_01892
002928.png,0.9999998,train_01534
002929.png,1.0000001,train_06457
002930.png,1.0,train_03729
002931.png,0.9999999,train_03290
002932.png,1.0000001,train_06783
002933.png,1.0000001,train_01576
002934.png,0.9999999,train_03313
002935.png,1.0,train_01599
002936.png,0.9999999,train_06865
002937.png,1.0,train_06756
002938.png,0.99999994,train_00297
002939.png,1.0,train_00638
002940.png,1.0000002,train_04888
002941.png,1.0000002,train_07343
002942.png,1.0,train_02620
002943.png,0.9999999,train_07740
002944.png,0.9999999,train_04541
002945.png,1.0000001,train_04252
002946.png,1.0,train_06827
002947.png,0.99999994,train_01417
002948.png,0.99999976,train_00133
002949.png,1.0,train_05294
002950.png,1.0,train_02822
002951.png,0.9999999,train_04970
002952.png,0.9999999,train_06770
002953.png,1.0000002,train_03011
002954.png,1.0000004,train_07644
002955.png,1.0000002,train_04441
002956.png,1.0000002,train_07813
002957.png,1.0000001,train_02857
002958.png,1.0,train_02796
002959.png,0.9999998,train_03821
002960.png,1.0000004,train_03286
002961.png,1.0,train_01783
002962.png,1.0000001,train_05899
002963.png,1.0000002,train_01902
002964.png,0.9999999,train_00584
002965.png,1.0000001,train_00865
002966.png,1.0000002,train_00598
002967.png,1.0000001,train_08142
002968.png,1.0,train_04042
002969.png,1.0000001,train_00981
002970.png,0.9999999,train_07573
002971.png,0.99999976,train_06404
002972.png,1.0000004,train_06238
002973.png,1.0000002,train_01712
002974.png,1.0,train_02252
002975.png,0.99999976,train_01406
002976.png,1.0,train_06317
002977.png,1.0000001,train_07835
002978.png,1.0000002,train_04413
002979.png,0.9999999,train_02600
002980.png,1.0000002,train_06867
002981.png,1.0000002,train_02649
002982.png,1.0000002,train_05619
002983.png,0.9999999,train_01747
002984.png,1.0000001,train_00533
002985.png,1.0000002,train_07121
002986.png,1.0000001,train_05940
002987.png,0.99999976,train_01192
002988.png,1.0000001,train_00453
002989.png,1.0000001,train_07893
002990.png,0.9999998,train_05950
002991.png,1.0000002,train_02389
002992.png,0.99999976,train_04377
002993.png,1.0,train_02740
002994.png,1.0000001,train_05430
002995.png,1.0,train_06827
002996.png,1.0,train_01701
002997.png,1.0000002,train_02559
002998.png,1.0000001,train_03961
002999.png,1.0,train_04693
003000.png,1.0000002,train_06208
003001.png,1.0000004,train_00174
003002.png,0.9999998,train_07975
003003.png,1.0000001,train_05790
003004.png,1.0000001,train_07574
003005.png,1.0,train_03992
003006.png,0.99999976,train_07937
003007.png,0.9999998,train_03186
003008.png,1.0000002,train_05087
003009.png,1.0000002,train_06034
003010.png,1.0,train_02410
003011.png,1.0,train_06186
003012.png,1.0000004,train_07218
003013.png,1.0,train_04179
003014.png,1.0,train_06815
003015.png,1.0000002,train_06106
003016.png,1.0,train_02199
003017.png,1.0000002,train_04259
003018.png,1.0000001,train_01484
003019.png,1.0,train_02047
003020.png,1.0,train_03124
003021.png,0.99999976,train_03308
003022.png,1.0,train_05100
003023.png,1.0,train_04744
003024.png,0.9999998,train_06061
003025.png,1.0000001,train_06384
003026.png,1.0,train_05220
003027.png,1.0000002,train_06034
003028.png,1.0,train_04705
003029.png,1.0,train_04602
003030.png,1.0000004,train_00458
003031.png,0.9999999,train_02591
003032.png,0.9999997,train_05400
003033.png,1.0000002,train_02554
003034.png,0.99999994,train_05968
003035.png,1.0000002,train_02009
003036.png,1.0000001,train_06286
003037.png,1.0,train_01729
003038.png,0.9999999,train_04874
003039.png,0.99999976,train_06948
003040.png,1.0,train_04209
003041.png,1.0,train_04837
003042.png,1.0000001,train_02201
003043.png,0.9999999,train_05682
003044.png,0.99999994,train_04632
003045.png,0.9999999,train_05477
003046.png,1.0,train_04587
003047.png,1.0000001,train_00364
003048.png,1.0000001,train_00605
003049.png,1.0000004,train_04000
003050.png,0.9999999,train_07676
003051.png,0.99999994,train_02794
003052.png,0.9999998,train_06420
003053.png,0.9999999,train_04872
003054.png,1.0000001,train_04504
003055.png,1.0000002,train_08005
003056.png,1.0,train_06760
003057.png,1.0000001,train_00509
003058.png,0.9999999,train_03999
003059.png,1.0,train_00462
003060.png,1.0000001,train_05368
003061.png,0.99999994,train_07040
003062.png,1.0000001,train_01803
003063.png,0.9999998,train_05950
003064.png,0.99999994,train_03440
003065.png,1.0000001,train_00902
003066.png,1.0000001,train_01472
003067.png,1.0000002,train_01289
003068.png,1.0000001,train_02861
003069.png,1.0,train_01340
003070.png,1.0000002,train_07850
003071.png,1.0000002,train_03644
003072.png,1.0000002,train_07328
003073.png,1.0000002,train_00466
003074.png,1.0000001,train_05610
003075.png,1.0,train_08061
003076.png,1.0000004,train_06968
003077.png,1.0,train_07739
003078.png,1.0,train_07928
003079.png,1.0,train_00506
003080.png,1.0000002,train_05268
003081.png,0.9999998,train_01224
003082.png,0.9999999,train_02731
003083.png,1.0,train_07093
003084.png,1.0000001,train_03086
003085.png,1.0,train_01121
003086.png,1.0,train_01820
003087.png,0.9999999,train_05033
003088.png,1.0000002,train_03694
003089.png,1.0000004,train_05407
003090.png,1.0,train_06482
003091.png,1.0,train_03183
003092.png,1.0000001,train_04937
003093.png,1.0000002,train_03314
003094.png,1.0000002,train_00510
003095.png,1.0000001,train_00958
003096.png,1.0,train_01829
003097.png,1.0000004,train_00736
003098.png,1.0,train_02305
003099.png,1.0000002,train_03669
003100.png,0.99999976,train_04294
003101.png,1.0,train_03729
003102.png,1.0000002,train_03391
003103.png,0.99999976,train_02912
003104.png,1.0000001,train_07738
003105.png,1.0,train_00239
003106.png,1.0000002,train_01075
003107.png,1.0000002,train_01051
003108.png,1.0,train_04446
003109.png,1.0,train_05602
003110.png,1.0,train_04837
003111.png,1.0,train_05063
003112.png,0.99999994,train_04900
003113.png,0.99999976,train_03824
003114.png,1.0,train_02659
003115.png,1.0,train_03614
003116.png,0.99999976,train_07959
003117.png,0.9999999,train_01948
003118.png,0.99999976,train_06763
003119.png,1.0,train_00391
003120.png,0.9999999,train_00972
003121.png,1.0000001,train_04150
003122.png,1.0000001,train_06759
003123.png,1.0000001,train_02827
003124.png,1.0,train_07136
003125.png,0.9999999,train_03482
003126.png,1.0,train_07797
003127.png,1.0,train_04126
003128.png,1.0000002,train_06049
003129.png,1.0,train_00239
003130.png,1.0,train_00719
003131.png,1.0000002,train_07352
003132.png,1.0000004,train_00073
003133.png,1.0000004,train_01158
003134.png,1.0000001,train_03137
003135.png,1.0,train_00818
003136.png,1.0000002,train_01781
003137.png,1.0000002,train_07015
003138.png,1.0,train_07427
003139.png,1.0000001,train_07175
003140.png,1.0,train_04301
003141.png,1.0000001,train_05720
003142.png,1.0000002,train_06488
003143.png,1.0,train_07609
003144.png,0.9999999,train_00755
003145.png,1.0000002,train_04506
003146.png,1.0000001,train_04523
003147.png,0.99999964,train_05053
003148.png,1.0000002,train_02168
003149.png,0.9999999,train_07145
003150.png,1.0,train_01609
003151.png,1.0,train_02771
003152.png,1.0000001,train_04162
003153.png,1.0000004,train_06258
003154.png,1.0000001,train_02044
003155.png,1.0,train_03052
003156.png,0.9999999,train_00031
003157.png,1.0000002,train_02919
003158.png,0.99999976,train_04827
003159.png,1.0000001,train_06297
003160.png,1.0,train_02659
003161.png,1.0000001,train_04992
003162.png,1.0000002,train_05679
003163.png,0.9999999,train_05685
003164.png,0.9999997,train_03064
003165.png,1.0000002,train_07528
003166.png,1.0,train_06702
003167.png,1.0000002,train_02830
003168.png,0.9999999,train_02462
003169.png,1.0000001,train_02413
003170.png,1.0000001,train_01685
003171.png,0.9999999,train_02412
003172.png,1.0000005,train_01042
003173.png,1.0000001,train_05214
003174.png,1.0,train_04314
003175.png,1.0000001,train_06959
003176.png,1.0,train_06953
003177.png,1.0000002,train_02738
003178.png,0.9999998,train_05348
003179.png,1.0,train_06786
003180.png,1.0000001,train_05575
003181.png,1.0000001,train_02503
003182.png,0.9999999,train_06344
003183.png,1.0,train_00677
003184.png,0.9999999,train_01973
003185.png,1.0000001,train_06165
003186.png,0.99999994,train_01753
003187.png,0.9999999,train_07732
003188.png,1.0000002,train_01480
003189.png,1.0,train_07265
003190.png,1.0,train_05712
003191.png,0.9999999,train_00238
003192.png,1.0,train_02013
003193.png,0.9999999,train_00162
003194.png,1.0000004,train_01831
003195.png,1.0,train_03674
003196.png,1.0,train_01155
003197.png,1.0,train_02661
003198.png,1.0000001,train_05790
003199.png,0.9999997,train_04423
003200.png,1.0,train_03615
003201.png,1.0,train_06126
003202.png,1.0000002,train_00452
003203.png,1.0,train_04646
003204.png,1.0,train_01915
003205.png,1.0000002,train_04750
003206.png,1.0000002,train_00339
003207.png,1.0,train_07720
003208.png,1.0,train_04901
003209.png,1.0000001,train_00232
003210.png,1.0,train_04056
003211.png,0.9999997,train_00585
003212.png,0.9999998,train_05210
003213.png,1.0000001,train_01262
003214.png,1.0000002,train_01355
003215.png,1.0000001,train_02425
003216.png,1.0000001,train_02201
003217.png,1.0,train_04642
003218.png,1.0000002,train_01922
003219.png,0.99999976,train_00525
003220.png,1.0000002,train_06912
003221.png,1.0,train_04315
003222.png,1.0,train_02981
003223.png,1.0000002,train_00136
003224.png,1.0000002,train_02476
003225.png,1.0,train_01619
003226.png,1.0000001,train_03710
003227.png,1.0000002,train_00110
003228.png,1.0000004,train_00537
003229.png,1.0,train_00650
003230.png,1.0,train_05468
003231.png,0.9999999,train_04974
003232.png,1.0,train_05207
003233.png,1.0,train_02556
003234.png,1.0000002,train_07160
003235.png,0.99999994,train_04313
003236.png,1.0,train_08041
003237.png,1.0000001,train_05908
003238.png,1.0,train_01864
003239.png,1.0,train_07070
003240.png,0.9999999,train_04799
003241.png,1.0000001,train_04022
003242.png,1.0,train_06630
003243.png,1.0000002,train_06657
003244.png,1.0000001,train_08009
003245.png,0.9999998,train_00272
003246.png,1.0000001,train_01151
003247.png,1.0,train_05422
003248.png,0.9999999,train_02731
003249.png,1.0000002,train_03487
003250.png,1.0,train_08079
003251.png,0.9999998,train_06070
003252.png,0.9999999,train_01119
003253.png,1.0,train_03578
003254.png,1.0000001,train_03971
003255.png,0.99999994,train_01876
003256.png,1.0000004,train_01290
003257.png,1.0000001,train_00892
003258.png,0.9999998,train_08036
003259.png,1.0000004,train_05407
003260.png,0.9999997,train_05242
003261.png,1.0,train_01400
003262.png,0.99999976,train_05123
003263.png,1.0000005,train_07168
003264.png,1.0,train_07759
003265.png,1.0000001,train_05106
003266.png,1.0000002,train_07273
003267.png,1.0000002,train_03976
003268.png,1.0000002,train_00286
003269.png,1.0000001,train_07174
003270.png,1.0,train_07979
003271.png,1.0000001,train_00837
003272.png,1.0,train_01180
003273.png,0.99999994,train_03174
003274.png,0.9999999,train_06603
003275.png,1.0000004,train_01819
003276.png,1.0000002,train_05342
003277.png,0.99999994,train_03495
003278.png,1.0,train_02472
003279.png,1.0000002,train_00743
003280.png,1.0000001,train_07812
003281.png,1.0000001,train_03086
003282.png,0.9999999,train_06325
003283.png,1.0000002,train_01765
003284.png,0.9999999,train_06992
003285.png,1.0000001,train_05694
003286.png,0.99999994,train_06659
003287.png,0.9999999,train_06770
003288.png,1.0,train_07214
003289.png,1.0000002,train_02067
003290.png,1.0,train_03730
003291.png,0.99999994,train_07359
003292.png,0.99999976,train_03565
003293.png,0.9999999,train_06568
003294.png,1.0,train_01231
003295.png,1.0000001,train_02633
003296.png,1.0000001,train_06923
003297.png,1.0000001,train_05332
003298.png,1.0,train_01625
003299.png,1.0000001,train_01017
003300.png,1.0000004,train_01588
003301.png,1.0000002,train_01902
003302.png,1.0000002,train_03271
003303.png,1.0,train_00019
003304.png,1.0,train_02916
003305.png,1.0,train_01601
003306.png,1.0000002,train_07098
003307.png,1.0,train_06482
003308.png,1.0000002,train_04483
003309.png,1.0000001,train_00721
003310.png,0.9999999,train_03569
003311.png,1.0000002,train_04875
003312.png,1.0,train_01291
003313.png,1.0,train_01680
003314.png,1.0,train_01788
003315.png,0.9999999,train_06207
003316.png,1.0,train_02813
003317.png,1.0000002,train_06310
003318.png,1.0000002,train_07310
003319.png,1.0,train_05929
003320.png,1.0,train_07265
003321.png,1.0000002,train_04141
003322.png,1.0,train_08067
003323.png,1.0000001,train_06654
003324.png,1.0,train_03071
003325.png,1.0000002,train_04951
003326.png,1.0,train_00857
003327.png,0.99999964,train_02179
003328.png,1.0000001,train_00235
003329.png,1.0000005,train_05579
003330.png,1.0,train_06220
003331.png,0.9999999,train_03631
003332.png,1.0000001,train_04094
003333.png,1.0,train_05174
003334.png,0.99999994,train_03903
003335.png,1.0000001,train_02413
003336.png,0.9999999,train_00079
003337.png,0.99999994,train_04348
003338.png,0.9999997,train_05242
003339.png,1.0000004,train_03076
003340.png,1.0000001,train_06976
003341.png,1.0000001,train_05423
003342.png,1.0000001,train_06123
003343.png,1.0,train_06814
003344.png,1.0000001,train_06247
003345.png,0.9999999,train_00879
003346.png,0.99999994,train_04242
003347.png,0.9999999,train_01663
003348.png,1.0,train_01047
003349.png,1.0,train_03636
003350.png,1.0,train_02914
003351.png,1.0000002,train_06895
003352.png,0.99999964,train_03700
003353.png,0.9999999,train_01339
003354.png,1.0000001,train_02622
003355.png,1.0000001,train_07385
003356.png,1.0000002,train_06805
003357.png,1.0000001,train_00479
003358.png,0.9999999,train_04876
003359.png,1.0000001,train_01151
003360.png,0.99999994,train_04390
003361.png,1.0000005,train_07186
003362.png,1.0000001,train_06625
003363.png,1.0000001,train_07210
003364.png,1.0,train_06680
003365.png,1.0,train_00896
003366.png,0.9999997,train_08127
003367.png,0.9999999,train_00295
003368.png,1.0,train_01207
003369.png,0.99999994,train_07648
003370.png,0.99999976,train_04401
003371.png,1.0000004,train_04687
003372.png,1.0,train_03786
003373.png,1.0000002,train_07623
003374.png,1.0000001,train_07122
003375.png,1.0000001,train_00157
003376.png,1.0,train_00687
003377.png,1.0,train_05555
003378.png,1.0000001,train_00504
003379.png,1.0000001,train_01188
003380.png,0.9999999,train_02011
003381.png,1.0000001,train_04783
003382.png,1.0000002,train_02369
003383.png,1.0,train_04475
003384.png,1.0,train_04288
003385.png,0.99999994,train_07665
003386.png,1.0,train_00600
003387.png,0.9999999,train_07477
003388.png,1.0,train_05023
003389.png,0.9999999,train_05961
003390.png,1.0000001,train_01604
003391.png,0.9999999,train_05486
003392.png,0.9999999,train_04786
003393.png,1.0000001,train_03448
003394.png,1.0,train_06168
003395.png,0.9999999,train_04605
003396.png,1.0,train_06815
003397.png,1.0,train_04443
003398.png,1.0,train_02599
003399.png,1.0000002,train_07686
003400.png,1.0,train_05479
003401.png,0.9999997,train_03006
003402.png,0.99999994,train_04186
003403.png,1.0000005,train_07749
003404.png,1.0,train_02584
003405.png,0.9999999,train_07735
003406.png,0.9999999,train_04929
003407.png,0.9999999,train_02083
003408.png,1.0,train_00460
003409.png,1.0000001,train_00933
003410.png,0.99999994,train_01150
003411.png,1.0000002,train_06638
003412.png,1.0000001,train_04362
003413.png,0.9999999,train_02403
003414.png,0.9999999,train_03956
003415.png,0.9999999,train_06248
003416.png,1.0000001,train_02366
003417.png,1.0,train_07707
003418.png,0.99999994,train_00574
003419.png,0.9999996,train_03740
003420.png,1.0,train_04704
003421.png,1.0000001,train_00448
003422.png,1.0000002,train_01036
003423.png,1.0,train_02712
003424.png,1.0,train_02205
003425.png,1.0,train_01619
003426.png,1.0,train_04995
003427.png,1.0000001,train_01392
003428.png,1.0000001,train_06497
003429.png,1.0,train_02056
003430.png,0.9999999,train_03537
003431.png,1.0000001,train_06123
003432.png,1.0000001,train_00307
003433.png,0.9999999,train_00639
003434.png,1.0000005,train_00112
003435.png,0.9999999,train_01285
003436.png,1.0000001,train_05720
003437.png,0.9999999,train_05860
003438.png,1.0000002,train_03423
003439.png,0.99999994,train_05925
003440.png,1.0000002,train_06154
003441.png,0.9999999,train_01312
003442.png,0.99999994,train_01150
003443.png,1.0,train_05324
003444.png,1.0000002,train_07026
003445.png,1.0000002,train_02770
003446.png,1.0000002,train_02761
003447.png,1.0000001,train_05368
003448.png,1.0,train_00730
003449.png,1.0000002,train_04808
003450.png,0.99999994,train_03845
003451.png,1.0000001,train_01317
003452.png,1.0000002,train_03633
003453.png,0.9999999,train_04325
003454.png,0.9999999,train_01762
003455.png,1.0000002,train_02477
003456.png,0.99999976,train_04031
003457.png,1.0000002,train_03481
003458.png,1.0000001,train_04590
003459.png,0.99999976,train_06556
003460.png,1.0,train_01744
003461.png,0.9999999,train_06632
003462.png,1.0000001,train_00534
003463.png,1.0000001,train_06392
003464.png,1.0,train_04600
003465.png,1.0000005,train_05467
003466.png,1.0000002,train_01061
003467.png,0.99999994,train_00396
003468.png,1.0,train_02854
003469.png,1.0000001,train_02262
003470.png,1.0000004,train_07651
003471.png,1.0,train_07016
003472.png,0.9999999,train_01676
003473.png,1.0000001,train_04158
003474.png,1.0000001,train_06908
003475.png,0.99999994,train_07311
003476.png,1.0000004,train_00854
003477.png,0.9999999,train_00052
003478.png,1.0000002,train_04229
003479.png,0.9999998,train_03141
003480.png,0.99999994,train_00530
003481.png,0.9999999,train_07358
003482.png,1.0,train_00334
003483.png,1.0000001,train_03733
003484.png,0.9999999,train_04812
003485.png,1.0000005,train_03293
003486.png,1.0000001,train_05197
003487.png,1.0,train_05294
003488.png,1.0000002,train_00609
003489.png,1.0,train_06924
003490.png,1.0000002,train_03709
003491.png,0.99999976,train_00429
003492.png,1.0,train_07626
003493.png,0.99999976,train_04384
003494.png,0.9999999,train_01414
003495.png,1.0,train_04889
003496.png,1.0,train_04988
003497.png,0.9999999,train_02719
003498.png,1.0000001,train_07175
003499.png,1.0,train_02351
003500.png,1.0000001,train_03457
003501.png,1.0000001,train_02565
003502.png,1.0,train_06366
003503.png,1.0000002,train_05304
003504.png,0.9999998,train_00456
003505.png,0.9999999,train_02319
003506.png,1.0,train_03692
003507.png,0.9999999,train_01330
003508.png,1.0,train_05411
003509.png,1.0000001,train_07891
003510.png,0.99999976,train_01406
003511.png,0.99999976,train_03454
003512.png,1.0,train_05528
003513.png,1.0,train_01887
003514.png,1.0,train_06564
003515.png,1.0000001,train_01848
003516.png,0.99999994,train_06624
003517.png,0.99999976,train_04190
003518.png,0.99999994,train_05213
003519.png,0.99999994,train_07845
003520.png,0.99999976,train_04401
003521.png,0.99999994,train_06032
003522.png,1.0000001,train_05653
003523.png,0.9999997,train_01274
003524.png,0.99999994,train_01209
003525.png,1.0000001,train_02742
003526.png,1.0000001,train_05765
003527.png,0.9999999,train_00886
003528.png,0.99999994,train_03936
003529.png,1.0,train_02952
003530.png,1.0,train_05099
003531.png,0.9999999,train_03702
003532.png,0.99999964,train_01212
003533.png,1.0000004,train_00179
003534.png,0.9999998,train_05498
003535.png,1.0000002,train_01547
003536.png,1.0000002,train_02389
003537.png,0.9999999,train_04621
003538.png,1.0,train_02628
003539.png,0.9999999,train_01917
003540.png,1.0,train_06720
003541.png,1.0000002,train_02151
003542.png,0.9999999,train_00922
003543.png,0.9999998,train_00002
003544.png,1.0,train_08067
003545.png,0.99999994,train_01661
003546.png,1.0000002,train_05216
003547.png,1.0000002,train_02903
003548.png,1.0000001,train_01568
003549.png,1.0000001,train_02618
003550.png,1.0,train_02737
003551.png,1.0000001,train_02460
003552.png,0.9999999,train_02608
003553.png,0.9999998,train_07346
003554.png,1.0000001,train_01387
003555.png,1.0000004,train_06800
003556.png,0.9999995,train_06666
003557.png,0.9999999,train_03698
003558.png,1.0000004,train_07307
003559.png,1.0000001,train_05046
003560.png,0.99999976,train_02370
003561.png,1.0,train_07181
003562.png,0.99999994,train_07638
003563.png,1.0000001,train_02434
003564.png,0.99999994,train_02579
003565.png,1.0,train_01820
003566.png,0.9999999,train_00913
003567.png,0.99999994,train_01777
003568.png,1.0,train_03422
003569.png,1.0000001,train_07498
003570.png,0.99999976,train_03565
003571.png,1.0000002,train_01723
003572.png,0.9999996,train_02928
003573.png,1.0,train_01219
003574.png,1.0000001,train_04437
003575.png,1.0,train_02951
003576.png,1.0000001,train_08142
003577.png,1.0,train_03373
003578.png,1.0000001,train_03086
003579.png,1.0,train_02549
003580.png,1.0000002,train_08109
003581.png,1.0,train_07012
003582.png,1.0,train_00084
003583.png,0.9999999,train_05732
003584.png,0.9999999,train_07465
003585.png,1.0,train_01475
003586.png,1.0000002,train_00855
003587.png,1.0,train_01679
003588.png,1.0000001,train_01450
003589.png,1.0000001,train_04730
003590.png,1.0000002,train_04732
003591.png,1.0,train_00647
003592.png,1.0,train_01683
003593.png,1.0,train_07627
003594.png,1.0000001,train_04650
003595.png,1.0000002,train_03532
003596.png,1.0,train_03793
003597.png,1.0,train_05824
003598.png,0.99999964,train_06866
003599.png,0.9999999,train_02017
003600.png,1.0,train_00462
003601.png,1.0000002,train_01117
003602.png,0.9999998,train_07811
003603.png,0.9999999,train_08126
003604.png,1.0,train_07669
003605.png,1.0000001,train_07433
003606.png,0.99999976,train_07937
003607.png,1.0000001,train_06904
003608.png,1.0000001,train_03471
003609.png,1.0,train_02909
003610.png,1.0000002,train_06049
003611.png,0.99999976,train_07620
003612.png,1.0000001,train_05235
003613.png,0.9999997,train_03246
003614.png,1.0,train_03986
003615.png,1.0,train_00294
003616.png,1.0000001,train_03570
003617.png,0.99999976,train_02430
003618.png,1.0,train_00234
003619.png,1.0000002,train_00069
003620.png,0.99999976,train_02309
003621.png,1.0,train_06045
003622.png,1.0000001,train_06795
003623.png,1.0,train_01652
003624.png,1.0000002,train_05263
003625.png,1.0,train_02902
003626.png,1.0000001,train_04263
003627.png,1.0,train_07339
003628.png,0.99999994,train_01021
003629.png,0.9999999,train_05093
003630.png,0.99999976,train_06263
003631.png,0.99999976,train_07506
003632.png,1.0,train_05851
003633.png,0.9999999,train_01762
003634.png,1.0,train_05651
003635.png,1.0,train_05188
003636.png,1.0,train_03660
003637.png,1.0,train_07609
003638.png,1.0000004,train_00862
003639.png,1.0,train_02921
003640.png,1.0000001,train_00360
003641.png,0.9999999,train_03344
003642.png,1.0000005,train_06113
003643.png,0.9999998,train_05969
003644.png,1.0,train_05587
003645.png,1.0,train_06972
003646.png,0.9999999,train_05736
003647.png,1.0,train_00348
003648.png,1.0,train_05528
003649.png,0.9999999,train_04386
003650.png,1.0000002,train_00450
003651.png,0.9999998,train_07253
003652.png,1.0000002,train_00372
003653.png,1.0000002,train_06358
003654.png,1.0,train_04058
003655.png,0.99999994,train_01089
003656.png,1.0000001,train_05133
003657.png,1.0,train_03563
003658.png,1.0,train_01195
003659.png,1.0000001,train_04101
003660.png,0.9999999,train_02858
003661.png,1.0,train_07563
003662.png,1.0000002,train_06327
003663.png,1.0000002,train_04732
003664.png,1.0000001,train_04523
003665.png,0.9999999,train_03042
003666.png,1.0000001,train_03549
003667.png,1.0000001,train_00443
003668.png,1.0000001,train_00651
003669.png,0.9999998,train_00016
003670.png,1.0000001,train_06002
003671.png,0.99999994,train_02054
003672.png,0.9999999,train_03458
003673.png,1.0,train_02212
003674.png,1.0000001,train_07461
003675.png,0.99999964,train_04017
003676.png,1.0,train_04340
003677.png,1.0,train_02582
003678.png,1.0000002,train_06181
003679.png,1.0,train_00747
003680.png,0.99999976,train_04563
003681.png,1.0000001,train_07717
003682.png,1.0000001,train_01613
003683.png,1.0000002,train_05998
003684.png,1.0000001,train_05825
003685.png,1.0000002,train_05012
003686.png,0.99999976,train_00039
003687.png,0.9999999,train_00100
003688.png,1.0000001,train_05536
003689.png,0.9999995,train_06338
003690.png,1.0,train_01241
003691.png,1.0,train_02714
003692.png,0.99999976,train_00760
003693.png,1.0,train_01932
003694.png,0.99999994,train_03269
003695.png,1.0000001,train_03498
003696.png,1.0,train_01122
003697.png,1.0000002,train_00562
003698.png,1.0,train_02280
003699.png,0.9999999,train_06631
003700.png,0.9999999,train_00860
003701.png,1.0000005,train_00845
003702.png,1.0,train_02737
003703.png,1.0000001,train_02193
003704.png,0.9999999,train_04671
003705.png,1.0000001,train_06785
003706.png,1.0,train_06582
003707.png,1.0000002,train_08005
003708.png,1.0000002,train_04586
003709.png,1.0000001,train_05452
003710.png,1.0000004,train_03327
003711.png,1.0,train_08013
003712.png,1.0,train_00292
003713.png,1.0,train_05061
003714.png,1.0000005,train_01508
003715.png,1.0000002,train_03399
003716.png,1.0,train_00178
003717.png,1.0000002,train_02903
003718.png,1.0000001,train_06060
003719.png,1.0,train_04478
003720.png,1.0,train_00554
003721.png,1.0000001,train_07958
003722.png,0.9999999,train_05683
003723.png,1.0000002,train_00094
003724.png,1.0000001,train_06400
003725.png,1.0,train_00075
003726.png,1.0,train_01701
003727.png,1.0000001,train_02618
003728.png,1.0,train_00567
003729.png,1.0000001,train_07402
003730.png,1.0,train_01835
003731.png,0.9999999,train_02704
003732.png,1.0000005,train_04522
003733.png,0.99999976,train_07226
003734.png,0.99999994,train_02976
003735.png,0.99999976,train_00728
003736.png,1.0000002,train_00799
003737.png,0.9999999,train_02287
003738.png,1.0,train_06376
003739.png,0.9999999,train_08082
003740.png,0.99999994,train_04099
003741.png,1.0,train_01451
003742.png,0.99999976,train_04197
003743.png,1.0000001,train_07115
003744.png,1.0000004,train_06808
003745.png,1.0000001,train_05746
003746.png,1.0000002,train_01221
003747.png,1.0000005,train_03213
003748.png,1.0000001,train_06785
003749.png,1.0000004,train_02115
003750.png,0.9999999,train_04059
003751.png,0.9999999,train_04085
003752.png,0.99999976,train_04772
003753.png,1.0000004,train_04566
003754.png,1.0,train_05539
003755.png,0.99999994,train_00493
003756.png,1.0000002,train_04601
003757.png,1.0000002,train_05999
003758.png,1.0000002,train_00594
003759.png,1.0000002,train_02869
003760.png,1.0,train_02960
003761.png,0.9999998,train_07167
003762.png,1.0000004,train_00854
003763.png,1.0000002,train_03980
003764.png,1.0000001,train_04015
003765.png,1.0000001,train_06796
003766.png,1.0,train_01020
003767.png,1.0000002,train_05974
003768.png,1.0,train_06376
003769.png,1.0000002,train_01221
003770.png,1.0000001,train_05144
003771.png,1.0,train_00856
003772.png,0.9999999,train_03572
003773.png,1.0,train_07514
003774.png,0.99999976,train_07877
003775.png,0.9999999,train_05949
003776.png,1.0,train_03772
003777.png,1.0000002,train_00172
003778.png,1.0,train_00123
003779.png,1.0000001,train_04806
003780.png,1.0,train_00996
003781.png,0.9999999,train_04645
003782.png,1.0,train_03343
003783.png,0.99999976,train_04269
003784.png,1.0,train_07905
003785.png,0.9999999,train_05832
003786.png,1.0,train_05851
003787.png,1.0000001,train_00983
003788.png,1.0000001,train_04382
003789.png,1.0,train_00761
003790.png,1.0,train_00188
003791.png,1.0,train_07543
003792.png,1.0000001,train_00974
003793.png,1.0000001,train_03281
003794.png,1.0,train_07364
003795.png,0.9999999,train_01025
003796.png,1.0000001,train_03380
003797.png,0.99999964,train_00119
003798.png,1.0,train_06724
003799.png,1.0,train_02777
003800.png,0.99999976,train_03577
003801.png,1.0,train_04360
003802.png,0.99999994,train_05688
003803.png,0.9999999,train_07715
003804.png,0.9999999,train_06023
003805.png,1.0000001,train_00876
003806.png,1.0000001,train_00134
003807.png,1.0,train_07012
003808.png,1.0000002,train_02800
003809.png,0.9999999,train_08040
003810.png,1.0000004,train_03237
003811.png,1.0,train_03861
003812.png,1.0000001,train_08066
003813.png,0.9999999,train_07072
003814.png,0.9999999,train_05891
003815.png,1.0,train_02636
003816.png,1.0,train_00704
003817.png,1.0000001,train_03568
003818.png,0.99999994,train_06598
003819.png,0.99999976,train_07871
003820.png,0.9999999,train_05525
003821.png,1.0,train_00618
003822.png,1.0000002,train_02291
003823.png,1.0,train_02629
003824.png,0.9999998,train_00850
003825.png,1.0,train_00376
003826.png,1.0,train_07741
003827.png,1.0000001,train_03012
003828.png,1.0000001,train_07763
003829.png,1.0000002,train_03626
003830.png,1.0,train_06953
003831.png,0.9999999,train_07941
003832.png,0.99999976,train_00133
003833.png,1.0000002,train_05030
003834.png,1.0000002,train_00252
003835.png,1.0,train_00367
003836.png,0.9999999,train_05863
003837.png,1.0000001,train_01540
003838.png,1.0,train_01168
003839.png,0.9999996,train_07188
003840.png,0.9999999,train_02235
003841.png,1.0,train_03220
003842.png,1.0,train_05711
003843.png,0.99999994,train_04337
003844.png,0.9999998,train_06613
003845.png,0.9999999,train_07107
003846.png,1.0000002,train_00531
003847.png,1.0000002,train_05971
003848.png,0.9999999,train_04341
003849.png,0.9999998,train_06613
003850.png,0.99999976,train_00401
003851.png,1.0000002,train_02708
003852.png,1.0,train_01368
003853.png,1.0000001,train_01812
003854.png,1.0000002,train_00328
003855.png,1.0000001,train_05909
003856.png,1.0,train_02674
003857.png,0.9999999,train_01342
003858.png,0.99999994,train_03816
003859.png,0.99999976,train_02537
003860.png,1.0,train_07999
003861.png,1.0000004,train_02363
003862.png,1.0,train_07866
003863.png,1.0000002,train_05068
003864.png,0.9999999,train_06780
003865.png,0.9999999,train_07452
003866.png,0.9999999,train_04125
003867.png,1.0000002,train_01834
003868.png,1.0,train_02963
003869.png,1.0,train_05339
003870.png,1.0,train_00904
003871.png,1.0000001,train_05439
003872.png,1.0000001,train_04418
003873.png,1.0,train_03822
003874.png,0.9999999,train_04542
003875.png,0.9999999,train_00184
003876.png,0.99999976,train_02423
003877.png,1.0000002,train_05671
003878.png,1.0000002,train_07593
003879.png,1.0,train_00084
003880.png,1.0,train_03322
003881.png,1.0000001,train_03990
003882.png,0.9999999,train_00407
003883.png,0.9999999,train_00310
003884.png,1.0000002,train_04141
003885.png,1.0000002,train_00575
003886.png,1.0000001,train_06166
003887.png,1.0000004,train_06736
003888.png,1.0000002,train_03148
003889.png,1.0000001,train_06994
003890.png,1.0000001,train_04153
003891.png,1.0000002,train_02012
003892.png,0.9999999,train_01489
003893.png,1.0000002,train_01243
003894.png,1.0000002,train_01627
003895.png,1.0000002,train_00081
003896.png,0.9999998,train_05795
003897.png,1.0000002,train_03583
003898.png,1.0,train_04288
003899.png,1.0,train_04845
003900.png,1.0,train_01861
003901.png,1.0000001,train_02342
003902.png,1.0,train_00089
003903.png,1.0000001,train_01968
003904.png,1.0000002,train_05183
003905.png,0.9999999,train_05190
003906.png,1.0000001,train_04920
003907.png,1.0000001,train_04094
003908.png,1.0000001,train_00651
003909.png,1.0000002,train_03405
003910.png,1.0,train_06689
003911.png,0.99999976,train_00483
003912.png,1.0,train_06579
003913.png,0.9999999,train_08070
003914.png,0.9999999,train_01906
003915.png,1.0000002,train_03806
003916.png,1.0000002,train_00940
003917.png,1.0000002,train_04331
003918.png,0.9999999,train_03998
003919.png,1.0000001,train_04936
003920.png,1.0,train_07137
003921.png,1.0000001,train_00959
003922.png,0.99999964,train_07372
003923.png,1.0,train_05684
003924.png,0.99999994,train_04320
003925.png,1.0,train_02427
003926.png,1.0,train_02473
003927.png,1.0,train_03674
003928.png,1.0,train_02765
003929.png,1.0000001,train_07398
003930.png,1.0000001,train_00307
003931.png,1.0,train_02924
003932.png,1.0,train_03084
003933.png,0.9999999,train_07715
003934.png,1.0000002,train_01422
003935.png,1.0,train_06168
003936.png,1.0,train_03822
003937.png,1.0,train_00432
003938.png,0.9999999,train_06436
003939.png,0.99999994,train_03616
003940.png,1.0,train_02577
003941.png,0.99999994,train_07047
003942.png,1.0000002,train_04104
003943.png,0.99999976,train_00760
003944.png,1.0000002,train_06112
003945.png,1.0000001,train_01950
003946.png,0.99999976,train_00189
003947.png,1.0000002,train_03865
003948.png,1.0,train_07301
003949.png,1.0,train_01737
003950.png,1.0,train_05479
003951.png,0.9999999,train_00325
003952.png,1.0,train_00978
003953.png,1.0,train_00567
003954.png,0.9999999,train_02318
003955.png,1.0000002,train_07547
003956.png,1.0,train_07543
003957.png,1.0000005,train_01345
003958.png,1.0000002,train_02997
003959.png,1.0,train_02862
003960.png,1.0000004,train_07602
003961.png,0.99999994,train_06394
003962.png,0.99999994,train_05696
003963.png,0.99999994,train_05925
003964.png,1.0000002,train_06173
003965.png,1.0,train_04058
003966.png,1.0000002,train_07278
003967.png,1.0,train_01169
003968.png,1.0000002,train_08016
003969.png,1.0000002,train_00518
003970.png,0.9999998,train_04530
003971.png,0.99999994,train_05450
003972.png,0.9999999,train_05020
003973.png,1.0000002,train_05590
003974.png,0.9999998,train_00272
003975.png,1.0,train_00948
003976.png,0.99999994,train_06779
003977.png,1.0000001,train_01202
003978.png,1.0000001,train_01188
003979.png,1.0000002,train_00764
003980.png,1.0,train_07517
003981.png,1.0000002,train_01662
003982.png,0.9999999,train_06505
003983.png,0.99999976,train_01711
003984.png,1.0,train_03924
003985.png,0.99999994,train_02165
003986.png,1.0,train_06998
003987.png,1.0,train_03247
003988.png,1.0000002,train_01051
003989.png,1.0,train_06109
003990.png,1.0000001,train_00107
003991.png,0.99999994,train_00839
003992.png,1.0000001,train_04438
003993.png,0.99999976,train_03600
003994.png,1.0000001,train_07402
003995.png,1.0000001,train_00885
003996.png,1.0000001,train_06938
003997.png,1.0,train_01577
003998.png,1.0,train_04561
003999.png,1.0000005,train_07082
004000.png,0.9999998,train_01452
004001.png,1.0000002,train_01547
004002.png,1.0,train_00454
004003.png,1.0,train_00996
004004.png,1.0,train_01692
004005.png,0.99999994,train_03845
004006.png,1.0,train_01299
004007.png,1.0000002,train_03011
004008.png,1.0000002,train_00137
004009.png,0.9999999,train_00528
004010.png,0.9999999,train_04213
004011.png,1.0000002,train_01662
004012.png,0.9999999,train_02836
004013.png,1.0,train_07869
004014.png,1.0,train_06639
004015.png,1.0000002,train_03854
004016.png,0.99999976,train_01482
004017.png,1.0000004,train_06142
004018.png,1.0000002,train_06332
004019.png,1.0000001,train_02043
004020.png,0.9999999,train_02757
004021.png,0.9999999,train_07729
004022.png,1.0000002,train_00470
004023.png,1.0000001,train_00771
004024.png,1.0000001,train_02728
004025.png,0.99999994,train_06108
004026.png,0.9999999,train_05685
004027.png,1.0000001,train_02352
004028.png,1.0000001,train_05303
004029.png,1.0000002,train_06259
004030.png,0.9999999,train_02341
004031.png,0.9999998,train_05276
004032.png,1.0000002,train_06829
004033.png,0.9999999,train_03105
004034.png,1.0000002,train_02035
004035.png,1.0000002,train_08045
004036.png,1.0,train_06768
004037.png,0.9999998,train_03693
004038.png,1.0000001,train_01308
004039.png,1.0,train_05806
004040.png,1.0,train_02620
004041.png,1.0000002,train_02586
004042.png,1.0000002,train_00446
004043.png,1.0000002,train_03696
004044.png,1.0000002,train_05921
004045.png,0.9999999,train_03994
004046.png,1.0000002,train_04163
004047.png,1.0000002,train_07700
004048.png,0.9999999,train_04713
004049.png,0.99999976,train_01142
004050.png,0.9999998,train_03821
004051.png,1.0,train_07739
004052.png,1.0000001,train_03457
004053.png,1.0000001,train_01376
004054.png,1.0000001,train_03830
004055.png,0.9999998,train_02186
004056.png,1.0000002,train_01545
004057.png,0.99999994,train_00396
004058.png,1.0000001,train_04590
004059.png,0.9999999,train_02162
004060.png,1.0000001,train_02510
004061.png,0.9999998,train_07038
004062.png,1.0,train_05666
004063.png,1.0000001,train_04251
004064.png,0.9999999,train_00824
004065.png,1.0000001,train_00113
004066.png,1.0,train_00710
004067.png,1.0,train_06040
004068.png,1.0000001,train_03995
004069.png,0.99999994,train_01513
004070.png,1.0000001,train_01518
004071.png,1.0,train_00204
004072.png,1.0,train_01670
004073.png,0.9999999,train_06833
004074.png,1.0000002,train_04486
004075.png,0.9999998,train_04797
004076.png,0.9999999,train_06687
004077.png,0.99999976,train_02293
004078.png,0.9999999,train_02162
004079.png,1.0,train_06970
004080.png,1.0,train_03420
004081.png,0.9999999,train_07816
004082.png,1.0,train_07931
004083.png,1.0,train_01601
004084.png,1.0,train_07754
004085.png,0.9999999,train_03383
004086.png,0.9999999,train_06300
004087.png,0.9999999,train_03351
004088.png,1.0000002,train_01233
004089.png,1.0000001,train_02948
004090.png,0.9999999,train_04241
004091.png,1.0,train_02762
004092.png,1.0000001,train_03770
004093.png,1.0,train_01249
004094.png,1.0,train_03349
004095.png,0.99999964,train_02507
004096.png,1.0000001,train_01614
004097.png,1.0000002,train_06234
004098.png,0.9999999,train_08014
004099.png,1.0000001,train_07491
004100.png,1.0000001,train_02424
004101.png,0.9999999,train_05913
004102.png,0.9999999,train_02931
004103.png,0.9999999,train_00238
004104.png,1.0000002,train_03461
004105.png,0.99999994,train_04900
004106.png,1.0000002,train_02767
004107.png,1.0000002,train_00278
004108.png,1.0,train_03247
004109.png,1.0,train_04305
004110.png,1.0,train_01329
004111.png,1.0,train_00526
004112.png,0.9999999,train_01269
004113.png,0.99999994,train_04348
004114.png,0.99999976,train_04032
004115.png,1.0000002,train_07686
004116.png,1.0,train_07618
004117.png,1.0,train_05227
004118.png,1.0000002,train_05644
004119.png,0.9999999,train_00155
004120.png,1.0000002,train_06913
004121.png,0.99999976,train_06169
004122.png,1.0000002,train_07878
004123.png,0.99999994,train_07469
004124.png,0.99999994,train_03384
004125.png,1.0,train_08092
004126.png,0.9999999,train_08070
004127.png,0.9999998,train_08018
004128.png,1.0000001,train_02962
004129.png,0.9999999,train_05586
004130.png,1.0000001,train_07947
004131.png,1.0,train_03184
004132.png,0.9999999,train_03957
004133.png,1.0,train_01009
004134.png,1.0,train_07070
004135.png,1.0000002,train_04467
004136.png,1.0,train_03753
004137.png,0.9999999,train_05469
004138.png,0.9999999,train_05586
004139.png,1.0000002,train_06706
004140.png,0.9999999,train_03802
004141.png,1.0,train_04494
004142.png,1.0000002,train_07026
004143.png,1.0,train_02166
004144.png,0.9999999,train_01312
004145.png,0.9999999,train_01339
004146.png,0.9999999,train_03000
004147.png,0.9999999,train_05364
004148.png,1.0000001,train_01549
004149.png,0.9999998,train_01452
004150.png,1.0000001,train_05909
004151.png,1.0,train_03075
004152.png,1.0000001,train_01070
004153.png,1.0,train_01451
004154.png,1.0,train_00615
004155.png,1.0000002,train_00965
004156.png,1.0000002,train_03094
004157.png,1.0000001,train_06286
004158.png,0.9999999,train_04189
004159.png,1.0000001,train_05448
004160.png,1.0,train_00938
004161.png,0.99999976,train_00587
004162.png,1.0,train_02431
004163.png,1.0,train_00267
004164.png,1.0000001,train_07385
004165.png,1.0,train_01371
004166.png,1.0000002,train_00316
004167.png,1.0,train_04910
004168.png,0.99999976,train_04709
004169.png,0.99999976,train_07840
004170.png,1.0000001,train_02891
004171.png,0.9999998,train_07975
004172.png,1.0,train_02540
004173.png,1.0000001,train_06060
004174.png,0.9999997,train_08118
004175.png,0.9999998,train_07014
004176.png,1.0,train_02493
004177.png,0.99999994,train_02589
004178.png,1.0,train_03206
004179.png,1.0000001,train_06868
004180.png,1.0000002,train_04407
004181.png,0.9999999,train_02853
004182.png,1.0000001,train_07276
004183.png,0.9999999,train_00926
004184.png,1.0000001,train_08099
004185.png,1.0000002,train_02063
004186.png,1.0000005,train_03743
004187.png,1.0,train_03375
004188.png,0.9999999,train_02671
004189.png,1.0,train_00217
004190.png,0.9999997,train_01274
004191.png,1.0000001,train_04153
004192.png,0.9999998,train_00237
004193.png,0.9999999,train_00833
004194.png,0.9999999,train_04789
004195.png,0.99999976,train_06790
004196.png,0.9999999,train_02996
004197.png,1.0,train_07016
004198.png,0.9999998,train_01511
004199.png,0.99999994,train_06101
004200.png,1.0000001,train_07489
004201.png,0.9999999,train_00972
004202.png,1.0,train_01024
004203.png,1.0000001,train_02538
004204.png,1.0000001,train_00008
004205.png,1.0,train_04346
004206.png,1.0,train_06041
004207.png,0.99999994,train_01585
004208.png,0.9999999,train_02160
004209.png,0.9999998,train_07730
004210.png,1.0,train_07286
004211.png,0.9999999,train_06299
004212.png,1.0,train_02248
004213.png,1.0000002,train_03647
004214.png,0.99999976,train_06775
004215.png,1.0,train_00317
004216.png,1.0000001,train_08099
004217.png,1.0000002,train_02572
004218.png,1.0,train_07110
004219.png,1.0,train_04166
004220.png,1.0000002,train_00529
004221.png,1.0000002,train_01454
004222.png,1.0000001,train_06124
004223.png,0.99999994,train_00675
004224.png,1.0000001,train_05899
004225.png,1.0000001,train_06721
004226.png,1.0000002,train_05475
004227.png,0.9999999,train_03370
004228.png,1.0000002,train_06637
004229.png,0.9999997,train_07742
004230.png,0.99999976,train_01660
004231.png,1.0,train_02515
004232.png,1.0000004,train_01103
004233.png,0.9999999,train_03063
004234.png,1.0000001,train_01141
004235.png,1.0,train_02768
004236.png,1.0,train_06894
004237.png,1.0000001,train_06907
004238.png,1.0000001,train_06717
004239.png,0.9999998,train_01534
004240.png,1.0000001,train_03820
004241.png,1.0000001,train_07597
004242.png,0.9999999,train_04605
004243.png,1.0000001,train_05856
004244.png,1.0,train_00846
004245.png,1.0000002,train_02151
004246.png,1.0,train_01428
004247.png,1.0,train_06484
004248.png,1.0000001,train_07335
004249.png,0.9999999,train_08106
004250.png,0.9999999,train_01025
004251.png,1.0,train_01532
004252.png,0.99999994,train_01365
004253.png,0.9999998,train_07103
004254.png,0.9999998,train_00654
004255.png,0.99999976,train_00883
004256.png,0.99999976,train_00189
004257.png,1.0,train_02957
004258.png,1.0000001,train_05738
004259.png,1.0000001,train_08141
004260.png,1.0000002,train_00220
004261.png,1.0000002,train_05279
004262.png,1.0000002,train_05087
004263.png,1.0,train_04511
004264.png,0.99999994,train_02579
004265.png,0.9999999,train_05425
004266.png,0.9999999,train_01313
004267.png,1.0000001,train_00684
004268.png,1.0,train_00313
004269.png,1.0,train_05821
004270.png,1.0,train_02914
004271.png,1.0000002,train_01032
004272.png,1.0000002,train_03714
004273.png,0.9999998,train_06633
004274.png,1.0,train_04924
004275.png,0.9999999,train_07515
004276.png,1.0,train_00787
004277.png,0.9999999,train_02462
004278.png,1.0000001,train_01682
004279.png,0.9999999,train_01328
004280.png,1.0000002,train_02904
004281.png,1.0000002,train_07718
004282.png,0.9999999,train_00052
004283.png,1.0000001,train_06375
004284.png,1.0000001,train_02538
004285.png,1.0,train_03262
004286.png,1.0,train_05458
004287.png,1.0000002,train_03149
004288.png,0.99999994,train_03440
004289.png,1.0,train_06268
004290.png,1.0000001,train_06922
004291.png,1.0000002,train_01181
004292.png,0.99999976,train_05103
004293.png,1.0000002,train_04877
004294.png,1.0000001,train_00479
004295.png,1.0,train_02471
004296.png,1.0000002,train_01080
004297.png,1.0000001,train_06933
004298.png,0.9999997,train_08054
004299.png,1.0,train_00484
004300.png,0.99999976,train_02192
004301.png,1.0000002,train_02282
004302.png,1.0000001,train_01823
004303.png,1.0000002,train_04866
004304.png,0.9999999,train_06423
004305.png,0.9999999,train_04621
004306.png,1.0,train_01162
004307.png,1.0,train_06417
004308.png,0.99999976,train_04294
004309.png,1.0,train_02390
004310.png,1.0000001,train_06700
004311.png,1.0,train_02981
004312.png,0.99999976,train_02240
004313.png,0.9999998,train_08044
004314.png,1.0,train_07327
004315.png,1.0,train_02550
004316.png,1.0,train_04475
004317.png,1.0,train_06591
004318.png,1.0,train_01960
004319.png,1.0000002,train_00029
004320.png,0.9999999,train_04422
004321.png,1.0,train_06955
004322.png,0.99999994,train_07204
004323.png,1.0,train_02768
004324.png,1.0000001,train_04095
004325.png,1.0,train_05581
004326.png,1.0,train_06110
004327.png,1.0000002,train_03989
004328.png,1.0,train_00505
004329.png,0.99999976,train_05674
004330.png,1.0000001,train_01642
004331.png,1.0,train_07018
004332.png,1.0,train_02605
004333.png,1.0000004,train_00327
004334.png,1.0000002,train_01104
004335.png,1.0000001,train_05935
004336.png,1.0,train_04824
004337.png,1.0000002,train_06563
004338.png,1.0,train_02207
004339.png,1.0000002,train_04392
004340.png,1.0,train_04646
004341.png,0.9999999,train_02890
004342.png,1.0000001,train_04330
004343.png,1.0000004,train_06821
004344.png,1.0000002,train_03931
004345.png,1.0,train_03676
004346.png,0.9999999,train_02703
004347.png,1.0,train_03438
004348.png,1.0,train_02401
004349.png,0.99999994,train_05984
004350.png,1.0,train_05458
004351.png,1.0000002,train_08016
004352.png,1.0,train_04478
004353.png,1.0,train_05532
004354.png,0.9999999,train_00487
004355.png,0.9999999,train_04114
004356.png,1.0000001,train_04879
004357.png,0.9999999,train_04500
004358.png,1.0000001,train_03877
004359.png,1.0,train_00508
004360.png,1.0000001,train_02353
004361.png,1.0,train_03888
004362.png,1.0000001,train_03724
004363.png,1.0,train_06962
004364.png,0.9999998,train_05533
004365.png,0.9999999,train_06299
004366.png,0.9999998,train_01595
004367.png,1.0000002,train_06111
004368.png,1.0000002,train_04870
004369.png,1.0000001,train_00346
004370.png,1.0000001,train_01086
004371.png,1.0,train_02584
004372.png,1.0,train_02644
004373.png,0.99999976,train_01963
004374.png,0.9999999,train_03234
004375.png,1.0000002,train_03854
004376.png,1.0000001,train_04983
004377.png,1.0000002,train_06227
004378.png,1.0,train_07445
004379.png,1.0000001,train_03338
004380.png,0.9999999,train_02915
004381.png,1.0,train_07320
004382.png,1.0000002,train_04801
004383.png,1.0,train_06834
004384.png,1.0000001,train_00030
004385.png,1.0000001,train_00757
004386.png,1.0,train_04999
004387.png,0.9999999,train_05432
004388.png,1.0000002,train_06181
004389.png,1.0000001,train_01750
004390.png,0.99999994,train_06645
004391.png,1.0000001,train_02460
004392.png,1.0000001,train_05946
004393.png,1.0000002,train_07197
004394.png,1.0,train_03027
004395.png,1.0,train_06521
004396.png,1.0,train_00057
004397.png,1.0,train_02468
004398.png,0.9999999,train_04238
004399.png,1.0,train_03945
004400.png,1.0,train_00611
004401.png,0.9999999,train_04374
004402.png,0.99999994,train_04363
004403.png,1.0000001,train_02077
004404.png,1.0000002,train_00218
004405.png,1.0,train_02028
004406.png,0.9999999,train_04476
004407.png,1.0,train_03609
004408.png,0.9999999,train_07321
004409.png,0.9999999,train_02735
004410.png,0.9999998,train_00681
004411.png,0.99999976,train_03439
004412.png,1.0,train_01121
004413.png,0.99999994,train_04227
004414.png,1.0000001,train_00746
004415.png,1.0000005,train_05632
004416.png,1.0000004,train_03249
004417.png,1.0000001,train_05286
004418.png,1.0,train_00344
004419.png,0.9999999,train_00403
004420.png,0.9999999,train_05577
004421.png,1.0000001,train_05690
004422.png,1.0,train_07800
004423.png,0.9999999,train_06340
004424.png,1.0,train_07587
004425.png,1.0000002,train_06371
004426.png,1.0,train_07064
004427.png,1.0,train_06368
004428.png,1.0000001,train_07005
004429.png,1.0000001,train_05122
004430.png,0.9999999,train_01663
004431.png,0.99999994,train_00869
004432.png,1.0,train_07450
004433.png,0.99999994,train_04337
004434.png,0.99999976,train_03859
004435.png,1.0000001,train_03065
004436.png,1.0000001,train_00716
004437.png,0.9999998,train_03021
004438.png,0.9999998,train_07338
004439.png,1.0,train_05207
004440.png,1.0,train_07105
004441.png,1.0000001,train_06759
004442.png,0.9999999,train_05325
004443.png,1.0000001,train_00966
004444.png,1.0000002,train_00172
004445.png,1.0,train_01692
004446.png,1.0000002,train_00024
004447.png,1.0,train_06220
004448.png,0.99999976,train_00001
004449.png,1.0000001,train_02037
004450.png,1.0000002,train_07475
004451.png,1.0000001,train_02000
004452.png,1.0,train_04194
004453.png,1.0000001,train_03710
004454.png,1.0000001,train_05218
004455.png,0.9999999,train_01875
004456.png,1.0,train_01867
004457.png,1.0000002,train_03694
004458.png,1.0000001,train_06096
004459.png,0.99999976,train_02309
004460.png,1.0000002,train_00777
004461.png,1.0,train_04711
004462.png,1.0,train_02093
004463.png,1.0,train_00787
004464.png,1.0000002,train_05512
004465.png,0.9999998,train_08071
004466.png,1.0000004,train_08134
004467.png,1.0000001,train_03968
004468.png,0.9999999,train_05425
004469.png,1.0,train_03382
004470.png,1.0000001,train_07210
004471.png,1.0,train_06417
004472.png,1.0,train_05321
004473.png,0.9999999,train_04894
004474.png,1.0,train_06953
004475.png,0.9999999,train_03776
004476.png,1.0,train_06872
004477.png,1.0,train_04666
004478.png,1.0,train_00915
004479.png,1.0000004,train_03763
004480.png,1.0,train_03049
004481.png,1.0,train_00647
004482.png,1.0,train_00192
004483.png,0.99999994,train_03361
004484.png,1.0,train_06916
004485.png,1.0,train_05165
004486.png,1.0000002,train_02338
004487.png,0.9999999,train_00824
004488.png,1.0,train_01319
004489.png,1.0,train_02377
004490.png,1.0000002,train_05314
004491.png,1.0000004,train_03286
004492.png,1.0000002,train_00515
004493.png,1.0,train_04081
004494.png,0.99999964,train_04017
004495.png,1.0000001,train_01151
004496.png,1.0000004,train_03253
004497.png,1.0,train_01590
004498.png,1.0000001,train_06346
004499.png,1.0000002,train_00218
004500.png,0.9999999,train_02883
004501.png,1.0,train_08046
004502.png,1.0000002,train_06205
004503.png,1.0,train_01299
004504.png,1.0,train_01612
004505.png,1.0000001,train_06662
004506.png,1.0,train_07527
004507.png,0.9999998,train_02850
004508.png,0.9999998,train_01852
004509.png,1.0,train_03807
004510.png,0.9999999,train_04295
004511.png,1.0,train_04014
004512.png,1.0000001,train_03503
004513.png,1.0000004,train_02208
004514.png,0.9999999,train_02890
004515.png,1.0,train_02673
004516.png,1.0,train_07280
004517.png,1.0000001,train_02034
004518.png,1.0000001,train_02505
004519.png,1.0,train_06743
004520.png,1.0000002,train_02747
004521.png,1.0000004,train_06821
004522.png,1.0,train_01451
004523.png,1.0,train_05104
004524.png,1.0,train_04142
004525.png,1.0,train_06582
004526.png,1.0,train_00178
004527.png,1.0,train_02395
004528.png,1.0000002,train_03716
004529.png,0.99999994,train_01411
004530.png,1.0000001,train_00030
004531.png,0.99999976,train_04710
004532.png,0.99999994,train_06190
004533.png,1.0000002,train_00392
004534.png,1.0,train_04708
004535.png,0.99999994,train_06020
004536.png,1.0000002,train_02301
004537.png,1.0000001,train_04101
004538.png,1.0,train_03167
004539.png,1.0,train_04748
004540.png,1.0000002,train_04863
004541.png,0.9999999,train_06723
004542.png,1.0000004,train_06651
004543.png,1.0,train_08137
004544.png,1.0,train_02722
004545.png,1.0,train_01909
004546.png,0.99999964,train_04941
004547.png,1.0,train_06495
004548.png,1.0000001,train_05776
004549.png,0.9999999,train_00844
004550.png,1.0,train_04340
004551.png,0.99999994,train_03903
004552.png,0.99999994,train_05522
004553.png,0.99999994,train_05181
004554.png,1.0000002,train_07475
004555.png,1.0000002,train_01032
004556.png,1.0000002,train_01281
004557.png,1.0,train_00991
004558.png,0.99999994,train_03616
004559.png,0.9999999,train_02970
004560.png,1.0,train_03153
004561.png,1.0,train_00747
004562.png,1.0000002,train_00494
004563.png,1.0000001,train_07981
004564.png,1.0,train_00638
004565.png,1.0,train_03660
004566.png,1.0,train_02930
004567.png,1.0000001,train_06807
004568.png,0.99999976,train_00004
004569.png,1.0,train_07522
004570.png,1.0000001,train_01736
004571.png,1.0000002,train_00457
004572.png,0.99999976,train_06532
004573.png,1.0000001,train_06555
004574.png,1.0000001,train_00920
004575.png,0.99999994,train_04535
004576.png,1.0000002,train_06620
004577.png,1.0,train_01729
004578.png,1.0,train_07746
004579.png,0.99999976,train_00253
004580.png,1.0000002,train_05008
004581.png,1.0000001,train_03653
004582.png,1.0,train_07303
004583.png,0.99999994,train_03784
004584.png,0.99999994,train_07845
004585.png,1.0000002,train_05354
004586.png,0.99999976,train_06095
004587.png,1.0,train_01083
004588.png,0.9999999,train_04597
004589.png,1.0,train_04030
004590.png,1.0,train_00631
004591.png,1.0000002,train_06081
004592.png,0.9999998,train_02031
004593.png,1.0000001,train_07090
004594.png,0.9999998,train_06952
004595.png,0.9999999,train_01563
004596.png,1.0,train_07556
004597.png,1.0,train_07135
004598.png,1.0000001,train_01616
004599.png,1.0000004,train_00557
004600.png,1.0000002,train_01631
004601.png,0.99999976,train_06535
004602.png,1.0,train_07585
004603.png,1.0000001,train_06783
004604.png,1.0,train_04194
004605.png,1.0000001,train_04266
004606.png,0.9999999,train_06565
004607.png,1.0000004,train_02480
004608.png,1.0000001,train_01644
004609.png,1.0000001,train_06552
004610.png,1.0000002,train_02637
004611.png,0.99999994,train_02788
004612.png,1.0000001,train_07175
004613.png,1.0,train_01369
004614.png,1.0000001,train_01140
004615.png,1.0000002,train_03509
004616.png,1.0,train_08101
004617.png,1.0000004,train_01784
004618.png,0.9999999,train_05392
004619.png,0.9999999,train_03702
004620.png,1.0,train_05374
004621.png,1.0,train_04034
004622.png,0.99999994,train_05708
004623.png,1.0,train_07135
004624.png,1.0000002,train_05089
004625.png,1.0000001,train_07958
004626.png,1.0,train_01678
004627.png,1.0000001,train_06707
004628.png,1.0,train_07945
004629.png,1.0,train_01637
004630.png,1.0,train_07503
004631.png,1.0000002,train_05971
004632.png,1.0,train_03386
004633.png,1.0000001,train_07223
004634.png,1.0,train_08012
004635.png,1.0000001,train_05715
004636.png,1.0000001,train_07326
004637.png,1.0,train_07466
004638.png,1.0000004,train_02901
004639.png,1.0,train_02466
004640.png,1.0,train_03295
004641.png,1.0000002,train_02219
004642.png,0.9999998,train_01534
004643.png,1.0000002,train_00015
004644.png,1.0,train_06395
004645.png,1.0,train_06313
004646.png,1.0000002,train_01222
004647.png,0.99999976,train_00897
004648.png,1.0000002,train_07521
004649.png,1.0,train_05600
004650.png,1.0000002,train_01838
004651.png,0.9999999,train_02491
004652.png,1.0,train_02046
004653.png,1.0000002,train_03427
004654.png,1.0000001,train_05575
004655.png,1.0,train_05220
004656.png,1.0,train_05114
004657.png,0.99999976,train_06498
004658.png,1.0000001,train_05623
004659.png,1.0000002,train_06867
004660.png,0.9999999,train_01582
004661.png,1.0000002,train_05089
004662.png,1.0000002,train_04686
004663.png,1.0000002,train_01187
004664.png,0.99999976,train_01124
004665.png,1.0,train_05175
004666.png,1.0,train_04038
004667.png,0.99999976,train_00932
004668.png,1.0000001,train_07565
004669.png,0.9999999,train_02277
004670.png,1.0000001,train_07489
004671.png,1.0,train_02252
004672.png,0.9999998,train_07711
004673.png,0.9999999,train_07675
004674.png,1.0,train_05976
004675.png,0.99999976,train_06462
004676.png,1.0,train_07607
004677.png,1.0000002,train_03364
004678.png,1.0000001,train_07174
004679.png,1.0000001,train_07005
004680.png,1.0,train_07124
004681.png,1.0000005,train_00845
004682.png,1.0000001,train_03952
004683.png,1.0,train_04478
004684.png,0.9999999,train_04960
004685.png,0.99999976,train_00444
004686.png,1.0,train_05723
004687.png,1.0,train_01728
004688.png,1.0,train_01827
004689.png,0.9999999,train_03998
004690.png,1.0000002,train_05333
004691.png,0.9999999,train_06340
004692.png,0.99999976,train_00319
004693.png,0.99999976,train_05571
004694.png,0.9999999,train_01196
004695.png,1.0000001,train_06783
004696.png,1.0000001,train_07879
004697.png,1.0000001,train_07155
004698.png,1.0000001,train_01188
004699.png,1.0000002,train_06303
004700.png,1.0,train_03356
004701.png,1.0000004,train_03047
004702.png,1.0000001,train_03675
004703.png,0.9999999,train_03296
004704.png,0.99999994,train_00384
004705.png,1.0000001,train_00303
004706.png,1.0000002,train_03608
004707.png,1.0000001,train_02336
004708.png,0.99999976,train_02394
004709.png,1.0000002,train_06917
004710.png,1.0,train_04194
004711.png,0.9999999,train_02346
004712.png,1.0000001,train_07100
004713.png,1.0,train_01673
004714.png,1.0000002,train_05734
004715.png,0.9999999,train_07299
004716.png,0.99999976,train_02311
004717.png,1.0000005,train_07749
004718.png,1.0000005,train_01580
004719.png,1.0,train_07501
004720.png,0.9999997,train_00585
004721.png,1.0,train_03993
004722.png,1.0000001,train_05029
004723.png,1.0,train_04576
004724.png,1.0000001,train_07717
004725.png,1.0000005,train_05870
004726.png,1.0000001,train_06625
004727.png,1.0000004,train_00862
004728.png,1.0000002,train_03305
004729.png,1.0,train_02620
004730.png,0.99999976,train_07871
004731.png,1.0,train_03924
004732.png,1.0000002,train_07328
004733.png,0.9999998,train_06296
004734.png,0.9999999,train_04634
004735.png,0.9999998,train_05816
004736.png,1.0,train_07135
004737.png,1.0000001,train_03990
004738.png,0.9999999,train_07150
004739.png,1.0000001,train_03134
004740.png,1.0000002,train_01061
004741.png,1.0,train_04865
004742.png,1.0,train_05750
004743.png,0.99999994,train_01416
004744.png,0.99999994,train_07845
004745.png,1.0,train_06516
004746.png,1.0000001,train_07691
004747.png,0.9999997,train_08118
004748.png,1.0000004,train_04803
004749.png,0.99999994,train_03144
004750.png,0.9999998,train_01440
004751.png,1.0,train_02005
004752.png,1.0,train_04475
004753.png,0.9999999,train_06001
004754.png,1.0,train_02303
004755.png,1.0000001,train_08095
004756.png,1.0,train_01400
004757.png,1.0000002,train_06973
004758.png,1.0,train_07982
004759.png,1.0000004,train_06352
004760.png,0.9999999,train_01880
004761.png,1.0000002,train_01611
004762.png,1.0000002,train_07244
004763.png,1.0000001,train_07402
004764.png,1.0000001,train_01484
004765.png,1.0000001,train_01003
004766.png,1.0,train_07241
004767.png,1.0,train_02488
004768.png,1.0,train_07928
004769.png,0.99999994,train_08129
004770.png,1.0000001,train_04246
004771.png,0.99999976,train_01481
004772.png,1.0,train_07754
004773.png,1.0000002,train_07899
004774.png,1.0000002,train_02808
004775.png,0.9999998,train_06070
004776.png,1.0000002,train_08088
004777.png,0.9999999,train_07362
004778.png,0.99999994,train_02650
004779.png,1.0000002,train_04151
004780.png,0.9999999,train_00403
004781.png,1.0000004,train_08038
004782.png,1.0000001,train_04351
004783.png,1.0000001,train_08083
004784.png,1.0,train_00637
004785.png,1.0,train_00334
004786.png,1.0000002,train_02169
004787.png,1.0,train_08041
004788.png,1.0000001,train_01848
004789.png,1.0000001,train_07378
004790.png,1.0000002,train_05387
004791.png,0.9999999,train_06446
004792.png,1.0000002,train_07700
004793.png,1.0000001,train_04890
004794.png,1.0,train_06493
004795.png,1.0000002,train_00012
004796.png,0.99999994,train_05984
004797.png,1.0,train_03930
004798.png,1.0000001,train_00045
004799.png,0.9999999,train_06787
004800.png,1.0000001,train_00147
004801.png,0.9999999,train_06696
004802.png,1.0000002,train_03965
004803.png,1.0,train_05700
004804.png,1.0,train_02632
004805.png,1.0000001,train_01338
004806.png,1.0000001,train_04949
004807.png,1.0,train_08111
004808.png,1.0000002,train_01927
004809.png,1.0000001,train_01987
004810.png,0.9999999,train_02479
004811.png,0.99999994,train_06394
004812.png,1.0,train_05059
004813.png,1.0000001,train_04567
004814.png,1.0000001,train_05715
004815.png,1.0000001,train_07559
004816.png,0.9999999,train_02195
004817.png,1.0000001,train_00821
004818.png,1.0000002,train_08045
004819.png,1.0000001,train_07210
004820.png,1.0000002,train_05089
004821.png,1.0,train_05207
004822.png,0.9999998,train_00725
004823.png,1.0000002,train_02830
004824.png,0.9999999,train_03264
004825.png,1.0000004,train_00891
004826.png,1.0000002,train_02637
004827.png,1.0,train_01701
004828.png,1.0000001,train_01866
004829.png,1.0,train_01005
004830.png,1.0000002,train_01602
004831.png,1.0000005,train_01580
004832.png,1.0000001,train_03041
004833.png,1.0,train_08072
004834.png,1.0,train_00279
004835.png,1.0,train_01695
004836.png,1.0000002,train_04389
004837.png,0.99999994,train_05231
004838.png,1.0,train_01581
004839.png,0.9999999,train_03203
004840.png,1.0000004,train_03076
004841.png,1.0,train_02467
004842.png,1.0000001,train_05648
004843.png,1.0000002,train_01795
004844.png,1.0000002,train_02544
004845.png,1.0000001,train_07335
004846.png,0.99999994,train_07622
004847.png,1.0000001,train_03089
004848.png,1.0000001,train_01518
004849.png,0.9999999,train_05736
004850.png,1.0000001,train_03828
004851.png,1.0,train_04065
004852.png,1.0000001,train_00364
004853.png,0.9999999,train_00199
004854.png,1.0000001,train_03012
004855.png,1.0,train_07136
004856.png,1.0,train_00416
004857.png,1.0000002,train_01627
004858.png,1.0000001,train_05592
004859.png,1.0000001,train_00848
004860.png,1.0000002,train_02989
004861.png,0.9999998,train_06202
004862.png,0.9999999,train_05300
004863.png,0.99999994,train_01101
004864.png,0.9999998,train_04026
004865.png,1.0,train_05585
004866.png,1.0,train_05545
004867.png,1.0000002,train_01763
004868.png,0.9999999,train_04091
004869.png,1.0,train_05086
004870.png,0.99999994,train_07845
004871.png,1.0,train_04478
004872.png,1.0,train_01502
004873.png,1.0000002,train_03118
004874.png,1.0000002,train_00770
004875.png,1.0000001,train_03535
004876.png,1.0000002,train_05311
004877.png,1.0000001,train_04504
004878.png,0.99999994,train_01034
004879.png,1.0000001,train_06554
004880.png,1.0000002,train_02695
004881.png,1.0000002,train_04033
004882.png,1.0,train_06029
004883.png,1.0000002,train_07586
004884.png,1.0,train_06329
004885.png,1.0000004,train_07234
004886.png,1.0,train_00547
004887.png,0.99999976,train_06641
004888.png,0.99999994,train_02611
004889.png,1.0,train_03895
004890.png,1.0000002,train_00575
004891.png,1.0000001,train_01950
004892.png,0.9999999,train_03628
004893.png,0.9999999,train_03526
004894.png,1.0000001,train_07795
004895.png,1.0000001,train_02633
004896.png,1.0000002,train_07121
004897.png,1.0000001,train_06084
004898.png,0.9999999,train_06530
004899.png,1.0,train_07327
004900.png,1.0000002,train_02824
004901.png,1.0000002,train_01662
004902.png,1.0000002,train_03198
004903.png,1.0,train_05547
004904.png,0.99999964,train_02229
004905.png,1.0000001,train_04890
004906.png,0.99999994,train_07583
004907.png,0.9999999,train_00167
004908.png,1.0,train_04833
004909.png,0.9999998,train_02186
004910.png,1.0000002,train_03965
004911.png,0.9999999,train_02717
004912.png,1.0,train_05393
004913.png,1.0000002,train_00838
004914.png,1.0000001,train_06280
004915.png,1.0000005,train_01373
004916.png,0.9999999,train_01570
004917.png,1.0000002,train_04486
004918.png,0.9999999,train_07846
004919.png,1.0,train_05793
004920.png,1.0,train_07956
004921.png,0.99999976,train_07620
004922.png,1.0,train_02803
004923.png,0.99999976,train_04417
004924.png,0.9999999,train_02552
004925.png,0.9999998,train_05088
004926.png,0.9999998,train_04530
004927.png,1.0,train_05483
004928.png,1.0000002,train_03423
004929.png,1.0000002,train_07883
004930.png,1.0000001,train_06480
004931.png,0.99999976,train_06882
004932.png,1.0,train_02515
004933.png,0.9999999,train_05877
004934.png,1.0000001,train_04949
004935.png,1.0000001,train_03579
004936.png,1.0,train_01626
004937.png,0.9999999,train_03060
004938.png,1.0,train_01626
004939.png,0.99999964,train_07020
004940.png,1.0,train_03562
004941.png,1.0,train_04910
004942.png,1.0,train_03438
004943.png,1.0000001,train_02948
004944.png,0.9999998,train_04968
004945.png,0.9999998,train_05377
004946.png,1.0000001,train_05335
004947.png,1.0,train_01745
004948.png,1.0000001,train_00113
004949.png,1.0000001,train_00576
004950.png,1.0000001,train_04101
004951.png,1.0000002,train_04860
004952.png,1.0,train_02822
004953.png,1.0000001,train_03323
004954.png,0.9999999,train_05425
004955.png,0.9999999,train_02492
004956.png,1.0,train_05025
004957.png,1.0,train_07217
004958.png,1.0,train_07396
004959.png,1.0000002,train_01258
004960.png,1.0,train_00455
004961.png,1.0,train_03092
004962.png,1.0000001,train_04191
004963.png,1.0,train_00285
004964.png,0.9999999,train_01569
004965.png,0.99999976,train_04294
004966.png,0.9999998,train_00209
004967.png,0.9999999,train_04874
004968.png,0.99999976,train_00932
004969.png,0.9999999,train_02536
004970.png,1.0000002,train_05379
004971.png,1.0000002,train_00965
004972.png,1.0000001,train_05108
004973.png,1.0,train_06843
004974.png,1.0,train_00460
004975.png,1.0000002,train_05705
004976.png,1.0,train_01009
004977.png,0.9999999,train_04956
004978.png,0.99999994,train_01396
004979.png,1.0000004,train_01135
004980.png,1.0000001,train_02959
004981.png,0.9999999,train_01401
004982.png,0.99999994,train_02542
004983.png,0.99999976,train_06177
004984.png,0.99999964,train_02507
004985.png,1.0000002,train_07760
004986.png,0.99999976,train_01182
004987.png,1.0000002,train_07482
004988.png,1.0000001,train_07461
004989.png,0.9999999,train_00191
004990.png,1.0000001,train_00504
004991.png,0.9999999,train_02317
004992.png,0.9999998,train_01624
004993.png,0.9999999,train_00191
004994.png,0.9999999,train_02983
004995.png,0.9999999,train_02235
004996.png,0.99999994,train_01150
004997.png,1.0,train_00273
004998.png,0.9999999,train_02279
004999.png,0.99999976,train_06479
005000.png,0.99999976,train_01963
005001.png,1.0,train_03640
005002.png,1.0,train_07875
005003.png,0.9999997,train_02091
005004.png,1.0000002,train_01778
005005.png,1.0000001,train_04769
005006.png,0.9999998,train_08071
005007.png,0.99999976,train_05534
005008.png,0.99999994,train_00807
005009.png,1.0000001,train_07763
005010.png,1.0000001,train_05704
005011.png,0.9999999,train_04726
005012.png,1.0000002,train_02723
005013.png,1.0,train_02712
005014.png,0.99999976,train_01553
005015.png,1.0000001,train_02129
005016.png,1.0000001,train_04890
005017.png,0.99999976,train_08087
005018.png,0.9999999,train_01598
005019.png,1.0,train_01251
005020.png,1.0000002,train_07275
005021.png,1.0000004,train_07995
005022.png,1.0,train_07048
005023.png,1.0000005,train_05979
005024.png,0.9999998,train_00233
005025.png,1.0000001,train_04545
005026.png,1.0000001,train_07254
005027.png,1.0000004,train_06821
005028.png,1.0,train_07625
005029.png,1.0,train_01071
005030.png,1.0,train_01538
005031.png,1.0000004,train_04464
005032.png,1.0000001,train_02742
005033.png,1.0000002,train_01491
005034.png,1.0000001,train_06511
005035.png,1.0000001,train_06384
005036.png,0.99999964,train_03189
005037.png,1.0000001,train_02783
005038.png,1.0000002,train_06208
005039.png,0.9999999,train_03970
005040.png,1.0000001,train_07958
005041.png,1.0000001,train_00165
005042.png,1.0000002,train_02340
005043.png,0.99999964,train_01677
005044.png,1.0000002,train_01650
005045.png,0.99999976,train_07366
005046.png,1.0,train_02324
005047.png,1.0,train_01255
005048.png,1.0,train_03809
005049.png,1.0000001,train_01682
005050.png,1.0000002,train_06458
005051.png,1.0,train_08135
005052.png,1.0000002,train_08016
005053.png,1.0000004,train_04439
005054.png,1.0,train_02727
005055.png,1.0000001,train_03837
005056.png,1.0000002,train_03910
005057.png,1.0000002,train_06637
005058.png,0.9999998,train_00573
005059.png,1.0000001,train_07029
005060.png,0.99999964,train_04553
005061.png,1.0000001,train_05699
005062.png,1.0,train_06463
005063.png,1.0,train_02142
005064.png,1.0000004,train_03238
005065.png,0.9999999,train_06647
005066.png,0.99999994,train_04489
005067.png,0.9999998,train_00016
005068.png,1.0000002,train_06487
005069.png,1.0000002,train_01394
005070.png,1.0,train_02131
005071.png,1.0000002,train_00960
005072.png,1.0000002,train_04961
005073.png,1.0,train_02142
005074.png,1.0,train_05785
005075.png,1.0,train_04931
005076.png,1.0,train_01168
005077.png,1.0000004,train_06388
005078.png,1.0000002,train_03643
005079.png,1.0000001,train_03576
005080.png,1.0,train_06091
005081.png,1.0,train_01223
005082.png,1.0000004,train_02480
005083.png,1.0,train_02138
005084.png,1.0000004,train_01023
005085.png,1.0000001,train_04992
005086.png,0.99999976,train_05933
005087.png,1.0000001,train_02089
005088.png,0.9999999,train_00833
005089.png,1.0,train_00337
005090.png,0.9999999,train_03765
005091.png,1.0,train_04019
005092.png,0.99999994,train_04186
005093.png,1.0,train_03027
005094.png,1.0000001,train_05277
005095.png,1.0,train_01241
005096.png,0.9999999,train_00913
005097.png,0.9999999,train_00830
005098.png,1.0000002,train_03218
005099.png,1.0,train_06545
005100.png,1.0,train_04747
005101.png,1.0000002,train_07420
005102.png,1.0000002,train_03314
005103.png,0.99999976,train_08119
005104.png,1.0000001,train_02366
005105.png,1.0,train_03262
005106.png,0.9999999,train_02518
005107.png,0.9999999,train_03060
005108.png,1.0000002,train_02807
005109.png,0.9999999,train_07071
005110.png,1.0000006,train_07215
005111.png,0.9999999,train_04621
005112.png,0.99999994,train_01514
005113.png,1.0000001,train_04627
005114.png,0.9999999,train_06265
005115.png,0.99999976,train_04394
005116.png,1.0000001,train_05095
005117.png,1.0000001,train_05168
005118.png,1.0000002,train_03414
005119.png,1.0000002,train_06851
005120.png,1.0000002,train_00732
005121.png,1.0000001,train_01450
005122.png,1.0,train_07163
005123.png,1.0,train_02274
005124.png,0.9999999,train_04241
005125.png,0.9999999,train_08073
005126.png,0.9999999,train_01389
005127.png,0.99999976,train_00319
005128.png,0.9999999,train_00120
005129.png,1.0,train_04449
005130.png,1.0000001,train_02612
005131.png,1.0000001,train_04510
005132.png,1.0,train_05777
005133.png,1.0000001,train_06801
005134.png,1.0000001,train_08102
005135.png,1.0000002,train_08085
005136.png,1.0000001,train_05848
005137.png,1.0000002,train_06895
005138.png,0.9999999,train_05485
005139.png,1.0000002,train_03974
005140.png,1.0,train_04166
005141.png,1.0000004,train_06128
005142.png,0.9999999,train_06207
005143.png,1.0000002,train_01631
005144.png,1.0,train_06284
005145.png,1.0000002,train_02767
005146.png,0.9999999,train_01043
005147.png,1.0,train_05223
005148.png,1.0000002,train_07647
005149.png,0.99999994,train_06602
005150.png,1.0,train_00541
005151.png,0.99999976,train_00934
005152.png,1.0000001,train_00757
005153.png,1.0,train_04400
005154.png,1.0000001,train_01376
005155.png,0.9999994,train_08027
005156.png,1.0000004,train_02884
005157.png,1.0,train_08072
005158.png,0.9999999,train_02479
005159.png,1.0000001,train_01926
005160.png,0.99999976,train_04294
005161.png,0.99999976,train_05274
005162.png,1.0,train_02464
005163.png,1.0,train_00387
005164.png,1.0,train_02078
005165.png,1.0,train_06058
005166.png,1.0000001,train_02865
005167.png,0.99999976,train_05603
005168.png,1.0,train_07793
005169.png,1.0000001,train_03334
005170.png,0.9999999,train_06298
005171.png,1.0,train_06302
005172.png,1.0,train_05532
005173.png,0.99999976,train_00413
005174.png,1.0000001,train_05927
005175.png,1.0000001,train_00565
005176.png,0.9999999,train_06606
005177.png,1.0,train_02961
005178.png,1.0000002,train_06073
005179.png,0.9999998,train_01789
005180.png,0.99999994,train_00099
005181.png,1.0,train_04646
005182.png,1.0000001,train_05004
005183.png,0.9999997,train_02923
005184.png,0.9999998,train_01452
005185.png,1.0000001,train_06979
005186.png,1.0000002,train_01362
005187.png,0.9999999,train_04956
005188.png,1.0000001,train_06994
005189.png,1.0000001,train_07947
005190.png,1.0000002,train_00803
005191.png,1.0,train_04411
005192.png,0.9999999,train_07816
005193.png,0.9999999,train_04876
005194.png,1.0,train_06970
005195.png,0.99999994,train_01967
005196.png,1.0000004,train_02893
005197.png,0.9999999,train_03918
005198.png,1.0,train_00086
005199.png,1.0000001,train_05194
005200.png,1.0,train_07445
005201.png,1.0,train_01734
005202.png,1.0,train_00647
005203.png,0.9999999,train_01285
005204.png,0.99999994,train_06887
005205.png,1.0000002,train_01117
005206.png,1.0,train_01827
005207.png,1.0000002,train_01700
005208.png,0.9999998,train_03021
005209.png,1.0,train_02834
005210.png,1.0000002,train_05939
005211.png,0.9999999,train_00155
005212.png,1.0000004,train_07067
005213.png,0.99999994,train_00384
005214.png,0.9999999,train_05657
005215.png,1.0,train_04767
005216.png,0.9999999,train_03944
005217.png,1.0,train_00751
005218.png,1.0,train_02930
005219.png,1.0000004,train_05109
005220.png,1.0000002,train_01765
005221.png,0.9999997,train_01230
005222.png,1.0000002,train_01324
005223.png,1.0000001,train_07744
005224.png,1.0000001,train_06555
005225.png,1.0,train_07629
005226.png,1.0000001,train_02812
005227.png,1.0000002,train_03146
005228.png,1.0000001,train_06074
005229.png,1.0000002,train_05922
005230.png,1.0,train_03071
005231.png,1.0000001,train_01888
005232.png,0.9999999,train_03547
005233.png,1.0,train_06953
005234.png,1.0000001,train_02071
005235.png,1.0000001,train_07357
005236.png,1.0,train_00273
005237.png,1.0,train_04509
005238.png,1.0000001,train_06593
005239.png,1.0000001,train_02726
005240.png,1.0,train_07857
005241.png,1.0,train_01479
005242.png,1.0000002,train_00277
005243.png,1.0,train_03044
005244.png,1.0000002,train_04151
005245.png,0.9999999,train_06542
005246.png,1.0000002,train_06016
005247.png,1.0000002,train_03633
005248.png,1.0000002,train_05973
005249.png,1.0000002,train_05801
005250.png,1.0000002,train_01206
005251.png,1.0,train_06849
005252.png,1.0000001,train_07955
005253.png,1.0000001,train_00083
005254.png,0.9999999,train_05552
005255.png,1.0000002,train_00172
005256.png,0.9999999,train_03331
005257.png,1.0,train_08043
005258.png,1.0000002,train_04908
005259.png,0.99999976,train_02192
005260.png,1.0000001,train_05575
005261.png,1.0000001,train_03448
005262.png,1.0,train_01847
005263.png,0.9999999,train_04358
005264.png,1.0000002,train_00324
005265.png,1.0000001,train_00674
005266.png,1.0000001,train_05540
005267.png,1.0,train_02817
005268.png,1.0,train_03650
005269.png,1.0000002,train_06638
005270.png,1.0,train_07018
005271.png,1.0000001,train_02774
005272.png,1.0,train_01207
005273.png,1.0000002,train_03670
005274.png,1.0,train_04328
005275.png,1.0000002,train_03324
005276.png,1.0000001,train_06084
005277.png,0.9999999,train_05889
005278.png,0.9999998,train_00208
005279.png,1.0000001,train_01270
005280.png,1.0000002,train_06106
005281.png,1.0000001,train_06089
005282.png,1.0,train_04798
005283.png,0.9999999,train_04621
005284.png,0.9999999,train_06505
005285.png,1.0,train_07671
005286.png,1.0,train_01528
005287.png,0.9999999,train_07246
005288.png,0.99999994,train_02215
005289.png,1.0,train_02290
005290.png,0.99999976,train_06948
005291.png,1.0000005,train_07168
005292.png,0.9999999,train_04964
005293.png,1.0000002,train_03969
005294.png,1.0000001,train_02505
005295.png,1.0,train_07397
005296.png,1.0000002,train_01535
005297.png,0.9999999,train_06697
005298.png,1.0000001,train_00046
005299.png,1.0000001,train_06886
005300.png,1.0000002,train_00715
005301.png,0.99999994,train_03966
005302.png,1.0000004,train_00102
005303.png,1.0000002,train_06547
005304.png,0.99999976,train_04117
005305.png,1.0,train_01984
005306.png,0.9999999,train_00844
005307.png,1.0000004,train_02079
005308.png,0.9999997,train_02326
005309.png,1.0000001,train_02128
005310.png,0.9999999,train_03690
005311.png,1.0,train_07570
005312.png,1.0,train_01223
005313.png,1.0000002,train_07658
005314.png,1.0,train_03177
005315.png,1.0000001,train_01473
005316.png,0.9999999,train_06023
005317.png,1.0000001,train_06721
005318.png,1.0,train_07569
005319.png,1.0,train_07829
005320.png,0.9999999,train_07169
005321.png,1.0,train_04245
005322.png,1.0000001,train_00125
005323.png,0.9999999,train_06862
005324.png,1.0000001,train_07952
005325.png,0.99999994,train_07638
005326.png,1.0,train_06510
005327.png,1.0,train_02655
005328.png,1.0,train_00432
005329.png,1.0,train_01200
005330.png,1.0000002,train_01712
005331.png,0.9999998,train_05210
005332.png,1.0,train_04424
005333.png,1.0000002,train_07685
005334.png,1.0000004,train_01819
005335.png,0.9999999,train_03434
005336.png,1.0000002,train_07492
005337.png,0.9999998,train_03821
005338.png,1.0000002,train_00610
005339.png,0.9999999,train_00624
005340.png,1.0,train_00400
005341.png,1.0000002,train_04750
005342.png,1.0000001,train_08023
005343.png,1.0000002,train_02574
005344.png,1.0000001,train_04992
005345.png,0.99999976,train_06246
005346.png,1.0,train_07707
005347.png,1.0000002,train_06805
005348.png,0.9999999,train_03344
005349.png,1.0,train_07408
005350.png,1.0000001,train_02656
005351.png,1.0,train_05874
005352.png,1.0,train_05099
005353.png,0.99999994,train_05231
005354.png,0.9999999,train_05155
005355.png,0.9999999,train_06965
005356.png,1.0000002,train_05637
005357.png,0.99999976,train_05674
005358.png,1.0,train_05465
005359.png,0.99999994,train_02231
005360.png,0.9999999,train_05661
005361.png,1.0,train_04474
005362.png,1.0000001,train_04318
005363.png,1.0,train_04065
005364.png,1.0000001,train_00129
005365.png,1.0000002,train_02049
005366.png,1.0,train_02188
005367.png,0.9999998,train_04782
005368.png,0.9999997,train_02710
005369.png,0.9999999,train_02184
005370.png,1.0000002,train_01700
005371.png,0.9999999,train_02061
005372.png,1.0,train_02924
005373.png,1.0000002,train_07421
005374.png,1.0,train_07625
005375.png,0.99999994,train_06987
005376.png,0.9999999,train_01824
005377.png,1.0,train_01231
005378.png,1.0,train_08046
005379.png,1.0,train_05132
005380.png,1.0,train_07400
005381.png,1.0000001,train_00533
005382.png,1.0000001,train_05818
005383.png,1.0000001,train_05914
005384.png,0.9999999,train_02228
005385.png,1.0000002,train_03691
005386.png,1.0000001,train_01208
005387.png,0.99999976,train_06257
005388.png,1.0000002,train_01615
005389.png,1.0000001,train_07901
005390.png,0.99999976,train_02210
005391.png,0.9999997,train_03246
005392.png,1.0,train_01733
005393.png,1.0000001,train_05156
005394.png,1.0000002,train_05992
005395.png,0.9999999,train_03944
005396.png,1.0,train_04149
005397.png,1.0,train_00117
005398.png,1.0,train_04603
005399.png,1.0000001,train_01558
005400.png,0.9999999,train_00538
005401.png,1.0000001,train_02538
005402.png,1.0000002,train_03172
005403.png,0.9999999,train_03357
005404.png,1.0,train_02799
005405.png,1.0000002,train_04331
005406.png,1.0,train_03756
005407.png,0.9999999,train_02703
005408.png,1.0,train_04221
005409.png,1.0000002,train_05170
005410.png,1.0000002,train_03248
005411.png,1.0000001,train_02425
005412.png,0.9999996,train_03740
005413.png,1.0000002,train_04525
005414.png,0.99999976,train_02733
005415.png,0.99999994,train_04186
005416.png,1.0,train_04543
005417.png,0.9999999,train_02233
005418.png,0.9999998,train_02299
005419.png,0.9999999,train_01862
005420.png,1.0,train_05035
005421.png,1.0000001,train_05784
005422.png,1.0,train_01253
005423.png,1.0000001,train_00270
005424.png,1.0,train_06701
005425.png,1.0,train_02786
005426.png,1.0000002,train_01535
005427.png,1.0,train_01336
005428.png,0.99999976,train_00889
005429.png,1.0000002,train_04334
005430.png,1.0000002,train_05802
005431.png,1.0000001,train_01971
005432.png,1.0,train_05564
005433.png,1.0000004,train_06537
005434.png,0.99999994,train_03571
005435.png,1.0000001,train_03549
005436.png,0.9999999,train_05259
005437.png,0.99999994,train_01417
005438.png,1.0000001,train_00671
005439.png,1.0000002,train_05866
005440.png,0.9999998,train_02094
005441.png,1.0,train_06630
005442.png,1.0000001,train_05624
005443.png,0.9999999,train_00572
005444.png,0.9999999,train_08070
005445.png,0.99999994,train_06560
005446.png,1.0000001,train_07908
005447.png,1.0000002,train_01026
005448.png,0.99999994,train_00675
005449.png,1.0,train_01871
005450.png,1.0,train_04837
005451.png,1.0000005,train_02141
005452.png,1.0000002,train_00715
005453.png,0.9999999,train_00325
005454.png,1.0000001,train_07631
005455.png,0.9999998,train_07868
005456.png,1.0,train_03415
005457.png,0.9999997,train_01464
005458.png,1.0,train_02988
005459.png,1.0,train_05201
005460.png,1.0000001,train_01327
005461.png,0.9999999,train_00283
005462.png,0.99999994,train_04348
005463.png,1.0,train_08061
005464.png,1.0,train_03849
005465.png,1.0000001,train_03884
005466.png,1.0,train_05600
005467.png,1.0000001,train_07977
005468.png,1.0000002,train_00968
005469.png,1.0,train_06396
005470.png,0.9999997,train_02923
005471.png,0.9999999,train_07681
005472.png,1.0000002,train_00843
005473.png,1.0,train_04411
005474.png,1.0000002,train_00733
005475.png,1.0000001,train_02366
005476.png,1.0,train_05149
005477.png,0.99999994,train_07990
005478.png,1.0,train_06403
005479.png,0.99999994,train_00985
005480.png,1.0,train_02296
005481.png,1.0000002,train_08123
005482.png,1.0,train_00877
005483.png,0.99999994,train_06507
005484.png,1.0000002,train_01790
005485.png,0.99999976,train_01481
005486.png,1.0000001,train_06480
005487.png,1.0000002,train_02012
005488.png,0.9999999,train_04998
005489.png,1.0,train_06894
005490.png,1.0000001,train_00471
005491.png,1.0000001,train_07312
005492.png,1.0000002,train_02258
005493.png,1.0000002,train_02989
005494.png,0.9999998,train_05060
005495.png,1.0,train_05555
005496.png,0.99999994,train_01698
005497.png,1.0000005,train_03211
005498.png,1.0,train_02167
005499.png,1.0,train_06155
005500.png,1.0000004,train_01819
005501.png,0.9999999,train_07689
005502.png,0.99999994,train_04313
005503.png,1.0000001,train_00670
005504.png,1.0,train_01741
005505.png,1.0000001,train_02810
005506.png,0.9999999,train_01152
005507.png,1.0000001,train_01387
005508.png,0.9999999,train_05891
005509.png,0.99999964,train_03518
005510.png,0.9999999,train_02011
005511.png,1.0,train_05393
005512.png,0.9999999,train_06022
005513.png,1.0000002,train_00598
005514.png,1.0,train_03081
005515.png,1.0000002,train_05669
005516.png,0.99999964,train_04115
005517.png,1.0000005,train_05979
005518.png,1.0000002,train_00826
005519.png,1.0000001,train_06132
005520.png,0.9999999,train_06671
005521.png,1.0000001,train_04432
005522.png,1.0000002,train_00588
005523.png,0.9999999,train_02083
005524.png,1.0,train_01069
005525.png,1.0,train_05886
005526.png,1.0000001,train_05898
005527.png,1.0000001,train_00211
005528.png,1.0000002,train_06018
005529.png,1.0,train_04593
005530.png,1.0,train_00863
005531.png,0.9999999,train_05701
005532.png,1.0,train_00026
005533.png,1.0000004,train_05205
005534.png,0.9999999,train_00238
005535.png,1.0000001,train_02353
005536.png,1.0000001,train_02638
005537.png,1.0000001,train_05562
005538.png,1.0000002,train_03391
005539.png,1.0000001,train_03221
005540.png,1.0,train_06444
005541.png,1.0000001,train_01277
005542.png,1.0000001,train_06243
005543.png,1.0000001,train_06331
005544.png,1.0,train_07154
005545.png,1.0000002,train_00315
005546.png,1.0000002,train_05826
005547.png,1.0,train_03973
005548.png,1.0000002,train_01778
005549.png,1.0000002,train_05375
005550.png,1.0000002,train_06259
005551.png,0.99999994,train_02826
005552.png,1.0,train_05044
005553.png,1.0000002,train_04573
005554.png,0.99999994,train_04978
005555.png,1.0,train_06484
005556.png,1.0000001,train_03036
005557.png,1.0,train_03792
005558.png,1.0000001,train_02656
005559.png,1.0000002,train_08045
005560.png,1.0000002,train_05803
005561.png,1.0000002,train_04239
005562.png,1.0000002,train_01254
005563.png,1.0000001,train_04608
005564.png,0.99999994,train_05415
005565.png,1.0,train_06962
005566.png,1.0000001,train_03301
005567.png,0.99999976,train_04685
005568.png,1.0000002,train_05676
005569.png,1.0,train_03692
005570.png,1.0000002,train_06229
005571.png,1.0000002,train_01480
005572.png,0.9999998,train_01511
005573.png,1.0000001,train_04260
005574.png,1.0,train_01554
005575.png,0.9999999,train_00979
005576.png,0.9999998,train_03981
005577.png,1.0,train_00454
005578.png,1.0,train_04886
005579.png,0.9999998,train_01916
005580.png,1.0,train_06744
005581.png,1.0,train_06255
005582.png,1.0,train_02437
005583.png,1.0,train_03720
005584.png,1.0000002,train_03836
005585.png,1.0,train_00188
005586.png,1.0000004,train_02376
005587.png,0.99999994,train_02788
005588.png,0.99999976,train_05338
005589.png,1.0000002,train_04851
005590.png,1.0000002,train_02477
005591.png,1.0,train_00524
005592.png,1.0000002,train_03931
005593.png,1.0,train_03102
005594.png,1.0000002,train_00229
005595.png,1.0,train_07837
005596.png,1.0,train_05132
005597.png,1.0,train_01121
005598.png,1.0000002,train_01842
005599.png,1.0000001,train_04028
005600.png,1.0000001,train_03558
005601.png,1.0000002,train_06683
005602.png,0.9999999,train_07171
005603.png,1.0000001,train_01957
005604.png,1.0000002,train_04796
005605.png,1.0,train_06285
005606.png,1.0000001,train_02548
005607.png,1.0,train_05374
005608.png,1.0000002,train_03974
005609.png,1.0,train_05851
005610.png,1.0,train_05785
005611.png,0.99999976,train_05017
005612.png,1.0000001,train_07773
005613.png,1.0000002,train_07576
005614.png,1.0000002,train_08045
005615.png,0.99999994,train_02088
005616.png,0.99999994,train_05213
005617.png,1.0000004,train_00862
005618.png,0.9999999,train_03860
005619.png,1.0000002,train_01865
005620.png,1.0000002,train_04729
005621.png,1.0000001,train_07981
005622.png,1.0,train_00754
005623.png,1.0000002,train_00071
005624.png,0.9999999,train_07080
005625.png,1.0000001,train_05163
005626.png,1.0000001,train_07401
005627.png,1.0,train_06361
005628.png,1.0000001,train_03187
005629.png,1.0000001,train_03003
005630.png,0.99999994,train_03437
005631.png,1.0,train_05284
005632.png,0.9999998,train_07338
005633.png,0.9999999,train_07534
005634.png,1.0000002,train_07389
005635.png,1.0,train_07105
005636.png,1.0000002,train_01039
005637.png,1.0,train_03731
005638.png,1.0000001,train_01894
005639.png,0.9999999,train_00866
005640.png,0.99999994,train_01417
005641.png,0.9999999,train_03996
005642.png,1.0,train_07905
005643.png,1.0000001,train_05002
005644.png,1.0,train_05600
005645.png,1.0000001,train_01562
005646.png,1.0000001,train_02134
005647.png,1.0,train_04711
005648.png,1.0000002,train_03894
005649.png,0.99999994,train_01175
005650.png,1.0000002,train_05919
005651.png,1.0000002,train_04144
005652.png,1.0000001,train_01363
005653.png,0.99999976,train_07839
005654.png,1.0,train_04428
005655.png,1.0,train_04209
005656.png,0.99999976,train_00001
005657.png,0.9999998,train_05533
005658.png,0.99999994,train_02054
005659.png,0.99999994,train_05543
005660.png,1.0,train_07309
005661.png,1.0,train_04245
005662.png,1.0000001,train_01252
005663.png,0.9999998,train_03270
005664.png,1.0,train_00197
005665.png,1.0000002,train_07913
005666.png,1.0000001,train_05746
005667.png,0.9999999,train_05714
005668.png,1.0,train_07510
005669.png,1.0,train_00621
005670.png,1.0000002,train_05251
005671.png,1.0000005,train_01408
005672.png,1.0000001,train_00559
005673.png,1.0,train_03409
005674.png,0.9999996,train_02971
005675.png,1.0,train_05665
005676.png,1.0000002,train_06488
005677.png,1.0,train_06605
005678.png,1.0000002,train_02569
005679.png,0.9999999,train_00185
005680.png,0.9999998,train_07810
005681.png,0.9999998,train_07868
005682.png,1.0000001,train_07633
005683.png,0.99999994,train_03440
005684.png,1.0000002,train_06764
005685.png,1.0,train_07918
005686.png,1.0000005,train_04967
005687.png,1.0000001,train_07491
005688.png,1.0000001,train_06392
005689.png,0.9999998,train_02420
005690.png,1.0,train_02142
005691.png,1.0,train_07511
005692.png,1.0000002,train_06112
005693.png,1.0000001,train_05460
005694.png,1.0000004,train_02998
005695.png,1.0000002,train_06896
005696.png,1.0,train_02740
005697.png,1.0,train_03483
005698.png,0.99999976,train_05502
005699.png,0.99999976,train_00351
005700.png,1.0,train_05516
005701.png,1.0000001,train_01202
005702.png,0.99999994,train_05543
005703.png,1.0000002,train_06917
005704.png,1.0,train_04969
005705.png,0.9999999,train_04387
005706.png,1.0000001,train_02690
005707.png,1.0,train_01255
005708.png,1.0,train_04276
005709.png,1.0,train_06492
005710.png,0.9999999,train_04872
005711.png,1.0000001,train_06384
005712.png,1.0000002,train_04124
005713.png,1.0000002,train_06283
005714.png,1.0000001,train_07994
005715.png,0.9999998,train_02246
005716.png,1.0000002,train_01354
005717.png,1.0,train_05074
005718.png,0.9999998,train_04172
005719.png,0.9999999,train_05714
005720.png,1.0,train_02818
005721.png,1.0,train_02737
005722.png,0.9999999,train_05577
005723.png,1.0,train_06803
005724.png,0.99999964,train_05173
005725.png,1.0000001,train_03579
005726.png,0.9999999,train_07465
005727.png,1.0,train_01094
005728.png,0.9999999,train_00727
005729.png,1.0,train_06718
005730.png,1.0000002,train_00012
005731.png,1.0,train_06452
005732.png,0.9999998,train_05795
005733.png,1.0,train_03578
005734.png,0.9999999,train_01875
005735.png,1.0000004,train_07651
005736.png,1.0000001,train_03139
005737.png,1.0,train_03408
005738.png,1.0000001,train_05322
005739.png,1.0000002,train_07482
005740.png,0.9999999,train_06192
005741.png,1.0,train_02167
005742.png,1.0000004,train_02444
005743.png,1.0000001,train_01404
005744.png,0.99999976,train_07506
005745.png,1.0,train_00441
005746.png,1.0000001,train_01003
005747.png,1.0000002,train_04308
005748.png,0.9999999,train_02936
005749.png,1.0,train_00840
005750.png,1.0000001,train_03089
005751.png,1.0000001,train_03752
005752.png,1.0000002,train_00252
005753.png,1.0,train_04602
005754.png,0.9999999,train_07216
005755.png,1.0,train_00988
005756.png,1.0000004,train_04918
005757.png,1.0000002,train_00024
005758.png,1.0000002,train_02446
005759.png,1.0,train_05849
005760.png,0.9999999,train_05033
005761.png,0.9999999,train_05577
005762.png,0.99999994,train_08055
005763.png,1.0,train_07344
005764.png,0.9999998,train_05505
005765.png,1.0,train_00638
005766.png,0.9999999,train_06954
005767.png,0.9999999,train_01407
005768.png,1.0,train_05067
005769.png,1.0,train_01302
005770.png,1.0000004,train_01013
005771.png,1.0,train_07104
005772.png,1.0,train_02887
005773.png,1.0000002,train_04165
005774.png,1.0,train_04429
005775.png,1.0000001,train_03780
005776.png,1.0,train_06484
005777.png,0.9999999,train_02491
005778.png,1.0,train_03900
005779.png,0.9999999,train_00167
005780.png,1.0,train_01835
005781.png,1.0000001,train_03697
005782.png,1.0,train_02499
005783.png,1.0,train_05967
005784.png,0.9999999,train_04618
005785.png,1.0000002,train_04072
005786.png,1.0,train_00415
005787.png,0.9999999,train_01316
005788.png,1.0000001,train_02411
005789.png,1.0000001,train_03967
005790.png,0.9999999,train_02562
005791.png,1.0,train_06254
005792.png,1.0000001,train_01518
005793.png,1.0,train_00677
005794.png,0.9999999,train_05827
005795.png,1.0000004,train_07067
005796.png,0.9999999,train_04375
005797.png,1.0000002,train_02997
005798.png,1.0000002,train_06657
005799.png,0.9999999,train_06298
005800.png,0.9999996,train_02588
005801.png,1.0,train_08072
005802.png,1.0000002,train_04051
005803.png,0.9999999,train_05425
005804.png,1.0,train_04976
005805.png,0.99999976,train_04692
005806.png,1.0000002,train_02681
005807.png,0.99999994,train_02386
005808.png,1.0,train_01745
005809.png,1.0,train_05150
005810.png,0.9999999,train_02235
005811.png,1.0000002,train_02360
005812.png,1.0,train_06582
005813.png,1.0,train_07859
005814.png,1.0000002,train_06910
005815.png,0.9999999,train_06140
005816.png,1.0,train_00462
005817.png,1.0,train_02834
005818.png,0.9999999,train_06377
005819.png,1.0,train_04443
005820.png,1.0000001,train_00959
005821.png,1.0000002,train_04048
005822.png,1.0,train_01596
005823.png,0.9999999,train_00128
005824.png,1.0000001,train_05573
005825.png,1.0000001,train_00684
005826.png,1.0,train_07079
005827.png,1.0000001,train_04804
005828.png,1.0000002,train_02049
005829.png,0.99999994,train_03007
005830.png,0.99999976,train_01991
005831.png,1.0000002,train_03494
005832.png,1.0,train_03067
005833.png,1.0000002,train_03266
005834.png,0.99999994,train_02976
005835.png,0.99999994,train_05233
005836.png,1.0,train_04019
005837.png,1.0,train_06441
005838.png,1.0000001,train_05670
005839.png,1.0,train_03258
005840.png,0.9999999,train_03357
005841.png,1.0000001,train_06868
005842.png,0.9999999,train_02543
005843.png,1.0,train_02159
005844.png,0.9999999,train_03359
005845.png,1.0000002,train_01712
005846.png,1.0000001,train_06384
005847.png,1.0,train_04276
005848.png,1.0000001,train_05946
005849.png,1.0000001,train_00974
005850.png,1.0000001,train_01327
005851.png,1.0000002,train_02969
005852.png,1.0,train_03142
005853.png,1.0000002,train_01665
005854.png,1.0,train_08098
005855.png,0.9999999,train_07258
005856.png,1.0000001,train_03964
005857.png,1.0000001,train_03457
005858.png,0.9999999,train_02469
005859.png,0.9999999,train_04605
005860.png,1.0,train_04739
005861.png,1.0,train_05468
005862.png,0.99999976,train_05464
005863.png,1.0000001,train_02097
005864.png,0.99999994,train_07204
005865.png,0.9999999,train_04633
005866.png,1.0,train_04699
005867.png,0.99999994,train_01515
005868.png,0.99999994,train_01777
005869.png,1.0,train_04205
005870.png,0.9999999,train_04518
005871.png,1.0000001,train_05710
005872.png,0.9999999,train_03846
005873.png,1.0000002,train_07160
005874.png,0.9999999,train_04634
005875.png,1.0,train_04168
005876.png,1.0000001,train_06541
005877.png,1.0,train_02766
005878.png,1.0000001,train_03128
005879.png,0.9999999,train_07250
005880.png,1.0000001,train_01807
005881.png,1.0000001,train_06143
005882.png,0.9999999,train_03296
005883.png,1.0,train_02026
005884.png,0.9999999,train_00354
005885.png,1.0000002,train_06205
005886.png,0.9999999,train_07213
005887.png,0.99999976,train_00253
005888.png,0.9999999,train_06780
005889.png,1.0000001,train_00568
005890.png,1.0000002,train_07726
005891.png,1.0000002,train_02679
005892.png,1.0000002,train_05986
005893.png,0.99999994,train_02054
005894.png,1.0,train_01786
005895.png,1.0,train_01293
005896.png,1.0000001,train_03653
005897.png,1.0,train_07844
005898.png,0.9999998,train_05955
005899.png,1.0,train_01820
005900.png,0.9999999,train_04715
005901.png,1.0,train_03027
005902.png,1.0000001,train_03468
005903.png,1.0000001,train_03995
005904.png,1.0,train_00884
005905.png,1.0000001,train_04882
005906.png,0.9999998,train_00819
005907.png,1.0,train_05608
005908.png,1.0000001,train_05461
005909.png,1.0,train_01210
005910.png,1.0000001,train_01823
005911.png,1.0000002,train_00164
005912.png,1.0,train_01083
005913.png,1.0,train_05111
005914.png,1.0000004,train_02884
005915.png,1.0,train_05131
005916.png,1.0,train_05929
005917.png,1.0,train_04857
005918.png,1.0000001,train_06518
005919.png,1.0000004,train_07373
005920.png,1.0000002,train_03266
005921.png,1.0,train_05062
005922.png,1.0000001,train_04309
005923.png,1.0,train_05541
005924.png,1.0000004,train_00891
005925.png,0.99999994,train_05484
005926.png,1.0,train_04705
005927.png,1.0000002,train_03466
005928.png,1.0000002,train_04781
005929.png,1.0000001,train_05330
005930.png,0.9999998,train_06613
005931.png,0.9999999,train_04624
005932.png,1.0,train_05132
005933.png,1.0000002,train_02575
005934.png,1.0000002,train_00575
005935.png,1.0000002,train_07701
005936.png,1.0,train_05148
005937.png,0.9999999,train_02341
005938.png,0.99999976,train_05203
005939.png,0.99999976,train_00085
005940.png,1.0000001,train_08049
005941.png,1.0000001,train_02801
005942.png,1.0000002,train_06663
005943.png,0.99999976,train_06889
005944.png,0.9999998,train_05462
005945.png,1.0000001,train_07005
005946.png,0.9999999,train_00824
005947.png,0.9999997,train_07742
005948.png,1.0000002,train_03470
005949.png,0.9999999,train_01146
005950.png,1.0,train_06178
005951.png,1.0,train_02464
005952.png,0.99999994,train_07158
005953.png,1.0000001,train_02411
005954.png,1.0,train_03438
005955.png,0.9999999,train_04876
005956.png,1.0000001,train_07491
005957.png,1.0000002,train_04596
005958.png,1.0000002,train_01870
005959.png,1.0000002,train_04885
005960.png,0.9999999,train_01598
005961.png,1.0000002,train_07389
005962.png,1.0,train_07309
005963.png,1.0,train_02877
005964.png,1.0000004,train_01088
005965.png,0.9999997,train_05397
005966.png,1.0,train_05561
005967.png,0.9999994,train_04105
005968.png,1.0000002,train_00992
005969.png,1.0,train_02558
005970.png,0.9999999,train_04249
005971.png,1.0000005,train_00156
005972.png,0.99999976,train_05850
005973.png,1.0000002,train_04024
005974.png,1.0000002,train_04170
005975.png,0.99999964,train_01216
005976.png,1.0000002,train_00172
005977.png,0.9999999,train_07131
005978.png,1.0,train_04578
005979.png,1.0000002,train_06937
005980.png,1.0000004,train_00789
005981.png,1.0000002,train_04045
005982.png,0.9999999,train_04497
005983.png,0.99999976,train_03824
005984.png,1.0000002,train_00878
005985.png,1.0000001,train_02198
005986.png,1.0,train_03692
005987.png,0.99999994,train_01411
005988.png,1.0000001,train_05751
005989.png,1.0000002,train_05416
005990.png,1.0000001,train_02906
005991.png,1.0000002,train_03405
005992.png,1.0000002,train_01014
005993.png,1.0,train_01357
005994.png,0.99999994,train_02386
005995.png,1.0000002,train_01041
005996.png,1.0000001,train_06370
005997.png,1.0,train_01767
005998.png,0.99999976,train_06882
005999.png,1.0000004,train_00596
006000.png,1.0,train_04705
006001.png,1.0000001,train_06253
006002.png,0.9999999,train_01446
006003.png,1.0000001,train_05928
006004.png,1.0,train_03586
006005.png,1.0,train_04194
006006.png,1.0000001,train_04022
006007.png,1.0,train_01984
006008.png,1.0,train_07721
006009.png,1.0000005,train_05521
006010.png,1.0000002,train_04880
006011.png,1.0000002,train_06918
006012.png,0.9999999,train_03353
006013.png,1.0000002,train_02965
006014.png,1.0,train_06416
006015.png,1.0000002,train_06081
006016.png,1.0000001,train_04015
006017.png,1.0,train_07806
006018.png,1.0000001,train_05029
006019.png,0.9999999,train_03225
006020.png,0.99999994,train_05359
006021.png,1.0,train_06863
006022.png,0.9999999,train_04799
006023.png,1.0,train_06197
006024.png,1.0,train_05712
006025.png,1.0,train_04966
006026.png,1.0000001,train_03360
006027.png,1.0,train_03298
006028.png,1.0000002,train_00655
006029.png,1.0,train_05975
006030.png,1.0000002,train_04465
006031.png,1.0000001,train_03029
006032.png,1.0,train_03158
006033.png,1.0000002,train_02453
006034.png,1.0000001,train_01773
006035.png,0.9999999,train_05398
006036.png,0.99999976,train_02912
006037.png,0.9999999,train_00101
006038.png,1.0,train_06368
006039.png,0.9999999,train_05129
006040.png,1.0,train_00713
006041.png,1.0000002,train_02400
006042.png,1.0000002,train_02123
006043.png,1.0,train_07182
006044.png,1.0,train_05528
006045.png,1.0000001,train_04078
006046.png,0.99999994,train_02739
006047.png,1.0,train_05564
006048.png,0.9999999,train_07786
006049.png,1.0000002,train_01036
006050.png,1.0000001,train_01447
006051.png,1.0000001,train_03579
006052.png,1.0,train_00948
006053.png,1.0,train_03625
006054.png,1.0000004,train_03047
006055.png,1.0000002,train_07662
006056.png,1.0000002,train_04181
006057.png,1.0000002,train_01172
006058.png,1.0000004,train_04803
006059.png,0.9999997,train_07552
006060.png,1.0000002,train_02708
006061.png,0.99999976,train_02211
006062.png,1.0000002,train_05268
006063.png,1.0000002,train_02170
006064.png,1.0000001,train_06346
006065.png,1.0000002,train_06732
006066.png,0.9999999,train_02608
006067.png,1.0,train_02697
006068.png,1.0000001,train_06777
006069.png,1.0,train_03883
006070.png,1.0000001,train_01800
006071.png,1.0,train_01886
006072.png,0.99999994,train_07731
006073.png,1.0,train_06521
006074.png,0.99999994,train_01753
006075.png,1.0000002,train_04181
006076.png,1.0,train_01857
006077.png,1.0000005,train_05979
006078.png,0.9999999,train_02317
006079.png,1.0000002,train_02986
006080.png,0.99999994,train_07518
006081.png,1.0000001,train_06572
006082.png,1.0,train_03159
006083.png,0.99999994,train_01876
006084.png,1.0000001,train_05621
006085.png,1.0000001,train_07636
006086.png,0.9999999,train_03443
006087.png,1.0,train_05262
006088.png,1.0,train_05821
006089.png,1.0000001,train_03648
006090.png,0.9999999,train_03066
006091.png,0.9999999,train_06838
006092.png,1.0,train_05561
006093.png,1.0000002,train_07580
006094.png,1.0,train_08067
006095.png,0.9999997,train_06194
006096.png,1.0000002,train_04431
006097.png,0.9999999,train_03264
006098.png,1.0000002,train_00652
006099.png,1.0000002,train_07804
006100.png,1.0,train_05112
006101.png,0.9999999,train_06239
006102.png,1.0000004,train_03249
006103.png,0.9999999,train_07249
006104.png,1.0000001,train_08032
006105.png,1.0000002,train_02919
006106.png,1.0000002,train_04033
006107.png,1.0000001,train_03448
006108.png,1.0000001,train_00534
006109.png,1.0,train_02809
006110.png,0.9999998,train_00209
006111.png,1.0000001,train_07100
006112.png,1.0,train_00988
006113.png,1.0000001,train_02573
006114.png,1.0,train_04412
006115.png,0.9999999,train_05604
006116.png,1.0,train_00650
006117.png,0.9999999,train_00318
006118.png,0.9999999,train_00828
006119.png,0.9999999,train_07256
006120.png,1.0,train_04857
006121.png,1.0,train_04708
006122.png,1.0,train_07859
006123.png,1.0000002,train_01061
006124.png,0.99999994,train_02979
006125.png,1.0,train_02960
006126.png,0.99999994,train_07008
006127.png,1.0000001,train_00835
006128.png,0.9999999,train_04679
006129.png,1.0,train_05511
006130.png,0.9999999,train_07101
006131.png,1.0,train_04862
006132.png,1.0000002,train_01870
006133.png,1.0,train_06958
006134.png,0.9999999,train_07575
006135.png,0.9999999,train_03659
006136.png,1.0,train_07690
006137.png,1.0000002,train_01226
006138.png,1.0,train_02303
006139.png,1.0000001,train_01031
006140.png,1.0000001,train_04648
006141.png,1.0000001,train_04521
006142.png,1.0000001,train_03468
006143.png,1.0000002,train_03555
006144.png,1.0,train_03368
006145.png,1.0,train_08081
006146.png,1.0000002,train_03093
006147.png,1.0,train_06312
006148.png,0.9999999,train_04091
006149.png,0.99999976,train_00253
006150.png,1.0000002,train_03481
006151.png,0.9999998,train_03072
006152.png,0.99999994,train_07648
006153.png,1.0000005,train_02141
006154.png,1.0000002,train_06354
006155.png,1.0,train_05747
006156.png,0.9999999,train_02704
006157.png,1.0,train_07912
006158.png,1.0,train_05874
006159.png,1.0,train_06841
006160.png,1.0000002,train_00370
006161.png,1.0000002,train_04258
006162.png,1.0000002,train_05243
006163.png,0.99999994,train_01416
006164.png,0.99999994,train_05984
006165.png,1.0000004,train_07292
006166.png,1.0,train_08111
006167.png,0.99999976,train_02734
006168.png,1.0000002,train_05271
006169.png,0.99999976,train_00319
006170.png,1.0000001,train_01843
006171.png,0.9999999,train_05552
006172.png,1.0000002,train_05783
006173.png,1.0000001,train_07174
006174.png,0.99999976,train_07959
006175.png,0.9999999,train_04518
006176.png,1.0,train_02166
006177.png,1.0000002,train_07000
006178.png,1.0,train_01564
006179.png,1.0000001,train_01098
006180.png,1.0000001,train_05610
006181.png,1.0000002,train_06686
006182.png,1.0,train_01240
006183.png,1.0,train_05112
006184.png,1.0,train_04037
006185.png,1.0,train_00650
006186.png,1.0000002,train_07322
006187.png,1.0000005,train_00169
006188.png,0.9999998,train_02850
006189.png,0.9999999,train_07259
006190.png,1.0000002,train_02997
006191.png,1.0000001,train_02693
006192.png,1.0,train_04065
006193.png,1.0000002,train_02569
006194.png,1.0,train_01419
006195.png,0.9999999,train_05490
006196.png,0.9999999,train_01500
006197.png,1.0,train_00625
006198.png,1.0000001,train_05194
006199.png,1.0000001,train_07659
006200.png,1.0000002,train_02683
006201.png,1.0000001,train_04730
006202.png,0.99999994,train_02888
006203.png,1.0000002,train_04086
006204.png,0.9999998,train_04950
006205.png,0.9999999,train_07681
006206.png,0.9999999,train_00041
006207.png,0.9999997,train_02710
006208.png,1.0,train_07331
006209.png,1.0,train_01846
006210.png,1.0000001,train_04306
006211.png,0.9999999,train_07898
006212.png,1.0000001,train_02573
006213.png,0.9999999,train_05683
006214.png,0.99999976,train_08037
006215.png,0.99999976,train_00961
006216.png,0.9999999,train_06954
006217.png,1.0,train_07400
006218.png,1.0,train_06798
006219.png,0.9999999,train_02561
006220.png,0.9999998,train_08128
006221.png,1.0000001,train_03549
006222.png,1.0,train_04098
006223.png,1.0,train_02902
006224.png,1.0000001,train_04569
006225.png,0.99999976,train_05464
006226.png,1.0000001,train_05056
006227.png,1.0000002,train_03782
006228.png,1.0000002,train_00186
006229.png,1.0000001,train_00067
006230.png,1.0000001,train_03710
006231.png,0.9999999,train_07575
006232.png,1.0000005,train_07388
006233.png,1.0000001,train_04920
006234.png,1.0,train_04547
006235.png,1.0000002,train_00644
006236.png,1.0,train_04179
006237.png,0.99999994,train_07333
006238.png,1.0,train_03835
006239.png,1.0000002,train_00240
006240.png,0.9999998,train_05276
006241.png,1.0,train_02786
006242.png,1.0,train_03124
006243.png,1.0000001,train_05703
006244.png,1.0,train_05223
006245.png,0.9999999,train_05300
006246.png,0.99999976,train_03560
006247.png,1.0000005,train_01851
006248.png,1.0000002,train_03870
006249.png,1.0,train_03920
006250.png,1.0000004,train_07307
006251.png,1.0000001,train_00248
006252.png,1.0,train_05061
006253.png,0.9999999,train_07092
006254.png,1.0,train_03819
006255.png,1.0000004,train_07045
006256.png,1.0000001,train_06609
006257.png,0.9999999,train_07299
006258.png,1.0000002,train_08086
006259.png,1.0,train_01864
006260.png,1.0000002,train_04103
006261.png,1.0000001,train_00892
006262.png,1.0,train_03027
006263.png,0.99999976,train_01421
006264.png,1.0,train_06395
006265.png,1.0,train_04554
006266.png,1.0,train_02351
006267.png,0.9999994,train_04105
006268.png,1.0,train_00490
006269.png,1.0000004,train_04979
006270.png,1.0,train_02273
006271.png,1.0,train_03078
006272.png,0.9999998,train_00016
006273.png,0.99999994,train_01260
006274.png,1.0000001,train_04362
006275.png,1.0000001,train_00670
006276.png,0.99999994,train_06069
006277.png,1.0000002,train_05091
006278.png,1.0,train_03759
006279.png,1.0,train_04277
006280.png,1.0000005,train_05633
006281.png,1.0000001,train_06994
006282.png,1.0000002,train_07914
006283.png,1.0000001,train_03663
006284.png,0.9999997,train_05709
006285.png,1.0000001,train_02129
006286.png,0.9999999,train_00369
006287.png,1.0000001,train_07270
006288.png,1.0000001,train_03202
006289.png,0.9999998,train_05950
006290.png,1.0000001,train_00805
006291.png,1.0,train_02464
006292.png,0.9999998,train_02972
006293.png,1.0,train_04039
006294.png,1.0,train_05881
006295.png,0.9999999,train_06151
006296.png,1.0000001,train_00613
006297.png,1.0,train_00434
006298.png,1.0,train_04225
006299.png,0.9999999,train_04787
006300.png,1.0,train_08112
006301.png,0.9999997,train_07552
006302.png,0.9999998,train_06362
006303.png,0.9999999,train_01375
006304.png,1.0,train_02555
006305.png,0.99999976,train_03560
006306.png,1.0000002,train_07605
006307.png,1.0,train_01296
006308.png,0.99999994,train_00296
006309.png,1.0000002,train_00315
006310.png,1.0,train_02286
006311.png,1.0,train_04693
006312.png,1.0000002,train_00970
006313.png,0.9999999,train_02235
006314.png,1.0000001,train_03301
006315.png,0.9999999,train_02385
006316.png,1.0000001,train_01804
006317.png,0.99999994,train_01209
006318.png,0.9999998,train_05344
006319.png,1.0,train_03153
006320.png,0.9999999,train_03632
006321.png,0.9999999,train_07876
006322.png,1.0,train_04896
006323.png,1.0,train_01679
006324.png,0.9999999,train_06389
006325.png,1.0000001,train_03762
006326.png,0.99999976,train_02428
006327.png,1.0,train_00638
006328.png,1.0000004,train_02115
006329.png,1.0,train_06285
006330.png,0.99999976,train_02038
006331.png,1.0,train_02521
006332.png,1.0000002,train_04638
006333.png,0.9999999,train_06377
006334.png,1.0,train_07023
006335.png,0.9999999,train_04356
006336.png,0.9999999,train_06770
006337.png,0.99999994,train_03746
006338.png,1.0,train_04931
006339.png,1.0,train_08046
006340.png,0.99999994,train_04978
006341.png,1.0,train_02558
006342.png,1.0,train_02581
006343.png,0.9999999,train_00824
006344.png,1.0,train_07209
006345.png,0.9999997,train_08054
006346.png,1.0000002,train_06512
006347.png,1.0,train_00273
006348.png,0.9999999,train_08091
006349.png,0.99999976,train_01963
006350.png,1.0000004,train_02114
006351.png,1.0000004,train_06119
006352.png,0.9999998,train_05950
006353.png,1.0000002,train_06018
006354.png,1.0,train_00969
006355.png,1.0,train_01827
006356.png,0.9999999,train_04213
006357.png,1.0,train_07964
006358.png,1.0,train_06482
006359.png,0.99999994,train_04455
006360.png,1.0,train_07240
006361.png,1.0000001,train_01053
006362.png,0.9999999,train_02244
006363.png,1.0000002,train_06336
006364.png,1.0,train_04262
006365.png,1.0000001,train_07761
006366.png,1.0,train_01245
006367.png,1.0000002,train_06354
006368.png,1.0,train_01528
006369.png,1.0,train_00857
006370.png,1.0000002,train_00007
006371.png,0.9999999,train_04559
006372.png,0.9999999,train_04812
006373.png,1.0,train_01116
006374.png,1.0,train_04886
006375.png,1.0,train_01125
006376.png,0.9999999,train_04329
006377.png,1.0,train_06946
006378.png,1.0,train_05698
006379.png,0.9999999,train_04213
006380.png,1.0,train_00597
006381.png,1.0000004,train_06537
006382.png,1.0000002,train_03670
006383.png,1.0000001,train_01439
006384.png,1.0000002,train_02575
006385.png,0.9999999,train_07712
006386.png,1.0,train_07386
006387.png,0.9999999,train_02785
006388.png,1.0000001,train_01447
006389.png,0.9999999,train_08073
006390.png,0.99999976,train_07840
006391.png,1.0000002,train_07121
006392.png,1.0,train_06623
006393.png,1.0000002,train_04124
006394.png,1.0000001,train_01270
006395.png,1.0,train_01035
006396.png,1.0000001,train_03612
006397.png,1.0000001,train_06908
006398.png,1.0,train_07755
006399.png,1.0000002,train_00515
006400.png,1.0,train_06302
006401.png,1.0,train_06608
006402.png,1.0000002,train_03011
006403.png,1.0,train_01995
006404.png,1.0000001,train_06093
006405.png,1.0000001,train_04948
006406.png,1.0,train_01069
006407.png,1.0,train_06168
006408.png,1.0000004,train_02079
006409.png,0.9999999,train_06951
006410.png,1.0000001,train_07417
006411.png,1.0000001,train_03024
006412.png,1.0000001,train_08053
006413.png,0.9999999,train_01410
006414.png,1.0000001,train_03907
006415.png,1.0,train_04903
006416.png,0.9999999,train_01043
006417.png,0.9999999,train_03432
006418.png,1.0000002,train_05971
006419.png,1.0000001,train_03962
006420.png,1.0,train_03279
006421.png,1.0000001,train_07893
006422.png,1.0,train_01544
006423.png,1.0000001,train_06392
006424.png,1.0000001,train_05507
006425.png,1.0000001,train_03783
006426.png,1.0000001,train_00394
006427.png,0.99999976,train_06160
006428.png,0.9999999,train_06299
006429.png,0.99999976,train_07902
006430.png,0.9999999,train_03275
006431.png,1.0000001,train_01797
006432.png,1.0,train_02876
006433.png,0.9999999,train_08126
006434.png,1.0000001,train_06514
006435.png,1.0000001,train_02609
006436.png,0.99999976,train_06830
006437.png,1.0000002,train_01567
006438.png,0.9999999,train_02518
006439.png,0.99999976,train_01192
006440.png,0.99999994,train_03350
006441.png,0.99999976,train_00141
006442.png,0.99999976,train_01709
006443.png,1.0,train_00910
006444.png,1.0000002,train_05014
006445.png,1.0,train_04443
006446.png,1.0000004,train_06496
006447.png,0.9999999,train_01752
006448.png,1.0,train_04771
006449.png,0.9999999,train_07418
006450.png,1.0,train_02744
006451.png,0.9999997,train_01912
006452.png,1.0,train_06260
006453.png,1.0000002,train_06075
006454.png,0.9999999,train_02935
006455.png,0.9999999,train_05869
006456.png,1.0000001,train_02742
006457.png,0.9999998,train_05210
006458.png,0.99999994,train_00952
006459.png,1.0,train_00170
006460.png,0.9999999,train_00599
006461.png,0.99999994,train_02650
006462.png,1.0000002,train_06371
006463.png,1.0000002,train_07637
006464.png,0.9999998,train_07096
006465.png,1.0000004,train_03953
006466.png,1.0000001,train_05911
006467.png,1.0000001,train_03724
006468.png,1.0,train_06591
006469.png,0.99999994,train_02678
006470.png,1.0,train_07750
006471.png,1.0000005,train_02448
006472.png,0.99999976,train_06551
006473.png,1.0000002,train_00738
006474.png,1.0,train_01072
006475.png,0.99999994,train_06909
006476.png,0.9999999,train_06571
006477.png,1.0000005,train_04050
006478.png,1.0000002,train_08042
006479.png,1.0000002,train_02349
006480.png,0.9999999,train_00162
006481.png,0.9999999,train_06335
006482.png,0.9999999,train_01401
006483.png,0.9999999,train_01686
006484.png,1.0000002,train_07148
006485.png,1.0000001,train_07061
006486.png,1.0000002,train_07584
006487.png,1.0,train_05768
006488.png,1.0,train_07180
006489.png,0.9999999,train_04059
006490.png,1.0000002,train_05512
006491.png,0.99999994,train_05079
006492.png,1.0,train_04403
006493.png,1.0000004,train_00854
006494.png,1.0000001,train_03029
006495.png,1.0,train_02908
006496.png,1.0,train_03677
006497.png,0.9999998,train_05016
006498.png,1.0000002,train_05077
006499.png,0.99999976,train_04709
006500.png,0.99999994,train_02222
006501.png,1.0000002,train_00470
006502.png,1.0000001,train_05662
006503.png,0.99999976,train_01553
006504.png,1.0,train_06583
006505.png,0.99999994,train_01628
006506.png,1.0,train_04737
006507.png,0.99999976,train_02990
006508.png,1.0,train_01020
006509.png,0.9999998,train_06094
006510.png,1.0000001,train_06005
006511.png,1.0,train_05104
006512.png,1.0,train_05378
006513.png,0.9999998,train_04344
006514.png,1.0000001,train_00010
006515.png,1.0000002,train_04051
006516.png,1.0000002,train_06458
006517.png,1.0,train_04005
006518.png,1.0000004,train_06651
006519.png,1.0000001,train_02565
006520.png,0.99999994,train_06185
006521.png,1.0,train_03206
006522.png,1.0,train_02898
006523.png,1.0000001,train_02638
006524.png,1.0,train_06970
006525.png,0.99999976,train_02537
006526.png,0.9999999,train_02083
006527.png,1.0,train_03050
006528.png,1.0000001,train_07955
006529.png,1.0000001,train_04251
006530.png,1.0,train_01733
006531.png,1.0,train_03124
006532.png,0.99999976,train_07506
006533.png,0.9999999,train_00586
006534.png,1.0,train_07806
006535.png,1.0000001,train_06759
006536.png,1.0000004,train_04867
006537.png,1.0,train_02497
006538.png,0.9999999,train_05043
006539.png,1.0,train_02839
006540.png,1.0,train_04587
006541.png,1.0,train_04966
006542.png,1.0000001,train_06093
006543.png,1.0000001,train_06124
006544.png,1.0000001,train_03179
006545.png,1.0000001,train_04859
006546.png,0.9999998,train_02999
006547.png,0.99999964,train_00281
006548.png,1.0000002,train_02819
006549.png,1.0000001,train_07288
006550.png,0.99999994,train_07469
006551.png,0.9999999,train_05129
006552.png,1.0,train_04598
006553.png,1.0000001,train_02230
006554.png,1.0,train_02120
006555.png,1.0000002,train_00685
006556.png,1.0,train_06417
006557.png,1.0000001,train_04757
006558.png,1.0000002,train_06741
006559.png,1.0,train_08077
006560.png,1.0000004,train_06537
006561.png,0.99999976,train_00141
006562.png,0.99999976,train_07935
006563.png,0.9999999,train_04189
006564.png,1.0,train_06594
006565.png,1.0000002,train_07000
006566.png,0.99999964,train_01672
006567.png,0.99999976,train_03288
006568.png,1.0000002,train_06917
006569.png,0.99999994,train_01095
006570.png,1.0,train_00353
006571.png,0.9999999,train_03917
006572.png,1.0,train_04474
006573.png,1.0,train_01601
006574.png,0.9999999,train_03359
006575.png,1.0000001,train_05834
006576.png,1.0000004,train_05841
006577.png,1.0000002,train_08122
006578.png,0.99999994,train_07782
006579.png,1.0000002,train_00809
006580.png,1.0,train_05786
006581.png,1.0,train_03219
006582.png,1.0000005,train_05521
006583.png,1.0000001,train_04109
006584.png,1.0000002,train_05216
006585.png,0.99999976,train_06263
006586.png,1.0000001,train_07536
006587.png,1.0000002,train_00494
006588.png,0.9999999,train_05869
006589.png,1.0,train_00620
006590.png,1.0000001,train_04534
006591.png,1.0000001,train_07393
006592.png,0.99999976,train_01421
006593.png,1.0,train_03332
006594.png,0.9999999,train_01686
006595.png,1.0000005,train_04774
006596.png,0.9999999,train_03755
006597.png,1.0000001,train_01131
006598.png,1.0,train_07211
006599.png,0.9999999,train_00146
006600.png,1.0000002,train_02306
006601.png,1.0000001,train_02974
006602.png,1.0000002,train_05993
006603.png,1.0000002,train_03462
006604.png,0.9999999,train_03926
006605.png,1.0000001,train_06170
006606.png,1.0,train_05025
006607.png,1.0000001,train_05818
006608.png,0.9999999,train_00407
006609.png,1.0,train_05044
006610.png,0.9999999,train_06770
006611.png,1.0,train_03389
006612.png,1.0000002,train_05973
006613.png,1.0000005,train_07459
006614.png,1.0,train_00683
006615.png,1.0,train_04030
006616.png,0.9999999,train_08007
006617.png,0.9999999,train_02244
006618.png,0.9999998,train_06067
006619.png,1.0000001,train_05753
006620.png,1.0000002,train_04486
006621.png,1.0000001,train_01630
006622.png,0.9999998,train_01452
006623.png,1.0000002,train_02904
006624.png,0.99999994,train_02284
006625.png,1.0,train_05284
006626.png,1.0000001,train_06721
006627.png,0.99999994,train_07044
006628.png,1.0,train_08043
006629.png,1.0,train_00330
006630.png,1.0000001,train_00168
006631.png,0.99999994,train_04938
006632.png,0.99999994,train_06987
006633.png,1.0000002,train_03364
006634.png,1.0,train_03073
006635.png,0.9999999,train_03749
006636.png,0.9999999,train_01972
006637.png,1.0,train_05664
006638.png,1.0000002,train_04828
006639.png,0.9999999,train_04527
006640.png,1.0000001,train_05106
006641.png,1.0,train_00635
006642.png,1.0000002,train_06063
006643.png,1.0000001,train_05594
006644.png,1.0000001,train_06129
006645.png,1.0,train_07039
006646.png,1.0000002,train_01187
006647.png,0.9999999,train_02235
006648.png,1.0000002,train_07854
006649.png,0.99999976,train_01455
006650.png,0.99999976,train_04417
006651.png,1.0000002,train_06102
006652.png,1.0000001,train_04425
006653.png,1.0000001,train_02532
006654.png,1.0000002,train_03427
006655.png,1.0000002,train_07310
006656.png,1.0000001,train_01271
006657.png,0.9999999,train_00291
006658.png,1.0,train_05035
006659.png,1.0000002,train_00777
006660.png,1.0,train_00279
006661.png,0.99999964,train_00872
006662.png,1.0000002,train_04258
006663.png,1.0000002,train_05628
006664.png,0.99999976,train_00148
006665.png,1.0000002,train_05973
006666.png,1.0,train_04354
006667.png,1.0000001,train_04569
006668.png,1.0000002,train_05311
006669.png,1.0000002,train_06677
006670.png,1.0000001,train_06959
006671.png,1.0000001,train_07285
006672.png,1.0,train_00861
006673.png,0.9999999,train_03482
006674.png,1.0000002,train_06719
006675.png,0.9999998,train_05620
006676.png,0.99999994,train_05213
006677.png,1.0000001,train_03558
006678.png,0.9999999,train_01663
006679.png,0.9999999,train_06191
006680.png,1.0000001,train_00870
006681.png,0.9999999,train_01972
006682.png,0.99999976,train_01977
006683.png,1.0,train_03013
006684.png,1.0,train_02263
006685.png,1.0,train_05150
006686.png,1.0,train_01729
006687.png,1.0000002,train_02569
006688.png,1.0,train_04893
006689.png,0.9999999,train_07876
006690.png,1.0000002,train_06282
006691.png,1.0,train_07752
006692.png,0.99999994,train_06101
006693.png,1.0000001,train_00023
006694.png,0.99999994,train_01583
006695.png,0.9999998,train_01534
006696.png,1.0,train_03530
006697.png,0.9999999,train_01275
006698.png,0.9999998,train_00907
006699.png,1.0000001,train_06822
006700.png,1.0000001,train_01793
006701.png,1.0000002,train_01790
006702.png,0.9999999,train_05685
006703.png,1.0,train_00524
006704.png,1.0,train_01840
006705.png,1.0000002,train_04801
006706.png,0.99999976,train_00665
006707.png,1.0000001,train_04436
006708.png,1.0,train_06029
006709.png,1.0,train_00415
006710.png,0.99999994,train_07359
006711.png,1.0,train_03043
006712.png,1.0000001,train_02801
006713.png,1.0,train_06156
006714.png,1.0,train_00677
006715.png,1.0000004,train_01897
006716.png,1.0000004,train_00537
006717.png,1.0000001,train_06518
006718.png,1.0000001,train_05888
006719.png,1.0,train_02465
006720.png,1.0,train_03761
006721.png,1.0,train_00553
006722.png,1.0000002,train_06686
006723.png,0.99999976,train_00141
006724.png,1.0000002,train_00992
006725.png,1.0000001,train_00636
006726.png,1.0,train_00853
006727.png,0.9999999,train_03344
006728.png,1.0000001,train_06062
006729.png,0.9999997,train_04982
006730.png,0.99999976,train_02490
006731.png,1.0000001,train_07223
006732.png,1.0,train_07704
006733.png,1.0000002,train_05453
006734.png,0.99999994,train_00962
006735.png,1.0,train_02740
006736.png,0.9999999,train_03856
006737.png,1.0,train_02508
006738.png,0.9999999,train_05554
006739.png,0.9999999,train_04542
006740.png,1.0,train_03043
006741.png,1.0000002,train_08100
006742.png,1.0000001,train_04029
006743.png,1.0000001,train_00695
006744.png,0.99999994,train_05727
006745.png,1.0000002,train_02285
006746.png,0.9999999,train_06445
006747.png,0.99999976,train_05399
006748.png,1.0,train_07415
006749.png,1.0000002,train_04533
006750.png,0.9999999,train_01407
006751.png,0.9999998,train_01084
006752.png,0.9999999,train_06992
006753.png,1.0000001,train_02310
006754.png,1.0000002,train_05494
006755.png,0.99999994,train_07204
006756.png,1.0000004,train_04946
006757.png,1.0,train_03476
006758.png,1.0,train_03476
006759.png,1.0000001,train_02230
006760.png,1.0000002,train_00706
006761.png,1.0000002,train_03254
006762.png,1.0000002,train_06079
006763.png,0.99999964,train_05053
006764.png,0.9999998,train_01852
006765.png,1.0000001,train_07118
006766.png,1.0000001,train_04230
006767.png,0.99999976,train_03764
006768.png,1.0000001,train_05489
006769.png,1.0,train_05916
006770.png,0.99999994,train_02119
006771.png,1.0000001,train_07940
006772.png,1.0,train_07797
006773.png,1.0,train_00677
006774.png,1.0000002,train_00603
006775.png,1.0,train_05107
006776.png,1.0000001,train_07433
006777.png,1.0000002,train_07888
006778.png,0.9999998,train_06161
006779.png,1.0000001,train_01188
006780.png,0.9999997,train_06138
006781.png,1.0000001,train_03503
006782.png,1.0,train_00188
006783.png,1.0000002,train_02481
006784.png,1.0000001,train_01439
006785.png,1.0000002,train_03014
006786.png,1.0,train_01024
006787.png,1.0,train_01626
006788.png,1.0000001,train_07061
006789.png,1.0,train_05677
006790.png,1.0000004,train_05879
006791.png,0.9999999,train_03091
006792.png,1.0,train_01121
006793.png,0.9999999,train_01623
006794.png,1.0,train_05113
006795.png,1.0,train_07468
006796.png,1.0000002,train_01166
006797.png,1.0,train_02280
006798.png,0.99999964,train_06252
006799.png,0.9999999,train_01676
006800.png,0.9999999,train_04927
006801.png,1.0000001,train_02837
006802.png,1.0000005,train_04361
006803.png,0.9999999,train_04787
006804.png,0.9999999,train_06876
006805.png,1.0000002,train_00382
006806.png,1.0000002,train_05481
006807.png,1.0,train_07219
006808.png,1.0,train_07779
006809.png,1.0000004,train_03076
006810.png,0.9999998,train_04530
006811.png,1.0000005,train_07831
006812.png,0.9999999,train_05744
006813.png,1.0,train_01227
006814.png,1.0000004,train_06736
006815.png,1.0000002,train_04906
006816.png,1.0000001,train_04015
006817.png,0.9999999,train_04003
006818.png,1.0000001,train_01968
006819.png,0.9999999,train_03091
006820.png,0.9999999,train_03275
006821.png,1.0,train_02796
006822.png,1.0,train_06932
006823.png,1.0,train_05044
006824.png,1.0,train_08113
006825.png,0.99999976,train_01265
006826.png,1.0000001,train_00805
006827.png,1.0000001,train_02130
006828.png,1.0,train_00638
006829.png,1.0000001,train_01613
006830.png,0.99999994,train_06887
006831.png,1.0,train_01619
006832.png,0.9999999,train_04286
006833.png,0.99999994,train_00967
006834.png,0.9999999,train_00191
006835.png,1.0,train_06221
006836.png,1.0,train_07513
006837.png,1.0,train_08117
006838.png,1.0000001,train_01608
006839.png,1.0000002,train_05829
006840.png,1.0000001,train_04006
006841.png,1.0000002,train_04141
006842.png,1.0000001,train_07196
006843.png,1.0000004,train_00179
006844.png,0.99999976,train_04406
006845.png,0.99999994,train_02579
006846.png,0.9999999,train_05558
006847.png,1.0000002,train_08034
006848.png,1.0000002,train_07369
006849.png,1.0000002,train_00342
006850.png,1.0000001,train_06428
006851.png,1.0,train_05153
006852.png,1.0000002,train_07820
006853.png,1.0000002,train_07127
006854.png,1.0000002,train_01104
006855.png,1.0,train_05023
006856.png,0.99999964,train_04199
006857.png,1.0000001,train_03087
006858.png,1.0000002,train_01377
006859.png,1.0000005,train_02087
006860.png,1.0,train_05025
006861.png,1.0000002,train_05216
006862.png,1.0,train_05376
006863.png,0.99999976,train_05123
006864.png,1.0000002,train_00200
006865.png,0.9999999,train_04358
006866.png,1.0000001,train_03914
006867.png,1.0,train_01745
006868.png,1.0000002,train_03997
006869.png,1.0000001,train_03710
006870.png,1.0,train_07192
006871.png,1.0000001,train_05036
006872.png,1.0,train_03929
006873.png,0.9999998,train_02081
006874.png,1.0000004,train_02276
006875.png,1.0,train_03623
006876.png,1.0,train_05711
006877.png,0.99999994,train_05278
006878.png,1.0000002,train_05504
006879.png,1.0000001,train_07324
006880.png,0.9999999,train_06770
006881.png,1.0,train_02636
006882.png,1.0000002,train_06672
006883.png,0.9999999,train_01446
006884.png,1.0000002,train_06913
006885.png,0.99999994,train_01753
006886.png,1.0,train_07286
006887.png,0.99999976,train_00085
006888.png,1.0,train_05391
006889.png,1.0000002,train_01067
006890.png,1.0,train_01667
006891.png,0.9999999,train_02334
006892.png,0.9999999,train_00072
006893.png,1.0000001,train_04210
006894.png,0.99999994,train_05968
006895.png,0.9999999,train_05135
006896.png,1.0000002,train_06283
006897.png,0.99999994,train_02672
006898.png,0.9999998,train_03821
006899.png,1.0000002,train_03808
006900.png,0.9999999,train_05361
006901.png,1.0000002,train_05047
006902.png,1.0,train_03924
006903.png,0.9999995,train_05317
006904.png,1.0,train_00377
006905.png,1.0000002,train_01535
006906.png,1.0000001,train_03388
006907.png,1.0000002,train_00715
006908.png,1.0000001,train_04409
006909.png,0.9999999,train_04448
006910.png,1.0,train_02298
006911.png,1.0,train_06834
006912.png,1.0,train_02526
006913.png,1.0000002,train_03447
006914.png,0.99999994,train_00368
006915.png,1.0000001,train_00125
006916.png,0.9999999,train_02098
006917.png,0.9999997,train_03045
006918.png,0.9999999,train_05877
006919.png,0.99999976,train_01977
006920.png,1.0000002,train_06856
006921.png,0.99999976,train_02430
006922.png,1.0,train_07928
006923.png,1.0,train_01237
006924.png,1.0000002,train_04123
006925.png,1.0000002,train_06289
006926.png,1.0000001,train_07078
006927.png,1.0,train_05240
006928.png,1.0000002,train_04217
006929.png,1.0000001,train_05756
006930.png,1.0,train_04602
006931.png,0.99999976,train_07406
006932.png,1.0,train_06630
006933.png,0.9999998,train_00262
006934.png,1.0000005,train_07687
006935.png,0.99999976,train_04490
006936.png,1.0000001,train_03255
006937.png,1.0,train_03652
006938.png,0.99999994,train_03904
006939.png,0.99999994,train_01021
006940.png,0.9999999,train_02341
006941.png,1.0,train_06504
006942.png,1.0000001,train_00997
006943.png,1.0000004,train_02463
006944.png,0.9999999,train_03533
006945.png,0.9999998,train_04206
006946.png,1.0,train_01470
006947.png,1.0,train_06970
006948.png,0.9999996,train_02971
006949.png,1.0000002,train_05192
006950.png,1.0000001,train_03788
006951.png,1.0000001,train_05445
006952.png,1.0,train_06029
006953.png,0.99999994,train_07294
006954.png,1.0000002,train_01842
006955.png,1.0,train_05564
006956.png,1.0,train_02834
006957.png,1.0,train_06831
006958.png,0.99999994,train_03909
006959.png,1.0000001,train_00800
006960.png,1.0,train_02909
006961.png,1.0000001,train_02106
006962.png,0.9999999,train_05942
006963.png,1.0,train_00898
006964.png,1.0000002,train_01138
006965.png,1.0,train_04896
006966.png,1.0000001,train_07916
006967.png,1.0,train_06443
006968.png,1.0,train_04748
006969.png,0.9999999,train_03896
006970.png,0.99999976,train_01182
006971.png,1.0000001,train_05764
006972.png,1.0000001,train_07856
006973.png,0.9999998,train_06742
006974.png,1.0000001,train_05138
006975.png,0.9999998,train_02094
006976.png,1.0000001,train_06652
006977.png,0.9999999,train_03203
006978.png,1.0000005,train_02141
006979.png,1.0000004,train_05595
006980.png,1.0,train_01527
006981.png,1.0000001,train_02832
006982.png,1.0000001,train_07324
006983.png,1.0000002,train_05481
006984.png,0.99999994,train_07047
006985.png,1.0,train_04183
006986.png,0.9999999,train_07969
006987.png,1.0,train_03692
006988.png,1.0000001,train_05825
006989.png,1.0,train_03201
006990.png,0.9999999,train_03224
006991.png,0.9999998,train_06708
006992.png,0.99999976,train_06160
006993.png,1.0,train_07906
006994.png,1.0,train_06315
006995.png,1.0000002,train_07997
006996.png,1.0,train_03614
006997.png,1.0000002,train_04293
006998.png,1.0000001,train_08052
006999.png,0.99999976,train_06162
007000.png,1.0000001,train_02434
007001.png,1.0000002,train_06586
007002.png,0.9999999,train_03975
007003.png,1.0000002,train_01026
007004.png,1.0,train_07716
007005.png,0.9999999,train_04298
007006.png,1.0,train_07445
007007.png,1.0,train_01786
007008.png,1.0,train_05149
007009.png,1.0000001,train_01810
007010.png,1.0000001,train_00821
007011.png,1.0000002,train_02965
007012.png,0.99999976,train_06775
007013.png,1.0,train_07356
007014.png,1.0,train_07488
007015.png,1.0000001,train_00168
007016.png,1.0000001,train_04545
007017.png,0.99999994,train_02181
007018.png,0.99999976,train_07251
007019.png,0.9999999,train_03190
007020.png,1.0,train_05206
007021.png,1.0000001,train_01818
007022.png,0.9999999,train_01012
007023.png,1.0000001,train_00181
007024.png,0.99999976,train_06532
007025.png,0.9999998,train_00931
007026.png,1.0000001,train_08095
007027.png,1.0000002,train_05319
007028.png,1.0,train_01008
007029.png,1.0000002,train_00515
007030.png,1.0,train_01671
007031.png,0.99999976,train_00478
007032.png,1.0000002,train_03542
007033.png,1.0,train_03280
007034.png,0.9999998,train_01534
007035.png,1.0,train_07823
007036.png,1.0,train_01799
007037.png,1.0000001,train_00074
007038.png,1.0000002,train_03204
007039.png,0.9999998,train_04292
007040.png,0.99999976,train_01214
007041.png,1.0000002,train_06076
007042.png,1.0,train_06832
007043.png,0.99999976,train_05530
007044.png,0.9999999,train_02184
007045.png,1.0,train_07716
007046.png,1.0,train_00516
007047.png,0.99999994,train_07412
007048.png,0.9999999,train_07246
007049.png,1.0000002,train_04586
007050.png,1.0000002,train_05453
007051.png,1.0000002,train_03329
007052.png,0.9999999,train_03353
007053.png,1.0000001,train_06457
007054.png,1.0000005,train_01920
007055.png,1.0,train_03375
007056.png,1.0,train_03075
007057.png,1.0,train_03736
007058.png,1.0000001,train_05983
007059.png,1.0000002,train_01383
007060.png,0.99999994,train_05482
007061.png,1.0,train_00797
007062.png,1.0,train_02226
007063.png,0.99999976,train_00429
007064.png,1.0000002,train_07059
007065.png,0.9999999,train_07246
007066.png,1.0000004,train_03763
007067.png,1.0,train_06040
007068.png,1.0000004,train_07370
007069.png,0.99999976,train_05123
007070.png,0.9999999,train_01906
007071.png,1.0000002,train_03403
007072.png,0.9999999,train_02346
007073.png,1.0000002,train_00799
007074.png,1.0,train_07060
007075.png,0.9999999,train_00487
007076.png,1.0000001,train_07952
007077.png,1.0000002,train_06757
007078.png,1.0000001,train_05751
007079.png,1.0,train_01551
007080.png,1.0000001,train_05642
007081.png,0.9999999,train_02564
007082.png,1.0,train_05063
007083.png,0.9999999,train_02591
007084.png,1.0,train_06444
007085.png,1.0000004,train_02114
007086.png,1.0000004,train_02019
007087.png,1.0000001,train_00360
007088.png,0.9999998,train_05459
007089.png,0.99999994,train_04800
007090.png,1.0000001,train_01060
007091.png,0.9999999,train_00624
007092.png,0.99999994,train_04061
007093.png,1.0,train_06483
007094.png,0.99999976,train_05850
007095.png,1.0000002,train_05311
007096.png,1.0000001,train_06280
007097.png,1.0,train_05384
007098.png,1.0000001,train_05277
007099.png,1.0000001,train_00605
007100.png,1.0,train_03043
007101.png,0.9999999,train_07816
007102.png,1.0000001,train_07952
007103.png,0.99999964,train_03518
007104.png,1.0000001,train_07558
007105.png,1.0,train_02028
007106.png,1.0000002,train_07884
007107.png,1.0000002,train_04776
007108.png,1.0,train_07106
007109.png,1.0000001,train_04843
007110.png,1.0,train_02673
007111.png,1.0000002,train_06477
007112.png,1.0,train_02205
007113.png,1.0000001,train_01797
007114.png,0.99999994,train_01150
007115.png,0.99999994,train_07008
007116.png,0.9999999,train_05554
007117.png,1.0000002,train_00094
007118.png,1.0,train_06718
007119.png,0.9999999,train_03664
007120.png,0.9999999,train_07729
007121.png,1.0000001,train_04887
007122.png,1.0,train_04161
007123.png,1.0000004,train_06128
007124.png,1.0,train_04424
007125.png,1.0000002,train_03608
007126.png,1.0000001,train_04306
007127.png,1.0000005,train_05632
007128.png,0.9999999,train_05301
007129.png,1.0000001,train_06886
007130.png,1.0,train_04771
007131.png,0.9999999,train_00403
007132.png,1.0000001,train_01364
007133.png,1.0,train_04042
007134.png,0.99999976,train_00275
007135.png,1.0000002,train_00372
007136.png,0.9999999,train_01801
007137.png,1.0000001,train_04347
007138.png,1.0,train_00600
007139.png,1.0,train_06591
007140.png,1.0000001,train_00159
007141.png,1.0000002,train_04525
007142.png,1.0,train_06100
007143.png,1.0,train_04203
007144.png,1.0000001,train_06097
007145.png,1.0,train_02339
007146.png,1.0000001,train_03653
007147.png,0.9999999,train_00482
007148.png,1.0000001,train_07632
007149.png,1.0000001,train_01954
007150.png,0.9999999,train_07455
007151.png,1.0,train_00290
007152.png,1.0,train_03412
007153.png,1.0,train_03022
007154.png,1.0000004,train_05290
007155.png,1.0000004,train_06537
007156.png,0.99999976,train_00760
007157.png,0.9999999,train_05499
007158.png,1.0,train_07386
007159.png,1.0000002,train_00529
007160.png,1.0,train_06342
007161.png,1.0,train_07645
007162.png,1.0,train_04995
007163.png,1.0,train_00978
007164.png,1.0000001,train_03766
007165.png,1.0,train_01670
007166.png,1.0,train_05483
007167.png,1.0000002,train_03694
007168.png,1.0,train_03921
007169.png,1.0000001,train_06480
007170.png,1.0000002,train_06121
007171.png,0.9999999,train_00924
007172.png,1.0,train_06159
007173.png,1.0000004,train_06440
007174.png,1.0000001,train_07901
007175.png,1.0,train_04276
007176.png,0.99999994,train_02888
007177.png,1.0,train_03084
007178.png,1.0,train_07136
007179.png,1.0000002,train_04750
007180.png,0.9999999,train_05780
007181.png,1.0000005,train_04579
007182.png,1.0000005,train_03245
007183.png,1.0,train_05409
007184.png,1.0,train_05388
007185.png,0.9999998,train_01224
007186.png,1.0000002,train_06811
007187.png,1.0,train_03895
007188.png,0.99999994,train_02381
007189.png,0.9999999,train_04789
007190.png,1.0000001,train_00486
007191.png,1.0000001,train_04078
007192.png,1.0000002,train_00252
007193.png,0.9999999,train_00717
007194.png,1.0,train_03924
007195.png,0.99999994,train_02001
007196.png,1.0,train_05412
007197.png,1.0,train_07217
007198.png,1.0000002,train_06208
007199.png,0.99999976,train_05302
007200.png,1.0000001,train_02388
007201.png,1.0000001,train_01549
007202.png,0.9999999,train_03810
007203.png,1.0,train_01890
007204.png,1.0000002,train_01842
007205.png,0.9999999,train_06734
007206.png,0.9999997,train_01912
007207.png,1.0000004,train_06490
007208.png,1.0000004,train_05110
007209.png,1.0000001,train_06084
007210.png,0.9999999,train_07972
007211.png,0.9999999,train_05758
007212.png,0.99999976,train_04947
007213.png,0.99999994,train_02542
007214.png,1.0000004,train_01290
007215.png,1.0000001,train_07496
007216.png,0.9999999,train_06180
007217.png,1.0000002,train_07719
007218.png,1.0,train_07905
007219.png,0.99999976,train_01265
007220.png,0.99999976,train_00720
007221.png,1.0000002,train_01578
007222.png,1.0,train_02290
007223.png,1.0,train_05847
007224.png,1.0,train_03226
007225.png,1.0,train_05331
007226.png,1.0,train_04897
007227.png,1.0000001,train_03679
007228.png,1.0000001,train_00346
007229.png,1.0000002,train_05843
007230.png,0.9999998,train_01272
007231.png,1.0,train_00460
007232.png,1.0000001,train_08095
007233.png,1.0000002,train_05973
007234.png,1.0000001,train_04844
007235.png,1.0000002,train_05550
007236.png,1.0,train_06760
007237.png,1.0,train_01945
007238.png,1.0000001,train_05784
007239.png,0.9999999,train_04307
007240.png,1.0,train_07265
007241.png,1.0000005,train_08001
007242.png,1.0000002,train_06459
007243.png,1.0,train_04747
007244.png,1.0000002,train_02702
007245.png,1.0000001,train_05196
007246.png,1.0,train_03073
007247.png,1.0000002,train_00918
007248.png,1.0000001,train_01327
007249.png,1.0,train_05501
007250.png,0.9999999,train_07071
007251.png,1.0000001,train_01447
007252.png,1.0000004,train_03402
007253.png,0.9999999,train_08108
007254.png,1.0000001,train_06731
007255.png,0.9999999,train_05867
007256.png,1.0000004,train_02504
007257.png,1.0,train_00739
007258.png,1.0000002,train_03381
007259.png,0.9999999,train_02341
007260.png,1.0000002,train_00919
007261.png,1.0000001,train_02726
007262.png,1.0,train_02362
007263.png,1.0,train_04683
007264.png,1.0000002,train_03268
007265.png,1.0000002,train_07547
007266.png,1.0,train_03871
007267.png,0.9999999,train_01676
007268.png,1.0000001,train_07536
007269.png,1.0,train_05995
007270.png,1.0000002,train_06512
007271.png,1.0000002,train_03911
007272.png,1.0000002,train_00878
007273.png,1.0,train_03050
007274.png,0.9999999,train_07092
007275.png,0.9999999,train_00124
007276.png,1.0000001,train_01006
007277.png,1.0,train_00905
007278.png,1.0,train_06771
007279.png,0.9999999,train_03901
007280.png,1.0,train_04913
007281.png,1.0000001,train_04651
007282.png,1.0000001,train_07208
007283.png,1.0000002,train_00263
007284.png,1.0000002,train_02151
007285.png,0.99999964,train_03189
007286.png,1.0000002,train_06811
007287.png,1.0000002,train_07801
007288.png,1.0,train_06342
007289.png,0.9999998,train_01905
007290.png,1.0,train_05230
007291.png,0.99999976,train_05480
007292.png,0.99999994,train_05688
007293.png,1.0,train_02207
007294.png,0.9999999,train_07969
007295.png,1.0000002,train_00994
007296.png,0.99999976,train_05274
007297.png,0.9999997,train_02669
007298.png,0.9999999,train_03458
007299.png,1.0,train_03912
007300.png,0.9999999,train_03999
007301.png,1.0000002,train_01176
007302.png,0.9999999,train_07246
007303.png,1.0,train_02659
007304.png,1.0,train_00946
007305.png,1.0000001,train_06213
007306.png,1.0,train_02909
007307.png,0.99999994,train_05578
007308.png,1.0000001,train_04991
007309.png,1.0000002,train_06663
007310.png,1.0000002,train_00782
007311.png,1.0000002,train_07599
007312.png,0.9999999,train_04087
007313.png,1.0,train_04744
007314.png,1.0,train_03849
007315.png,1.0,train_02515
007316.png,1.0000002,train_04334
007317.png,1.0000001,train_03089
007318.png,1.0,train_06236
007319.png,0.99999994,train_06624
007320.png,1.0000001,train_05330
007321.png,1.0,train_00441
007322.png,0.9999999,train_04727
007323.png,1.0,train_04332
007324.png,1.0,train_04164
007325.png,1.0000001,train_03471
007326.png,0.9999998,train_01452
007327.png,0.99999994,train_04025
007328.png,1.0000002,train_03324
007329.png,1.0000001,train_03369
007330.png,1.0,train_01636
007331.png,1.0000002,train_08086
007332.png,1.0,train_00187
007333.png,1.0000001,train_06923
007334.png,0.99999994,train_05353
007335.png,1.0,train_07526
007336.png,1.0,train_01506
007337.png,1.0,train_05874
007338.png,0.9999999,train_03501
007339.png,1.0000001,train_01685
007340.png,1.0000002,train_03890
007341.png,0.99999994,train_05359
007342.png,1.0000002,train_03333
007343.png,1.0000001,train_02510
007344.png,1.0,train_05337
007345.png,0.99999994,train_07638
007346.png,0.9999999,train_00095
007347.png,0.99999976,train_01182
007348.png,1.0,train_00635
007349.png,0.99999994,train_05186
007350.png,0.9999999,train_03413
007351.png,1.0,train_03200
007352.png,1.0000001,train_08015
007353.png,1.0,train_01008
007354.png,1.0000001,train_06943
007355.png,1.0000001,train_05692
007356.png,1.0000002,train_00258
007357.png,1.0,train_05360
007358.png,1.0,train_00477
007359.png,0.9999997,train_03006
007360.png,0.9999999,train_06925
007361.png,1.0000001,train_02126
007362.png,1.0000001,train_02837
007363.png,1.0000001,train_01681
007364.png,0.9999999,train_03477
007365.png,1.0000002,train_01109
007366.png,1.0000001,train_00740
007367.png,1.0,train_05837
007368.png,1.0000001,train_03337
007369.png,0.99999994,train_03571
007370.png,1.0000002,train_04586
007371.png,1.0,train_06618
007372.png,1.0000001,train_01888
007373.png,1.0000001,train_07856
007374.png,1.0,train_01625
007375.png,1.0,train_03786
007376.png,1.0,train_04641
007377.png,0.9999999,train_07452
007378.png,1.0,train_02605
007379.png,1.0000001,train_04066
007380.png,0.9999998,train_07014
007381.png,1.0000001,train_05746
007382.png,1.0,train_04058
007383.png,0.9999998,train_03981
007384.png,1.0000002,train_07244
007385.png,1.0,train_02278
007386.png,1.0,train_05411
007387.png,1.0,train_02271
007388.png,1.0000001,train_02503
007389.png,1.0,train_07982
007390.png,0.99999994,train_03605
007391.png,1.0000001,train_03645
007392.png,1.0,train_00650
007393.png,1.0,train_02296
007394.png,1.0,train_05336
007395.png,1.0000001,train_00941
007396.png,0.9999999,train_02235
007397.png,1.0000004,train_03392
007398.png,1.0000002,train_04467
007399.png,0.9999998,train_03186
007400.png,1.0,train_03095
007401.png,0.9999999,train_05105
007402.png,1.0,train_01165
007403.png,1.0000002,train_01507
007404.png,1.0,train_06441
007405.png,0.9999999,train_02348
007406.png,1.0000005,train_01580
007407.png,0.9999999,train_03114
007408.png,1.0000001,train_06149
007409.png,0.99999994,train_02763
007410.png,0.9999999,train_04341
007411.png,1.0,train_01436
007412.png,1.0,train_03078
007413.png,0.9999999,train_05490
007414.png,0.99999994,train_05359
007415.png,1.0000001,train_07567
007416.png,1.0,train_05378
007417.png,0.9999999,train_00830
007418.png,1.0,train_07261
007419.png,0.9999998,train_03250
007420.png,1.0000001,train_02397
007421.png,1.0000001,train_03109
007422.png,0.99999976,train_03771
007423.png,1.0000001,train_06294
007424.png,1.0000002,train_02687
007425.png,1.0000001,train_04567
007426.png,1.0000002,train_01775
007427.png,0.9999999,train_00407
007428.png,1.0000002,train_04033
007429.png,1.0,train_04699
007430.png,1.0,train_06597
007431.png,1.0000001,train_05439
007432.png,1.0000002,train_05583
007433.png,0.9999999,train_04204
007434.png,0.99999964,train_03212
007435.png,1.0,train_03177
007436.png,1.0000002,train_01258
007437.png,1.0000002,train_02986
007438.png,1.0000002,train_03059
007439.png,1.0000002,train_06052
007440.png,1.0000002,train_06895
007441.png,1.0000004,train_06628
007442.png,1.0000002,train_01811
007443.png,0.99999994,train_01078
007444.png,1.0000005,train_02506
007445.png,1.0,train_02599
007446.png,1.0,train_02578
007447.png,1.0,train_03415
007448.png,1.0000001,train_03662
007449.png,0.9999998,train_07965
007450.png,1.0000002,train_02889
007451.png,1.0,train_04411
007452.png,1.0,train_05750
007453.png,1.0000002,train_07976
007454.png,1.0,train_06508
007455.png,1.0000002,train_05509
007456.png,1.0000001,train_01797
007457.png,0.9999998,train_02855
007458.png,1.0,train_02664
007459.png,1.0000001,train_04843
007460.png,1.0000002,train_06049
007461.png,1.0,train_05136
007462.png,1.0000002,train_03106
007463.png,1.0,train_03986
007464.png,0.9999999,train_02703
007465.png,0.9999999,train_03749
007466.png,1.0000001,train_04135
007467.png,0.99999994,train_05696
007468.png,1.0,train_06768
007469.png,1.0000001,train_02746
007470.png,1.0,train_02056
007471.png,1.0000001,train_03089
007472.png,1.0000005,train_00156
007473.png,1.0000004,train_04057
007474.png,1.0,train_03081
007475.png,0.9999999,train_00310
007476.png,1.0000002,train_05089
007477.png,0.9999999,train_05137
007478.png,1.0000002,train_04985
007479.png,1.0000005,train_07082
007480.png,1.0000001,train_05983
007481.png,1.0000001,train_04251
007482.png,1.0000002,train_05702
007483.png,1.0000002,train_01193
007484.png,1.0000001,train_01141
007485.png,1.0,train_01369
007486.png,1.0000002,train_04001
007487.png,0.99999994,train_00368
007488.png,0.9999999,train_05552
007489.png,1.0,train_01844
007490.png,1.0000004,train_06242
007491.png,1.0,train_01325
007492.png,1.0,train_06513
007493.png,1.0000001,train_03672
007494.png,0.9999997,train_07552
007495.png,1.0,train_00863
007496.png,0.99999976,train_05429
007497.png,1.0000004,train_02114
007498.png,1.0000002,train_05671
007499.png,1.0000001,train_01848
007500.png,0.9999998,train_01905
007501.png,1.0000001,train_01252
007502.png,1.0,train_07716
007503.png,0.9999999,train_06534
007504.png,1.0000002,train_04385
007505.png,0.9999999,train_07564
007506.png,1.0000001,train_05670
007507.png,1.0,train_01636
007508.png,1.0000001,train_03001
007509.png,0.9999999,train_07689
007510.png,1.0,train_03243
007511.png,1.0000001,train_05927
007512.png,1.0000002,train_04447
007513.png,1.0000002,train_02008
007514.png,1.0000002,train_01220
007515.png,1.0000001,train_05004
007516.png,1.0,train_02644
007517.png,1.0,train_01336
007518.png,1.0,train_07287
007519.png,1.0000004,train_03940
007520.png,0.99999976,train_01709
007521.png,1.0,train_03885
007522.png,0.99999976,train_06244
007523.png,0.9999999,train_02368
007524.png,1.0,train_03409
007525.png,0.99999976,train_08037
007526.png,0.9999999,train_01663
007527.png,0.99999976,train_05553
007528.png,1.0,train_03039
007529.png,1.0000002,train_03741
007530.png,1.0000001,train_06060
007531.png,0.9999998,train_02999
007532.png,1.0000005,train_01373
007533.png,1.0,train_05104
007534.png,0.9999999,train_03482
007535.png,1.0,train_01652
007536.png,1.0,train_07139
007537.png,1.0,train_04744
007538.png,1.0000001,train_00837
007539.png,1.0,train_00536
007540.png,1.0,train_00378
007541.png,1.0000001,train_05108
007542.png,1.0000002,train_02067
007543.png,1.0,train_03895
007544.png,0.99999976,train_03735
007545.png,1.0000001,train_01957
007546.png,1.0000001,train_07771
007547.png,1.0000005,train_06448
007548.png,1.0000004,train_05109
007549.png,1.0,train_01697
007550.png,0.99999976,train_02082
007551.png,1.0,train_00948
007552.png,1.0000002,train_00366
007553.png,0.99999994,train_03269
007554.png,1.0000001,train_01539
007555.png,0.99999994,train_03320
007556.png,1.0000001,train_07882
007557.png,1.0000001,train_00835
007558.png,0.99999994,train_06646
007559.png,1.0000001,train_03843
007560.png,1.0,train_00765
007561.png,1.0000001,train_05690
007562.png,0.9999999,train_03042
007563.png,1.0000004,train_02006
007564.png,1.0000001,train_01347
007565.png,0.9999999,train_05124
007566.png,0.9999994,train_08027
007567.png,1.0000002,train_06106
007568.png,1.0000001,train_04498
007569.png,1.0,train_01820
007570.png,1.0,train_06508
007571.png,0.99999994,train_07622
007572.png,1.0000002,train_05894
007573.png,1.0000001,train_03762
007574.png,1.0000001,train_05833
007575.png,0.99999994,train_00099
007576.png,0.99999976,train_04343
007577.png,1.0000001,train_00068
007578.png,1.0000004,train_00054
007579.png,1.0,train_06463
007580.png,1.0000001,train_01473
007581.png,0.99999976,train_07447
007582.png,1.0000001,train_07834
007583.png,1.0000001,train_05518
007584.png,1.0,train_05593
007585.png,1.0,train_07368
007586.png,0.99999994,train_07017
007587.png,0.9999997,train_01259
007588.png,1.0,train_01938
007589.png,1.0,train_05500
007590.png,0.9999999,train_06780
007591.png,0.99999994,train_01648
007592.png,0.9999999,train_01657
007593.png,0.99999994,train_01082
007594.png,1.0000001,train_04627
007595.png,0.9999999,train_05171
007596.png,1.0,train_01670
007597.png,1.0,train_04928
007598.png,0.99999976,train_04269
007599.png,0.99999994,train_05363
007600.png,1.0,train_03026
007601.png,1.0000001,train_04158
007602.png,1.0000002,train_02807
007603.png,0.9999999,train_04518
007604.png,0.99999976,train_00148
007605.png,0.99999976,train_04137
007606.png,1.0000002,train_06154
007607.png,1.0000001,train_03473
007608.png,1.0,train_03720
007609.png,1.0000004,train_01897
007610.png,1.0000001,train_08017
007611.png,0.9999999,train_04679
007612.png,1.0,train_07630
007613.png,1.0000001,train_00902
007614.png,1.0000002,train_05801
007615.png,1.0000002,train_03959
007616.png,1.0000001,train_03977
007617.png,1.0000004,train_02648
007618.png,1.0,train_01314
007619.png,1.0,train_06594
007620.png,1.0,train_04039
007621.png,1.0000001,train_05914
007622.png,1.0000001,train_03620
007623.png,0.99999994,train_04975
007624.png,1.0000002,train_02322
007625.png,0.99999976,train_04643
007626.png,0.9999999,train_06023
007627.png,1.0,train_07789
007628.png,1.0,train_05175
007629.png,1.0000002,train_01075
007630.png,0.99999976,train_04036
007631.png,1.0000001,train_00885
007632.png,0.9999998,train_05508
007633.png,1.0000001,train_00902
007634.png,1.0,train_01767
007635.png,0.9999999,train_04444
007636.png,0.99999994,train_03176
007637.png,0.9999999,train_07885
007638.png,0.99999994,train_03269
007639.png,1.0000002,train_00738
007640.png,0.99999994,train_00368
007641.png,0.9999999,train_05800
007642.png,1.0000002,train_01535
007643.png,0.99999994,train_02794
007644.png,1.0,train_06629
007645.png,1.0,train_05805
007646.png,0.99999994,train_06670
007647.png,1.0000002,train_06896
007648.png,1.0,train_07866
007649.png,1.0,train_02535
007650.png,0.9999999,train_07740
007651.png,0.99999976,train_04583
007652.png,1.0,train_00411
007653.png,0.9999997,train_06733
007654.png,1.0,train_02658
007655.png,1.0,train_07427
007656.png,1.0,train_03585
007657.png,1.0000001,train_03041
007658.png,0.99999994,train_04063
007659.png,1.0000002,train_03259
007660.png,0.9999999,train_07274
007661.png,1.0000001,train_03995
007662.png,1.0,train_05717
007663.png,1.0000001,train_00669
007664.png,1.0,train_04315
007665.png,0.9999999,train_03590
007666.png,0.99999994,train_00336
007667.png,1.0000001,train_05144
007668.png,1.0,train_02862
007669.png,1.0,train_01688
007670.png,1.0000005,train_04522
007671.png,1.0000002,train_03010
007672.png,1.0,train_02048
007673.png,1.0,train_03026
007674.png,1.0000002,train_04519
007675.png,1.0000002,train_03991
007676.png,0.99999994,train_07583
007677.png,0.9999999,train_02269
007678.png,0.9999999,train_05525
007679.png,0.99999964,train_02987
007680.png,1.0,train_04064
007681.png,1.0000001,train_05940
007682.png,1.0,train_01008
007683.png,1.0000001,train_03410
007684.png,1.0,train_07704
007685.png,1.0000002,train_04568
007686.png,0.99999994,train_06032
007687.png,1.0,train_05990
007688.png,0.99999994,train_01714
007689.png,1.0,train_03210
007690.png,1.0,train_00026
007691.png,1.0,train_07240
007692.png,1.0000001,train_05680
007693.png,1.0,train_01069
007694.png,1.0,train_01788
007695.png,0.9999999,train_04753
007696.png,0.99999994,train_03384
007697.png,0.99999976,train_01553
007698.png,1.0000001,train_05081
007699.png,0.99999964,train_00281
007700.png,1.0000001,train_04891
007701.png,1.0,train_02303
007702.png,1.0000002,train_05509
007703.png,1.0,train_08051
007704.png,1.0,train_07996
007705.png,1.0,train_01340
007706.png,1.0,train_06186
007707.png,0.9999999,train_04789
007708.png,0.9999999,train_00335
007709.png,1.0000001,train_03194
007710.png,1.0000002,train_06485
007711.png,1.0,train_06366
007712.png,0.9999997,train_04423
007713.png,1.0,train_07331
007714.png,1.0000002,train_03864
007715.png,1.0,train_07880
007716.png,0.99999994,train_03097
007717.png,1.0000001,train_03404
007718.png,1.0000001,train_02150
007719.png,0.9999999,train_04998
007720.png,0.99999994,train_04208
007721.png,1.0000002,train_04133
007722.png,1.0000002,train_02586
007723.png,1.0,train_02730
007724.png,1.0,train_07136
007725.png,1.0000002,train_03182
007726.png,1.0000002,train_07973
007727.png,1.0000001,train_01576
007728.png,0.9999998,train_06408
007729.png,1.0,train_04526
007730.png,1.0000002,train_07915
007731.png,1.0000001,train_06124
007732.png,1.0000001,train_04873
007733.png,1.0000002,train_00461
007734.png,1.0000001,train_02954
007735.png,0.99999976,train_07683
007736.png,1.0,train_03230
007737.png,1.0,train_03043
007738.png,1.0,train_03389
007739.png,0.9999999,train_05558
007740.png,1.0000002,train_02780
007741.png,1.0,train_05857
007742.png,1.0,train_06313
007743.png,1.0000001,train_06309
007744.png,1.0000001,train_01818
007745.png,1.0000002,train_05919
007746.png,1.0000005,train_01154
007747.png,1.0000001,train_06316
007748.png,0.9999999,train_03225
007749.png,1.0000001,train_07270
007750.png,0.9999999,train_06538
007751.png,1.0000002,train_06385
007752.png,1.0,train_04305
007753.png,1.0000004,train_07449
007754.png,1.0000001,train_04991
007755.png,1.0000004,train_07822
007756.png,1.0,train_07853
007757.png,1.0000001,train_00697
007758.png,1.0000002,train_00092
007759.png,1.0000005,train_01508
007760.png,0.9999999,train_04152
007761.png,1.0,train_07104
007762.png,1.0,train_03946
007763.png,1.0000002,train_01164
007764.png,1.0,train_07134
007765.png,0.9999996,train_02588
007766.png,1.0,train_01301
007767.png,1.0,train_03945
007768.png,1.0,train_04030
007769.png,1.0000001,train_03001
007770.png,1.0000002,train_03722
007771.png,0.99999976,train_07203
007772.png,1.0000001,train_03863
007773.png,1.0000002,train_05154
007774.png,1.0,train_00822
007775.png,0.9999999,train_03905
007776.png,1.0000001,train_04347
007777.png,1.0,train_06843
007778.png,1.0,train_04699
007779.png,1.0,train_06961
007780.png,0.9999999,train_04727
007781.png,1.0000002,train_07899
007782.png,1.0000002,train_01054
007783.png,0.9999995,train_07460
007784.png,0.99999976,train_04710
007785.png,0.99999976,train_03112
007786.png,1.0,train_06141
007787.png,1.0000001,train_05037
007788.png,0.99999994,train_02060
007789.png,0.9999999,train_05930
007790.png,1.0000001,train_08115
007791.png,1.0,train_00454
007792.png,1.0000001,train_03675
007793.png,0.9999998,train_07711
007794.png,1.0000004,train_04979
007795.png,1.0000002,train_04611
007796.png,0.9999999,train_03572
007797.png,0.9999999,train_02882
007798.png,1.0,train_02816
007799.png,1.0000002,train_02872
007800.png,1.0000002,train_01206
007801.png,1.0000001,train_08115
007802.png,0.9999999,train_06778
007803.png,0.9999999,train_02970
007804.png,1.0000002,train_00738
007805.png,1.0,train_05074
007806.png,1.0,train_07183
007807.png,1.0,train_04089
007808.png,1.0,train_03226
007809.png,1.0,train_01024
007810.png,1.0000001,train_02906
007811.png,1.0,train_00400
007812.png,1.0,train_03201
007813.png,1.0000002,train_01870
007814.png,0.99999994,train_04938
007815.png,1.0,train_05413
007816.png,1.0,train_02405
007817.png,1.0,train_00946
007818.png,1.0,train_06434
007819.png,0.99999976,train_03552
007820.png,1.0000002,train_00029
007821.png,1.0,train_05169
007822.png,0.99999976,train_02698
007823.png,1.0,train_05854
007824.png,1.0,train_02768
007825.png,1.0,train_02410
007826.png,1.0,train_04245
007827.png,1.0,train_06118
007828.png,1.0,train_00257
007829.png,0.9999999,train_04624
007830.png,0.99999994,train_00060
007831.png,1.0000001,train_04534
007832.png,1.0,train_03671
007833.png,0.9999999,train_05683
007834.png,0.9999999,train_03747
007835.png,1.0000001,train_05267
007836.png,1.0000002,train_02567
007837.png,1.0000002,train_04537
007838.png,0.9999999,train_01500
007839.png,0.9999999,train_05084
007840.png,0.99999976,train_00085
007841.png,1.0,train_04183
007842.png,1.0000001,train_03498
007843.png,0.99999976,train_05429
007844.png,1.0,train_06722
007845.png,1.0,train_02263
007846.png,1.0,train_00462
007847.png,0.9999999,train_00624
007848.png,1.0,train_00213
007849.png,0.9999999,train_00282
007850.png,1.0000002,train_03399
007851.png,0.9999999,train_04960
007852.png,1.0000004,train_01310
007853.png,1.0,train_01606
007854.png,1.0000001,train_05818
007855.png,1.0000002,train_00777
007856.png,1.0,train_06916
007857.png,1.0000002,train_07043
007858.png,0.99999994,train_07788
007859.png,0.9999999,train_02626
007860.png,1.0,train_07427
007861.png,1.0,train_02772
007862.png,1.0000004,train_06238
007863.png,0.9999998,train_05042
007864.png,1.0,train_00387
007865.png,1.0,train_03025
007866.png,0.9999999,train_00407
007867.png,1.0,train_04614
007868.png,1.0,train_04607
007869.png,1.0000004,train_04139
007870.png,1.0000002,train_03542
007871.png,0.99999994,train_07172
007872.png,0.9999998,train_00654
007873.png,1.0000001,train_04936
007874.png,1.0000004,train_04211
007875.png,1.0000002,train_02343
007876.png,0.9999999,train_06846
007877.png,0.99999976,train_06678
007878.png,0.9999999,train_00930
007879.png,1.0,train_04585
007880.png,1.0,train_02599
007881.png,1.0,train_05890
007882.png,0.9999998,train_01905
007883.png,1.0000001,train_03592
007884.png,1.0,train_07018
007885.png,0.9999999,train_00599
007886.png,1.0000004,train_05917
007887.png,1.0,train_02771
007888.png,0.99999976,train_05728
007889.png,0.9999999,train_02853
007890.png,1.0000001,train_05141
007891.png,1.0,train_03737
007892.png,0.9999999,train_03107
007893.png,1.0,train_00857
007894.png,1.0000001,train_01402
007895.png,1.0,train_07055
007896.png,1.0000002,train_03466
007897.png,1.0,train_03528
007898.png,1.0,train_02765
007899.png,1.0,train_04932
007900.png,1.0,train_00868
007901.png,0.9999997,train_04316
007902.png,1.0,train_05331
007903.png,1.0000001,train_00175
007904.png,0.9999999,train_00755
007905.png,1.0,train_04142
007906.png,1.0,train_03027
007907.png,1.0000002,train_06805
007908.png,1.0000001,train_06777
007909.png,1.0000002,train_07973
007910.png,0.9999999,train_04634
007911.png,1.0000002,train_05629
007912.png,1.0000001,train_03977
007913.png,1.0000001,train_06272
007914.png,1.0,train_01121
007915.png,1.0000001,train_02148
007916.png,0.9999999,train_03432
007917.png,1.0000004,train_06080
007918.png,1.0000002,train_08076
007919.png,1.0000001,train_03834
007920.png,1.0,train_03446
007921.png,1.0000001,train_01334
007922.png,1.0000001,train_02034
007923.png,1.0000002,train_02619
007924.png,0.99999976,train_00189
007925.png,1.0000001,train_06166
007926.png,1.0,train_03760
007927.png,0.99999976,train_03439
007928.png,1.0000001,train_02721
007929.png,1.0000002,train_01138
007930.png,1.0000004,train_00174
007931.png,0.9999999,train_02479
007932.png,1.0,train_02253
007933.png,1.0000001,train_07684
007934.png,1.0000002,train_01985
007935.png,1.0000002,train_00328
007936.png,0.99999857,train_03936
007937.png,0.99999976,train_05482
007938.png,0.99999905,train_07718
007939.png,0.99999917,train_00366
