filename,sscd_sim,nn_train_id
000000.png,0.50901663,train_02807
000001.png,0.5241674,train_02776
000002.png,0.24725963,train_02212
000003.png,0.53257406,train_04573
000004.png,0.43834049,train_06367
000005.png,0.48500848,train_06999
000006.png,0.5855825,train_00225
000007.png,0.5178504,train_03771
000008.png,0.3777212,train_01841
000009.png,0.42921573,train_03666
000010.png,0.4967628,train_07112
000011.png,0.4315722,train_04798
000012.png,0.42810634,train_07298
000013.png,0.49992704,train_04474
000014.png,0.42796957,train_01439
000015.png,0.4884851,train_01254
000016.png,0.4699579,train_07155
000017.png,0.52430344,train_05824
000018.png,0.5299181,train_02681
000019.png,0.54337937,train_03775
000020.png,0.57702935,train_00742
000021.png,0.3880022,train_02473
000022.png,0.51215166,train_00974
000023.png,0.4828158,train_01950
000024.png,0.46458757,train_05027
000025.png,0.4758705,train_06727
000026.png,0.4569783,train_01431
000027.png,0.47421387,train_00371
000028.png,0.5278471,train_02359
000029.png,0.5531304,train_00172
000030.png,0.4027282,train_00119
000031.png,0.4275542,train_01871
000032.png,0.39204848,train_06696
000033.png,0.47193286,train_00858
000034.png,0.43189707,train_02063
000035.png,0.67294145,train_07745
000036.png,0.41930318,train_01197
000037.png,0.47437763,train_00990
000038.png,0.55285823,train_02184
000039.png,0.46842533,train_04928
000040.png,0.55033624,train_05545
000041.png,0.40787154,train_01328
000042.png,0.35720947,train_07958
000043.png,0.59729916,train_07731
000044.png,0.5345213,train_02683
000045.png,0.5519583,train_06062
000046.png,0.5039746,train_06565
000047.png,0.5145426,train_02180
000048.png,0.3534883,train_05037
000049.png,0.42586663,train_04165
000050.png,0.34793848,train_03033
000051.png,0.49863625,train_07515
000052.png,0.298253,train_03740
000053.png,0.59126544,train_06446
000054.png,0.59329075,train_02564
000055.png,0.38041925,train_01050
000056.png,0.43131542,train_03960
000057.png,0.502113,train_05258
000058.png,0.5156284,train_05105
000059.png,0.566872,train_04142
000060.png,0.42574728,train_00844
000061.png,0.5589869,train_01520
000062.png,0.5076489,train_06314
000063.png,0.45159578,train_05750
000064.png,0.5304827,train_05024
000065.png,0.5027062,train_01155
000066.png,0.54814327,train_04328
000067.png,0.6770166,train_00720
000068.png,0.46885842,train_05915
000069.png,0.460244,train_03376
000070.png,0.46797317,train_07816
000071.png,0.45746326,train_06524
000072.png,0.44317406,train_04827
000073.png,0.47988227,train_02930
000074.png,0.50471747,train_02276
000075.png,0.46533823,train_05844
000076.png,0.5056473,train_02916
000077.png,0.6254102,train_01460
000078.png,0.61634773,train_00681
000079.png,0.4275115,train_00489
000080.png,0.46465918,train_01365
000081.png,0.45893493,train_07752
000082.png,0.5895821,train_07609
000083.png,0.45440897,train_05254
000084.png,0.54154456,train_06220
000085.png,0.4940957,train_01997
000086.png,0.5268954,train_05752
000087.png,0.4959409,train_05702
000088.png,0.41038674,train_02151
000089.png,0.55083436,train_06762
000090.png,0.5884117,train_06554
000091.png,0.5090311,train_03937
000092.png,0.43685633,train_04264
000093.png,0.51841795,train_00493
000094.png,0.43286657,train_07427
000095.png,0.41432112,train_07281
000096.png,0.48544598,train_01947
000097.png,0.58640325,train_04501
000098.png,0.48398334,train_01048
000099.png,0.5121519,train_02164
000100.png,0.36338395,train_07804
000101.png,0.52275467,train_07508
000102.png,0.5595915,train_00305
000103.png,0.27577922,train_00044
000104.png,0.32521957,train_01291
000105.png,0.4016397,train_03677
000106.png,0.5586378,train_01810
000107.png,0.53550494,train_00448
000108.png,0.4953103,train_06741
000109.png,0.511177,train_02013
000110.png,0.53585684,train_02774
000111.png,0.4823287,train_02979
000112.png,0.4900443,train_03770
000113.png,0.44598114,train_00871
000114.png,0.507409,train_02934
000115.png,0.4970036,train_02377
000116.png,0.4460282,train_01275
000117.png,0.46330926,train_08097
000118.png,0.6054932,train_06039
000119.png,0.5242842,train_08075
000120.png,0.5498843,train_00927
000121.png,0.53487766,train_04886
000122.png,0.5403006,train_07363
000123.png,0.5446718,train_03497
000124.png,0.46066844,train_01322
000125.png,0.50070876,train_01448
000126.png,0.45941922,train_04691
000127.png,0.5506986,train_06731
000128.png,0.49890977,train_06307
000129.png,0.5653379,train_02325
000130.png,0.56189466,train_02006
000131.png,0.5353124,train_07841
000132.png,0.53593147,train_00280
000133.png,0.50878644,train_04244
000134.png,0.53569615,train_04425
000135.png,0.41458663,train_03702
000136.png,0.5034547,train_04471
000137.png,0.45504153,train_03793
000138.png,0.41847473,train_06276
000139.png,0.48756176,train_02597
000140.png,0.53276694,train_05106
000141.png,0.61055416,train_07490
000142.png,0.50355726,train_02778
000143.png,0.54264325,train_00748
000144.png,0.39630353,train_06907
000145.png,0.43798512,train_06826
000146.png,0.5985956,train_05332
000147.png,0.59501255,train_06770
000148.png,0.48601884,train_04052
000149.png,0.51961696,train_07648
000150.png,0.62249434,train_07903
000151.png,0.39809245,train_08081
000152.png,0.4059425,train_02714
000153.png,0.5962199,train_03459
000154.png,0.26402348,train_04380
000155.png,0.5605888,train_00746
000156.png,0.53658676,train_04278
000157.png,0.48575306,train_08012
000158.png,0.40147814,train_00029
000159.png,0.49268213,train_06457
000160.png,0.5369412,train_07576
000161.png,0.61699164,train_01236
000162.png,0.5024676,train_03662
000163.png,0.45698684,train_05314
000164.png,0.44975144,train_03465
000165.png,0.4509613,train_07462
000166.png,0.56664354,train_05536
000167.png,0.44936562,train_05539
000168.png,0.47397435,train_01287
000169.png,0.48682678,train_05900
000170.png,0.42470318,train_01803
000171.png,0.49724662,train_05922
000172.png,0.46646243,train_00795
000173.png,0.6060388,train_00982
000174.png,0.5290365,train_04079
000175.png,0.57213193,train_05284
000176.png,0.5282763,train_01424
000177.png,0.45607233,train_03558
000178.png,0.56072205,train_06768
000179.png,0.4525262,train_03011
000180.png,0.5456101,train_00464
000181.png,0.5428258,train_04633
000182.png,0.47295305,train_05767
000183.png,0.61614,train_01653
000184.png,0.4892972,train_04679
000185.png,0.4475605,train_05445
000186.png,0.4083617,train_03450
000187.png,0.48134825,train_03253
000188.png,0.42259508,train_05650
000189.png,0.42170155,train_03029
000190.png,0.40308127,train_05129
000191.png,0.48027387,train_03726
000192.png,0.56664354,train_05536
000193.png,0.54143816,train_05535
000194.png,0.5494673,train_07946
000195.png,0.6678915,train_00818
000196.png,0.4759422,train_02474
000197.png,0.6037642,train_03987
000198.png,0.61924344,train_05441
000199.png,0.559358,train_04168
000200.png,0.42439935,train_02655
000201.png,0.38797918,train_01344
000202.png,0.41674137,train_00126
000203.png,0.5175647,train_07957
000204.png,0.53766096,train_04026
000205.png,0.31825387,train_01762
000206.png,0.5271536,train_05648
000207.png,0.6191735,train_05362
000208.png,0.37926403,train_01049
000209.png,0.42073116,train_03009
000210.png,0.30520922,train_00373
000211.png,0.60039616,train_00105
000212.png,0.4743478,train_05673
000213.png,0.36695468,train_07105
000214.png,0.5379245,train_03389
000215.png,0.5730895,train_03411
000216.png,0.59777176,train_03966
000217.png,0.4990225,train_06442
000218.png,0.55869627,train_04325
000219.png,0.50632787,train_01876
000220.png,0.4351126,train_02366
000221.png,0.47618094,train_07267
000222.png,0.39950326,train_00459
000223.png,0.53092116,train_04283
000224.png,0.35595474,train_07407
000225.png,0.49091896,train_03643
000226.png,0.44322056,train_02876
000227.png,0.4672879,train_02286
000228.png,0.52067876,train_06587
000229.png,0.5861807,train_02261
000230.png,0.45609856,train_03089
000231.png,0.6150472,train_04557
000232.png,0.5321559,train_03143
000233.png,0.46104714,train_03614
000234.png,0.4153769,train_00318
000235.png,0.33756757,train_04952
000236.png,0.4757787,train_00401
000237.png,0.5282763,train_01424
000238.png,0.5680583,train_01757
000239.png,0.38872242,train_05387
000240.png,0.42028505,train_05344
000241.png,0.50851387,train_04721
000242.png,0.5082874,train_03857
000243.png,0.50441754,train_00711
000244.png,0.5374454,train_06624
000245.png,0.47125918,train_06343
000246.png,0.50782037,train_00697
000247.png,0.40146422,train_01114
000248.png,0.51758265,train_08138
000249.png,0.46463722,train_02079
000250.png,0.4981602,train_01014
000251.png,0.47343445,train_04950
000252.png,0.43304345,train_06686
000253.png,0.52460396,train_04112
000254.png,0.48055422,train_04440
000255.png,0.51985973,train_06637
000256.png,0.4956839,train_06144
000257.png,0.45264745,train_06688
000258.png,0.4749568,train_07741
000259.png,0.4378948,train_04086
000260.png,0.5673595,train_00001
000261.png,0.44258186,train_06712
000262.png,0.48495963,train_02606
000263.png,0.45414102,train_02870
000264.png,0.45094755,train_04371
000265.png,0.4182747,train_05248
000266.png,0.49959916,train_02950
000267.png,0.44351047,train_04921
000268.png,0.49810448,train_07526
000269.png,0.63195455,train_05693
000270.png,0.5557443,train_00315
000271.png,0.6386188,train_06252
000272.png,0.571391,train_04812
000273.png,0.4337968,train_06987
000274.png,0.5556798,train_07358
000275.png,0.44713342,train_01936
000276.png,0.5217754,train_01628
000277.png,0.5603338,train_06179
000278.png,0.5174618,train_07536
000279.png,0.45330498,train_01665
000280.png,0.49064282,train_05126
000281.png,0.48042032,train_07695
000282.png,0.44294772,train_06663
000283.png,0.44366756,train_05156
000284.png,0.49293,train_07824
000285.png,0.4849689,train_06836
000286.png,0.45695364,train_02801
000287.png,0.5525019,train_05690
000288.png,0.3923279,train_04851
000289.png,0.44126123,train_03972
000290.png,0.4277511,train_07425
000291.png,0.4818815,train_03023
000292.png,0.526545,train_04659
000293.png,0.45727602,train_05852
000294.png,0.5638747,train_07674
000295.png,0.51641786,train_01494
000296.png,0.5113067,train_06185
000297.png,0.5402603,train_05267
000298.png,0.49874836,train_06466
000299.png,0.47410312,train_00474
000300.png,0.42652667,train_02760
000301.png,0.54879427,train_02796
000302.png,0.5208394,train_05223
000303.png,0.57919115,train_00987
000304.png,0.38597542,train_00008
000305.png,0.51355445,train_04687
000306.png,0.5278471,train_02359
000307.png,0.49222857,train_01921
000308.png,0.46834284,train_07102
000309.png,0.5277995,train_06222
000310.png,0.4624563,train_04890
000311.png,0.49916625,train_04640
000312.png,0.4366198,train_02838
000313.png,0.48605314,train_05674
000314.png,0.5024713,train_00976
000315.png,0.40425962,train_01530
000316.png,0.5395372,train_00212
000317.png,0.49677125,train_06272
000318.png,0.57598376,train_05718
000319.png,0.42960298,train_01065
000320.png,0.44578224,train_06110
000321.png,0.5570822,train_03690
000322.png,0.46070072,train_02647
000323.png,0.595427,train_00149
000324.png,0.5140945,train_05743
000325.png,0.45213652,train_01954
000326.png,0.38757578,train_05626
000327.png,0.47683972,train_00341
000328.png,0.4071828,train_06642
000329.png,0.4249194,train_04826
000330.png,0.48559088,train_07683
000331.png,0.56370926,train_03617
000332.png,0.42223775,train_04747
000333.png,0.3609705,train_05053
000334.png,0.4826895,train_07327
000335.png,0.54771924,train_07598
000336.png,0.49101323,train_02686
000337.png,0.47212055,train_04463
000338.png,0.5305188,train_07936
000339.png,0.50486255,train_00069
000340.png,0.4872003,train_03373
000341.png,0.4920443,train_01497
000342.png,0.4663629,train_07622
000343.png,0.5410437,train_05600
000344.png,0.49316525,train_04516
000345.png,0.49962828,train_04942
000346.png,0.48890382,train_03888
000347.png,0.45783034,train_02536
000348.png,0.38570392,train_00843
000349.png,0.4624563,train_04890
000350.png,0.5234419,train_03381
000351.png,0.52473605,train_05792
000352.png,0.43029714,train_00598
000353.png,0.44727004,train_04351
000354.png,0.4474979,train_08137
000355.png,0.44094366,train_06669
000356.png,0.46851605,train_03582
000357.png,0.46112412,train_06205
000358.png,0.5501774,train_00452
000359.png,0.3484597,train_01782
000360.png,0.47009474,train_01959
000361.png,0.44995776,train_05376
000362.png,0.45151445,train_05093
000363.png,0.38651747,train_06036
000364.png,0.5736046,train_00680
000365.png,0.5545694,train_07955
000366.png,0.3860525,train_07400
000367.png,0.55390435,train_05644
000368.png,0.5265105,train_03405
000369.png,0.37935147,train_04001
000370.png,0.495888,train_03920
000371.png,0.52933645,train_07242
000372.png,0.5002117,train_07322
000373.png,0.48292765,train_00296
000374.png,0.51528585,train_03423
000375.png,0.42788818,train_07065
000376.png,0.4424274,train_02154
000377.png,0.49455988,train_02413
000378.png,0.43077213,train_07392
000379.png,0.47094795,train_03406
000380.png,0.4884851,train_01254
000381.png,0.48187864,train_03429
000382.png,0.45081645,train_07883
000383.png,0.45067832,train_04411
000384.png,0.4960747,train_04239
000385.png,0.4796671,train_02068
000386.png,0.40121853,train_06162
000387.png,0.6096145,train_00137
000388.png,0.53380436,train_00345
000389.png,0.50740474,train_00898
000390.png,0.526545,train_04659
000391.png,0.37721997,train_07777
000392.png,0.5412625,train_02373
000393.png,0.5377023,train_00378
000394.png,0.48279148,train_00047
000395.png,0.49371272,train_04637
000396.png,0.3719427,train_03460
000397.png,0.58087003,train_03337
000398.png,0.574196,train_00729
000399.png,0.53689694,train_01345
000400.png,0.5556305,train_01019
000401.png,0.4601076,train_04173
000402.png,0.481924,train_00365
000403.png,0.47704792,train_05089
000404.png,0.4341619,train_02478
000405.png,0.4275283,train_04080
000406.png,0.4584989,train_02962
000407.png,0.39248204,train_05546
000408.png,0.5828502,train_00624
000409.png,0.34626025,train_07523
000410.png,0.37359625,train_05573
000411.png,0.49710923,train_05153
000412.png,0.53814995,train_03435
000413.png,0.4901746,train_07911
000414.png,0.46663797,train_07620
000415.png,0.4745669,train_04946
000416.png,0.5288949,train_08061
000417.png,0.42223775,train_04747
000418.png,0.46072048,train_06375
000419.png,0.48234588,train_05213
000420.png,0.4714399,train_00556
000421.png,0.48360872,train_05022
000422.png,0.40705547,train_04177
000423.png,0.49256417,train_00298
000424.png,0.37140405,train_04042
000425.png,0.5871342,train_06793
000426.png,0.5138985,train_01165
000427.png,0.4183923,train_04982
000428.png,0.4851842,train_05637
000429.png,0.50693816,train_03314
000430.png,0.5208188,train_02568
000431.png,0.4862205,train_02451
000432.png,0.42977256,train_04759
000433.png,0.40818205,train_00755
000434.png,0.4243058,train_04345
000435.png,0.3700034,train_06031
000436.png,0.36428005,train_01297
000437.png,0.5356022,train_06074
000438.png,0.28217444,train_00199
000439.png,0.5612477,train_06257
000440.png,0.25703734,train_01335
000441.png,0.5180453,train_07938
000442.png,0.53285444,train_07383
000443.png,0.5243204,train_05068
000444.png,0.38720095,train_04251
000445.png,0.4567725,train_07075
000446.png,0.4293099,train_05991
000447.png,0.47138017,train_06187
000448.png,0.56466997,train_02030
000449.png,0.5243025,train_07025
000450.png,0.5387217,train_06921
000451.png,0.46066844,train_01322
000452.png,0.36853296,train_05764
000453.png,0.47405654,train_03624
000454.png,0.3252249,train_06254
000455.png,0.4346555,train_03950
000456.png,0.507864,train_02387
000457.png,0.5171514,train_02983
000458.png,0.5612346,train_06569
000459.png,0.4153769,train_00318
000460.png,0.56469464,train_06766
000461.png,0.5505113,train_03563
000462.png,0.51761025,train_02937
000463.png,0.44465137,train_00193
000464.png,0.49468756,train_06089
000465.png,0.4122116,train_02762
000466.png,0.48890066,train_06348
000467.png,0.5473749,train_07607
000468.png,0.4717083,train_07852
000469.png,0.54673666,train_05221
000470.png,0.47086015,train_08023
000471.png,0.4971121,train_08060
000472.png,0.4815249,train_06472
000473.png,0.5321559,train_03143
000474.png,0.59013367,train_04134
000475.png,0.46740997,train_04538
000476.png,0.53205496,train_01360
000477.png,0.40221372,train_06295
000478.png,0.48371553,train_02673
000479.png,0.4865297,train_03754
000480.png,0.48319855,train_05932
000481.png,0.4609304,train_01800
000482.png,0.4786601,train_00889
000483.png,0.48564208,train_03747
000484.png,0.4674824,train_05685
000485.png,0.37599817,train_06245
000486.png,0.5494795,train_00245
000487.png,0.56189466,train_02006
000488.png,0.6038623,train_07255
000489.png,0.4752913,train_02663
000490.png,0.62727344,train_03085
000491.png,0.41099975,train_02878
000492.png,0.5170249,train_04577
000493.png,0.51630735,train_06803
000494.png,0.47850344,train_01359
000495.png,0.4368894,train_06747
000496.png,0.50065833,train_01714
000497.png,0.43044212,train_03210
000498.png,0.4592231,train_05299
000499.png,0.36695468,train_07105
000500.png,0.4129563,train_00141
000501.png,0.51213783,train_01319
000502.png,0.47165263,train_01909
000503.png,0.44559458,train_07240
000504.png,0.42461807,train_04547
000505.png,0.47319612,train_07559
000506.png,0.61634773,train_00681
000507.png,0.34111926,train_04522
000508.png,0.46455652,train_03852
000509.png,0.5352782,train_03364
000510.png,0.5737168,train_04769
000511.png,0.4555729,train_01553
000512.png,0.5387751,train_01577
000513.png,0.5823399,train_02539
000514.png,0.51761025,train_02937
000515.png,0.5235756,train_07900
000516.png,0.53525466,train_02854
000517.png,0.4044879,train_07114
000518.png,0.49857524,train_02047
000519.png,0.57235444,train_04249
000520.png,0.50223255,train_00864
000521.png,0.38659632,train_06535
000522.png,0.50770587,train_00076
000523.png,0.509635,train_01773
000524.png,0.4561509,train_08044
000525.png,0.4911759,train_00313
000526.png,0.6220051,train_02832
000527.png,0.4390459,train_06621
000528.png,0.48205525,train_07980
000529.png,0.46693194,train_03488
000530.png,0.42841834,train_07449
000531.png,0.50019884,train_01368
000532.png,0.5280637,train_01320
000533.png,0.34517658,train_06576
000534.png,0.52639806,train_00730
000535.png,0.5935722,train_07878
000536.png,0.5538365,train_06469
000537.png,0.4541058,train_06327
000538.png,0.4757405,train_00719
000539.png,0.34262988,train_07882
000540.png,0.50986886,train_04095
000541.png,0.41163796,train_04961
000542.png,0.5532627,train_04911
000543.png,0.47049534,train_07796
000544.png,0.46104714,train_03614
000545.png,0.4419207,train_04806
000546.png,0.43085706,train_06720
000547.png,0.46614623,train_02576
000548.png,0.460244,train_03376
000549.png,0.43380344,train_04552
000550.png,0.44075638,train_06191
000551.png,0.5494795,train_00245
000552.png,0.57932234,train_03808
000553.png,0.48018315,train_06427
000554.png,0.40536594,train_07838
000555.png,0.4913344,train_01814
000556.png,0.4833374,train_00176
000557.png,0.5032594,train_05918
000558.png,0.40673146,train_04643
000559.png,0.48523185,train_01173
000560.png,0.525363,train_01536
000561.png,0.5746164,train_00051
000562.png,0.51155055,train_04476
000563.png,0.57598376,train_05718
000564.png,0.62769294,train_07965
000565.png,0.4911759,train_00313
000566.png,0.41979277,train_00416
000567.png,0.4410208,train_06983
000568.png,0.3563003,train_00139
000569.png,0.53128064,train_01100
000570.png,0.45430523,train_01257
000571.png,0.48733294,train_01103
000572.png,0.55033624,train_05545
000573.png,0.56068194,train_01408
000574.png,0.4704592,train_04532
000575.png,0.38760084,train_02961
000576.png,0.50854594,train_07795
000577.png,0.567436,train_08055
000578.png,0.5216058,train_01450
000579.png,0.6038375,train_08109
000580.png,0.41542947,train_03833
000581.png,0.4187131,train_03496
000582.png,0.412174,train_01095
000583.png,0.55576515,train_05570
000584.png,0.45904392,train_06022
000585.png,0.5803533,train_00004
000586.png,0.5487149,train_05889
000587.png,0.55033624,train_05545
000588.png,0.36853296,train_05764
000589.png,0.4601236,train_01140
000590.png,0.42407167,train_00630
000591.png,0.55324197,train_01061
000592.png,0.48069984,train_05252
000593.png,0.42407167,train_00630
000594.png,0.47809094,train_04490
000595.png,0.41473925,train_07241
000596.png,0.5576533,train_03969
000597.png,0.50676763,train_07618
000598.png,0.49084014,train_00905
000599.png,0.5108776,train_06798
000600.png,0.43802685,train_05958
000601.png,0.47338063,train_00938
000602.png,0.46504617,train_07788
000603.png,0.45968026,train_04327
000604.png,0.52526635,train_06317
000605.png,0.5108776,train_06798
000606.png,0.48971373,train_00794
000607.png,0.43980637,train_02448
000608.png,0.41881704,train_01341
000609.png,0.45911694,train_05081
000610.png,0.5900893,train_01482
000611.png,0.48764828,train_06213
000612.png,0.6223331,train_03189
000613.png,0.54168105,train_00284
000614.png,0.5308144,train_04361
000615.png,0.34883648,train_03171
000616.png,0.4518543,train_07188
000617.png,0.4933848,train_05388
000618.png,0.50709045,train_00892
000619.png,0.42667502,train_04347
000620.png,0.49644753,train_04586
000621.png,0.5145039,train_03730
000622.png,0.42125404,train_04192
000623.png,0.49064282,train_05126
000624.png,0.50335413,train_05017
000625.png,0.4978552,train_01004
000626.png,0.4444092,train_00034
000627.png,0.46026605,train_02096
000628.png,0.42280218,train_05662
000629.png,0.56397724,train_01042
000630.png,0.5668273,train_03111
000631.png,0.4601076,train_04173
000632.png,0.5486241,train_01421
000633.png,0.59558415,train_06320
000634.png,0.42759138,train_00226
000635.png,0.41930762,train_03334
000636.png,0.55801374,train_04005
000637.png,0.44483548,train_03323
000638.png,0.41706324,train_03360
000639.png,0.537992,train_04985
000640.png,0.41037747,train_02198
000641.png,0.39576703,train_05769
000642.png,0.35349768,train_07049
000643.png,0.4710899,train_02008
000644.png,0.5823399,train_02539
000645.png,0.570197,train_06360
000646.png,0.6247538,train_04306
000647.png,0.5191734,train_01602
000648.png,0.44094366,train_06669
000649.png,0.49959916,train_02950
000650.png,0.4571765,train_02208
000651.png,0.50081575,train_03025
000652.png,0.51420414,train_01337
000653.png,0.4362448,train_05628
000654.png,0.5131719,train_06108
000655.png,0.403233,train_06581
000656.png,0.4871142,train_00456
000657.png,0.51133054,train_05041
000658.png,0.258875,train_00823
000659.png,0.38570392,train_00843
000660.png,0.61614,train_01653
000661.png,0.5892,train_04713
000662.png,0.5734765,train_02290
000663.png,0.41522628,train_06797
000664.png,0.3884197,train_02594
000665.png,0.5991653,train_00326
000666.png,0.4275989,train_03755
000667.png,0.5003022,train_06573
000668.png,0.47221953,train_01532
000669.png,0.56397724,train_01042
000670.png,0.5898322,train_06551
000671.png,0.55202615,train_00094
000672.png,0.46818975,train_02162
000673.png,0.45084345,train_06635
000674.png,0.48543063,train_07859
000675.png,0.40924338,train_01843
000676.png,0.4783736,train_03008
000677.png,0.39917213,train_03805
000678.png,0.496992,train_04594
000679.png,0.43425426,train_00237
000680.png,0.50501055,train_00481
000681.png,0.4089329,train_03572
000682.png,0.5728452,train_03789
000683.png,0.4140438,train_02660
000684.png,0.49040592,train_03214
000685.png,0.3218704,train_02704
000686.png,0.4112759,train_04295
000687.png,0.46421197,train_07098
000688.png,0.36429906,train_08108
000689.png,0.51292545,train_06596
000690.png,0.42849785,train_05046
000691.png,0.45269096,train_04433
000692.png,0.43864965,train_02612
000693.png,0.48657465,train_07466
000694.png,0.51639676,train_03077
000695.png,0.502253,train_01795
000696.png,0.47629154,train_02347
000697.png,0.57583493,train_06192
000698.png,0.5701477,train_07356
000699.png,0.49900615,train_02463
000700.png,0.5844213,train_05177
000701.png,0.55909157,train_06450
000702.png,0.4416663,train_07037
000703.png,0.5028324,train_03169
000704.png,0.53728753,train_05533
000705.png,0.5164815,train_06970
000706.png,0.52460396,train_04112
000707.png,0.4868987,train_06735
000708.png,0.5305288,train_06595
000709.png,0.50002444,train_03180
000710.png,0.4297992,train_07455
000711.png,0.44344333,train_07032
000712.png,0.3512696,train_02725
000713.png,0.590222,train_06505
000714.png,0.44258186,train_06712
000715.png,0.36124024,train_00566
000716.png,0.48591918,train_07991
000717.png,0.42179823,train_04781
000718.png,0.3831193,train_02309
000719.png,0.43593162,train_05310
000720.png,0.50633764,train_06368
000721.png,0.34905362,train_01823
000722.png,0.4583683,train_02522
000723.png,0.46501392,train_00110
000724.png,0.4492869,train_05897
000725.png,0.57174784,train_05735
000726.png,0.53110915,train_03328
000727.png,0.42805263,train_05184
000728.png,0.41999352,train_06079
000729.png,0.55408037,train_03344
000730.png,0.40156072,train_05345
000731.png,0.43527877,train_01232
000732.png,0.4324516,train_00290
000733.png,0.49475974,train_07961
000734.png,0.42969114,train_06387
000735.png,0.43444103,train_04070
000736.png,0.36433432,train_03291
000737.png,0.37676227,train_05005
000738.png,0.46589512,train_05928
000739.png,0.41336283,train_01230
000740.png,0.42545068,train_03644
000741.png,0.5408629,train_05378
000742.png,0.45631212,train_01269
000743.png,0.3989488,train_05290
000744.png,0.42767733,train_03834
000745.png,0.6317879,train_06634
000746.png,0.52885634,train_06366
000747.png,0.4221211,train_00934
000748.png,0.5307033,train_02819
000749.png,0.5209348,train_00825
000750.png,0.4710862,train_07504
000751.png,0.32939625,train_01090
000752.png,0.49552327,train_02754
000753.png,0.48199922,train_07527
000754.png,0.54307973,train_01447
000755.png,0.5480598,train_03276
000756.png,0.28608873,train_05374
000757.png,0.5093436,train_05519
000758.png,0.552516,train_03696
000759.png,0.37258554,train_03959
000760.png,0.49944592,train_07528
000761.png,0.40443486,train_07933
000762.png,0.36066192,train_03044
000763.png,0.42111015,train_01725
000764.png,0.47638035,train_00327
000765.png,0.5366776,train_03750
000766.png,0.50514543,train_05964
000767.png,0.3717096,train_00687
000768.png,0.33178502,train_03502
000769.png,0.46507493,train_05063
000770.png,0.4617918,train_01980
000771.png,0.5227024,train_04705
000772.png,0.45084447,train_04896
000773.png,0.5294273,train_01402
000774.png,0.5562291,train_02560
000775.png,0.3967198,train_06322
000776.png,0.32314274,train_04270
000777.png,0.45273253,train_01390
000778.png,0.4306364,train_02745
000779.png,0.45673123,train_01308
000780.png,0.3594123,train_02173
000781.png,0.5499731,train_06908
000782.png,0.42953745,train_04825
000783.png,0.62991476,train_01535
000784.png,0.43133533,train_03693
000785.png,0.42322648,train_07543
000786.png,0.5121519,train_02164
000787.png,0.4883793,train_08036
000788.png,0.50065726,train_05367
000789.png,0.46805483,train_04275
000790.png,0.4636054,train_02210
000791.png,0.5188807,train_07467
000792.png,0.4078381,train_02215
000793.png,0.48956847,train_05208
000794.png,0.5401374,train_03810
000795.png,0.5648266,train_05818
000796.png,0.47173464,train_00408
000797.png,0.5093231,train_06421
000798.png,0.41459495,train_03749
000799.png,0.51768696,train_02305
000800.png,0.4759422,train_02474
000801.png,0.53092116,train_04283
000802.png,0.4450395,train_01397
000803.png,0.49213377,train_01296
000804.png,0.5111541,train_03112
000805.png,0.42667568,train_06330
000806.png,0.4767426,train_07185
000807.png,0.42057928,train_07972
000808.png,0.41856307,train_05633
000809.png,0.38527077,train_04063
000810.png,0.48171508,train_03637
000811.png,0.5045315,train_06347
000812.png,0.29459566,train_05249
000813.png,0.47262388,train_04607
000814.png,0.4846238,train_02792
000815.png,0.58506715,train_07757
000816.png,0.51218957,train_05392
000817.png,0.5256454,train_01900
000818.png,0.41865975,train_01264
000819.png,0.58003044,train_06015
000820.png,0.51843965,train_03680
000821.png,0.4232929,train_01032
000822.png,0.4499753,train_04331
000823.png,0.55805635,train_06364
000824.png,0.48108214,train_07349
000825.png,0.3565735,train_00236
000826.png,0.59074193,train_06698
000827.png,0.4597127,train_01605
000828.png,0.5093231,train_06421
000829.png,0.5235672,train_03986
000830.png,0.5535116,train_06263
000831.png,0.5216072,train_07718
000832.png,0.5225738,train_05206
000833.png,0.47513753,train_05854
000834.png,0.51761025,train_02937
000835.png,0.4122216,train_01426
000836.png,0.48114228,train_07299
000837.png,0.5253761,train_03336
000838.png,0.43964225,train_00240
000839.png,0.34100756,train_00878
000840.png,0.47239286,train_04625
000841.png,0.48384672,train_04761
000842.png,0.54218453,train_00900
000843.png,0.48544115,train_02269
000844.png,0.43953335,train_06555
000845.png,0.4699456,train_02395
000846.png,0.4124909,train_06734
000847.png,0.58404124,train_01465
000848.png,0.47184148,train_07095
000849.png,0.57667714,train_07664
000850.png,0.35709292,train_05785
000851.png,0.63581645,train_07996
000852.png,0.55156785,train_02912
000853.png,0.42789522,train_01987
000854.png,0.42057928,train_07972
000855.png,0.6317879,train_06634
000856.png,0.5585672,train_01879
000857.png,0.477953,train_04057
000858.png,0.3817948,train_05717
000859.png,0.4419063,train_07586
000860.png,0.4088124,train_00101
000861.png,0.5114367,train_05998
000862.png,0.47492892,train_06346
000863.png,0.44801247,train_01492
000864.png,0.6003095,train_00075
000865.png,0.4963348,train_07898
000866.png,0.50197357,train_05137
000867.png,0.4422006,train_00964
000868.png,0.42171118,train_02759
000869.png,0.47640273,train_05926
000870.png,0.4828158,train_01950
000871.png,0.45073482,train_02086
000872.png,0.5612074,train_05140
000873.png,0.41943073,train_07984
000874.png,0.35415736,train_06634
000875.png,0.4868821,train_06795
000876.png,0.5280489,train_06512
000877.png,0.5352097,train_00213
000878.png,0.43796617,train_01217
000879.png,0.43511418,train_04674
000880.png,0.43242776,train_00197
000881.png,0.53808963,train_06277
000882.png,0.47615826,train_01528
000883.png,0.54798305,train_04502
000884.png,0.4667849,train_04170
000885.png,0.4851806,train_00196
000886.png,0.4452915,train_01470
000887.png,0.5716922,train_01744
000888.png,0.4392743,train_06827
000889.png,0.49625367,train_00803
000890.png,0.3965794,train_05945
000891.png,0.5314881,train_01419
000892.png,0.47309822,train_01261
000893.png,0.47892648,train_06806
000894.png,0.46824503,train_00704
000895.png,0.47287184,train_05503
000896.png,0.5129292,train_04905
000897.png,0.34262988,train_07882
000898.png,0.47902057,train_02785
000899.png,0.4433078,train_01847
000900.png,0.54465705,train_03261
000901.png,0.35478276,train_03205
000902.png,0.3888106,train_02380
000903.png,0.4159781,train_07666
000904.png,0.48447278,train_06966
000905.png,0.5296717,train_05380
000906.png,0.4383633,train_00453
000907.png,0.45721692,train_00180
000908.png,0.3860525,train_07400
000909.png,0.421749,train_06998
000910.png,0.4468515,train_03010
000911.png,0.58640325,train_04501
000912.png,0.58171546,train_06117
000913.png,0.41817182,train_04464
000914.png,0.49030018,train_06242
000915.png,0.4820665,train_07216
000916.png,0.52251315,train_07153
000917.png,0.48764828,train_06213
000918.png,0.50854063,train_04456
000919.png,0.5799482,train_01591
000920.png,0.45084447,train_04896
000921.png,0.4495678,train_01801
000922.png,0.54681087,train_03918
000923.png,0.515324,train_02844
000924.png,0.39248204,train_05546
000925.png,0.57670164,train_05139
000926.png,0.3352906,train_03599
000927.png,0.52251685,train_05963
000928.png,0.44483548,train_03323
000929.png,0.31542534,train_00218
000930.png,0.57693917,train_03742
000931.png,0.50553036,train_07469
000932.png,0.48761845,train_04199
000933.png,0.5491674,train_03678
000934.png,0.44956952,train_00181
000935.png,0.45987695,train_01538
000936.png,0.49534717,train_03486
000937.png,0.5671265,train_03274
000938.png,0.4499848,train_08073
000939.png,0.5265933,train_03673
000940.png,0.62531435,train_00501
000941.png,0.47683924,train_07981
000942.png,0.44440514,train_00922
000943.png,0.54780114,train_03020
000944.png,0.52715784,train_00025
000945.png,0.4449283,train_02207
000946.png,0.40736896,train_04606
000947.png,0.3480268,train_01251
000948.png,0.49861377,train_06232
000949.png,0.4386078,train_01385
000950.png,0.6188681,train_01670
000951.png,0.5391793,train_08016
000952.png,0.48446977,train_06709
000953.png,0.50197715,train_02266
000954.png,0.45578122,train_04732
000955.png,0.4904384,train_00045
000956.png,0.4182008,train_03202
000957.png,0.45165884,train_06265
000958.png,0.45160794,train_04048
000959.png,0.54898167,train_04025
000960.png,0.42461807,train_04547
000961.png,0.50626767,train_06543
000962.png,0.4344812,train_01248
000963.png,0.45571336,train_00415
000964.png,0.42955244,train_02590
000965.png,0.45182472,train_04958
000966.png,0.57702935,train_00742
000967.png,0.34117606,train_07551
000968.png,0.4187131,train_03496
000969.png,0.58953,train_05306
000970.png,0.4303622,train_05283
000971.png,0.34778398,train_05437
000972.png,0.45430523,train_01257
000973.png,0.595427,train_00149
000974.png,0.53129697,train_02075
000975.png,0.48790613,train_05451
000976.png,0.65495753,train_01888
000977.png,0.5056072,train_04605
000978.png,0.49653515,train_02986
000979.png,0.55178106,train_03271
000980.png,0.4028477,train_06404
000981.png,0.50486255,train_00069
000982.png,0.40147814,train_00029
000983.png,0.64618146,train_00360
000984.png,0.47212055,train_04463
000985.png,0.40383738,train_05957
000986.png,0.4759978,train_05315
000987.png,0.57620484,train_03262
000988.png,0.5693437,train_05196
000989.png,0.49879432,train_05410
000990.png,0.48215273,train_03215
000991.png,0.4544197,train_01010
000992.png,0.52620155,train_07203
000993.png,0.47409752,train_04805
000994.png,0.3860525,train_07400
000995.png,0.45517784,train_05015
000996.png,0.43131542,train_03960
000997.png,0.37258554,train_03959
000998.png,0.3979817,train_01606
000999.png,0.45552936,train_03886
001000.png,0.47013748,train_00909
001001.png,0.57259876,train_03383
001002.png,0.4349985,train_03160
001003.png,0.45002812,train_03794
001004.png,0.44166362,train_07682
001005.png,0.5180882,train_07552
001006.png,0.45222247,train_02039
001007.png,0.38658053,train_07157
001008.png,0.38355315,train_03060
001009.png,0.4822813,train_07292
001010.png,0.53120905,train_06510
001011.png,0.56910276,train_04392
001012.png,0.49410838,train_04398
001013.png,0.5613494,train_01159
001014.png,0.5473087,train_05782
001015.png,0.4386796,train_01682
001016.png,0.49232474,train_06160
001017.png,0.48711142,train_07465
001018.png,0.5862732,train_03912
001019.png,0.61857086,train_04469
001020.png,0.53328365,train_06315
001021.png,0.51444733,train_00695
001022.png,0.38564792,train_04809
001023.png,0.5473091,train_05748
001024.png,0.39721233,train_01293
001025.png,0.46674365,train_02033
001026.png,0.43384588,train_05877
001027.png,0.48246074,train_00876
001028.png,0.5959551,train_02987
001029.png,0.51942784,train_03829
001030.png,0.3678124,train_05366
001031.png,0.5324805,train_00104
001032.png,0.41099975,train_02878
001033.png,0.3445955,train_07224
001034.png,0.40689796,train_02036
001035.png,0.5753778,train_04967
001036.png,0.41927367,train_02384
001037.png,0.4487201,train_02985
001038.png,0.5872699,train_01499
001039.png,0.36309922,train_00599
001040.png,0.32068437,train_06785
001041.png,0.5314881,train_01419
001042.png,0.6058627,train_01612
001043.png,0.47486725,train_07041
001044.png,0.4633463,train_03035
001045.png,0.49334687,train_00673
001046.png,0.6511414,train_01243
001047.png,0.5155385,train_03928
001048.png,0.60036665,train_00669
001049.png,0.49030018,train_06242
001050.png,0.3772685,train_00277
001051.png,0.46952587,train_08020
001052.png,0.43990287,train_00019
001053.png,0.5065106,train_05834
001054.png,0.44534874,train_01991
001055.png,0.5179637,train_02084
001056.png,0.50319934,train_07742
001057.png,0.5529933,train_07808
001058.png,0.42127842,train_02615
001059.png,0.44274914,train_08125
001060.png,0.5106091,train_01029
001061.png,0.45928437,train_05872
001062.png,0.4758705,train_06727
001063.png,0.4153769,train_00318
001064.png,0.46585965,train_03549
001065.png,0.4569783,train_01431
001066.png,0.53865504,train_07372
001067.png,0.51048684,train_04550
001068.png,0.5556305,train_01019
001069.png,0.48406956,train_01651
001070.png,0.4983756,train_01978
001071.png,0.49559653,train_00159
001072.png,0.38746056,train_07148
001073.png,0.4340348,train_03752
001074.png,0.4547869,train_06221
001075.png,0.43238765,train_01588
001076.png,0.49100006,train_04301
001077.png,0.5952712,train_06410
001078.png,0.59329075,train_02564
001079.png,0.51198494,train_01316
001080.png,0.45578122,train_04732
001081.png,0.4470451,train_02370
001082.png,0.48886168,train_03942
001083.png,0.56212926,train_04780
001084.png,0.49461275,train_07625
001085.png,0.52162874,train_02229
001086.png,0.5538365,train_06469
001087.png,0.43575144,train_01783
001088.png,0.38900465,train_07445
001089.png,0.4764065,train_03187
001090.png,0.50257313,train_02419
001091.png,0.4892972,train_04679
001092.png,0.44786024,train_04218
001093.png,0.3777095,train_02171
001094.png,0.444651,train_06654
001095.png,0.3445955,train_07224
001096.png,0.49670076,train_05948
001097.png,0.41683137,train_06233
001098.png,0.5310849,train_04415
001099.png,0.39391765,train_00103
001100.png,0.5480598,train_03276
001101.png,0.46951875,train_01475
001102.png,0.45971775,train_05144
001103.png,0.4432852,train_02924
001104.png,0.57670164,train_05139
001105.png,0.571627,train_00887
001106.png,0.39930815,train_03816
001107.png,0.382277,train_03707
001108.png,0.5294006,train_04804
001109.png,0.35377365,train_04596
001110.png,0.50618654,train_01340
001111.png,0.5844213,train_05177
001112.png,0.57015806,train_06919
001113.png,0.36481208,train_06775
001114.png,0.5009429,train_07063
001115.png,0.5805023,train_04755
001116.png,0.4480347,train_03724
001117.png,0.5217978,train_01178
001118.png,0.4667552,train_00028
001119.png,0.44485277,train_03404
001120.png,0.51286864,train_02619
001121.png,0.42894194,train_03354
001122.png,0.45793906,train_07792
001123.png,0.50754774,train_07181
001124.png,0.5895584,train_02379
001125.png,0.42118198,train_06040
001126.png,0.3971423,train_03049
001127.png,0.32447064,train_06854
001128.png,0.5539639,train_00947
001129.png,0.47125918,train_06343
001130.png,0.4212858,train_00486
001131.png,0.36556125,train_00362
001132.png,0.46596408,train_01288
001133.png,0.45946866,train_03052
001134.png,0.535099,train_05309
001135.png,0.64850706,train_08070
001136.png,0.5051433,train_00042
001137.png,0.45607233,train_03558
001138.png,0.5472459,train_03509
001139.png,0.40588653,train_04256
001140.png,0.5156284,train_05105
001141.png,0.5601253,train_03807
001142.png,0.31544605,train_01763
001143.png,0.37587556,train_08034
001144.png,0.58648384,train_02872
001145.png,0.47775686,train_00248
001146.png,0.49784124,train_07324
001147.png,0.60318595,train_07781
001148.png,0.49653515,train_02986
001149.png,0.4418543,train_00761
001150.png,0.4496053,train_06571
001151.png,0.36839753,train_00647
001152.png,0.45074195,train_01104
001153.png,0.59814,train_00175
001154.png,0.4877212,train_06838
001155.png,0.36920905,train_04669
001156.png,0.48827153,train_00340
001157.png,0.46466088,train_00552
001158.png,0.39248204,train_05546
001159.png,0.48458058,train_03940
001160.png,0.54309833,train_04632
001161.png,0.4682107,train_03974
001162.png,0.5261625,train_01509
001163.png,0.46168196,train_02446
001164.png,0.3565735,train_00236
001165.png,0.5792136,train_03957
001166.png,0.518328,train_02918
001167.png,0.38311148,train_02982
001168.png,0.49627936,train_00084
001169.png,0.3900704,train_07145
001170.png,0.43575144,train_01783
001171.png,0.5624726,train_04307
001172.png,0.5235035,train_01164
001173.png,0.3210004,train_00535
001174.png,0.5265105,train_03405
001175.png,0.44705275,train_05217
001176.png,0.548988,train_06182
001177.png,0.64850706,train_08070
001178.png,0.50854594,train_07795
001179.png,0.33448482,train_07054
001180.png,0.44155663,train_02202
001181.png,0.4805868,train_07477
001182.png,0.39480555,train_00447
001183.png,0.52555156,train_04976
001184.png,0.45240498,train_07107
001185.png,0.5067443,train_07817
001186.png,0.5071677,train_06835
001187.png,0.6175934,train_06833
001188.png,0.50173897,train_01693
001189.png,0.46605515,train_00833
001190.png,0.49293,train_07824
001191.png,0.44322056,train_02876
001192.png,0.4433078,train_01847
001193.png,0.49180004,train_02604
001194.png,0.43044212,train_03210
001195.png,0.6223331,train_03189
001196.png,0.4974327,train_00839
001197.png,0.5184014,train_01205
001198.png,0.5155622,train_07385
001199.png,0.42586663,train_04165
001200.png,0.4387083,train_02849
001201.png,0.48988712,train_02245
001202.png,0.6006514,train_00949
001203.png,0.4973873,train_00389
001204.png,0.5369158,train_03727
001205.png,0.4049242,train_07773
001206.png,0.38095832,train_03981
001207.png,0.5369953,train_03177
001208.png,0.47328076,train_00860
001209.png,0.6207358,train_03220
001210.png,0.38433355,train_01301
001211.png,0.5013943,train_01005
001212.png,0.42741302,train_02996
001213.png,0.48518437,train_07651
001214.png,0.571627,train_00887
001215.png,0.49962828,train_04942
001216.png,0.4705605,train_05340
001217.png,0.63070804,train_00177
001218.png,0.51090467,train_02437
001219.png,0.558763,train_08098
001220.png,0.5388346,train_07262
001221.png,0.47411415,train_03753
001222.png,0.4143783,train_01108
001223.png,0.40610194,train_07931
001224.png,0.5952712,train_06410
001225.png,0.6212369,train_03341
001226.png,0.40472794,train_04719
001227.png,0.4444701,train_06057
001228.png,0.47342473,train_03440
001229.png,0.46950012,train_06316
001230.png,0.5404102,train_07297
001231.png,0.4084761,train_04332
001232.png,0.50903785,train_03099
001233.png,0.42035997,train_07452
001234.png,0.56725335,train_04522
001235.png,0.4778925,train_05305
001236.png,0.39090765,train_00387
001237.png,0.4644458,train_00442
001238.png,0.45359412,train_03737
001239.png,0.43980637,train_02448
001240.png,0.531514,train_03434
001241.png,0.53375506,train_05279
001242.png,0.5410437,train_05600
001243.png,0.4601698,train_07953
001244.png,0.4197222,train_07456
001245.png,0.40168548,train_07833
001246.png,0.42285132,train_04908
001247.png,0.5356022,train_06074
001248.png,0.5043551,train_04294
001249.png,0.55918956,train_00880
001250.png,0.565405,train_06204
001251.png,0.49180004,train_02604
001252.png,0.5648829,train_05601
001253.png,0.51794446,train_01503
001254.png,0.5233146,train_04377
001255.png,0.49045044,train_04349
001256.png,0.48643845,train_04541
001257.png,0.44258186,train_06712
001258.png,0.49256358,train_00086
001259.png,0.45219332,train_01240
001260.png,0.35712618,train_01984
001261.png,0.52486795,train_00670
001262.png,0.50767887,train_06861
001263.png,0.49820483,train_05347
001264.png,0.46122926,train_00427
001265.png,0.60552144,train_00907
001266.png,0.5825205,train_04859
001267.png,0.43545583,train_07697
001268.png,0.50010777,train_01966
001269.png,0.5412606,train_07136
001270.png,0.5552034,train_07986
001271.png,0.56854415,train_02769
001272.png,0.53277445,train_00391
001273.png,0.5624057,train_05257
001274.png,0.34408227,train_02710
001275.png,0.4925187,train_02789
001276.png,0.43634623,train_03663
001277.png,0.58153224,train_03081
001278.png,0.4163347,train_06494
001279.png,0.5743172,train_03996
001280.png,0.41214567,train_06504
001281.png,0.29952383,train_04061
001282.png,0.45607233,train_03558
001283.png,0.55839264,train_07286
001284.png,0.5497136,train_06651
001285.png,0.41308695,train_03551
001286.png,0.4783638,train_04238
001287.png,0.48008394,train_03579
001288.png,0.44013768,train_05033
001289.png,0.50306606,train_04799
001290.png,0.50486594,train_00877
001291.png,0.49730533,train_05987
001292.png,0.47066745,train_07547
001293.png,0.5711091,train_05903
001294.png,0.41837037,train_00646
001295.png,0.46524584,train_07779
001296.png,0.50987375,train_04975
001297.png,0.63195455,train_05693
001298.png,0.38543567,train_07893
001299.png,0.35591608,train_02730
001300.png,0.5004586,train_07950
001301.png,0.59997433,train_03725
001302.png,0.57664096,train_06130
001303.png,0.56184506,train_03550
001304.png,0.5767761,train_01601
001305.png,0.49613237,train_01943
001306.png,0.403233,train_06581
001307.png,0.5749,train_01738
001308.png,0.50843287,train_08139
001309.png,0.4048226,train_05807
001310.png,0.33759326,train_04261
001311.png,0.43715554,train_03511
001312.png,0.39359117,train_04126
001313.png,0.37050855,train_02348
001314.png,0.5283715,train_04518
001315.png,0.53110415,train_00089
001316.png,0.5658599,train_01490
001317.png,0.37819493,train_03179
001318.png,0.44060284,train_03705
001319.png,0.49641174,train_07094
001320.png,0.45673123,train_01308
001321.png,0.5170846,train_01462
001322.png,0.50759405,train_00770
001323.png,0.4104413,train_06342
001324.png,0.57318926,train_04212
001325.png,0.4741901,train_05898
001326.png,0.51064324,train_03438
001327.png,0.46222788,train_02694
001328.png,0.46548933,train_06589
001329.png,0.37285376,train_00343
001330.png,0.4005378,train_02521
001331.png,0.46724227,train_06105
001332.png,0.50528705,train_07254
001333.png,0.54584694,train_00932
001334.png,0.4900443,train_03770
001335.png,0.57213193,train_05284
001336.png,0.5668273,train_03111
001337.png,0.37938556,train_06478
001338.png,0.611703,train_03117
001339.png,0.46992362,train_06456
001340.png,0.5042456,train_05885
001341.png,0.45851517,train_07113
001342.png,0.4611799,train_05404
001343.png,0.53504586,train_06815
001344.png,0.5780257,train_05639
001345.png,0.511966,train_07992
001346.png,0.44166362,train_07682
001347.png,0.5383266,train_02633
001348.png,0.5004586,train_07950
001349.png,0.58701646,train_06051
001350.png,0.39822945,train_01188
001351.png,0.59281427,train_04849
001352.png,0.6298866,train_07879
001353.png,0.5277995,train_06222
001354.png,0.37756377,train_01993
001355.png,0.3427939,train_01809
001356.png,0.5188521,train_01949
001357.png,0.5834594,train_00863
001358.png,0.48962224,train_05777
001359.png,0.5699578,train_07580
001360.png,0.5468794,train_00106
001361.png,0.40860683,train_04491
001362.png,0.43544412,train_07890
001363.png,0.4363844,train_05686
001364.png,0.62486506,train_07330
001365.png,0.5587914,train_07829
001366.png,0.5186992,train_07761
001367.png,0.4541359,train_04346
001368.png,0.526654,train_00899
001369.png,0.44260275,train_06722
001370.png,0.5108447,train_07725
001371.png,0.5171514,train_02983
001372.png,0.5588615,train_06094
001373.png,0.49643067,train_01581
001374.png,0.5715462,train_07261
001375.png,0.49496078,train_07828
001376.png,0.4886582,train_07691
001377.png,0.42657936,train_07078
001378.png,0.3772685,train_00277
001379.png,0.60392374,train_04715
001380.png,0.5966778,train_05663
001381.png,0.50995076,train_04341
001382.png,0.36923924,train_04760
001383.png,0.5442623,train_04662
001384.png,0.57213193,train_05284
001385.png,0.39534086,train_00606
001386.png,0.54102254,train_07369
001387.png,0.420286,train_00893
001388.png,0.4064347,train_03557
001389.png,0.46578473,train_05322
001390.png,0.58153224,train_03081
001391.png,0.4973265,train_04449
001392.png,0.48447278,train_06966
001393.png,0.50359464,train_07131
001394.png,0.49949104,train_04918
001395.png,0.5356022,train_06074
001396.png,0.5747638,train_02572
001397.png,0.50102985,train_07274
001398.png,0.4821053,train_05480
001399.png,0.53464645,train_02500
001400.png,0.44102007,train_06197
001401.png,0.5081409,train_04845
001402.png,0.52744997,train_00703
001403.png,0.37079227,train_05059
001404.png,0.5003022,train_06573
001405.png,0.5893416,train_04938
001406.png,0.5404954,train_05766
001407.png,0.5988817,train_02152
001408.png,0.42457324,train_03343
001409.png,0.43093365,train_03014
001410.png,0.41559672,train_07675
001411.png,0.36713672,train_01460
001412.png,0.4930609,train_07951
001413.png,0.52385235,train_00255
001414.png,0.56912386,train_04957
001415.png,0.38651747,train_06036
001416.png,0.4436074,train_01778
001417.png,0.5548687,train_07415
001418.png,0.48843262,train_03695
001419.png,0.4518543,train_07188
001420.png,0.4416447,train_01092
001421.png,0.49927962,train_00015
001422.png,0.42343044,train_03835
001423.png,0.3927186,train_02080
001424.png,0.5379245,train_03389
001425.png,0.4206643,train_01134
001426.png,0.5004586,train_07950
001427.png,0.47409752,train_04805
001428.png,0.4264956,train_03391
001429.png,0.5505113,train_03563
001430.png,0.5663744,train_01645
001431.png,0.39797047,train_02727
001432.png,0.4764065,train_03187
001433.png,0.43545583,train_07697
001434.png,0.47348273,train_01262
001435.png,0.5417063,train_05905
001436.png,0.44713777,train_01828
001437.png,0.35862952,train_04776
001438.png,0.47776383,train_06345
001439.png,0.53689694,train_01345
001440.png,0.5811608,train_01083
001441.png,0.37189618,train_06546
001442.png,0.39300957,train_03894
001443.png,0.37940985,train_02917
001444.png,0.5569007,train_00204
001445.png,0.533641,train_07279
001446.png,0.54935867,train_02547
001447.png,0.54935867,train_02547
001448.png,0.5317819,train_04448
001449.png,0.49179924,train_07495
001450.png,0.46737576,train_04765
001451.png,0.5810828,train_03321
001452.png,0.46409494,train_01317
001453.png,0.5222975,train_02613
001454.png,0.4667849,train_04170
001455.png,0.5229559,train_01209
001456.png,0.45581916,train_04782
001457.png,0.3852892,train_04178
001458.png,0.4467036,train_07401
001459.png,0.5224592,train_02913
001460.png,0.393129,train_07909
001461.png,0.39781865,train_00040
001462.png,0.53642964,train_01719
001463.png,0.57114875,train_07633
001464.png,0.43507636,train_02310
001465.png,0.50125533,train_01905
001466.png,0.5509554,train_05643
001467.png,0.48037654,train_08068
001468.png,0.4278304,train_01215
001469.png,0.40736896,train_04606
001470.png,0.43278688,train_05154
001471.png,0.27891564,train_06262
001472.png,0.58087003,train_03337
001473.png,0.5205087,train_00651
001474.png,0.46276885,train_00851
001475.png,0.47386622,train_07088
001476.png,0.40156072,train_05345
001477.png,0.62391263,train_03911
001478.png,0.47905064,train_06258
001479.png,0.43427506,train_03382
001480.png,0.49232474,train_06160
001481.png,0.45585415,train_02196
001482.png,0.4915331,train_05627
001483.png,0.46203467,train_01013
001484.png,0.45084345,train_06635
001485.png,0.5256454,train_01900
001486.png,0.42465568,train_08026
001487.png,0.5078775,train_00492
001488.png,0.4005378,train_02521
001489.png,0.64659286,train_02723
001490.png,0.43726042,train_01373
001491.png,0.4941784,train_02487
001492.png,0.47569838,train_01214
001493.png,0.53497064,train_03292
001494.png,0.5399791,train_07042
001495.png,0.47186553,train_06428
001496.png,0.52518463,train_03078
001497.png,0.51185006,train_04019
001498.png,0.4776343,train_06288
001499.png,0.601025,train_07492
001500.png,0.48890066,train_06348
001501.png,0.36920905,train_04669
001502.png,0.50968194,train_07020
001503.png,0.48985574,train_00789
001504.png,0.523734,train_08121
001505.png,0.42994946,train_00869
001506.png,0.48199922,train_07527
001507.png,0.5947181,train_03664
001508.png,0.31867746,train_03137
001509.png,0.59918016,train_07563
001510.png,0.3429988,train_00823
001511.png,0.45019758,train_05758
001512.png,0.39480555,train_00447
001513.png,0.4745669,train_04946
001514.png,0.50976557,train_06129
001515.png,0.5715462,train_07261
001516.png,0.48543063,train_07859
001517.png,0.57226944,train_06507
001518.png,0.46062374,train_06753
001519.png,0.37722433,train_00919
001520.png,0.60411704,train_00163
001521.png,0.54928905,train_04127
001522.png,0.5307033,train_02819
001523.png,0.2872951,train_00507
001524.png,0.41473925,train_07241
001525.png,0.4124909,train_06734
001526.png,0.4411446,train_07655
001527.png,0.45581365,train_02411
001528.png,0.5338018,train_00534
001529.png,0.4917575,train_07549
001530.png,0.44713777,train_01828
001531.png,0.5288949,train_08061
001532.png,0.58202493,train_03900
001533.png,0.3981071,train_00465
001534.png,0.5508954,train_06146
001535.png,0.5592029,train_06834
001536.png,0.37050855,train_02348
001537.png,0.4650155,train_04494
001538.png,0.43253565,train_06193
001539.png,0.58404124,train_01465
001540.png,0.3971563,train_01290
001541.png,0.56138813,train_03319
001542.png,0.4922526,train_04699
001543.png,0.5440261,train_00186
001544.png,0.6147568,train_03679
001545.png,0.5842015,train_06518
001546.png,0.45467898,train_02295
001547.png,0.5608031,train_00036
001548.png,0.633294,train_01807
001549.png,0.4397443,train_01711
001550.png,0.43913183,train_03374
001551.png,0.5136063,train_00733
001552.png,0.42147586,train_02134
001553.png,0.45919573,train_03692
001554.png,0.5439245,train_00939
001555.png,0.503912,train_07066
001556.png,0.5774457,train_06591
001557.png,0.4246239,train_07967
001558.png,0.552516,train_03696
001559.png,0.5222801,train_04396
001560.png,0.45200858,train_05469
001561.png,0.5267938,train_00357
001562.png,0.40564266,train_01885
001563.png,0.54089034,train_05701
001564.png,0.6149084,train_03951
001565.png,0.60667455,train_06677
001566.png,0.4182747,train_05248
001567.png,0.50033385,train_03526
001568.png,0.44645464,train_04919
001569.png,0.5102219,train_04133
001570.png,0.5529319,train_07569
001571.png,0.5862732,train_03912
001572.png,0.5732789,train_04432
001573.png,0.59386694,train_00924
001574.png,0.4245152,train_07619
001575.png,0.4886751,train_06393
001576.png,0.413261,train_01055
001577.png,0.4284889,train_01154
001578.png,0.36689824,train_08115
001579.png,0.5912954,train_01543
001580.png,0.567895,train_04046
001581.png,0.47629988,train_00142
001582.png,0.4562235,train_00185
001583.png,0.57438195,train_05294
001584.png,0.53110415,train_00089
001585.png,0.53110915,train_03328
001586.png,0.4424274,train_02154
001587.png,0.44529873,train_04265
001588.png,0.5102201,train_06227
001589.png,0.50626767,train_06543
001590.png,0.4963348,train_07898
001591.png,0.54939425,train_00441
001592.png,0.47669327,train_06928
001593.png,0.47715163,train_02898
001594.png,0.5133009,train_00629
001595.png,0.54522026,train_01147
001596.png,0.5143433,train_01569
001597.png,0.45989466,train_06812
001598.png,0.5705899,train_05013
001599.png,0.47128665,train_05271
001600.png,0.41099975,train_02878
001601.png,0.39822802,train_00911
001602.png,0.5892,train_04713
001603.png,0.48528004,train_04439
001604.png,0.5216072,train_07718
001605.png,0.5612346,train_06569
001606.png,0.4460282,train_01275
001607.png,0.45730275,train_07573
001608.png,0.396998,train_01323
001609.png,0.5473087,train_05782
001610.png,0.43158406,train_02562
001611.png,0.3497517,train_02993
001612.png,0.5535116,train_06263
001613.png,0.47006148,train_02087
001614.png,0.49784124,train_07324
001615.png,0.48385805,train_00635
001616.png,0.6236956,train_02700
001617.png,0.6085476,train_08127
001618.png,0.5601135,train_00582
001619.png,0.31060064,train_05846
001620.png,0.31087786,train_07040
001621.png,0.41865975,train_01264
001622.png,0.5486241,train_01421
001623.png,0.4886582,train_07691
001624.png,0.4104994,train_07046
001625.png,0.48624864,train_06890
001626.png,0.51846516,train_00891
001627.png,0.4197067,train_00232
001628.png,0.39672226,train_01460
001629.png,0.5068449,train_06617
001630.png,0.35865337,train_01948
001631.png,0.5891434,train_06216
001632.png,0.37567958,train_00276
001633.png,0.40147814,train_00029
001634.png,0.5580325,train_07101
001635.png,0.47344008,train_00654
001636.png,0.30056506,train_07198
001637.png,0.4997252,train_04066
001638.png,0.52955717,train_03573
001639.png,0.49461275,train_07625
001640.png,0.6312924,train_07998
001641.png,0.5439245,train_00939
001642.png,0.47070563,train_01107
001643.png,0.4200871,train_01974
001644.png,0.4634754,train_07707
001645.png,0.4833374,train_00176
001646.png,0.45994937,train_01754
001647.png,0.30576763,train_07294
001648.png,0.47020006,train_02702
001649.png,0.4823287,train_02979
001650.png,0.5779873,train_02516
001651.png,0.35535675,train_07472
001652.png,0.4600406,train_04394
001653.png,0.4258871,train_04220
001654.png,0.43569845,train_07226
001655.png,0.45910636,train_04190
001656.png,0.5608611,train_02476
001657.png,0.4953103,train_06741
001658.png,0.53861356,train_00062
001659.png,0.42977846,train_01190
001660.png,0.38150224,train_05011
001661.png,0.48111653,train_03499
001662.png,0.46166635,train_04181
001663.png,0.4757405,train_00719
001664.png,0.4695738,train_02836
001665.png,0.5509554,train_05643
001666.png,0.58068347,train_01056
001667.png,0.40935385,train_05784
001668.png,0.30540386,train_01307
001669.png,0.517997,train_04123
001670.png,0.41985735,train_06060
001671.png,0.43010458,train_06045
001672.png,0.42246103,train_04035
001673.png,0.42846888,train_05683
001674.png,0.4863633,train_03103
001675.png,0.29755205,train_03408
001676.png,0.5502381,train_02088
001677.png,0.5047473,train_04508
001678.png,0.50627005,train_03968
001679.png,0.41078693,train_07662
001680.png,0.513994,train_04566
001681.png,0.43543154,train_02637
001682.png,0.5188807,train_07467
001683.png,0.3379298,train_02105
001684.png,0.5285909,train_03246
001685.png,0.56467927,train_06271
001686.png,0.55462474,train_05379
001687.png,0.62249434,train_07903
001688.png,0.49465615,train_04647
001689.png,0.4159781,train_07666
001690.png,0.36481208,train_06775
001691.png,0.50188255,train_04727
001692.png,0.5767629,train_01252
001693.png,0.417919,train_00999
001694.png,0.5383266,train_02633
001695.png,0.5674404,train_07943
001696.png,0.26402348,train_04380
001697.png,0.5389813,train_01922
001698.png,0.5658331,train_06553
001699.png,0.3945478,train_07842
001700.png,0.55093116,train_00173
001701.png,0.49256358,train_00086
001702.png,0.3563618,train_07420
001703.png,0.45851517,train_07113
001704.png,0.4121898,train_00615
001705.png,0.36923924,train_04760
001706.png,0.47431934,train_01052
001707.png,0.4207537,train_06960
001708.png,0.40770316,train_05163
001709.png,0.39528424,train_07171
001710.png,0.5754615,train_01640
001711.png,0.5108447,train_07725
001712.png,0.4847252,train_03238
001713.png,0.5631887,train_04800
001714.png,0.57155246,train_06004
001715.png,0.4212997,train_03993
001716.png,0.4456184,train_07004
001717.png,0.5194789,train_01084
001718.png,0.49710923,train_05153
001719.png,0.43690783,train_03865
001720.png,0.6220797,train_04208
001721.png,0.39429033,train_07987
001722.png,0.61029845,train_07905
001723.png,0.558323,train_00609
001724.png,0.46013045,train_00346
001725.png,0.4534328,train_07498
001726.png,0.44843364,train_03095
001727.png,0.485659,train_03295
001728.png,0.41524816,train_04996
001729.png,0.5176236,train_00235
001730.png,0.5406617,train_07436
001731.png,0.49550715,train_04330
001732.png,0.54734385,train_00618
001733.png,0.50422007,train_01203
001734.png,0.50811565,train_02550
001735.png,0.4622356,train_07365
001736.png,0.61830056,train_04323
001737.png,0.5756718,train_02677
001738.png,0.43281576,train_05794
001739.png,0.45690167,train_02947
001740.png,0.54558027,train_02219
001741.png,0.4083617,train_03450
001742.png,0.5923319,train_00328
001743.png,0.43268985,train_06250
001744.png,0.4745918,train_00005
001745.png,0.4664719,train_05902
001746.png,0.48662418,train_01116
001747.png,0.42896894,train_00461
001748.png,0.5197662,train_02129
001749.png,0.4576167,train_06163
001750.png,0.4869285,train_04279
001751.png,0.5395372,train_00212
001752.png,0.50632787,train_01876
001753.png,0.47221953,train_01532
001754.png,0.6164924,train_01013
001755.png,0.50655663,train_01081
001756.png,0.5168929,train_05060
001757.png,0.5935722,train_07878
001758.png,0.5439404,train_07073
001759.png,0.6016123,train_00348
001760.png,0.5852554,train_03691
001761.png,0.39054656,train_01228
001762.png,0.4553239,train_03513
001763.png,0.5385193,train_01245
001764.png,0.56274354,train_06214
001765.png,0.5645839,train_07082
001766.png,0.40759695,train_05172
001767.png,0.5375702,train_02083
001768.png,0.40937072,train_01302
001769.png,0.46736157,train_03991
001770.png,0.4693102,train_08085
001771.png,0.49096665,train_04977
001772.png,0.56912386,train_04957
001773.png,0.5140945,train_05743
001774.png,0.56556404,train_07266
001775.png,0.4955877,train_00569
001776.png,0.581089,train_04407
001777.png,0.46556193,train_00288
001778.png,0.4633463,train_03035
001779.png,0.505847,train_07966
001780.png,0.43158406,train_02562
001781.png,0.36892605,train_03760
001782.png,0.5377023,train_00378
001783.png,0.39672023,train_02337
001784.png,0.49547634,train_00168
001785.png,0.58496296,train_05320
001786.png,0.46495903,train_00210
001787.png,0.5265933,train_03673
001788.png,0.5637417,train_06181
001789.png,0.5756408,train_01506
001790.png,0.4416447,train_01092
001791.png,0.5111801,train_07450
001792.png,0.50236344,train_00330
001793.png,0.4325941,train_04854
001794.png,0.43006438,train_06643
001795.png,0.5345162,train_04116
001796.png,0.4349664,train_02165
001797.png,0.5566155,train_00303
001798.png,0.47420046,train_05981
001799.png,0.45688474,train_07440
001800.png,0.4441744,train_07615
001801.png,0.45006877,train_05716
001802.png,0.5549001,train_06066
001803.png,0.43833336,train_02693
001804.png,0.55344796,train_02504
001805.png,0.46777183,train_05867
001806.png,0.572993,train_05268
001807.png,0.5732583,train_01500
001808.png,0.47995406,train_07654
001809.png,0.5497136,train_06651
001810.png,0.4112759,train_04295
001811.png,0.4796694,train_01745
001812.png,0.524028,train_00991
001813.png,0.61088383,train_05415
001814.png,0.36127114,train_06530
001815.png,0.5564114,train_02687
001816.png,0.5018668,train_05020
001817.png,0.3793792,train_07057
001818.png,0.53672945,train_00098
001819.png,0.5144311,train_01786
001820.png,0.39661738,train_01674
001821.png,0.46605015,train_00762
001822.png,0.4743478,train_05673
001823.png,0.45688188,train_01030
001824.png,0.7139424,train_01788
001825.png,0.41822588,train_05124
001826.png,0.42285138,train_03027
001827.png,0.48609814,train_05485
001828.png,0.42395562,train_06407
001829.png,0.6510596,train_00147
001830.png,0.38900465,train_07445
001831.png,0.56368387,train_06822
001832.png,0.56895936,train_02304
001833.png,0.49552327,train_02754
001834.png,0.48363307,train_06041
001835.png,0.4045915,train_01337
001836.png,0.48572597,train_06488
001837.png,0.40588653,train_04256
001838.png,0.5138638,train_06422
001839.png,0.506404,train_02580
001840.png,0.41175008,train_01673
001841.png,0.4424274,train_02154
001842.png,0.5440012,train_05821
001843.png,0.4700359,train_03161
001844.png,0.57503736,train_04150
001845.png,0.36141244,train_00506
001846.png,0.47578034,train_05460
001847.png,0.41843706,train_04193
001848.png,0.5959551,train_02987
001849.png,0.4960842,train_01343
001850.png,0.59083223,train_08017
001851.png,0.56081975,train_01568
001852.png,0.47129083,train_04912
001853.png,0.36287785,train_05562
001854.png,0.5243749,train_03589
001855.png,0.51549447,train_05920
001856.png,0.49349076,train_04162
001857.png,0.47507912,train_05996
001858.png,0.45971775,train_05144
001859.png,0.4710862,train_07504
001860.png,0.47323018,train_04999
001861.png,0.4823574,train_05921
001862.png,0.4597127,train_01605
001863.png,0.4865297,train_03754
001864.png,0.49184346,train_00262
001865.png,0.55034894,train_03133
001866.png,0.4888236,train_01756
001867.png,0.47173464,train_00408
001868.png,0.49617016,train_01945
001869.png,0.36428005,train_01297
001870.png,0.46785623,train_07694
001871.png,0.4271087,train_04292
001872.png,0.49237764,train_05715
001873.png,0.3889159,train_04021
001874.png,0.54183346,train_01153
001875.png,0.44975144,train_03465
001876.png,0.49644753,train_04586
001877.png,0.46122926,train_00427
001878.png,0.5283715,train_04518
001879.png,0.46303183,train_01024
001880.png,0.5062796,train_04515
001881.png,0.39248204,train_05546
001882.png,0.39676607,train_06619
001883.png,0.5255799,train_04542
001884.png,0.48363307,train_06041
001885.png,0.45929897,train_03795
001886.png,0.41056257,train_02093
001887.png,0.57670164,train_05139
001888.png,0.50150585,train_05557
001889.png,0.581089,train_04407
001890.png,0.44863474,train_03056
001891.png,0.40308127,train_05129
001892.png,0.60411704,train_00163
001893.png,0.43238765,train_01588
001894.png,0.4078381,train_02215
001895.png,0.54928106,train_00530
001896.png,0.50560284,train_01583
001897.png,0.49737236,train_05259
001898.png,0.54168373,train_01790
001899.png,0.36941707,train_07764
001900.png,0.5592029,train_06834
001901.png,0.4933117,train_07199
001902.png,0.4745669,train_04946
001903.png,0.39674622,train_06593
001904.png,0.46122926,train_00427
001905.png,0.5345213,train_02683
001906.png,0.49627936,train_00084
001907.png,0.5370835,train_07659
001908.png,0.44201833,train_05407
001909.png,0.51833296,train_06809
001910.png,0.5157359,train_02997
001911.png,0.31514856,train_04582
001912.png,0.35857993,train_03042
001913.png,0.4850368,train_05092
001914.png,0.56386614,train_01241
001915.png,0.5226834,train_03170
001916.png,0.3336291,train_01872
001917.png,0.37271547,train_07483
001918.png,0.36469066,train_08035
001919.png,0.5702939,train_08142
001920.png,0.533641,train_07279
001921.png,0.54619694,train_02644
001922.png,0.38125777,train_08117
001923.png,0.40374964,train_04796
001924.png,0.5539639,train_00947
001925.png,0.5183609,train_07698
001926.png,0.55265236,train_02314
001927.png,0.37245855,train_06984
001928.png,0.5374772,train_00807
001929.png,0.50824165,train_04560
001930.png,0.4162864,train_06955
001931.png,0.416708,train_04891
001932.png,0.49675813,train_05774
001933.png,0.44952202,train_01338
001934.png,0.6092916,train_04323
001935.png,0.5444592,train_07023
001936.png,0.5121637,train_00254
001937.png,0.5159198,train_07884
001938.png,0.58732903,train_00125
001939.png,0.5237386,train_02007
001940.png,0.5777118,train_02822
001941.png,0.4467581,train_00477
001942.png,0.42623198,train_07973
001943.png,0.44688588,train_04853
001944.png,0.44546425,train_03097
001945.png,0.53129697,train_02075
001946.png,0.4466173,train_01817
001947.png,0.40030593,train_07821
001948.png,0.45648244,train_04410
001949.png,0.5798808,train_00760
001950.png,0.6092708,train_02893
001951.png,0.5032831,train_07096
001952.png,0.47068542,train_02148
001953.png,0.5243903,train_00767
001954.png,0.56282973,train_07964
001955.png,0.4749539,train_06240
001956.png,0.33421224,train_00796
001957.png,0.47239286,train_04625
001958.png,0.48352322,train_01830
001959.png,0.51598436,train_07506
001960.png,0.44687057,train_02308
001961.png,0.5705899,train_05013
001962.png,0.45792437,train_03720
001963.png,0.5750786,train_06228
001964.png,0.52594817,train_06719
001965.png,0.35591608,train_02730
001966.png,0.5275215,train_00038
001967.png,0.46548933,train_06589
001968.png,0.43797547,train_00145
001969.png,0.47440606,train_04441
001970.png,0.48346084,train_00958
001971.png,0.5071677,train_06835
001972.png,0.36671117,train_03622
001973.png,0.40702218,train_05192
001974.png,0.55613077,train_05812
001975.png,0.55877924,train_01815
001976.png,0.53117645,train_05707
001977.png,0.5156959,train_07510
001978.png,0.5523147,train_05935
001979.png,0.46724227,train_06105
001980.png,0.46110824,train_04585
001981.png,0.515324,train_02844
001982.png,0.4055159,train_08074
001983.png,0.40825382,train_01176
001984.png,0.5825205,train_04859
001985.png,0.3130418,train_04085
001986.png,0.4786145,train_02908
001987.png,0.4867341,train_04340
001988.png,0.53234726,train_00721
001989.png,0.53054845,train_00400
001990.png,0.36920905,train_04669
001991.png,0.51451486,train_00908
001992.png,0.5861807,train_02261
001993.png,0.5411804,train_03247
001994.png,0.5017469,train_01227
001995.png,0.4662374,train_07921
001996.png,0.35380888,train_01418
001997.png,0.4982781,train_00865
001998.png,0.52540267,train_05543
001999.png,0.53159475,train_07446
002000.png,0.40875006,train_07629
002001.png,0.45968026,train_04327
002002.png,0.62531435,train_00501
002003.png,0.5138985,train_01165
002004.png,0.40805095,train_07476
002005.png,0.63920933,train_01565
002006.png,0.6059809,train_06178
002007.png,0.36358637,train_06644
002008.png,0.38355315,train_03060
002009.png,0.45767733,train_00080
002010.png,0.5178504,train_03771
002011.png,0.52639806,train_00730
002012.png,0.44086343,train_04692
002013.png,0.38516378,train_06953
002014.png,0.5648829,train_05601
002015.png,0.4449283,train_02207
002016.png,0.573828,train_02734
002017.png,0.48352724,train_05319
002018.png,0.403233,train_06581
002019.png,0.419801,train_08047
002020.png,0.5440261,train_00186
002021.png,0.6055934,train_07070
002022.png,0.34100756,train_00878
002023.png,0.43173397,train_04163
002024.png,0.554371,train_06420
002025.png,0.48071548,train_03616
002026.png,0.44086343,train_04692
002027.png,0.5909008,train_05266
002028.png,0.43485594,train_06896
002029.png,0.46801168,train_04069
002030.png,0.47254163,train_04158
002031.png,0.6175566,train_07210
002032.png,0.4080649,train_06682
002033.png,0.5161176,train_03013
002034.png,0.52885634,train_06366
002035.png,0.48205525,train_07980
002036.png,0.58496296,train_05320
002037.png,0.5653351,train_06638
002038.png,0.56125146,train_02719
002039.png,0.3336291,train_01872
002040.png,0.40030593,train_07821
002041.png,0.47013748,train_00909
002042.png,0.6432077,train_00108
002043.png,0.576334,train_02187
002044.png,0.43977034,train_05357
002045.png,0.5106561,train_01887
002046.png,0.4915331,train_05627
002047.png,0.45832762,train_04704
002048.png,0.6051118,train_02460
002049.png,0.5506986,train_06731
002050.png,0.46765438,train_04293
002051.png,0.5431974,train_05793
002052.png,0.5275427,train_06502
002053.png,0.3967198,train_06322
002054.png,0.49030018,train_06242
002055.png,0.52275467,train_07508
002056.png,0.5345564,train_05383
002057.png,0.37812427,train_00214
002058.png,0.55877924,train_01815
002059.png,0.5559852,train_05864
002060.png,0.3097634,train_04375
002061.png,0.43012583,train_00395
002062.png,0.46429908,train_01212
002063.png,0.50854594,train_07795
002064.png,0.42518157,train_03740
002065.png,0.51745,train_00636
002066.png,0.4096167,train_06948
002067.png,0.3359371,train_04302
002068.png,0.5940248,train_07036
002069.png,0.4162864,train_06955
002070.png,0.5162401,train_00128
002071.png,0.47406566,train_07287
002072.png,0.36685556,train_02194
002073.png,0.55683166,train_00567
002074.png,0.49890977,train_06307
002075.png,0.47094795,train_03406
002076.png,0.5068449,train_06617
002077.png,0.49080947,train_02206
002078.png,0.55056685,train_03595
002079.png,0.61249703,train_01298
002080.png,0.35478276,train_03205
002081.png,0.42285132,train_04908
002082.png,0.57598376,train_05718
002083.png,0.54166865,train_05158
002084.png,0.35800338,train_07079
002085.png,0.5418794,train_05723
002086.png,0.51926076,train_07780
002087.png,0.35877502,train_06585
002088.png,0.4129563,train_00141
002089.png,0.5042098,train_07571
002090.png,0.46806014,train_03743
002091.png,0.5132142,train_00628
002092.png,0.4344812,train_01248
002093.png,0.5800631,train_02046
002094.png,0.5176236,train_00235
002095.png,0.47736043,train_05582
002096.png,0.2926618,train_04570
002097.png,0.5645839,train_07082
002098.png,0.4156162,train_05292
002099.png,0.5732789,train_04432
002100.png,0.5223085,train_01329
002101.png,0.42408532,train_06169
002102.png,0.5588615,train_06094
002103.png,0.41524816,train_04996
002104.png,0.47730127,train_06251
002105.png,0.48711142,train_07465
002106.png,0.49681118,train_00458
002107.png,0.60667455,train_06677
002108.png,0.66583353,train_08135
002109.png,0.53589064,train_02412
002110.png,0.50242174,train_02397
002111.png,0.33212334,train_03225
002112.png,0.49677125,train_06272
002113.png,0.5240647,train_06491
002114.png,0.44874513,train_07503
002115.png,0.49110365,train_03216
002116.png,0.40688458,train_01893
002117.png,0.4851806,train_00196
002118.png,0.30576763,train_07294
002119.png,0.51080966,train_05955
002120.png,0.36490718,train_04856
002121.png,0.49778476,train_02258
002122.png,0.37587556,train_08034
002123.png,0.3622957,train_04750
002124.png,0.4275542,train_01871
002125.png,0.48037654,train_08068
002126.png,0.52992564,train_04408
002127.png,0.3210004,train_00535
002128.png,0.39675885,train_06499
002129.png,0.42157564,train_01460
002130.png,0.4596175,train_05142
002131.png,0.3330391,train_03567
002132.png,0.44200867,train_05169
002133.png,0.35126603,train_00950
002134.png,0.6072272,train_02288
002135.png,0.51282924,train_01372
002136.png,0.48718596,train_02689
002137.png,0.5178504,train_03771
002138.png,0.43328083,train_03985
002139.png,0.54153216,train_07250
002140.png,0.47719002,train_01478
002141.png,0.48862642,train_07978
002142.png,0.5610874,train_03999
002143.png,0.4851842,train_05637
002144.png,0.43328083,train_03985
002145.png,0.46463722,train_02079
002146.png,0.44928545,train_04106
002147.png,0.5430121,train_05045
002148.png,0.45068565,train_01393
002149.png,0.4232929,train_01032
002150.png,0.53312325,train_03176
002151.png,0.43685633,train_04264
002152.png,0.42901427,train_01350
002153.png,0.52589464,train_07769
002154.png,0.4526232,train_07738
002155.png,0.5601916,train_02811
002156.png,0.48100445,train_05647
002157.png,0.5317353,train_06007
002158.png,0.36841685,train_05146
002159.png,0.49550715,train_04330
002160.png,0.567895,train_04046
002161.png,0.5689291,train_03064
002162.png,0.6179626,train_02400
002163.png,0.49132285,train_06073
002164.png,0.51138556,train_01932
002165.png,0.37935147,train_04001
002166.png,0.48210412,train_00517
002167.png,0.38768256,train_00420
002168.png,0.31597978,train_04454
002169.png,0.5921213,train_01691
002170.png,0.3950363,train_07583
002171.png,0.42045224,train_04167
002172.png,0.55304086,train_06065
002173.png,0.44458598,train_04789
002174.png,0.46984303,train_01659
002175.png,0.53941184,train_04235
002176.png,0.5682996,train_02050
002177.png,0.48309296,train_01870
002178.png,0.5142545,train_07918
002179.png,0.48696226,train_04738
002180.png,0.42201746,train_07588
002181.png,0.50009704,train_06009
002182.png,0.4133945,train_05159
002183.png,0.48139983,train_03821
002184.png,0.48055422,train_04440
002185.png,0.36841685,train_05146
002186.png,0.5026727,train_06068
002187.png,0.50995076,train_04341
002188.png,0.60198635,train_08011
002189.png,0.43919122,train_03973
002190.png,0.48718596,train_02689
002191.png,0.5655536,train_04592
002192.png,0.586769,train_00136
002193.png,0.51863164,train_06736
002194.png,0.5570822,train_03690
002195.png,0.26810402,train_01632
002196.png,0.5538365,train_06469
002197.png,0.541322,train_06012
002198.png,0.42977256,train_04759
002199.png,0.56067467,train_05240
002200.png,0.47824323,train_01382
002201.png,0.52955717,train_03573
002202.png,0.40232766,train_02468
002203.png,0.39837968,train_01852
002204.png,0.5786996,train_04467
002205.png,0.47094795,train_03406
002206.png,0.48601884,train_04052
002207.png,0.5335233,train_01342
002208.png,0.45546976,train_02975
002209.png,0.47356835,train_01771
002210.png,0.38298997,train_05449
002211.png,0.5531304,train_00172
002212.png,0.4231274,train_04455
002213.png,0.3592247,train_00207
002214.png,0.33301967,train_01357
002215.png,0.45730275,train_07573
002216.png,0.44234926,train_00370
002217.png,0.45546976,train_02975
002218.png,0.5317353,train_06007
002219.png,0.6024661,train_06077
002220.png,0.5735806,train_05011
002221.png,0.4765152,train_04129
002222.png,0.53020203,train_01356
002223.png,0.58570266,train_05115
002224.png,0.4809385,train_01833
002225.png,0.518254,train_07178
002226.png,0.583356,train_06336
002227.png,0.4350867,train_01672
002228.png,0.48496246,train_02515
002229.png,0.34047312,train_05426
002230.png,0.4624287,train_05919
002231.png,0.4142571,train_01247
002232.png,0.45063633,train_06226
002233.png,0.36892605,train_03760
002234.png,0.51212287,train_03721
002235.png,0.47691482,train_02356
002236.png,0.44713593,train_02808
002237.png,0.5318129,train_03446
002238.png,0.5646977,train_00522
002239.png,0.57397974,train_03331
002240.png,0.44027397,train_00249
002241.png,0.26289266,train_03129
002242.png,0.4029786,train_03075
002243.png,0.5297085,train_01555
002244.png,0.47440606,train_04441
002245.png,0.56681097,train_05661
002246.png,0.4175049,train_05276
002247.png,0.5179815,train_05113
002248.png,0.40338135,train_04382
002249.png,0.4995009,train_05147
002250.png,0.414544,train_07830
002251.png,0.45794818,train_01456
002252.png,0.4349664,train_02165
002253.png,0.25703734,train_01335
002254.png,0.45690167,train_02947
002255.png,0.50314695,train_06134
002256.png,0.47361034,train_07265
002257.png,0.42688233,train_03503
002258.png,0.40736896,train_04606
002259.png,0.6055934,train_07070
002260.png,0.47404623,train_05136
002261.png,0.4888115,train_07819
002262.png,0.53070563,train_05120
002263.png,0.5608611,train_02476
002264.png,0.4541359,train_04346
002265.png,0.36839753,train_00647
002266.png,0.48356777,train_06423
002267.png,0.44094366,train_06669
002268.png,0.47948748,train_06723
002269.png,0.51213783,train_01319
002270.png,0.4779268,train_04175
002271.png,0.502317,train_05848
002272.png,0.4092223,train_06011
002273.png,0.43527877,train_01232
002274.png,0.43779492,train_01367
002275.png,0.49290848,train_06743
002276.png,0.44274914,train_08125
002277.png,0.45735157,train_03101
002278.png,0.45448345,train_04442
002279.png,0.4429066,train_04568
002280.png,0.46197632,train_08058
002281.png,0.5644972,train_02869
002282.png,0.49592382,train_01194
002283.png,0.64945424,train_07397
002284.png,0.5550225,train_05961
002285.png,0.63528764,train_05452
002286.png,0.3851958,train_06913
002287.png,0.5417063,train_05905
002288.png,0.47287184,train_05503
002289.png,0.44718713,train_04416
002290.png,0.45648244,train_04410
002291.png,0.53039515,train_04997
002292.png,0.52552164,train_03086
002293.png,0.5073118,train_02502
002294.png,0.443138,train_05236
002295.png,0.35478276,train_03205
002296.png,0.4461872,train_04143
002297.png,0.48484433,train_03234
002298.png,0.4509613,train_07462
002299.png,0.364704,train_01510
002300.png,0.44662982,train_07338
002301.png,0.57880855,train_03866
002302.png,0.5887965,train_04730
002303.png,0.54168373,train_01790
002304.png,0.58648384,train_02872
002305.png,0.5756199,train_03590
002306.png,0.49462944,train_01003
002307.png,0.51256263,train_06904
002308.png,0.4620735,train_04421
002309.png,0.4029786,train_03075
002310.png,0.45344484,train_00504
002311.png,0.4258867,train_06165
002312.png,0.5025523,train_07979
002313.png,0.4995516,train_07787
002314.png,0.41401476,train_02503
002315.png,0.51638836,train_07318
002316.png,0.59417355,train_07195
002317.png,0.4980603,train_03518
002318.png,0.47260898,train_03100
002319.png,0.5491047,train_05698
002320.png,0.546222,train_02864
002321.png,0.49489647,train_02100
002322.png,0.45426548,train_03908
002323.png,0.45714515,train_02211
002324.png,0.5663744,train_01645
002325.png,0.5318129,train_03446
002326.png,0.3236783,train_04855
002327.png,0.6179626,train_02400
002328.png,0.591632,train_06523
002329.png,0.54769206,train_05883
002330.png,0.5566789,train_04291
002331.png,0.5741212,train_03659
002332.png,0.5595915,train_00305
002333.png,0.48572597,train_06488
002334.png,0.36985564,train_06746
002335.png,0.5115427,train_07702
002336.png,0.47545093,train_01838
002337.png,0.46740997,train_04538
002338.png,0.52045435,train_02462
002339.png,0.47569838,train_01214
002340.png,0.5388991,train_07486
002341.png,0.48458913,train_03250
002342.png,0.5557443,train_00315
002343.png,0.54154456,train_06220
002344.png,0.49971703,train_07721
002345.png,0.55918956,train_00880
002346.png,0.65524256,train_05477
002347.png,0.44208586,train_07412
002348.png,0.47119448,train_07858
002349.png,0.54681087,train_03918
002350.png,0.49480096,train_00743
002351.png,0.46504617,train_07788
002352.png,0.37734,train_06922
002353.png,0.5445161,train_03362
002354.png,0.3723616,train_04145
002355.png,0.3851958,train_06913
002356.png,0.41854465,train_01557
002357.png,0.3594123,train_02173
002358.png,0.42116848,train_02992
002359.png,0.5952712,train_06410
002360.png,0.5409403,train_02410
002361.png,0.47922653,train_05116
002362.png,0.3340199,train_06788
002363.png,0.41204262,train_05351
002364.png,0.46731675,train_07579
002365.png,0.47997683,train_07864
002366.png,0.5299181,train_02681
002367.png,0.5040665,train_01590
002368.png,0.48963773,train_01440
002369.png,0.4981404,train_03836
002370.png,0.37464386,train_02140
002371.png,0.5497136,train_06651
002372.png,0.46074575,train_02469
002373.png,0.63528764,train_05452
002374.png,0.5796139,train_01867
002375.png,0.3980565,train_06580
002376.png,0.4441744,train_07615
002377.png,0.47951734,train_02193
002378.png,0.39359117,train_04126
002379.png,0.4767127,train_06959
002380.png,0.54168105,train_00284
002381.png,0.4619491,train_05849
002382.png,0.3981238,train_02980
002383.png,0.47774374,train_02484
002384.png,0.55202615,train_00094
002385.png,0.5055152,train_05826
002386.png,0.60667455,train_06677
002387.png,0.46536833,train_06895
002388.png,0.47601843,train_00597
002389.png,0.39675885,train_06499
002390.png,0.38016343,train_03131
002391.png,0.4634573,train_08010
002392.png,0.47328076,train_00860
002393.png,0.37722433,train_00919
002394.png,0.5022359,train_03777
002395.png,0.45648244,train_04410
002396.png,0.36993003,train_05197
002397.png,0.5399525,train_02671
002398.png,0.54117274,train_03172
002399.png,0.46753228,train_03782
002400.png,0.58739316,train_04932
002401.png,0.5959551,train_02987
002402.png,0.5647268,train_03765
002403.png,0.5735806,train_05011
002404.png,0.47569838,train_01214
002405.png,0.4637521,train_07997
002406.png,0.48408818,train_04868
002407.png,0.3575328,train_03670
002408.png,0.567436,train_08055
002409.png,0.49030018,train_06242
002410.png,0.49752325,train_06626
002411.png,0.45397967,train_04671
002412.png,0.40338135,train_04382
002413.png,0.42136544,train_07690
002414.png,0.44274914,train_08125
002415.png,0.45851517,train_07113
002416.png,0.44549677,train_07857
002417.png,0.5320095,train_07924
002418.png,0.40468514,train_06733
002419.png,0.44691432,train_07180
002420.png,0.5724428,train_05917
002421.png,0.46625298,train_07379
002422.png,0.56595075,train_06702
002423.png,0.4967628,train_07112
002424.png,0.38305658,train_03079
002425.png,0.46950012,train_06316
002426.png,0.5648912,train_00364
002427.png,0.5644481,train_01652
002428.png,0.3130418,train_04085
002429.png,0.4583544,train_07626
002430.png,0.47495237,train_01435
002431.png,0.3971563,train_01290
002432.png,0.43360436,train_03229
002433.png,0.42944673,train_02847
002434.png,0.41147637,train_06503
002435.png,0.43485427,train_02696
002436.png,0.5123584,train_02746
002437.png,0.54677534,train_05468
002438.png,0.53943455,train_07001
002439.png,0.6494302,train_00550
002440.png,0.61254966,train_07711
002441.png,0.5152894,train_08094
002442.png,0.44717026,train_05155
002443.png,0.4581647,train_05008
002444.png,0.43726042,train_01373
002445.png,0.5088408,train_01956
002446.png,0.42059094,train_02168
002447.png,0.4231274,train_04455
002448.png,0.52005816,train_04903
002449.png,0.55408037,train_03344
002450.png,0.5261625,train_01509
002451.png,0.5728408,train_01113
002452.png,0.49131078,train_00265
002453.png,0.43193823,train_02012
002454.png,0.44727004,train_04351
002455.png,0.43690783,train_03865
002456.png,0.41396782,train_03580
002457.png,0.45084447,train_04896
002458.png,0.53172135,train_05795
002459.png,0.51854914,train_03342
002460.png,0.5155622,train_07385
002461.png,0.42457324,train_03343
002462.png,0.50443304,train_03728
002463.png,0.48499238,train_02534
002464.png,0.4874915,train_02699
002465.png,0.4983673,train_04980
002466.png,0.56093323,train_03233
002467.png,0.50002444,train_03180
002468.png,0.5508998,train_06681
002469.png,0.45458007,train_00941
002470.png,0.49561143,train_07802
002471.png,0.5271515,train_05304
002472.png,0.62924623,train_03769
002473.png,0.34683368,train_04634
002474.png,0.4499848,train_08073
002475.png,0.3520779,train_07328
002476.png,0.5392361,train_04466
002477.png,0.54547143,train_00769
002478.png,0.54089034,train_05701
002479.png,0.54204494,train_02230
002480.png,0.42469966,train_00823
002481.png,0.5653351,train_06638
002482.png,0.440679,train_00656
002483.png,0.50496125,train_05699
002484.png,0.50837153,train_00335
002485.png,0.48729372,train_01596
002486.png,0.45623755,train_05349
002487.png,0.47009474,train_01959
002488.png,0.4278373,train_00386
002489.png,0.52486795,train_00670
002490.png,0.44811052,train_00637
002491.png,0.490475,train_06926
002492.png,0.49112868,train_02146
002493.png,0.475819,train_00643
002494.png,0.45440245,train_03645
002495.png,0.54939425,train_00441
002496.png,0.41639248,train_03433
002497.png,0.36670625,train_05244
002498.png,0.55792254,train_05725
002499.png,0.4855134,train_02034
002500.png,0.44214192,train_07301
002501.png,0.39205113,train_04872
002502.png,0.3448307,train_02951
002503.png,0.5328398,train_02729
002504.png,0.5834594,train_00863
002505.png,0.42017645,train_04924
002506.png,0.6094767,train_07118
002507.png,0.4827969,train_03902
002508.png,0.3910238,train_03763
002509.png,0.51090467,train_02437
002510.png,0.4603037,train_02859
002511.png,0.5653351,train_06638
002512.png,0.38527077,train_04063
002513.png,0.5273709,train_01845
002514.png,0.47178993,train_05851
002515.png,0.5058359,train_07499
002516.png,0.62640846,train_06262
002517.png,0.5107862,train_06897
002518.png,0.48299283,train_07234
002519.png,0.60318595,train_07781
002520.png,0.4232929,train_01032
002521.png,0.4945922,train_03154
002522.png,0.40571812,train_04988
002523.png,0.5907158,train_03443
002524.png,0.5863489,train_07366
002525.png,0.44839603,train_00640
002526.png,0.61254966,train_07711
002527.png,0.46330926,train_08097
002528.png,0.428042,train_04135
002529.png,0.57012224,train_04591
002530.png,0.6255681,train_05108
002531.png,0.58650625,train_03801
002532.png,0.46309936,train_07977
002533.png,0.45570475,train_03217
002534.png,0.5229559,train_01209
002535.png,0.44726622,train_07891
002536.png,0.5923319,train_00328
002537.png,0.47126803,train_04211
002538.png,0.35226357,train_06752
002539.png,0.6266121,train_00058
002540.png,0.54190254,train_05121
002541.png,0.45028555,train_05771
002542.png,0.32562894,train_02591
002543.png,0.49079448,train_00910
002544.png,0.3888106,train_02380
002545.png,0.4289871,train_03980
002546.png,0.3379832,train_05858
002547.png,0.37792397,train_01078
002548.png,0.4792388,train_00842
002549.png,0.53407884,train_01818
002550.png,0.3256615,train_06404
002551.png,0.45016402,train_06310
002552.png,0.5017117,train_03799
002553.png,0.5867735,train_07952
002554.png,0.4865297,train_03754
002555.png,0.47052705,train_00398
002556.png,0.40908742,train_05954
002557.png,0.5611272,train_03409
002558.png,0.6447485,train_03667
002559.png,0.50486594,train_00877
002560.png,0.5678661,train_04237
002561.png,0.4347914,train_06419
002562.png,0.5753778,train_04967
002563.png,0.43847436,train_06406
002564.png,0.539842,train_06856
002565.png,0.6167186,train_04414
002566.png,0.4920312,train_03780
002567.png,0.5129292,train_04905
002568.png,0.5814526,train_02743
002569.png,0.4865694,train_05454
002570.png,0.484048,train_00462
002571.png,0.5678879,train_07873
002572.png,0.5053405,train_06292
002573.png,0.4920312,train_03780
002574.png,0.40924338,train_01843
002575.png,0.49293,train_07824
002576.png,0.5332112,train_00349
002577.png,0.5168059,train_04561
002578.png,0.50736505,train_03796
002579.png,0.58521616,train_06500
002580.png,0.5753913,train_06166
002581.png,0.58739316,train_04932
002582.png,0.37201795,train_01558
002583.png,0.43627518,train_04418
002584.png,0.34638774,train_05101
002585.png,0.53510374,train_07517
002586.png,0.42461807,train_04547
002587.png,0.54544926,train_04380
002588.png,0.45046753,train_03127
002589.png,0.55877054,train_04268
002590.png,0.5362536,train_06632
002591.png,0.5032929,train_04847
002592.png,0.4910711,train_02306
002593.png,0.4314932,train_01816
002594.png,0.442069,train_06238
002595.png,0.44962347,train_02969
002596.png,0.44240046,train_03907
002597.png,0.5608156,train_02170
002598.png,0.30576763,train_07294
002599.png,0.4630334,train_08057
002600.png,0.5106564,train_05664
002601.png,0.48447278,train_06966
002602.png,0.5352782,train_03364
002603.png,0.52516603,train_03125
002604.png,0.4960747,train_04239
002605.png,0.44546264,train_05369
002606.png,0.36853296,train_05764
002607.png,0.3837006,train_02389
002608.png,0.49832663,train_01981
002609.png,0.51296985,train_07056
002610.png,0.41674137,train_00126
002611.png,0.4245152,train_07619
002612.png,0.5518609,train_06128
002613.png,0.4457304,train_02649
002614.png,0.50564766,train_03879
002615.png,0.42693388,train_01808
002616.png,0.55324197,train_01061
002617.png,0.4232929,train_01032
002618.png,0.53487766,train_04886
002619.png,0.49900615,train_02463
002620.png,0.55820704,train_02974
002621.png,0.59383607,train_02094
002622.png,0.4247993,train_01414
002623.png,0.44801247,train_01492
002624.png,0.45100856,train_00270
002625.png,0.5591265,train_01627
002626.png,0.5111569,train_00158
002627.png,0.3497517,train_02993
002628.png,0.5652095,train_08144
002629.png,0.393492,train_06986
002630.png,0.55837834,train_07834
002631.png,0.5872648,train_05130
002632.png,0.5491724,train_00587
002633.png,0.6655314,train_01918
002634.png,0.46737576,train_04765
002635.png,0.3792004,train_01039
002636.png,0.5316541,train_02394
002637.png,0.5936518,train_04595
002638.png,0.40781462,train_01804
002639.png,0.42667568,train_06330
002640.png,0.4188194,train_02324
002641.png,0.54939425,train_00441
002642.png,0.6055934,train_07070
002643.png,0.43088067,train_07597
002644.png,0.3826203,train_01485
002645.png,0.4757405,train_00719
002646.png,0.3801914,train_00524
002647.png,0.54064226,train_03279
002648.png,0.46030194,train_05074
002649.png,0.39988625,train_07867
002650.png,0.3965893,train_02477
002651.png,0.5222517,train_07380
002652.png,0.56684923,train_07948
002653.png,0.42809796,train_08039
002654.png,0.38298997,train_05449
002655.png,0.49549672,train_05328
002656.png,0.50782037,train_00697
002657.png,0.5226834,train_03170
002658.png,0.50125533,train_01905
002659.png,0.54698086,train_06780
002660.png,0.41668427,train_06804
002661.png,0.4452833,train_05549
002662.png,0.5644703,train_07435
002663.png,0.56895936,train_02304
002664.png,0.460244,train_03376
002665.png,0.54155785,train_04381
002666.png,0.4717589,train_05391
002667.png,0.40157863,train_06479
002668.png,0.3472246,train_05398
002669.png,0.42280218,train_05662
002670.png,0.45581365,train_02411
002671.png,0.4933117,train_07199
002672.png,0.53092116,train_04283
002673.png,0.5840754,train_04614
002674.png,0.54208213,train_06382
002675.png,0.46664184,train_00780
002676.png,0.41686863,train_04840
002677.png,0.40354872,train_00774
002678.png,0.49104595,train_05599
002679.png,0.44258186,train_06712
002680.png,0.4987669,train_06728
002681.png,0.61979234,train_04966
002682.png,0.45702428,train_02922
002683.png,0.4773084,train_06306
002684.png,0.46110824,train_04585
002685.png,0.5750953,train_07068
002686.png,0.40235758,train_03350
002687.png,0.39836815,train_02106
002688.png,0.5709603,train_04356
002689.png,0.36930516,train_01016
002690.png,0.50976557,train_06129
002691.png,0.33372355,train_01436
002692.png,0.5505113,train_03563
002693.png,0.42574728,train_00844
002694.png,0.43331826,train_00633
002695.png,0.44688255,train_02136
002696.png,0.56194484,train_06811
002697.png,0.49954852,train_06520
002698.png,0.5136168,train_03564
002699.png,0.48360872,train_05022
002700.png,0.49681118,train_00458
002701.png,0.5102418,train_02697
002702.png,0.50599086,train_06777
002703.png,0.5186992,train_07761
002704.png,0.4758705,train_06727
002705.png,0.49399108,train_03071
002706.png,0.4633463,train_03035
002707.png,0.51194507,train_00785
002708.png,0.4874915,train_02699
002709.png,0.43997902,train_04101
002710.png,0.39468986,train_03871
002711.png,0.40736026,train_02885
002712.png,0.6206312,train_04384
002713.png,0.5029583,train_06950
002714.png,0.42551637,train_01721
002715.png,0.49232474,train_06160
002716.png,0.44483548,train_03323
002717.png,0.48769772,train_04309
002718.png,0.44821897,train_08120
002719.png,0.37610617,train_02020
002720.png,0.44706744,train_07441
002721.png,0.56125146,train_02719
002722.png,0.50486594,train_00877
002723.png,0.5545694,train_07955
002724.png,0.49139798,train_01285
002725.png,0.50242174,train_02397
002726.png,0.46113414,train_04734
002727.png,0.50838834,train_00134
002728.png,0.6807065,train_00823
002729.png,0.554467,train_00363
002730.png,0.5272937,train_02818
002731.png,0.5452652,train_07545
002732.png,0.6179626,train_02400
002733.png,0.50553036,train_07469
002734.png,0.6038375,train_08109
002735.png,0.49783236,train_07539
002736.png,0.585237,train_00710
002737.png,0.4478019,train_05605
002738.png,0.47765356,train_05738
002739.png,0.30538255,train_02779
002740.png,0.4959318,train_06820
002741.png,0.546734,train_07474
002742.png,0.44440234,train_00494
002743.png,0.55026436,train_00588
002744.png,0.45609856,train_03089
002745.png,0.48035222,train_04548
002746.png,0.5658606,train_00324
002747.png,0.55495346,train_02466
002748.png,0.6016123,train_00348
002749.png,0.42674947,train_06990
002750.png,0.56904924,train_04149
002751.png,0.44606835,train_06680
002752.png,0.34383482,train_02634
002753.png,0.5057831,train_03864
002754.png,0.5077642,train_02137
002755.png,0.4274981,train_05522
002756.png,0.46194255,train_01015
002757.png,0.52999103,train_06773
002758.png,0.54547143,train_00769
002759.png,0.33212334,train_03225
002760.png,0.48957497,train_00334
002761.png,0.39916295,train_04824
002762.png,0.49842963,train_00083
002763.png,0.5653379,train_02325
002764.png,0.39006096,train_03357
002765.png,0.59837466,train_02603
002766.png,0.34987992,train_00700
002767.png,0.42917573,train_05489
002768.png,0.53870153,train_05868
002769.png,0.495226,train_01491
002770.png,0.41498446,train_05870
002771.png,0.49681118,train_00458
002772.png,0.44975162,train_05591
002773.png,0.37563998,train_00801
002774.png,0.62384796,train_01656
002775.png,0.46458423,train_06496
002776.png,0.43092746,train_05058
002777.png,0.49318942,train_02524
002778.png,0.63279146,train_00468
002779.png,0.42925793,train_02939
002780.png,0.48447984,train_07248
002781.png,0.47796375,train_02781
002782.png,0.41744763,train_00035
002783.png,0.51367843,train_04247
002784.png,0.41552532,train_05831
002785.png,0.59544134,train_06714
002786.png,0.5027215,train_05228
002787.png,0.36358637,train_06644
002788.png,0.4650327,train_04373
002789.png,0.52594817,train_06719
002790.png,0.43193823,train_02012
002791.png,0.49316287,train_05007
002792.png,0.5355605,train_03425
002793.png,0.4828158,train_01950
002794.png,0.4186672,train_05538
002795.png,0.5711091,train_05903
002796.png,0.295236,train_03863
002797.png,0.51286864,train_02619
002798.png,0.42759138,train_00226
002799.png,0.46414608,train_00797
002800.png,0.3799811,train_02761
002801.png,0.44489884,train_03139
002802.png,0.4837655,train_03831
002803.png,0.39218745,train_03393
002804.png,0.40917265,train_01931
002805.png,0.3698969,train_01099
002806.png,0.4983673,train_04980
002807.png,0.43594357,train_07060
002808.png,0.46560574,train_06748
002809.png,0.298253,train_03740
002810.png,0.40552598,train_07564
002811.png,0.46726602,train_06126
002812.png,0.42612493,train_04684
002813.png,0.50421107,train_02799
002814.png,0.60848564,train_07367
002815.png,0.64850706,train_08070
002816.png,0.3926576,train_07520
002817.png,0.5531614,train_04779
002818.png,0.47163782,train_00951
002819.png,0.4819389,train_07940
002820.png,0.44522154,train_00913
002821.png,0.47531235,train_05350
002822.png,0.34822857,train_02573
002823.png,0.43981683,train_04838
002824.png,0.5985869,train_08042
002825.png,0.5050949,train_00963
002826.png,0.45776886,train_05012
002827.png,0.55521595,train_07243
002828.png,0.37647575,train_03335
002829.png,0.33014846,train_03472
002830.png,0.48503625,train_06958
002831.png,0.47339588,train_03421
002832.png,0.2834322,train_01109
002833.png,0.44549677,train_07857
002834.png,0.49773163,train_00835
002835.png,0.567854,train_03128
002836.png,0.4788681,train_06664
002837.png,0.5426727,train_06452
002838.png,0.42057928,train_07972
002839.png,0.5176765,train_06547
002840.png,0.4869285,train_04279
002841.png,0.4808792,train_01604
002842.png,0.4415508,train_04917
002843.png,0.4878526,train_01222
002844.png,0.43160322,train_01717
002845.png,0.34563398,train_07017
002846.png,0.47447613,train_00117
002847.png,0.43051583,train_04094
002848.png,0.565015,train_04739
002849.png,0.56854415,train_02769
002850.png,0.53865504,train_07372
002851.png,0.4395631,train_06137
002852.png,0.4206643,train_01134
002853.png,0.4812614,train_04363
002854.png,0.4662671,train_01570
002855.png,0.47061327,train_07177
002856.png,0.4611799,train_05404
002857.png,0.5928366,train_05028
002858.png,0.4387744,train_05911
002859.png,0.5333826,train_01736
002860.png,0.5377809,train_07014
002861.png,0.5947869,train_05326
002862.png,0.6232234,train_07744
002863.png,0.5893416,train_04938
002864.png,0.4446067,train_03521
002865.png,0.5000416,train_03607
002866.png,0.49913442,train_07942
002867.png,0.53589064,train_02412
002868.png,0.43618423,train_06646
002869.png,0.33361712,train_05461
002870.png,0.4294699,train_07197
002871.png,0.4823895,train_06982
002872.png,0.47492892,train_06346
002873.png,0.45931455,train_03272
002874.png,0.31053442,train_02809
002875.png,0.5081409,train_04845
002876.png,0.47170323,train_00209
002877.png,0.49275023,train_02586
002878.png,0.4492484,train_05088
002879.png,0.47497475,train_05118
002880.png,0.526431,train_07144
002881.png,0.48526037,train_00200
002882.png,0.46030194,train_05074
002883.png,0.33249375,train_07405
002884.png,0.49186906,train_04462
002885.png,0.49468756,train_06089
002886.png,0.5205072,train_07709
002887.png,0.58166265,train_04969
002888.png,0.49044913,train_00572
002889.png,0.5102219,train_04133
002890.png,0.41178456,train_06384
002891.png,0.58404124,train_01465
002892.png,0.53092116,train_04283
002893.png,0.52516603,train_03125
002894.png,0.55707836,train_04262
002895.png,0.49916524,train_01607
002896.png,0.5585672,train_01879
002897.png,0.43701494,train_05356
002898.png,0.46548933,train_06589
002899.png,0.49681634,train_06467
002900.png,0.6208848,train_00975
002901.png,0.4638492,train_07212
002902.png,0.36127806,train_04329
002903.png,0.51651394,train_04493
002904.png,0.5011935,train_04088
002905.png,0.51356333,train_04907
002906.png,0.4292213,train_00820
002907.png,0.49619776,train_00642
002908.png,0.5438297,train_00227
002909.png,0.50236344,train_00330
002910.png,0.4847252,train_03238
002911.png,0.48009548,train_02352
002912.png,0.43525925,train_00757
002913.png,0.49167818,train_04148
002914.png,0.503144,train_05479
002915.png,0.5805522,train_05066
002916.png,0.5017117,train_03799
002917.png,0.47145605,train_06715
002918.png,0.41050708,train_06689
002919.png,0.4078539,train_00783
002920.png,0.67294145,train_07745
002921.png,0.5755818,train_04012
002922.png,0.63070804,train_00177
002923.png,0.46705467,train_03708
002924.png,0.30861956,train_07934
002925.png,0.41172147,train_04385
002926.png,0.5319452,train_04336
002927.png,0.44048235,train_06278
002928.png,0.5278249,train_05114
002929.png,0.26283032,train_03355
002930.png,0.52379674,train_05308
002931.png,0.39533833,train_04096
002932.png,0.5491674,train_03678
002933.png,0.51378036,train_00287
002934.png,0.46309495,train_05050
002935.png,0.43141407,train_02862
002936.png,0.42469966,train_00823
002937.png,0.6009877,train_06873
002938.png,0.5655536,train_04592
002939.png,0.48366684,train_03121
002940.png,0.49656814,train_06888
002941.png,0.58839095,train_05418
002942.png,0.42688233,train_03503
002943.png,0.45602846,train_01276
002944.png,0.38761547,train_02963
002945.png,0.32152748,train_04252
002946.png,0.45721692,train_00180
002947.png,0.5018058,train_02313
002948.png,0.5620183,train_05220
002949.png,0.4731741,train_08106
002950.png,0.40157863,train_06479
002951.png,0.47277388,train_07026
002952.png,0.42259514,train_03792
002953.png,0.39021987,train_02274
002954.png,0.5663744,train_01645
002955.png,0.41432112,train_07281
002956.png,0.4346411,train_02506
002957.png,0.40301257,train_02112
002958.png,0.40066814,train_05802
002959.png,0.51677454,train_01292
002960.png,0.62531435,train_00501
002961.png,0.45397967,train_04671
002962.png,0.44546425,train_03097
002963.png,0.49752325,train_06626
002964.png,0.46834284,train_07102
002965.png,0.52323115,train_06610
002966.png,0.6274793,train_05443
002967.png,0.47655797,train_07314
002968.png,0.5145039,train_03730
002969.png,0.4478019,train_05605
002970.png,0.5203227,train_02251
002971.png,0.37913316,train_02618
002972.png,0.442069,train_06238
002973.png,0.43229377,train_05269
002974.png,0.50439644,train_05618
002975.png,0.38552552,train_06900
002976.png,0.49101323,train_02686
002977.png,0.5008445,train_07835
002978.png,0.55049574,train_00819
002979.png,0.48134825,train_03253
002980.png,0.48018956,train_06149
002981.png,0.43259472,train_05478
002982.png,0.5208394,train_05223
002983.png,0.5021081,train_04645
002984.png,0.37144962,train_04820
002985.png,0.43791777,train_02095
002986.png,0.37550035,train_01272
002987.png,0.3989488,train_05290
002988.png,0.46873724,train_04558
002989.png,0.5924312,train_04941
002990.png,0.44711867,train_05311
002991.png,0.49646333,train_00224
002992.png,0.53129697,train_02075
002993.png,0.5730063,train_06357
002994.png,0.5329217,train_05321
002995.png,0.5009429,train_07063
002996.png,0.42982742,train_07430
002997.png,0.44874686,train_03448
002998.png,0.44953233,train_05726
002999.png,0.36809257,train_03254
003000.png,0.53814995,train_03435
003001.png,0.5648266,train_05818
003002.png,0.5452025,train_07827
003003.png,0.5674385,train_04125
003004.png,0.56064653,train_07263
003005.png,0.53040564,train_04572
003006.png,0.5581253,train_07677
003007.png,0.6050163,train_04417
003008.png,0.56274354,train_06214
003009.png,0.537992,train_04985
003010.png,0.48551655,train_06202
003011.png,0.4249194,train_04826
003012.png,0.3634138,train_02390
003013.png,0.42112926,train_02659
003014.png,0.54314184,train_06055
003015.png,0.43157005,train_06670
003016.png,0.42059094,train_02168
003017.png,0.59918016,train_07563
003018.png,0.46746257,train_02541
003019.png,0.53081095,train_05740
003020.png,0.5504664,train_01875
003021.png,0.49280208,train_04833
003022.png,0.3478365,train_01597
003023.png,0.6284003,train_04744
003024.png,0.47213578,train_05967
003025.png,0.40183458,train_06267
003026.png,0.42955962,train_07215
003027.png,0.5539639,train_00947
003028.png,0.5270271,train_00672
003029.png,0.37507927,train_02415
003030.png,0.32413262,train_03584
003031.png,0.43242776,train_00197
003032.png,0.44481778,train_00112
003033.png,0.5311763,train_05339
003034.png,0.53283095,train_05359
003035.png,0.5209348,train_00825
003036.png,0.43688396,train_00286
003037.png,0.32939625,train_01090
003038.png,0.6175934,train_06833
003039.png,0.3739602,train_06506
003040.png,0.35862952,train_04776
003041.png,0.48735687,train_04598
003042.png,0.4888236,train_01756
003043.png,0.43140614,train_03897
003044.png,0.4640885,train_05583
003045.png,0.31053442,train_02809
003046.png,0.46685046,train_03846
003047.png,0.35983256,train_06566
003048.png,0.40805095,train_07476
003049.png,0.47518972,train_03552
003050.png,0.4878526,train_01222
003051.png,0.32307434,train_00581
003052.png,0.47323018,train_04999
003053.png,0.39205113,train_04872
003054.png,0.44717026,train_05155
003055.png,0.48404837,train_02911
003056.png,0.42170155,train_03029
003057.png,0.43100888,train_05857
003058.png,0.63665444,train_06976
003059.png,0.47414833,train_07684
003060.png,0.45654377,train_03998
003061.png,0.5476235,train_04803
003062.png,0.44751263,train_06778
003063.png,0.45370007,train_02875
003064.png,0.63195455,train_05693
003065.png,0.5108447,train_07725
003066.png,0.52274024,train_05553
003067.png,0.5529319,train_07569
003068.png,0.46585965,train_03549
003069.png,0.4492869,train_05897
003070.png,0.35271788,train_05832
003071.png,0.51190245,train_04956
003072.png,0.67294145,train_07745
003073.png,0.51285625,train_02293
003074.png,0.49901018,train_06996
003075.png,0.5050701,train_05995
003076.png,0.40917265,train_01931
003077.png,0.58205307,train_05009
003078.png,0.6038623,train_07255
003079.png,0.48118427,train_01720
003080.png,0.65326536,train_04802
003081.png,0.5518609,train_06128
003082.png,0.33286142,train_07253
003083.png,0.4776343,train_06288
003084.png,0.46885842,train_05915
003085.png,0.56068194,train_01408
003086.png,0.5468104,train_00828
003087.png,0.49862832,train_00698
003088.png,0.44757056,train_06837
003089.png,0.5460638,train_01728
003090.png,0.5213585,train_00747
003091.png,0.4350107,train_02005
003092.png,0.57240576,train_02467
003093.png,0.3653744,train_00578
003094.png,0.49755085,train_04290
003095.png,0.5090673,train_07457
003096.png,0.576175,train_02555
003097.png,0.5257174,train_02915
003098.png,0.5773946,train_07471
003099.png,0.46800932,train_06140
003100.png,0.45087096,train_02195
003101.png,0.44771576,train_02984
003102.png,0.48499507,train_02751
003103.png,0.48955828,train_03903
003104.png,0.5673114,train_07794
003105.png,0.4244312,train_06008
003106.png,0.44709527,train_06649
003107.png,0.54779625,train_05278
003108.png,0.40753233,train_00784
003109.png,0.39930815,train_03816
003110.png,0.4363287,train_05056
003111.png,0.45660397,train_01313
003112.png,0.5174618,train_07536
003113.png,0.4162659,train_03057
003114.png,0.6013546,train_02333
003115.png,0.5940248,train_07036
003116.png,0.5151052,train_07717
003117.png,0.51212287,train_03721
003118.png,0.5776652,train_03198
003119.png,0.4921474,train_03190
003120.png,0.5508374,train_04229
003121.png,0.51306885,train_01946
003122.png,0.41428557,train_03878
003123.png,0.45200858,train_05469
003124.png,0.47349393,train_07582
003125.png,0.556973,train_00368
003126.png,0.50544155,train_07433
003127.png,0.4331463,train_05873
003128.png,0.28608873,train_05374
003129.png,0.4747842,train_07854
003130.png,0.35639292,train_03284
003131.png,0.4823895,train_06982
003132.png,0.41509897,train_04233
003133.png,0.5453819,train_07184
003134.png,0.4916126,train_05355
003135.png,0.33372355,train_01436
003136.png,0.42599046,train_07460
003137.png,0.58521616,train_06500
003138.png,0.31060064,train_05846
003139.png,0.45623755,train_05349
003140.png,0.5820376,train_02902
003141.png,0.496992,train_04594
003142.png,0.4386796,train_01682
003143.png,0.4179486,train_00455
003144.png,0.5820384,train_03313
003145.png,0.48696226,train_04738
003146.png,0.43380415,train_03963
003147.png,0.5199996,train_06858
003148.png,0.5587914,train_07829
003149.png,0.5552034,train_07986
003150.png,0.5282269,train_03887
003151.png,0.36863032,train_03208
003152.png,0.4525723,train_02651
003153.png,0.34790415,train_07771
003154.png,0.40735197,train_07496
003155.png,0.44185677,train_06043
003156.png,0.3715127,train_07568
003157.png,0.5514951,train_06296
003158.png,0.533641,train_07279
003159.png,0.5697794,train_00469
003160.png,0.5379245,train_03389
003161.png,0.47249484,train_04731
003162.png,0.50550425,train_07989
003163.png,0.5486478,train_07689
003164.png,0.38381115,train_04857
003165.png,0.4660979,train_03578
003166.png,0.4082324,train_07585
003167.png,0.46552947,train_02166
003168.png,0.49991143,train_07753
003169.png,0.50319934,train_07742
003170.png,0.40781462,train_01804
003171.png,0.47165743,train_05265
003172.png,0.3972116,train_02517
003173.png,0.48229265,train_05866
003174.png,0.58640325,train_04501
003175.png,0.53556764,train_01939
003176.png,0.43593162,train_05310
003177.png,0.35913095,train_00244
003178.png,0.54216194,train_05580
003179.png,0.4805193,train_03495
003180.png,0.5564724,train_06156
003181.png,0.41138706,train_05882
003182.png,0.3605482,train_04537
003183.png,0.5562962,train_03159
003184.png,0.5549718,train_07374
003185.png,0.4854518,train_01477
003186.png,0.3792004,train_01039
003187.png,0.48950583,train_01131
003188.png,0.53375506,train_05279
003189.png,0.5919994,train_03800
003190.png,0.55994797,train_03895
003191.png,0.4419207,train_04806
003192.png,0.5171514,train_02983
003193.png,0.45672798,train_03050
003194.png,0.46894687,train_03151
003195.png,0.38592583,train_07091
003196.png,0.5069518,train_02398
003197.png,0.4387083,train_02849
003198.png,0.43179578,train_01088
003199.png,0.47655797,train_07314
003200.png,0.44274914,train_08125
003201.png,0.39500004,train_03618
003202.png,0.5432275,train_01294
003203.png,0.5491724,train_00587
003204.png,0.3448307,train_02951
003205.png,0.3497517,train_02993
003206.png,0.43219072,train_08040
003207.png,0.41597876,train_05880
003208.png,0.38433355,train_01301
003209.png,0.3866655,train_01709
003210.png,0.571627,train_00887
003211.png,0.45904392,train_06022
003212.png,0.4212997,train_03993
003213.png,0.47343445,train_04950
003214.png,0.3852892,train_04178
003215.png,0.41597876,train_05880
003216.png,0.36689824,train_08115
003217.png,0.46857587,train_00087
003218.png,0.3485468,train_01355
003219.png,0.55254966,train_07763
003220.png,0.5750786,train_06228
003221.png,0.47287184,train_05503
003222.png,0.46419835,train_04858
003223.png,0.54769206,train_05883
003224.png,0.58733475,train_07729
003225.png,0.45931455,train_03272
003226.png,0.47691482,train_02356
003227.png,0.41943073,train_07984
003228.png,0.4551161,train_02527
003229.png,0.40261728,train_01192
003230.png,0.37556046,train_01770
003231.png,0.47103044,train_03688
003232.png,0.46549138,train_06112
003233.png,0.45281112,train_03418
003234.png,0.42217505,train_05467
003235.png,0.43575144,train_01783
003236.png,0.43580043,train_03820
003237.png,0.5945616,train_05787
003238.png,0.5106332,train_00631
003239.png,0.425991,train_04204
003240.png,0.40787154,train_01328
003241.png,0.5282763,train_01424
003242.png,0.54089034,train_05701
003243.png,0.45434624,train_03962
003244.png,0.48633826,train_03574
003245.png,0.37938556,train_06478
003246.png,0.4436074,train_01778
003247.png,0.5189127,train_04436
003248.png,0.374785,train_07291
003249.png,0.5959551,train_02987
003250.png,0.63279146,train_00468
003251.png,0.40882346,train_01035
003252.png,0.41847897,train_01989
003253.png,0.4959901,train_04458
003254.png,0.44932622,train_02179
003255.png,0.46857587,train_00087
003256.png,0.5131507,train_01551
003257.png,0.52428365,train_06416
003258.png,0.452985,train_03366
003259.png,0.5018058,train_02313
003260.png,0.54058564,train_07316
003261.png,0.46755135,train_04621
003262.png,0.5243552,train_02135
003263.png,0.5243204,train_05068
003264.png,0.4681347,train_01663
003265.png,0.525363,train_01536
003266.png,0.5652095,train_08144
003267.png,0.54584694,train_00932
003268.png,0.36953723,train_02262
003269.png,0.4747725,train_03715
003270.png,0.49564198,train_03315
003271.png,0.48500848,train_06999
003272.png,0.42279705,train_05413
003273.png,0.5486478,train_07689
003274.png,0.36358637,train_06644
003275.png,0.40394646,train_04884
003276.png,0.57141554,train_01311
003277.png,0.45386195,train_07945
003278.png,0.42796957,train_01439
003279.png,0.40781462,train_01804
003280.png,0.47006148,train_02087
003281.png,0.4552676,train_04964
003282.png,0.4000191,train_05352
003283.png,0.63279146,train_00468
003284.png,0.5382768,train_02943
003285.png,0.45644346,train_05624
003286.png,0.43953335,train_06555
003287.png,0.552516,train_03696
003288.png,0.45411056,train_06660
003289.png,0.49927962,train_00015
003290.png,0.6215303,train_05384
003291.png,0.42572802,train_03286
003292.png,0.5404102,train_07297
003293.png,0.5618372,train_02900
003294.png,0.38267103,train_01096
003295.png,0.57667714,train_07664
003296.png,0.6220797,train_04208
003297.png,0.5591265,train_01627
003298.png,0.49641174,train_07094
003299.png,0.3723616,train_04145
003300.png,0.3546618,train_00679
003301.png,0.5073744,train_08056
003302.png,0.3981071,train_00465
003303.png,0.32212543,train_07540
003304.png,0.46308675,train_02711
003305.png,0.44304356,train_03375
003306.png,0.4278304,train_01215
003307.png,0.37792397,train_01078
003308.png,0.6223331,train_03189
003309.png,0.5039666,train_04864
003310.png,0.5398144,train_07323
003311.png,0.46533823,train_05844
003312.png,0.40468514,train_06733
003313.png,0.47774374,train_02484
003314.png,0.3026981,train_01229
003315.png,0.46950644,train_03914
003316.png,0.51677454,train_01292
003317.png,0.4881321,train_02498
003318.png,0.3942774,train_00413
003319.png,0.4981739,train_07687
003320.png,0.5807557,train_01647
003321.png,0.50859755,train_02061
003322.png,0.50176156,train_07640
003323.png,0.6057627,train_07914
003324.png,0.47358626,train_02416
003325.png,0.38516378,train_06953
003326.png,0.42481518,train_06584
003327.png,0.5741097,train_00674
003328.png,0.4624287,train_05919
003329.png,0.36623985,train_05373
003330.png,0.67087215,train_06511
003331.png,0.46110824,train_04585
003332.png,0.5304827,train_05024
003333.png,0.40824848,train_04310
003334.png,0.40600574,train_04051
003335.png,0.50916266,train_05829
003336.png,0.49080947,train_02206
003337.png,0.54307973,train_01447
003338.png,0.5047107,train_05757
003339.png,0.49916524,train_01607
003340.png,0.43200457,train_03992
003341.png,0.4917245,train_07790
003342.png,0.5626095,train_02382
003343.png,0.5586995,train_04473
003344.png,0.6247623,train_03212
003345.png,0.27307317,train_02646
003346.png,0.53989565,train_07218
003347.png,0.4295174,train_01868
003348.png,0.43740487,train_05593
003349.png,0.48346084,train_00958
003350.png,0.4755253,train_07722
003351.png,0.4620735,train_04421
003352.png,0.33951664,train_02749
003353.png,0.3815009,train_06097
003354.png,0.5793545,train_07447
003355.png,0.48210412,train_00517
003356.png,0.5348966,train_07632
003357.png,0.5221554,train_03789
003358.png,0.4281981,train_02737
003359.png,0.6436013,train_02674
003360.png,0.4452287,train_06846
003361.png,0.42000878,train_02994
003362.png,0.42062953,train_04612
003363.png,0.47951734,train_02193
003364.png,0.567366,train_00625
003365.png,0.5217978,train_01178
003366.png,0.35913095,train_00244
003367.png,0.5715599,train_07518
003368.png,0.4082324,train_07585
003369.png,0.5002041,train_01913
003370.png,0.38878623,train_07635
003371.png,0.4706974,train_02861
003372.png,0.4860795,train_07768
003373.png,0.5349562,train_00367
003374.png,0.57608867,train_01471
003375.png,0.42118198,train_06040
003376.png,0.39204007,train_07470
003377.png,0.4663629,train_07622
003378.png,0.43802685,train_05958
003379.png,0.35478276,train_03205
003380.png,0.57529175,train_06821
003381.png,0.39576703,train_05769
003382.png,0.4395631,train_06137
003383.png,0.55056685,train_03595
003384.png,0.3852892,train_04178
003385.png,0.44273195,train_01615
003386.png,0.4924867,train_07312
003387.png,0.44213977,train_01299
003388.png,0.38327736,train_01483
003389.png,0.4096167,train_06948
003390.png,0.5419619,train_07600
003391.png,0.45953423,train_07840
003392.png,0.4297908,train_02048
003393.png,0.4601698,train_07953
003394.png,0.53172135,train_05795
003395.png,0.5514945,train_00484
003396.png,0.54858375,train_06917
003397.png,0.6117593,train_07206
003398.png,0.4525723,train_02651
003399.png,0.4411446,train_07655
003400.png,0.5070362,train_03401
003401.png,0.55156785,train_02912
003402.png,0.39238816,train_05023
003403.png,0.6398693,train_06802
003404.png,0.44818676,train_03830
003405.png,0.5126039,train_03249
003406.png,0.54814327,train_04328
003407.png,0.4249194,train_04826
003408.png,0.618594,train_05215
003409.png,0.5112102,train_03661
003410.png,0.4547869,train_06221
003411.png,0.65961516,train_06430
003412.png,0.47397435,train_01287
003413.png,0.45094755,train_04371
003414.png,0.51413304,train_00476
003415.png,0.4096167,train_06948
003416.png,0.6024661,train_06077
003417.png,0.53844714,train_04228
003418.png,0.4637288,train_01047
003419.png,0.51130563,train_02287
003420.png,0.47092205,train_05696
003421.png,0.38335514,train_01467
003422.png,0.3097634,train_04375
003423.png,0.48718774,train_00993
003424.png,0.38588792,train_01827
003425.png,0.4366198,train_02838
003426.png,0.5431901,train_04077
003427.png,0.54043007,train_03772
003428.png,0.60228574,train_01422
003429.png,0.49123597,train_04650
003430.png,0.54827785,train_00392
003431.png,0.49371272,train_04637
003432.png,0.42727226,train_06592
003433.png,0.5181781,train_06411
003434.png,0.5428258,train_04633
003435.png,0.45414102,train_02870
003436.png,0.44756925,train_04472
003437.png,0.58497834,train_06650
003438.png,0.31867746,train_03137
003439.png,0.6236956,train_02700
003440.png,0.53943455,train_07001
003441.png,0.5436934,train_03415
003442.png,0.4089329,train_03572
003443.png,0.5374454,train_06624
003444.png,0.5767629,train_01252
003445.png,0.45971775,train_05144
003446.png,0.48103255,train_01452
003447.png,0.44636238,train_01459
003448.png,0.53076494,train_01374
003449.png,0.52639806,train_00730
003450.png,0.40875825,train_07584
003451.png,0.5344476,train_04004
003452.png,0.4755253,train_07722
003453.png,0.49879432,train_05410
003454.png,0.46331334,train_01346
003455.png,0.45702428,train_02922
003456.png,0.3943525,train_03598
003457.png,0.48814076,train_03843
003458.png,0.4966771,train_07575
003459.png,0.4243058,train_04345
003460.png,0.518189,train_00123
003461.png,0.46740997,train_04538
003462.png,0.40882346,train_01035
003463.png,0.585237,train_00710
003464.png,0.50053436,train_03593
003465.png,0.4916126,train_05355
003466.png,0.51641697,train_00971
003467.png,0.47863373,train_04172
003468.png,0.52992564,train_04408
003469.png,0.43688396,train_00286
003470.png,0.53231585,train_07480
003471.png,0.5897267,train_06394
003472.png,0.45931455,train_03272
003473.png,0.5085491,train_05400
003474.png,0.4164874,train_02001
003475.png,0.45775557,train_01582
003476.png,0.51242965,train_02544
003477.png,0.34790415,train_07771
003478.png,0.5111541,train_03112
003479.png,0.35720947,train_07958
003480.png,0.5007758,train_00519
003481.png,0.6043337,train_05894
003482.png,0.46507493,train_05063
003483.png,0.55885935,train_00473
003484.png,0.4865694,train_05454
003485.png,0.47620356,train_00380
003486.png,0.47555688,train_01416
003487.png,0.26810402,train_01632
003488.png,0.4628561,train_03098
003489.png,0.40883002,train_04020
003490.png,0.52933156,train_07022
003491.png,0.26696622,train_07726
003492.png,0.43141407,train_02862
003493.png,0.61430943,train_05393
003494.png,0.45730275,train_07573
003495.png,0.546734,train_07474
003496.png,0.470981,train_07221
003497.png,0.52175736,train_07453
003498.png,0.4825844,train_07916
003499.png,0.3717096,train_00687
003500.png,0.56040084,train_02627
003501.png,0.59435093,train_05841
003502.png,0.47953683,train_00100
003503.png,0.36623985,train_05373
003504.png,0.46001172,train_02493
003505.png,0.35969603,train_05993
003506.png,0.43988973,train_08104
003507.png,0.42789522,train_01987
003508.png,0.57693917,train_03742
003509.png,0.4029786,train_03075
003510.png,0.45269096,train_04433
003511.png,0.47774374,train_02484
003512.png,0.4718297,train_08088
003513.png,0.37050855,train_02348
003514.png,0.57191205,train_02518
003515.png,0.43618423,train_06646
003516.png,0.55972123,train_02004
003517.png,0.49413443,train_04197
003518.png,0.3370065,train_07756
003519.png,0.52251685,train_05963
003520.png,0.54162806,train_02970
003521.png,0.5084032,train_06048
003522.png,0.66583353,train_08135
003523.png,0.34887743,train_02203
003524.png,0.46308675,train_02711
003525.png,0.4940957,train_01997
003526.png,0.6224699,train_03000
003527.png,0.63095665,train_01193
003528.png,0.48030084,train_04883
003529.png,0.46364266,train_00482
003530.png,0.45060465,train_03061
003531.png,0.5771017,train_00229
003532.png,0.5852554,train_03691
003533.png,0.57024014,train_05796
003534.png,0.44940096,train_05251
003535.png,0.4229347,train_05412
003536.png,0.48544115,train_02269
003537.png,0.35591608,train_02730
003538.png,0.43463367,train_01855
003539.png,0.3923279,train_04851
003540.png,0.43085706,train_06720
003541.png,0.45772657,train_06141
003542.png,0.5136955,train_06925
003543.png,0.5391002,train_07169
003544.png,0.46168196,train_02446
003545.png,0.5646977,train_00522
003546.png,0.58653337,train_03961
003547.png,0.4349987,train_00745
003548.png,0.6086211,train_03115
003549.png,0.37043417,train_05899
003550.png,0.46862847,train_04876
003551.png,0.54719335,train_06154
003552.png,0.52499664,train_07120
003553.png,0.50740474,train_00898
003554.png,0.2926858,train_01748
003555.png,0.37718055,train_00263
003556.png,0.5528109,train_07735
003557.png,0.572993,train_05268
003558.png,0.52359027,train_07822
003559.png,0.598663,train_07556
003560.png,0.5774156,train_08043
003561.png,0.50754774,train_07181
003562.png,0.48938066,train_05428
003563.png,0.48076928,train_00563
003564.png,0.39950326,train_00459
003565.png,0.43361548,train_01820
003566.png,0.31505913,train_03868
003567.png,0.42125404,train_04192
003568.png,0.45130843,train_02556
003569.png,0.5381429,train_00307
003570.png,0.4741385,train_07170
003571.png,0.32447064,train_06854
003572.png,0.5229037,train_00692
003573.png,0.52499664,train_07120
003574.png,0.57012224,train_04591
003575.png,0.4444092,train_00034
003576.png,0.59074193,train_06698
003577.png,0.39836815,train_02106
003578.png,0.51185006,train_04019
003579.png,0.45170674,train_05442
003580.png,0.55914986,train_03093
003581.png,0.5519583,train_06062
003582.png,0.67830133,train_04507
003583.png,0.49644393,train_07843
003584.png,0.43569845,train_07226
003585.png,0.47860652,train_07329
003586.png,0.4660663,train_02228
003587.png,0.61735857,train_06767
003588.png,0.3716424,train_02464
003589.png,0.44343334,train_02510
003590.png,0.60228574,train_01422
003591.png,0.55839205,train_00989
003592.png,0.43980637,train_02448
003593.png,0.49646646,train_05747
003594.png,0.6048956,train_01782
003595.png,0.5215542,train_02685
003596.png,0.4802482,train_06842
003597.png,0.5309477,train_01877
003598.png,0.49035668,train_01531
003599.png,0.5293706,train_02877
003600.png,0.62384,train_00946
003601.png,0.4710899,train_02008
003602.png,0.45772657,train_06141
003603.png,0.49631625,train_05377
003604.png,0.49120092,train_05541
003605.png,0.54771924,train_07598
003606.png,0.6392442,train_07162
003607.png,0.54384124,train_00017
003608.png,0.43158406,train_02562
003609.png,0.412174,train_01095
003610.png,0.42021835,train_06645
003611.png,0.5168203,train_07915
003612.png,0.54763144,train_01806
003613.png,0.53380436,train_00345
003614.png,0.4551161,train_02527
003615.png,0.54677534,train_05468
003616.png,0.41908428,train_07081
003617.png,0.553702,train_03802
003618.png,0.42235285,train_02511
003619.png,0.44725046,train_01617
003620.png,0.36746085,train_01249
003621.png,0.51772016,train_04206
003622.png,0.47558427,train_01235
003623.png,0.425998,train_05216
003624.png,0.40109545,train_03842
003625.png,0.5594406,train_04099
003626.png,0.58111,train_03356
003627.png,0.48366684,train_03121
003628.png,0.5032831,train_07096
003629.png,0.55613077,train_05812
003630.png,0.37913316,train_02618
003631.png,0.4443642,train_01584
003632.png,0.5728408,train_01113
003633.png,0.56895936,train_02304
003634.png,0.47767076,train_08076
003635.png,0.45714515,train_02211
003636.png,0.59070635,train_06212
003637.png,0.4828146,train_00583
003638.png,0.5135989,train_04324
003639.png,0.36863032,train_03208
003640.png,0.33532035,train_07161
003641.png,0.49086142,train_00940
003642.png,0.5626095,train_02382
003643.png,0.47179255,train_04898
003644.png,0.4983676,train_01195
003645.png,0.4687178,train_07853
003646.png,0.475012,train_06909
003647.png,0.33076724,train_05691
003648.png,0.37907737,train_04661
003649.png,0.44234926,train_00370
003650.png,0.5586378,train_01810
003651.png,0.39286274,train_02828
003652.png,0.5156959,train_07510
003653.png,0.39988625,train_07867
003654.png,0.6120131,train_03032
003655.png,0.4567811,train_07793
003656.png,0.43511418,train_04674
003657.png,0.4782328,train_07724
003658.png,0.5161195,train_03756
003659.png,0.5043576,train_05107
003660.png,0.47495237,train_01435
003661.png,0.5538365,train_06469
003662.png,0.45006353,train_04701
003663.png,0.44821897,train_08120
003664.png,0.50256336,train_02664
003665.png,0.47153184,train_01548
003666.png,0.4651046,train_02767
003667.png,0.550617,train_06789
003668.png,0.53690267,train_04762
003669.png,0.52440685,train_05475
003670.png,0.38554722,train_03844
003671.png,0.42566395,train_06373
003672.png,0.5333626,train_04166
003673.png,0.38838658,train_08049
003674.png,0.3336291,train_01872
003675.png,0.48180342,train_07352
003676.png,0.45081645,train_07883
003677.png,0.44476846,train_01554
003678.png,0.51007724,train_05803
003679.png,0.36141244,train_00506
003680.png,0.40040383,train_06623
003681.png,0.5151052,train_07717
003682.png,0.57039636,train_04205
003683.png,0.46309936,train_07977
003684.png,0.606184,train_03129
003685.png,0.43300754,train_02989
003686.png,0.4798077,train_00039
003687.png,0.4143783,train_01108
003688.png,0.39919925,train_05550
003689.png,0.47951734,train_02193
003690.png,0.32314274,train_04270
003691.png,0.4165985,train_00537
003692.png,0.50422007,train_01203
003693.png,0.47824323,train_01382
003694.png,0.3605482,train_04537
003695.png,0.50683606,train_03367
003696.png,0.49468756,train_06089
003697.png,0.4782096,train_00840
003698.png,0.4787162,train_03277
003699.png,0.4886751,train_06393
003700.png,0.41816685,train_04708
003701.png,0.4005641,train_00431
003702.png,0.5480598,train_03276
003703.png,0.6254102,train_01460
003704.png,0.55820704,train_02974
003705.png,0.28233296,train_06371
003706.png,0.5514945,train_00484
003707.png,0.50486255,train_00069
003708.png,0.49213377,train_01296
003709.png,0.61614,train_01653
003710.png,0.54497385,train_06040
003711.png,0.60837716,train_05943
003712.png,0.43380344,train_04552
003713.png,0.4128874,train_03084
003714.png,0.52254564,train_03400
003715.png,0.6274793,train_05443
003716.png,0.5535255,train_01174
003717.png,0.57474166,train_02212
003718.png,0.46625298,train_07379
003719.png,0.5426622,train_07871
003720.png,0.47544074,train_08019
003721.png,0.48904425,train_00881
003722.png,0.38878623,train_07635
003723.png,0.39568168,train_06825
003724.png,0.49190587,train_00443
003725.png,0.45919573,train_03692
003726.png,0.6215303,train_05384
003727.png,0.30678523,train_02920
003728.png,0.53542894,train_01058
003729.png,0.49807066,train_06286
003730.png,0.41896126,train_01616
003731.png,0.53159475,train_07446
003732.png,0.3571269,train_05682
003733.png,0.5395472,train_02557
003734.png,0.4138192,train_02402
003735.png,0.56422794,train_03701
003736.png,0.41930762,train_03334
003737.png,0.5328623,train_07417
003738.png,0.5130994,train_06624
003739.png,0.57527417,train_01892
003740.png,0.43511418,train_04674
003741.png,0.56469464,train_06766
003742.png,0.45602846,train_01276
003743.png,0.48526037,train_00200
003744.png,0.48682678,train_05900
003745.png,0.4872906,train_06241
003746.png,0.48180342,train_07352
003747.png,0.48729372,train_01596
003748.png,0.48503625,train_06958
003749.png,0.58371747,train_05741
003750.png,0.48828864,train_07377
003751.png,0.5193789,train_02491
003752.png,0.42940134,train_07190
003753.png,0.4399835,train_06243
003754.png,0.4861617,train_02175
003755.png,0.38527077,train_04063
003756.png,0.42749512,train_04191
003757.png,0.414375,train_07928
003758.png,0.5760852,train_06338
003759.png,0.45931455,train_03272
003760.png,0.55932736,train_05365
003761.png,0.61580783,train_00812
003762.png,0.48656318,train_03632
003763.png,0.50173897,train_01693
003764.png,0.4995516,train_07787
003765.png,0.47128904,train_03869
003766.png,0.501889,train_07818
003767.png,0.50866497,train_00203
003768.png,0.4981739,train_07687
003769.png,0.49842823,train_07016
003770.png,0.567436,train_08055
003771.png,0.49182734,train_03464
003772.png,0.50223255,train_00864
003773.png,0.5140945,train_05743
003774.png,0.49017695,train_03258
003775.png,0.50268096,train_05984
003776.png,0.5032594,train_05918
003777.png,0.44351047,train_04921
003778.png,0.43787384,train_01349
003779.png,0.50658166,train_04693
003780.png,0.4404049,train_05303
003781.png,0.46394765,train_07289
003782.png,0.556973,train_00368
003783.png,0.5023763,train_04241
003784.png,0.521434,train_07686
003785.png,0.4143554,train_02546
003786.png,0.4525723,train_02651
003787.png,0.47599024,train_06398
003788.png,0.5557443,train_00315
003789.png,0.50995076,train_04341
003790.png,0.3808422,train_06190
003791.png,0.5750786,train_06228
003792.png,0.45259064,train_00231
003793.png,0.5666783,train_06434
003794.png,0.39468986,train_03871
003795.png,0.38797918,train_01344
003796.png,0.50812745,train_07390
003797.png,0.51762414,train_05577
003798.png,0.5658162,train_02430
003799.png,0.31316,train_01633
003800.png,0.4349985,train_03160
003801.png,0.5081409,train_04845
003802.png,0.5774156,train_08043
003803.png,0.48770458,train_01110
003804.png,0.58952546,train_05749
003805.png,0.52885634,train_06366
003806.png,0.56367606,train_07507
003807.png,0.57123435,train_03776
003808.png,0.44358942,train_02334
003809.png,0.5078775,train_00492
003810.png,0.44756925,train_04472
003811.png,0.43503237,train_07705
003812.png,0.46110824,train_04585
003813.png,0.52460396,train_04112
003814.png,0.43525925,train_00757
003815.png,0.4563716,train_07335
003816.png,0.49822915,train_01623
003817.png,0.41706324,train_03360
003818.png,0.5720372,train_06892
003819.png,0.49131078,train_00265
003820.png,0.4566361,train_01133
003821.png,0.46208543,train_06460
003822.png,0.48103255,train_01452
003823.png,0.34793848,train_03033
003824.png,0.43304345,train_06686
003825.png,0.47103044,train_03688
003826.png,0.48291004,train_00764
003827.png,0.47457382,train_08050
003828.png,0.46779212,train_05488
003829.png,0.44394505,train_06413
003830.png,0.4055263,train_03849
003831.png,0.5820376,train_02902
003832.png,0.50754774,train_07181
003833.png,0.51215816,train_04578
003834.png,0.46362165,train_06707
003835.png,0.41774988,train_07982
003836.png,0.5859129,train_07521
003837.png,0.4718297,train_08088
003838.png,0.44598114,train_00871
003839.png,0.5085491,train_05400
003840.png,0.5275427,train_06502
003841.png,0.43979973,train_03110
003842.png,0.49967107,train_02150
003843.png,0.4050773,train_03788
003844.png,0.4537772,train_00526
003845.png,0.51378036,train_00287
003846.png,0.4628471,train_03183
003847.png,0.4275542,train_01871
003848.png,0.50843394,train_03797
003849.png,0.5091115,train_05250
003850.png,0.5155016,train_01163
003851.png,0.45792437,train_03720
003852.png,0.47103044,train_03688
003853.png,0.3624274,train_00872
003854.png,0.4566614,train_02432
003855.png,0.406294,train_07740
003856.png,0.5728278,train_02220
003857.png,0.5070362,train_03401
003858.png,0.32562894,train_02591
003859.png,0.5771761,train_05335
003860.png,0.44181153,train_01544
003861.png,0.35944504,train_07487
003862.png,0.51064324,train_03438
003863.png,0.4812961,train_00057
003864.png,0.54795885,train_03640
003865.png,0.51310194,train_04970
003866.png,0.43143272,train_04694
003867.png,0.44967255,train_05891
003868.png,0.4963348,train_07898
003869.png,0.49653515,train_02986
003870.png,0.38579214,train_02816
003871.png,0.5157032,train_05837
003872.png,0.39215788,train_06329
003873.png,0.38529965,train_01166
003874.png,0.508959,train_07444
003875.png,0.44482806,train_06082
003876.png,0.50962985,train_08103
003877.png,0.4747725,train_03715
003878.png,0.4279964,train_01132
003879.png,0.537992,train_04985
003880.png,0.45386195,train_07945
003881.png,0.38555366,train_07672
003882.png,0.64618146,train_00360
003883.png,0.48410654,train_03260
003884.png,0.4419547,train_01761
003885.png,0.5573255,train_07786
003886.png,0.50377405,train_03320
003887.png,0.5508951,train_00052
003888.png,0.4419547,train_01761
003889.png,0.5391359,train_05971
003890.png,0.30861956,train_07934
003891.png,0.43980637,train_02448
003892.png,0.5403006,train_07363
003893.png,0.57866997,train_07710
003894.png,0.5428552,train_05808
003895.png,0.51341105,train_00208
003896.png,0.41462803,train_01216
003897.png,0.40917265,train_01931
003898.png,0.31514856,train_04582
003899.png,0.35921335,train_01941
003900.png,0.48523185,train_01173
003901.png,0.4794867,train_06351
003902.png,0.35629213,train_05572
003903.png,0.3686251,train_06215
003904.png,0.54544926,train_04380
003905.png,0.43323392,train_00806
003906.png,0.444651,train_06654
003907.png,0.55178106,train_03271
003908.png,0.4337724,train_05620
003909.png,0.3981238,train_02980
003910.png,0.5057831,train_03864
003911.png,0.35380888,train_01418
003912.png,0.43255672,train_00536
003913.png,0.59329075,train_02564
003914.png,0.5874784,train_00444
003915.png,0.4258871,train_04220
003916.png,0.51179683,train_03848
003917.png,0.34626025,train_07523
003918.png,0.4878526,train_01222
003919.png,0.5502883,train_04221
003920.png,0.55571485,train_04024
003921.png,0.506404,train_02580
003922.png,0.6096145,train_00137
003923.png,0.34883648,train_03171
003924.png,0.3330391,train_03567
003925.png,0.44418544,train_03751
003926.png,0.46767324,train_00612
003927.png,0.4499753,train_04331
003928.png,0.57226944,train_06507
003929.png,0.47178924,train_07010
003930.png,0.4410172,train_06765
003931.png,0.4744605,train_05680
003932.png,0.40553766,train_06083
003933.png,0.48936343,train_03686
003934.png,0.49653515,train_02986
003935.png,0.5222049,train_05666
003936.png,0.524899,train_00316
003937.png,0.44757056,train_06837
003938.png,0.3563618,train_07420
003939.png,0.47136047,train_04225
003940.png,0.42073116,train_03009
003941.png,0.5892,train_04713
003942.png,0.5383266,train_02633
003943.png,0.4368872,train_05703
003944.png,0.4207736,train_04995
003945.png,0.5073714,train_03979
003946.png,0.4257069,train_03490
003947.png,0.51242334,train_01127
003948.png,0.43959326,train_02952
003949.png,0.5736046,train_00680
003950.png,0.52930075,train_02098
003951.png,0.6037642,train_03987
003952.png,0.54465705,train_03261
003953.png,0.5155016,train_01163
003954.png,0.6231475,train_02829
003955.png,0.38559783,train_04316
003956.png,0.5285909,train_03246
003957.png,0.48711142,train_07465
003958.png,0.388242,train_07360
003959.png,0.44274914,train_08125
003960.png,0.50428987,train_02585
003961.png,0.42218524,train_03956
003962.png,0.41865963,train_02841
003963.png,0.4838214,train_07183
003964.png,0.57608867,train_01471
003965.png,0.47179255,train_04898
003966.png,0.47898054,train_04495
003967.png,0.5381429,train_00307
003968.png,0.49643362,train_02364
003969.png,0.49681118,train_00458
003970.png,0.3855448,train_00627
003971.png,0.42843145,train_02991
003972.png,0.532871,train_06513
003973.png,0.46873724,train_04558
003974.png,0.38768256,train_00420
003975.png,0.50323635,train_07803
003976.png,0.5081409,train_04845
003977.png,0.540872,train_02044
003978.png,0.6224699,train_03000
003979.png,0.59903723,train_02914
003980.png,0.5002117,train_07322
003981.png,0.5806239,train_01662
003982.png,0.46026605,train_02096
003983.png,0.33901137,train_06042
003984.png,0.41780064,train_02157
003985.png,0.44884628,train_02656
003986.png,0.56364125,train_01501
003987.png,0.40913582,train_08134
003988.png,0.4861617,train_02175
003989.png,0.5129123,train_01267
003990.png,0.50167465,train_04930
003991.png,0.46546283,train_06679
003992.png,0.52226746,train_05704
003993.png,0.5418794,train_05723
003994.png,0.3938324,train_00233
003995.png,0.475819,train_00643
003996.png,0.58497834,train_06650
003997.png,0.50791204,train_02624
003998.png,0.4207736,train_04995
003999.png,0.5044315,train_02889
004000.png,0.45778257,train_00713
004001.png,0.52896404,train_02599
004002.png,0.4415909,train_05992
004003.png,0.49198535,train_07993
004004.png,0.46991402,train_06095
004005.png,0.6004077,train_05000
004006.png,0.51090467,train_02437
004007.png,0.5295538,train_03054
004008.png,0.52778983,train_04965
004009.png,0.6064287,train_02454
004010.png,0.5312524,train_07398
004011.png,0.41218758,train_04811
004012.png,0.42727226,train_06592
004013.png,0.57151306,train_05927
004014.png,0.50748265,train_06961
004015.png,0.57589614,train_00634
004016.png,0.372851,train_04521
004017.png,0.49495792,train_06787
004018.png,0.45994198,train_05070
004019.png,0.46873415,train_06100
004020.png,0.41979277,train_00416
004021.png,0.5392361,train_04466
004022.png,0.37442854,train_01481
004023.png,0.46151137,train_04284
004024.png,0.48239276,train_05425
004025.png,0.421256,train_07861
004026.png,0.5065106,train_05834
004027.png,0.4572905,train_06800
004028.png,0.4122116,train_02762
004029.png,0.52665234,train_05678
004030.png,0.56559247,train_04940
004031.png,0.6511414,train_01243
004032.png,0.45727602,train_05852
004033.png,0.495888,train_03920
004034.png,0.37359625,train_05573
004035.png,0.5406617,train_07436
004036.png,0.3970222,train_01002
004037.png,0.374749,train_05940
004038.png,0.5543549,train_01370
004039.png,0.48292765,train_00296
004040.png,0.5768351,train_03654
004041.png,0.4345645,train_00622
004042.png,0.40442705,train_07572
004043.png,0.46478495,train_06882
004044.png,0.4783736,train_03008
004045.png,0.44750786,train_03976
004046.png,0.4878526,train_01222
004047.png,0.5164789,train_01278
004048.png,0.4846238,train_02792
004049.png,0.5301548,train_05547
004050.png,0.537276,train_04152
004051.png,0.53718686,train_05203
004052.png,0.4674824,train_05685
004053.png,0.38230282,train_04564
004054.png,0.4912976,train_05908
004055.png,0.585998,train_02186
004056.png,0.56914055,train_02070
004057.png,0.47732127,train_02252
004058.png,0.43285215,train_07431
004059.png,0.52399373,train_04110
004060.png,0.50441754,train_00711
004061.png,0.4164874,train_02001
004062.png,0.5644703,train_07435
004063.png,0.33715075,train_03411
004064.png,0.48718774,train_00993
004065.png,0.50173897,train_01693
004066.png,0.53074765,train_05737
004067.png,0.5299904,train_03178
004068.png,0.5730838,train_04358
004069.png,0.5991653,train_00326
004070.png,0.5026727,train_06068
004071.png,0.4182008,train_03202
004072.png,0.4127518,train_01068
004073.png,0.42973334,train_01661
004074.png,0.5333442,train_01864
004075.png,0.38607505,train_07561
004076.png,0.53092116,train_04283
004077.png,0.5777118,train_02822
004078.png,0.3666345,train_05668
004079.png,0.416732,train_06548
004080.png,0.46562088,train_00132
004081.png,0.5803533,train_00004
004082.png,0.50976557,train_06129
004083.png,0.36845815,train_00857
004084.png,0.48602873,train_05722
004085.png,0.5962035,train_00450
004086.png,0.44440234,train_00494
004087.png,0.38588792,train_01827
004088.png,0.54538095,train_04131
004089.png,0.51282924,train_01372
004090.png,0.6436013,train_02674
004091.png,0.49064898,train_02003
004092.png,0.46303183,train_01024
004093.png,0.26283032,train_03355
004094.png,0.59189904,train_00956
004095.png,0.4749568,train_07741
004096.png,0.3252249,train_06254
004097.png,0.58701646,train_06051
004098.png,0.48431095,train_06230
004099.png,0.4745736,train_01703
004100.png,0.44023025,train_03995
004101.png,0.37779677,train_01143
004102.png,0.4492484,train_05088
004103.png,0.48741573,train_01821
004104.png,0.393632,train_00619
004105.png,0.4648791,train_06972
004106.png,0.51355445,train_04687
004107.png,0.45347077,train_01495
004108.png,0.3871293,train_03798
004109.png,0.5477796,train_00301
004110.png,0.5036714,train_03325
004111.png,0.3218704,train_02704
004112.png,0.40908742,train_05954
004113.png,0.52067876,train_06587
004114.png,0.53429216,train_03048
004115.png,0.54619694,train_02644
004116.png,0.5532682,train_01753
004117.png,0.5222517,train_07380
004118.png,0.50089526,train_05075
004119.png,0.4625664,train_05455
004120.png,0.42776468,train_06119
004121.png,0.47209698,train_02766
004122.png,0.4886636,train_02797
004123.png,0.4141106,train_05141
004124.png,0.3837006,train_02389
004125.png,0.50843394,train_03797
004126.png,0.4293099,train_05991
004127.png,0.4051535,train_03241
004128.png,0.5631887,train_04800
004129.png,0.41785002,train_05861
004130.png,0.5243552,train_02135
004131.png,0.43380344,train_04552
004132.png,0.36124024,train_00566
004133.png,0.46698743,train_01785
004134.png,0.50164133,train_05178
004135.png,0.56125146,train_02719
004136.png,0.38148773,train_02786
004137.png,0.5805023,train_04755
004138.png,0.41930318,train_01197
004139.png,0.5802506,train_03248
004140.png,0.5056072,train_04605
004141.png,0.45735157,train_03101
004142.png,0.3041914,train_07846
004143.png,0.52771074,train_07516
004144.png,0.44173968,train_03712
004145.png,0.3799811,train_02761
004146.png,0.4631604,train_07370
004147.png,0.47032183,train_04304
004148.png,0.48624864,train_06890
004149.png,0.35212868,train_01044
004150.png,0.51956224,train_07278
004151.png,0.4228902,train_02676
004152.png,0.4560337,train_05227
004153.png,0.36646816,train_05409
004154.png,0.34778398,train_05437
004155.png,0.5779582,train_07321
004156.png,0.4277415,train_00273
004157.png,0.3310719,train_07067
004158.png,0.45564884,train_07235
004159.png,0.4876249,train_05965
004160.png,0.5637417,train_06181
004161.png,0.44027397,train_00249
004162.png,0.5237386,train_02007
004163.png,0.39054656,train_01228
004164.png,0.5267938,train_00357
004165.png,0.5418794,train_05723
004166.png,0.5482749,train_01760
004167.png,0.4021139,train_03398
004168.png,0.5232745,train_02492
004169.png,0.40923798,train_06625
004170.png,0.48955828,train_03903
004171.png,0.54218453,train_00900
004172.png,0.50782037,train_00697
004173.png,0.55429006,train_02060
004174.png,0.4704911,train_05604
004175.png,0.5477796,train_00301
004176.png,0.4777649,train_05670
004177.png,0.55092627,train_01034
004178.png,0.51283026,train_07213
004179.png,0.54898167,train_04025
004180.png,0.5438297,train_00227
004181.png,0.5293706,train_02877
004182.png,0.5058359,train_07499
004183.png,0.3693149,train_04929
004184.png,0.42676747,train_01280
004185.png,0.40261728,train_01192
004186.png,0.47149697,train_01460
004187.png,0.583356,train_06336
004188.png,0.5842015,train_06518
004189.png,0.55526865,train_00154
004190.png,0.52603215,train_05571
004191.png,0.65961516,train_06430
004192.png,0.39090765,train_00387
004193.png,0.5077642,train_02137
004194.png,0.4045477,train_05938
004195.png,0.57453644,train_00814
004196.png,0.576683,train_04654
004197.png,0.5077421,train_01221
004198.png,0.42303446,train_04619
004199.png,0.53328365,train_06315
004200.png,0.4165985,train_00537
004201.png,0.43201405,train_00573
004202.png,0.40239537,train_04554
004203.png,0.49775505,train_07416
004204.png,0.43193823,train_02012
004205.png,0.46767324,train_00612
004206.png,0.49213928,train_06497
004207.png,0.4249194,train_04826
004208.png,0.36930516,train_01016
004209.png,0.5221554,train_03789
004210.png,0.57039636,train_04205
004211.png,0.48329085,train_02717
004212.png,0.5874784,train_00444
004213.png,0.43496588,train_05421
004214.png,0.3888106,train_02380
004215.png,0.41638416,train_06671
004216.png,0.42679974,train_04207
004217.png,0.44444948,train_05537
004218.png,0.55569744,train_04058
004219.png,0.40486377,train_02771
004220.png,0.51489717,train_01327
004221.png,0.58770394,train_07927
004222.png,0.5437261,train_06624
004223.png,0.48710316,train_00930
004224.png,0.4467581,train_00477
004225.png,0.57574475,train_06606
004226.png,0.47203818,train_05354
004227.png,0.48371345,train_01353
004228.png,0.4204023,train_06652
004229.png,0.4704592,train_04532
004230.png,0.5774191,train_02216
004231.png,0.46614623,train_02576
004232.png,0.5583837,train_00253
004233.png,0.47558427,train_01235
004234.png,0.47396797,train_00992
004235.png,0.5601916,train_02811
004236.png,0.55127585,train_04030
004237.png,0.57182074,train_07767
004238.png,0.46094972,train_06399
004239.png,0.5131235,train_05226
004240.png,0.5050701,train_05995
004241.png,0.49949196,train_06279
004242.png,0.45566738,train_06493
004243.png,0.4496211,train_05856
004244.png,0.54928905,train_04127
004245.png,0.51762414,train_05577
004246.png,0.43285215,train_07431
004247.png,0.47796375,train_02781
004248.png,0.26974306,train_04218
004249.png,0.4738099,train_04962
004250.png,0.49213928,train_06497
004251.png,0.49646333,train_00224
004252.png,0.48733294,train_01103
004253.png,0.46190494,train_05162
004254.png,0.53710663,train_01975
004255.png,0.4289871,train_03980
004256.png,0.4416663,train_07037
004257.png,0.47188878,train_00543
004258.png,0.5959943,train_01136
004259.png,0.46629456,train_07500
004260.png,0.49907106,train_01831
004261.png,0.49603593,train_05193
004262.png,0.42747572,train_06030
004263.png,0.5603338,train_06179
004264.png,0.50968194,train_07020
004265.png,0.45397967,train_04671
004266.png,0.59417355,train_07195
004267.png,0.46030253,train_07562
004268.png,0.535704,train_04312
004269.png,0.4880038,train_02058
004270.png,0.56367606,train_07507
004271.png,0.48098272,train_01274
004272.png,0.52628183,train_04367
004273.png,0.50987375,train_04975
004274.png,0.43593162,train_05310
004275.png,0.5154843,train_04834
004276.png,0.5352048,train_05510
004277.png,0.4464711,train_04242
004278.png,0.5365554,train_05476
004279.png,0.47973755,train_04267
004280.png,0.58873373,train_05622
004281.png,0.535182,train_06605
004282.png,0.47905064,train_06258
004283.png,0.48722374,train_03575
004284.png,0.53737724,train_02543
004285.png,0.42285132,train_04908
004286.png,0.32130086,train_01407
004287.png,0.4426329,train_02231
004288.png,0.5404738,train_07117
004289.png,0.48926586,train_01087
004290.png,0.4918003,train_07881
004291.png,0.4981404,train_03836
004292.png,0.45274118,train_01683
004293.png,0.45246398,train_00234
004294.png,0.6066859,train_02748
004295.png,0.6164924,train_01013
004296.png,0.40003192,train_02417
004297.png,0.4258871,train_04220
004298.png,0.5217754,train_01628
004299.png,0.45386195,train_07945
004300.png,0.51863164,train_06736
004301.png,0.55202615,train_00094
004302.png,0.5411513,train_01069
004303.png,0.56987274,train_04383
004304.png,0.5191834,train_07272
004305.png,0.44417483,train_00688
004306.png,0.5498843,train_00927
004307.png,0.36426482,train_05950
004308.png,0.36809257,train_03254
004309.png,0.4625664,train_05455
004310.png,0.4027282,train_00119
004311.png,0.53609824,train_02608
004312.png,0.5421155,train_06145
004313.png,0.5024676,train_03662
004314.png,0.43503237,train_07705
004315.png,0.38296634,train_01142
004316.png,0.57259876,train_03383
004317.png,0.43531808,train_04916
004318.png,0.5118704,train_00243
004319.png,0.43348718,train_04231
004320.png,0.5445161,train_03362
004321.png,0.37297782,train_00787
004322.png,0.52307427,train_00736
004323.png,0.54070365,train_02706
004324.png,0.49883983,train_04618
004325.png,0.46785623,train_07694
004326.png,0.5671092,train_01352
004327.png,0.4977236,train_03585
004328.png,0.38231707,train_02554
004329.png,0.47087416,train_04893
004330.png,0.4685545,train_03501
004331.png,0.5119614,train_02104
004332.png,0.5603338,train_06179
004333.png,0.44252264,train_05629
004334.png,0.4963472,train_04583
004335.png,0.3801914,train_00524
004336.png,0.39004123,train_06831
004337.png,0.45564884,train_07235
004338.png,0.5402603,train_05267
004339.png,0.36993003,train_05197
004340.png,0.43997902,train_04101
004341.png,0.45522887,train_05331
004342.png,0.38659632,train_06535
004343.png,0.53861356,train_00062
004344.png,0.40932873,train_06482
004345.png,0.5436978,train_08015
004346.png,0.48962224,train_05777
004347.png,0.46918303,train_06819
004348.png,0.46276885,train_00851
004349.png,0.48955828,train_03903
004350.png,0.42285138,train_03027
004351.png,0.58747053,train_00691
004352.png,0.40983608,train_04936
004353.png,0.44341588,train_00095
004354.png,0.34930208,train_04681
004355.png,0.53158545,train_04132
004356.png,0.45564884,train_07235
004357.png,0.42747572,train_06030
004358.png,0.51746863,train_06480
004359.png,0.5305188,train_07936
004360.png,0.5902324,train_03266
004361.png,0.40710333,train_07719
004362.png,0.57235444,train_04249
004363.png,0.45403016,train_04157
004364.png,0.49675813,train_05774
004365.png,0.5290345,train_00366
004366.png,0.5534717,train_05890
004367.png,0.50065726,train_05367
004368.png,0.34930208,train_04681
004369.png,0.51155055,train_04476
004370.png,0.4708796,train_05809
004371.png,0.52950424,train_03283
004372.png,0.5208394,train_05223
004373.png,0.48941153,train_03862
004374.png,0.2857167,train_04103
004375.png,0.3622957,train_04750
004376.png,0.4750095,train_00281
004377.png,0.5871342,train_06793
004378.png,0.42441657,train_03243
004379.png,0.5029583,train_06950
004380.png,0.4571765,train_02208
004381.png,0.30564427,train_06404
004382.png,0.44066745,train_00064
004383.png,0.46469206,train_00928
004384.png,0.49927962,train_00015
004385.png,0.4584989,train_02962
004386.png,0.51215166,train_00974
004387.png,0.38147327,train_03085
004388.png,0.42223775,train_04747
004389.png,0.5333442,train_01864
004390.png,0.4285136,train_06124
004391.png,0.41027972,train_02301
004392.png,0.48063028,train_05548
004393.png,0.44559458,train_07240
004394.png,0.5709386,train_01660
004395.png,0.258875,train_00823
004396.png,0.26289266,train_03129
004397.png,0.35950533,train_06949
004398.png,0.49579597,train_05745
004399.png,0.46016574,train_05237
004400.png,0.55049616,train_07913
004401.png,0.5585672,train_01879
004402.png,0.3956454,train_03719
004403.png,0.44089586,train_06940
004404.png,0.58573174,train_06590
004405.png,0.41564232,train_07807
004406.png,0.56397724,train_01042
004407.png,0.61614,train_01653
004408.png,0.49215668,train_03359
004409.png,0.47227073,train_02824
004410.png,0.48348838,train_06509
004411.png,0.52323115,train_06610
004412.png,0.5796154,train_03982
004413.png,0.42524147,train_03784
004414.png,0.49810398,train_03480
004415.png,0.48575306,train_08012
004416.png,0.43004763,train_07714
004417.png,0.48523185,train_01173
004418.png,0.4399508,train_02072
004419.png,0.5039666,train_04864
004420.png,0.4617918,train_01980
004421.png,0.5307033,train_02819
004422.png,0.55013573,train_07121
004423.png,0.44851202,train_02424
004424.png,0.4094236,train_08008
004425.png,0.46501392,train_00110
004426.png,0.5232866,train_01928
004427.png,0.4918003,train_07881
004428.png,0.55739576,train_06239
004429.png,0.40442705,train_07572
004430.png,0.4519268,train_03162
004431.png,0.44983768,train_02703
004432.png,0.46526936,train_02919
004433.png,0.5541939,train_00937
004434.png,0.33424872,train_04457
004435.png,0.44758815,train_07917
004436.png,0.4492869,train_05897
004437.png,0.2816622,train_05019
004438.png,0.56595075,train_06702
004439.png,0.5630152,train_04520
004440.png,0.5933473,train_00072
004441.png,0.50801224,train_08141
004442.png,0.35709292,train_05785
004443.png,0.35226357,train_06752
004444.png,0.37935147,train_04001
004445.png,0.50197357,train_05137
004446.png,0.4850469,train_06092
004447.png,0.47504616,train_04525
004448.png,0.5400965,train_01608
004449.png,0.49679464,train_07783
004450.png,0.42282265,train_01067
004451.png,0.5184014,train_01205
004452.png,0.45517784,train_05015
004453.png,0.40882346,train_01035
004454.png,0.4837655,train_03831
004455.png,0.48118427,train_01720
004456.png,0.5685908,train_01539
004457.png,0.5178504,train_03771
004458.png,0.47655797,train_07314
004459.png,0.44410345,train_05016
004460.png,0.40688458,train_01893
004461.png,0.5335233,train_01342
004462.png,0.49585456,train_04034
004463.png,0.4886582,train_07691
004464.png,0.59974015,train_00788
004465.png,0.4068086,train_06127
004466.png,0.5043347,train_05242
004467.png,0.51858974,train_06516
004468.png,0.5057844,train_03543
004469.png,0.43553382,train_04526
004470.png,0.50072336,train_00478
004471.png,0.45269096,train_04433
004472.png,0.5288949,train_08061
004473.png,0.37050855,train_02348
004474.png,0.522876,train_01610
004475.png,0.5338588,train_01958
004476.png,0.5063396,train_06872
004477.png,0.5734765,train_02290
004478.png,0.5580325,train_07101
004479.png,0.6058627,train_01612
004480.png,0.5164481,train_04412
004481.png,0.52067876,train_06587
004482.png,0.47222903,train_00906
004483.png,0.5161809,train_07896
004484.png,0.5754615,train_01640
004485.png,0.47895956,train_00799
004486.png,0.31320876,train_02010
004487.png,0.42322648,train_07543
004488.png,0.45918036,train_00189
004489.png,0.4065125,train_06485
004490.png,0.5143457,train_04018
004491.png,0.44952202,train_01338
004492.png,0.4048226,train_05807
004493.png,0.41847897,train_01989
004494.png,0.4886582,train_07691
004495.png,0.48001796,train_00686
004496.png,0.6624727,train_02505
004497.png,0.50843287,train_08139
004498.png,0.42202532,train_06738
004499.png,0.4563011,train_07264
004500.png,0.4614296,train_02883
004501.png,0.4795369,train_06866
004502.png,0.5709603,train_04356
004503.png,0.58785415,train_02957
004504.png,0.46267807,train_07809
004505.png,0.5388346,train_07262
004506.png,0.5874518,train_05079
004507.png,0.43189707,train_02063
004508.png,0.51341105,train_00208
004509.png,0.43185514,train_01685
004510.png,0.5231155,train_01666
004511.png,0.51218957,train_05392
004512.png,0.51942784,train_03829
004513.png,0.3965893,train_02477
004514.png,0.5427339,train_01517
004515.png,0.38355315,train_03060
004516.png,0.46556193,train_00288
004517.png,0.4638492,train_07212
004518.png,0.59417355,train_07195
004519.png,0.475819,train_00643
004520.png,0.4747696,train_03627
004521.png,0.409873,train_02011
004522.png,0.42285132,train_04908
004523.png,0.43250626,train_02021
004524.png,0.650117,train_04214
004525.png,0.44379634,train_01017
004526.png,0.5417063,train_05905
004527.png,0.43421817,train_01515
004528.png,0.49588233,train_01839
004529.png,0.49170798,train_04280
004530.png,0.4156162,train_05292
004531.png,0.4452259,train_02814
004532.png,0.5387813,train_03681
004533.png,0.4019611,train_06183
004534.png,0.49745896,train_06910
004535.png,0.5704974,train_06037
004536.png,0.43977034,train_05357
004537.png,0.5179637,train_02084
004538.png,0.46258295,train_02059
004539.png,0.44967255,train_05891
004540.png,0.4835319,train_02167
004541.png,0.54153425,train_03118
004542.png,0.5286861,train_00542
004543.png,0.5815755,train_03936
004544.png,0.41696,train_05513
004545.png,0.40261728,train_01192
004546.png,0.54844284,train_04873
004547.png,0.5425688,train_06544
004548.png,0.5426727,train_06452
004549.png,0.46151137,train_04284
004550.png,0.62235296,train_02622
004551.png,0.56974673,train_06647
004552.png,0.40030593,train_07821
004553.png,0.53112173,train_01403
004554.png,0.43157005,train_06670
004555.png,0.53710663,train_01975
004556.png,0.4808792,train_01604
004557.png,0.6386188,train_06252
004558.png,0.5580325,train_07101
004559.png,0.4245152,train_07619
004560.png,0.46232593,train_00449
004561.png,0.5412625,train_02373
004562.png,0.45310205,train_07814
004563.png,0.5025757,train_07249
004564.png,0.5945616,train_05787
004565.png,0.5194789,train_01084
004566.png,0.3261627,train_03474
004567.png,0.48662418,train_01116
004568.png,0.55725384,train_06942
004569.png,0.55083436,train_06762
004570.png,0.45564884,train_07235
004571.png,0.4383633,train_00453
004572.png,0.5169512,train_05219
004573.png,0.47090435,train_03806
004574.png,0.58880377,train_02540
004575.png,0.44060284,train_03705
004576.png,0.4446552,train_07193
004577.png,0.4738099,train_04962
004578.png,0.4695723,train_07847
004579.png,0.52869964,train_07233
004580.png,0.4708796,train_05809
004581.png,0.53374326,train_06229
004582.png,0.5440261,train_00186
004583.png,0.53117865,train_02596
004584.png,0.4916126,train_05355
004585.png,0.4197222,train_07456
004586.png,0.48870596,train_04198
004587.png,0.4509613,train_07462
004588.png,0.5185629,train_01075
004589.png,0.4944418,train_04714
004590.png,0.4266255,train_07175
004591.png,0.43234426,train_03778
004592.png,0.46184868,train_02385
004593.png,0.33607733,train_04176
004594.png,0.48135924,train_08124
004595.png,0.62032974,train_01657
004596.png,0.34820798,train_01174
004597.png,0.5599024,train_01271
004598.png,0.5678383,train_05960
004599.png,0.43959326,train_02952
004600.png,0.52552164,train_03086
004601.png,0.4855134,train_02034
004602.png,0.50290936,train_02450
004603.png,0.40128922,train_05232
004604.png,0.44625592,train_02981
004605.png,0.48727065,train_05710
004606.png,0.5652095,train_08144
004607.png,0.4555729,train_01553
004608.png,0.4553239,train_03513
004609.png,0.5129123,train_01267
004610.png,0.40874928,train_01971
004611.png,0.46381852,train_01089
004612.png,0.51023966,train_06816
004613.png,0.42667502,train_04347
004614.png,0.38728538,train_05977
004615.png,0.5043347,train_05242
004616.png,0.4452259,train_02814
004617.png,0.57151306,train_05927
004618.png,0.49009627,train_00239
004619.png,0.46797317,train_07816
004620.png,0.5210805,train_02052
004621.png,0.5432275,train_01294
004622.png,0.5340695,train_06674
004623.png,0.50313437,train_04904
004624.png,0.52307427,train_00736
004625.png,0.5575086,train_00805
004626.png,0.49640033,train_08096
004627.png,0.4782328,train_07724
004628.png,0.5096523,train_04400
004629.png,0.55994797,train_03895
004630.png,0.49123597,train_04650
004631.png,0.37647575,train_03335
004632.png,0.22959483,train_00204
004633.png,0.49991143,train_07753
004634.png,0.5078814,train_03500
004635.png,0.4995516,train_07787
004636.png,0.51769745,train_06084
004637.png,0.51674473,train_02329
004638.png,0.57015806,train_06919
004639.png,0.5675553,train_04222
004640.png,0.49833307,train_04700
004641.png,0.5445161,train_03362
004642.png,0.5823399,train_02539
004643.png,0.52073944,train_00393
004644.png,0.5255828,train_07458
004645.png,0.40717685,train_03317
004646.png,0.4277415,train_00273
004647.png,0.5297375,train_04519
004648.png,0.45566738,train_06493
004649.png,0.4141106,train_05141
004650.png,0.42461807,train_04547
004651.png,0.54758453,train_02739
004652.png,0.46910113,train_05337
004653.png,0.62184286,train_00549
004654.png,0.5480236,train_01102
004655.png,0.44877762,train_00850
004656.png,0.36841685,train_05146
004657.png,0.3814991,train_03620
004658.png,0.421749,train_06998
004659.png,0.47544444,train_04335
004660.png,0.6181725,train_03634
004661.png,0.47638035,train_00327
004662.png,0.40738288,train_06304
004663.png,0.31316,train_01633
004664.png,0.43485594,train_06896
004665.png,0.49304548,train_04272
004666.png,0.42116848,train_02992
004667.png,0.5780257,train_05639
004668.png,0.35609594,train_03522
004669.png,0.47404492,train_02213
004670.png,0.35619494,train_04028
004671.png,0.5159635,train_00559
004672.png,0.35988817,train_01223
004673.png,0.4828158,train_01950
004674.png,0.38529965,train_01166
004675.png,0.50053436,train_03593
004676.png,0.50072336,train_00478
004677.png,0.46184868,train_02385
004678.png,0.49157864,train_03417
004679.png,0.36685556,train_02194
004680.png,0.63001597,train_04033
004681.png,0.43146837,train_01226
004682.png,0.526654,train_00899
004683.png,0.6148852,train_04707
004684.png,0.41969332,train_03322
004685.png,0.51883686,train_06944
004686.png,0.48482084,train_03387
004687.png,0.6060388,train_00982
004688.png,0.43779254,train_07670
004689.png,0.54264325,train_00748
004690.png,0.58747053,train_00691
004691.png,0.53287244,train_02780
004692.png,0.4662374,train_07921
004693.png,0.38838658,train_08049
004694.png,0.5074585,train_05157
004695.png,0.40003192,train_02417
004696.png,0.43100888,train_05857
004697.png,0.5492122,train_05830
004698.png,0.4452985,train_06903
004699.png,0.48441446,train_00252
004700.png,0.32212543,train_07540
004701.png,0.4177591,train_07488
004702.png,0.3956962,train_00565
004703.png,0.4572931,train_05631
004704.png,0.43285215,train_07431
004705.png,0.5341826,train_04832
004706.png,0.45535657,train_05671
004707.png,0.5290345,train_00366
004708.png,0.43518186,train_06749
004709.png,0.4277415,train_00273
004710.png,0.44981658,train_06938
004711.png,0.5468777,train_03576
004712.png,0.4622356,train_07365
004713.png,0.419801,train_08047
004714.png,0.45832762,train_04704
004715.png,0.43897367,train_05615
004716.png,0.49604493,train_06052
004717.png,0.49857524,train_02047
004718.png,0.42969114,train_06387
004719.png,0.38774148,train_03399
004720.png,0.5427571,train_07317
004721.png,0.4755253,train_07722
004722.png,0.5271536,train_05648
004723.png,0.5217978,train_01178
004724.png,0.5131871,train_07100
004725.png,0.38244283,train_02381
004726.png,0.4780712,train_06264
004727.png,0.40688458,train_01893
004728.png,0.43177366,train_05871
004729.png,0.34234113,train_04949
004730.png,0.42977846,train_01190
004731.png,0.5535255,train_01174
004732.png,0.4232929,train_01032
004733.png,0.58747053,train_00691
004734.png,0.4045477,train_05938
004735.png,0.4268344,train_04334
004736.png,0.5164481,train_04412
004737.png,0.5005333,train_04434
004738.png,0.58653337,train_03961
004739.png,0.5673114,train_07794
004740.png,0.5566155,train_00303
004741.png,0.48551655,train_06202
004742.png,0.3500442,train_06489
004743.png,0.46526936,train_02919
004744.png,0.40972084,train_06259
004745.png,0.45411056,train_06660
004746.png,0.5077421,train_01221
004747.png,0.61857086,train_04469
004748.png,0.50658166,train_04693
004749.png,0.4878526,train_01222
004750.png,0.6272559,train_04118
004751.png,0.45721692,train_00180
004752.png,0.51811767,train_01202
004753.png,0.46950644,train_03914
004754.png,0.3686251,train_06215
004755.png,0.55433685,train_01708
004756.png,0.47103044,train_03688
004757.png,0.47404492,train_02213
004758.png,0.48674512,train_00162
004759.png,0.44739133,train_04603
004760.png,0.4788681,train_06664
004761.png,0.33759326,train_04261
004762.png,0.5497136,train_06651
004763.png,0.49095082,train_01992
004764.png,0.49288803,train_08095
004765.png,0.4718297,train_08088
004766.png,0.46724227,train_06105
004767.png,0.57123435,train_03776
004768.png,0.4156657,train_02421
004769.png,0.4982702,train_01381
004770.png,0.56435645,train_07089
004771.png,0.42692515,train_01964
004772.png,0.38516378,train_06953
004773.png,0.5664574,train_01137
004774.png,0.398098,train_03699
004775.png,0.44597292,train_01412
004776.png,0.28217444,train_00199
004777.png,0.60188043,train_04983
004778.png,0.5564114,train_02687
004779.png,0.48018315,train_06427
004780.png,0.54153425,train_03118
004781.png,0.55049616,train_07913
004782.png,0.5317554,train_04736
004783.png,0.47121453,train_07712
004784.png,0.4352814,train_04844
004785.png,0.36205655,train_02903
004786.png,0.49226373,train_03195
004787.png,0.43642098,train_03107
004788.png,0.3970681,train_06475
004789.png,0.54898167,train_04025
004790.png,0.53582716,train_01449
004791.png,0.3484597,train_01782
004792.png,0.47785193,train_06490
004793.png,0.570348,train_05003
004794.png,0.43153602,train_03729
004795.png,0.4615056,train_02131
004796.png,0.48166707,train_06354
004797.png,0.45344484,train_00504
004798.png,0.49879432,train_05410
004799.png,0.5194789,train_01084
004800.png,0.4935739,train_02533
004801.png,0.48551655,train_06202
004802.png,0.39722782,train_01392
004803.png,0.453582,train_01250
004804.png,0.47128665,train_05271
004805.png,0.5178504,train_03771
004806.png,0.55048907,train_05429
004807.png,0.50422007,train_01203
004808.png,0.4655096,train_03672
004809.png,0.51048684,train_04550
004810.png,0.5893416,train_04938
004811.png,0.5508998,train_06681
004812.png,0.37528756,train_05874
004813.png,0.5265933,train_03673
004814.png,0.34156674,train_05667
004815.png,0.7139424,train_01788
004816.png,0.42747572,train_06030
004817.png,0.52060515,train_02537
004818.png,0.53735936,train_03889
004819.png,0.6254102,train_01460
004820.png,0.47444028,train_03257
004821.png,0.4334794,train_00699
004822.png,0.62727344,train_03085
004823.png,0.55617255,train_07813
004824.png,0.25939697,train_02429
004825.png,0.53581804,train_05420
004826.png,0.5727049,train_02661
004827.png,0.5065228,train_05731
004828.png,0.44595677,train_00272
004829.png,0.43219072,train_08040
004830.png,0.4404031,train_03571
004831.png,0.4631281,train_03361
004832.png,0.51961696,train_07648
004833.png,0.5232227,train_07418
004834.png,0.6025517,train_05840
004835.png,0.50754774,train_07181
004836.png,0.47767586,train_08091
004837.png,0.4460929,train_03811
004838.png,0.484075,train_03454
004839.png,0.4747842,train_07854
004840.png,0.43567985,train_05211
004841.png,0.37144962,train_04820
004842.png,0.53500146,train_03860
004843.png,0.47295305,train_05767
004844.png,0.548656,train_06032
004845.png,0.50009704,train_06009
004846.png,0.35528177,train_05811
004847.png,0.41382945,train_00382
004848.png,0.62475157,train_03224
004849.png,0.44928545,train_04106
004850.png,0.3622957,train_04750
004851.png,0.52723324,train_03628
004852.png,0.4724333,train_06199
004853.png,0.40128922,train_05232
004854.png,0.36338395,train_07804
004855.png,0.5959551,train_02987
004856.png,0.5900893,train_01482
004857.png,0.44274914,train_08125
004858.png,0.5134102,train_01580
004859.png,0.34262988,train_07882
004860.png,0.45222247,train_02039
004861.png,0.51242334,train_01127
004862.png,0.4707659,train_01375
004863.png,0.4549653,train_05423
004864.png,0.5180882,train_07552
004865.png,0.6060388,train_00982
004866.png,0.31190202,train_01468
004867.png,0.5802506,train_03248
004868.png,0.36687785,train_07874
004869.png,0.4984867,train_00217
004870.png,0.4850469,train_06092
004871.png,0.5986694,train_07831
004872.png,0.5131235,train_05226
004873.png,0.35999322,train_03428
004874.png,0.613538,train_02948
004875.png,0.48171508,train_03637
004876.png,0.39917213,train_03805
004877.png,0.44758296,train_05801
004878.png,0.35913095,train_00244
004879.png,0.4517085,train_07044
004880.png,0.54864234,train_01599
004881.png,0.41638416,train_06671
004882.png,0.45436552,train_00751
004883.png,0.4341619,train_02478
004884.png,0.5468794,train_00106
004885.png,0.31867746,train_03137
004886.png,0.5437261,train_06624
004887.png,0.42841834,train_07449
004888.png,0.5275215,train_00038
004889.png,0.47892648,train_06806
004890.png,0.58774245,train_01912
004891.png,0.5097731,train_02827
004892.png,0.46556193,train_00288
004893.png,0.5532677,train_04718
004894.png,0.550617,train_06789
004895.png,0.39722168,train_00601
004896.png,0.50740474,train_00898
004897.png,0.4154064,train_07411
004898.png,0.406294,train_07740
004899.png,0.32331133,train_04343
004900.png,0.53074765,train_05737
004901.png,0.38678145,train_02973
004902.png,0.4387083,train_02849
004903.png,0.61830056,train_04323
004904.png,0.56469464,train_06766
004905.png,0.49192816,train_00502
004906.png,0.4744605,train_05680
004907.png,0.5805522,train_05066
004908.png,0.39722782,train_01392
004909.png,0.40157863,train_06479
004910.png,0.39021987,train_02274
004911.png,0.496992,train_04594
004912.png,0.49410838,train_04398
004913.png,0.4179486,train_00455
004914.png,0.5032929,train_04847
004915.png,0.2700349,train_00275
004916.png,0.3593488,train_07189
004917.png,0.432305,train_01537
004918.png,0.5476341,train_00222
004919.png,0.4150743,train_01625
004920.png,0.5255852,train_00970
004921.png,0.3927186,train_02080
004922.png,0.29525796,train_00816
004923.png,0.46725824,train_00466
004924.png,0.4780712,train_06264
004925.png,0.44320804,train_02147
004926.png,0.45994937,train_01754
004927.png,0.4974517,train_01198
004928.png,0.46851605,train_03582
004929.png,0.4624563,train_04890
004930.png,0.58100307,train_05434
004931.png,0.5727049,train_02661
004932.png,0.46104714,train_03614
004933.png,0.44727004,train_04351
004934.png,0.5756199,train_03590
004935.png,0.6024773,train_06585
004936.png,0.4272189,train_04504
004937.png,0.49874836,train_06466
004938.png,0.6051118,train_02460
004939.png,0.54935867,train_02547
004940.png,0.39170843,train_07163
004941.png,0.44975162,train_05591
004942.png,0.37839213,train_03430
004943.png,0.5044517,train_06869
004944.png,0.4497139,train_08024
004945.png,0.48624864,train_06890
004946.png,0.4995516,train_07787
004947.png,0.36419782,train_07479
004948.png,0.55433786,train_05773
004949.png,0.5371328,train_07844
004950.png,0.48224673,train_05632
004951.png,0.558763,train_08098
004952.png,0.4700359,train_03161
004953.png,0.565912,train_06685
004954.png,0.48366684,train_03121
004955.png,0.4682107,train_03974
004956.png,0.47862124,train_03309
004957.png,0.51198566,train_00432
004958.png,0.5277995,train_06222
004959.png,0.49933296,train_01732
004960.png,0.523106,train_00852
004961.png,0.5175771,train_03396
004962.png,0.4811679,train_04443
004963.png,0.54102254,train_07369
004964.png,0.5119614,train_02104
004965.png,0.6112232,train_01681
004966.png,0.6266121,train_00058
004967.png,0.42973334,train_01661
004968.png,0.4629842,train_04711
004969.png,0.44874686,train_03448
004970.png,0.41865078,train_02874
004971.png,0.4846238,train_02792
004972.png,0.49681118,train_00458
004973.png,0.47254163,train_04158
004974.png,0.45920336,train_00027
004975.png,0.47791022,train_06871
004976.png,0.5082765,train_05168
004977.png,0.4759422,train_02474
004978.png,0.4884851,train_01254
004979.png,0.6172708,train_03955
004980.png,0.46414608,train_00797
004981.png,0.46896827,train_00926
004982.png,0.4175049,train_05276
004983.png,0.42674947,train_06990
004984.png,0.5273709,train_01845
004985.png,0.40213788,train_00533
004986.png,0.43627518,train_04418
004987.png,0.4541058,train_06327
004988.png,0.31544605,train_01763
004989.png,0.49190587,train_00443
004990.png,0.5461044,train_03915
004991.png,0.53081095,train_05740
004992.png,0.537276,train_04152
004993.png,0.5702615,train_07337
004994.png,0.4758705,train_06727
004995.png,0.56556785,train_01146
004996.png,0.44240046,train_03907
004997.png,0.48756176,train_02597
004998.png,0.46016574,train_05237
004999.png,0.40937072,train_01302
005000.png,0.49170798,train_04280
005001.png,0.40983608,train_04936
005002.png,0.4815066,train_02721
005003.png,0.41138706,train_05882
005004.png,0.39674622,train_06593
005005.png,0.39204848,train_06696
005006.png,0.5107527,train_01739
005007.png,0.484075,train_03454
005008.png,0.5549786,train_04087
005009.png,0.5233146,train_04377
005010.png,0.6072272,train_02288
005011.png,0.54459655,train_01472
005012.png,0.54928106,train_00530
005013.png,0.41370097,train_01117
005014.png,0.61830056,train_04323
005015.png,0.44801247,train_01492
005016.png,0.47421387,train_00371
005017.png,0.5648829,train_05601
005018.png,0.47184148,train_07095
005019.png,0.5265933,train_03673
005020.png,0.5491674,train_03678
005021.png,0.48761845,train_04199
005022.png,0.57714844,train_05579
005023.png,0.49458945,train_00374
005024.png,0.57114875,train_07633
005025.png,0.42997664,train_02682
005026.png,0.47361034,train_07265
005027.png,0.4127518,train_01068
005028.png,0.4712353,train_03138
005029.png,0.4015928,train_01622
005030.png,0.5215899,train_06157
005031.png,0.3313058,train_00861
005032.png,0.41516227,train_04078
005033.png,0.5401374,train_03810
005034.png,0.47087187,train_00768
005035.png,0.49198535,train_07993
005036.png,0.59126544,train_06446
005037.png,0.44865584,train_02439
005038.png,0.44351166,train_05181
005039.png,0.5730895,train_03411
005040.png,0.5554278,train_00586
005041.png,0.47320443,train_06823
005042.png,0.53110915,train_03328
005043.png,0.3889708,train_07754
005044.png,0.48800135,train_01399
005045.png,0.4446026,train_08007
005046.png,0.554106,train_06891
005047.png,0.57741964,train_03767
005048.png,0.38666776,train_05975
005049.png,0.34070265,train_06334
005050.png,0.36895406,train_06934
005051.png,0.4910334,train_04420
005052.png,0.6220051,train_02832
005053.png,0.4433078,train_01847
005054.png,0.47444028,train_03257
005055.png,0.3799811,train_02761
005056.png,0.5716745,train_04376
005057.png,0.35204214,train_00853
005058.png,0.51585436,train_05414
005059.png,0.4983756,train_01978
005060.png,0.57663274,train_06701
005061.png,0.5155385,train_03928
005062.png,0.53593147,train_00280
005063.png,0.5502883,train_04221
005064.png,0.60178024,train_06158
005065.png,0.39090765,train_00387
005066.png,0.49564198,train_03315
005067.png,0.5225738,train_05206
005068.png,0.5428258,train_04633
005069.png,0.5431974,train_05793
005070.png,0.50962985,train_08103
005071.png,0.37865388,train_00480
005072.png,0.4620735,train_04421
005073.png,0.45570475,train_03217
005074.png,0.3135425,train_04253
005075.png,0.53808963,train_06277
005076.png,0.26283032,train_03355
005077.png,0.42581007,train_06538
005078.png,0.4464532,train_04068
005079.png,0.49745896,train_06910
005080.png,0.45715606,train_00564
005081.png,0.61899936,train_07391
005082.png,0.56081975,train_01568
005083.png,0.39916295,train_04824
005084.png,0.56387645,train_05892
005085.png,0.5675553,train_04222
005086.png,0.61088383,train_05415
005087.png,0.558323,train_00609
005088.png,0.37144962,train_04820
005089.png,0.43986022,train_03570
005090.png,0.4576167,train_06163
005091.png,0.46984196,train_03542
005092.png,0.5084668,train_01361
005093.png,0.3508178,train_05709
005094.png,0.47382164,train_00143
005095.png,0.4078539,train_00783
005096.png,0.49985003,train_05621
005097.png,0.41717076,train_00866
005098.png,0.5694057,train_03001
005099.png,0.5259497,train_03892
005100.png,0.3333329,train_00732
005101.png,0.3941993,train_06973
005102.png,0.5136063,train_00733
005103.png,0.579565,train_00998
005104.png,0.4464711,train_04242
005105.png,0.3971423,train_03049
005106.png,0.5404102,train_07297
005107.png,0.45312977,train_00978
005108.png,0.44214192,train_07301
005109.png,0.5848876,train_01698
005110.png,0.55177736,train_04807
005111.png,0.46311218,train_03021
005112.png,0.40767998,train_06219
005113.png,0.44394505,train_06413
005114.png,0.4783752,train_03457
005115.png,0.4078381,train_02215
005116.png,0.43591678,train_06326
005117.png,0.44870633,train_00435
005118.png,0.43160322,train_01717
005119.png,0.53786874,train_00621
005120.png,0.42017645,train_04924
005121.png,0.60900664,train_02896
005122.png,0.3313058,train_00861
005123.png,0.411615,train_08018
005124.png,0.5116087,train_06830
005125.png,0.4925187,train_02789
005126.png,0.47670418,train_04960
005127.png,0.47664297,train_02971
005128.png,0.4446067,train_03521
005129.png,0.48210412,train_00517
005130.png,0.4499753,train_04331
005131.png,0.5773946,train_07471
005132.png,0.49879432,train_05410
005133.png,0.5366941,train_06876
005134.png,0.6014297,train_03392
005135.png,0.60111266,train_00503
005136.png,0.46918303,train_06819
005137.png,0.33266628,train_04735
005138.png,0.5111569,train_00158
005139.png,0.50754774,train_07181
005140.png,0.46501726,train_00206
005141.png,0.4861617,train_02175
005142.png,0.51090264,train_03639
005143.png,0.48410654,train_03260
005144.png,0.4782096,train_00840
005145.png,0.44240046,train_03907
005146.png,0.43525925,train_00757
005147.png,0.43118674,train_01362
005148.png,0.48575306,train_08012
005149.png,0.558763,train_08098
005150.png,0.60552144,train_00907
005151.png,0.4863633,train_03103
005152.png,0.53276694,train_05106
005153.png,0.5990644,train_06932
005154.png,0.44941342,train_05806
005155.png,0.4912976,train_05908
005156.png,0.54798305,train_04502
005157.png,0.44379634,train_01017
005158.png,0.49132285,train_06073
005159.png,0.49184346,train_00262
005160.png,0.42343044,train_03835
005161.png,0.5502883,train_04221
005162.png,0.37245855,train_06984
005163.png,0.5131719,train_06108
005164.png,0.45296937,train_03858
005165.png,0.55929947,train_00497
005166.png,0.47629988,train_00142
005167.png,0.5155385,train_03928
005168.png,0.51801443,train_03237
005169.png,0.55686283,train_05165
005170.png,0.49832663,train_01981
005171.png,0.51656914,train_05979
005172.png,0.41613328,train_06337
005173.png,0.43856037,train_00485
005174.png,0.5297332,train_07342
005175.png,0.6122195,train_04933
005176.png,0.53120905,train_06510
005177.png,0.5480598,train_03276
005178.png,0.43193823,train_02012
005179.png,0.41190982,train_07645
005180.png,0.42028505,train_05344
005181.png,0.51745,train_00636
005182.png,0.54143214,train_00014
005183.png,0.4122116,train_02762
005184.png,0.4543274,train_07485
005185.png,0.572833,train_03386
005186.png,0.70202744,train_06184
005187.png,0.46507493,train_05063
005188.png,0.49604124,train_07692
005189.png,0.48641366,train_03536
005190.png,0.3716424,train_02464
005191.png,0.4149099,train_01634
005192.png,0.45824468,train_04535
005193.png,0.6212369,train_03341
005194.png,0.41308695,train_03551
005195.png,0.4837655,train_03831
005196.png,0.54230404,train_03105
005197.png,0.49253067,train_00339
005198.png,0.45772657,train_06141
005199.png,0.44173968,train_03712
005200.png,0.64138246,train_03267
005201.png,0.3717096,train_00687
005202.png,0.47776383,train_06345
005203.png,0.43959427,train_01844
005204.png,0.42475492,train_05360
005205.png,0.53593147,train_00280
005206.png,0.6058627,train_01612
005207.png,0.5396861,train_00638
005208.png,0.37722433,train_00919
005209.png,0.44086343,train_04692
005210.png,0.46297008,train_01587
005211.png,0.54558027,train_02219
005212.png,0.44016948,train_02067
005213.png,0.5777901,train_07110
005214.png,0.62384,train_00946
005215.png,0.5561851,train_05396
005216.png,0.5299493,train_00593
005217.png,0.42693388,train_01808
005218.png,0.41522628,train_06797
005219.png,0.46736157,train_03991
005220.png,0.4107638,train_08079
005221.png,0.46900925,train_00739
005222.png,0.53500146,train_03860
005223.png,0.54058564,train_07316
005224.png,0.53989565,train_07218
005225.png,0.5287286,train_03586
005226.png,0.56152964,train_00194
005227.png,0.5756718,train_02677
005228.png,0.55065405,train_05062
005229.png,0.4449626,train_04939
005230.png,0.42073756,train_07524
005231.png,0.5480218,train_02016
005232.png,0.3605482,train_04537
005233.png,0.4426329,train_02231
005234.png,0.5431901,train_04077
005235.png,0.5459682,train_03026
005236.png,0.49253067,train_00339
005237.png,0.48722374,train_03575
005238.png,0.53589064,train_02412
005239.png,0.4350093,train_06612
005240.png,0.46759957,train_04315
005241.png,0.38766354,train_04288
005242.png,0.4364489,train_01735
005243.png,0.38543272,train_07403
005244.png,0.4250484,train_00230
005245.png,0.46759957,train_04315
005246.png,0.38017437,train_00553
005247.png,0.4257527,train_03847
005248.png,0.5231155,train_01666
005249.png,0.50560284,train_01583
005250.png,0.5143457,train_04018
005251.png,0.41822588,train_05124
005252.png,0.49907106,train_01831
005253.png,0.60900664,train_02896
005254.png,0.3262575,train_07818
005255.png,0.6014297,train_03392
005256.png,0.5161184,train_02570
005257.png,0.49773163,train_00835
005258.png,0.42285132,train_04908
005259.png,0.59013367,train_04134
005260.png,0.50432146,train_05879
005261.png,0.4104994,train_07046
005262.png,0.42955244,train_02590
005263.png,0.523106,train_00852
005264.png,0.51090467,train_02437
005265.png,0.586769,train_00136
005266.png,0.5023295,train_06142
005267.png,0.31316,train_01633
005268.png,0.5265772,train_07012
005269.png,0.3500442,train_06489
005270.png,0.4364489,train_01735
005271.png,0.51130563,train_02287
005272.png,0.51745975,train_06849
005273.png,0.4785723,train_07061
005274.png,0.43593162,train_05310
005275.png,0.46671224,train_02658
005276.png,0.42524147,train_03784
005277.png,0.5745696,train_07880
005278.png,0.34391692,train_07810
005279.png,0.48602873,train_05722
005280.png,0.537992,train_04985
005281.png,0.45063633,train_06226
005282.png,0.43463367,train_01855
005283.png,0.5947181,train_03664
005284.png,0.5223156,train_06395
005285.png,0.5169512,train_05219
005286.png,0.43964225,train_00240
005287.png,0.4995728,train_07970
005288.png,0.56556785,train_01146
005289.png,0.40689796,train_02036
005290.png,0.39747733,train_02371
005291.png,0.5394982,train_04887
005292.png,0.3796112,train_06070
005293.png,0.5385193,train_01245
005294.png,0.613538,train_02948
005295.png,0.50968194,train_07020
005296.png,0.5025507,train_02457
005297.png,0.5215542,train_02685
005298.png,0.4863633,train_03103
005299.png,0.45049876,train_02091
005300.png,0.49883983,train_04618
005301.png,0.4646654,train_05736
005302.png,0.55707836,train_04262
005303.png,0.6004077,train_05000
005304.png,0.45037937,train_00258
005305.png,0.51843965,train_03680
005306.png,0.4461872,train_04143
005307.png,0.53429216,train_03048
005308.png,0.5138353,train_06529
005309.png,0.58739316,train_04932
005310.png,0.50782037,train_00697
005311.png,0.52885634,train_06366
005312.png,0.4027282,train_00119
005313.png,0.50176156,train_07640
005314.png,0.5685908,train_01539
005315.png,0.5818428,train_00657
005316.png,0.43146837,train_01226
005317.png,0.58844423,train_07865
005318.png,0.35983256,train_06566
005319.png,0.3392207,train_02118
005320.png,0.43715554,train_03511
005321.png,0.41531265,train_06339
005322.png,0.48154473,train_04060
005323.png,0.5985956,train_05332
005324.png,0.5808328,train_05828
005325.png,0.3807366,train_06402
005326.png,0.51745,train_00636
005327.png,0.42243153,train_02018
005328.png,0.5125208,train_06418
005329.png,0.53375506,train_05279
005330.png,0.35826623,train_06356
005331.png,0.5247195,train_01842
005332.png,0.49080947,train_02206
005333.png,0.4647468,train_03318
005334.png,0.38381115,train_04857
005335.png,0.4829023,train_03332
005336.png,0.45159578,train_05750
005337.png,0.4457304,train_02649
005338.png,0.37819493,train_03179
005339.png,0.35380888,train_01418
005340.png,0.53525424,train_04013
005341.png,0.43485594,train_06896
005342.png,0.42218524,train_03956
005343.png,0.5924628,train_03746
005344.png,0.5855825,train_00225
005345.png,0.49597603,train_02031
005346.png,0.44942552,train_01488
005347.png,0.5392361,train_04466
005348.png,0.56093323,train_03233
005349.png,0.5618372,train_02900
005350.png,0.48030084,train_04883
005351.png,0.52378726,train_05073
005352.png,0.47262388,train_04607
005353.png,0.5796691,train_00322
005354.png,0.6051118,train_02460
005355.png,0.31099457,train_06170
005356.png,0.50211406,train_00935
005357.png,0.33607733,train_04176
005358.png,0.49112868,train_02146
005359.png,0.3212331,train_00856
005360.png,0.42894194,train_03354
005361.png,0.46885842,train_05915
005362.png,0.53432393,train_02494
005363.png,0.44213977,train_01299
005364.png,0.4600114,train_02239
005365.png,0.44967255,train_05891
005366.png,0.5737168,train_04769
005367.png,0.5143457,train_04018
005368.png,0.43864965,train_02612
005369.png,0.49089938,train_05001
005370.png,0.55561876,train_04580
005371.png,0.44763166,train_07414
005372.png,0.38683593,train_04628
005373.png,0.55316603,train_00300
005374.png,0.59070635,train_06212
005375.png,0.50242174,train_02397
005376.png,0.49035668,train_01531
005377.png,0.62249434,train_07903
005378.png,0.5040665,train_01590
005379.png,0.517075,train_06458
005380.png,0.50697476,train_06965
005381.png,0.52376056,train_07611
005382.png,0.4187643,train_04452
005383.png,0.5802506,train_03248
005384.png,0.5382768,train_02943
005385.png,0.5180882,train_07552
005386.png,0.51677454,train_01292
005387.png,0.5093231,train_06421
005388.png,0.40702218,train_05192
005389.png,0.5498661,train_00870
005390.png,0.5239171,train_07627
005391.png,0.61088383,train_05415
005392.png,0.44751263,train_06778
005393.png,0.48551655,train_06202
005394.png,0.5162523,train_00591
005395.png,0.30564427,train_06404
005396.png,0.4695434,train_06075
005397.png,0.51588225,train_01916
005398.png,0.5468794,train_00106
005399.png,0.44811052,train_00637
005400.png,0.61088383,train_05415
005401.png,0.41037825,train_05860
005402.png,0.45225582,train_05493
005403.png,0.45359248,train_07650
005404.png,0.5151052,train_07717
005405.png,0.38865954,train_03270
005406.png,0.54522717,train_02009
005407.png,0.3657639,train_01824
005408.png,0.48098272,train_01274
005409.png,0.39170843,train_07163
005410.png,0.56138563,train_04459
005411.png,0.5157639,train_07009
005412.png,0.4654014,train_06426
005413.png,0.63665444,train_06976
005414.png,0.5109049,train_02733
005415.png,0.4188365,train_06002
005416.png,0.3793792,train_07057
005417.png,0.49468756,train_06089
005418.png,0.5203385,train_06628
005419.png,0.46362644,train_04296
005420.png,0.54958916,train_05025
005421.png,0.34112138,train_04543
005422.png,0.37820244,train_04339
005423.png,0.4122401,train_03473
005424.png,0.41822588,train_05124
005425.png,0.33951664,train_02749
005426.png,0.5053405,train_06292
005427.png,0.3553046,train_02858
005428.png,0.5073714,train_03979
005429.png,0.45274347,train_06358
005430.png,0.6151223,train_02899
005431.png,0.49610168,train_02881
005432.png,0.41830885,train_07665
005433.png,0.5363802,train_07999
005434.png,0.5206734,train_07720
005435.png,0.3392207,train_02118
005436.png,0.3945505,train_03102
005437.png,0.6060388,train_00982
005438.png,0.611835,train_06063
005439.png,0.34048688,train_02614
005440.png,0.4747696,train_03627
005441.png,0.398378,train_02851
005442.png,0.42357534,train_00081
005443.png,0.49742186,train_02995
005444.png,0.6167186,train_04414
005445.png,0.5685908,train_01539
005446.png,0.55534554,train_00279
005447.png,0.4648791,train_06972
005448.png,0.45570123,train_06829
005449.png,0.54814327,train_04328
005450.png,0.3364039,train_00969
005451.png,0.42059094,train_02168
005452.png,0.3863597,train_00753
005453.png,0.43646675,train_06533
005454.png,0.56017685,train_07478
005455.png,0.48013127,train_07167
005456.png,0.54237413,train_03036
005457.png,0.46016574,train_05237
005458.png,0.3686251,train_06215
005459.png,0.485659,train_03295
005460.png,0.4053154,train_00429
005461.png,0.49724662,train_05922
005462.png,0.4345645,train_00622
005463.png,0.64659286,train_02723
005464.png,0.49392876,train_07797
005465.png,0.5433283,train_04141
005466.png,0.5645493,train_03964
005467.png,0.5439245,train_00939
005468.png,0.5070233,train_07139
005469.png,0.5316459,train_00010
005470.png,0.50300497,train_05884
005471.png,0.5044517,train_06869
005472.png,0.38570392,train_00843
005473.png,0.4904157,train_00848
005474.png,0.56895936,train_02304
005475.png,0.6024661,train_06077
005476.png,0.52352977,train_08065
005477.png,0.3693149,train_04929
005478.png,0.4938097,train_04974
005479.png,0.4611799,train_05404
005480.png,0.5461556,train_01071
005481.png,0.5730191,train_03493
005482.png,0.52060515,train_02537
005483.png,0.4043211,train_01363
005484.png,0.53072566,train_00715
005485.png,0.5243552,train_02135
005486.png,0.45785612,train_06196
005487.png,0.5387813,train_03681
005488.png,0.554106,train_06891
005489.png,0.5506762,train_06703
005490.png,0.5618372,train_02900
005491.png,0.44358942,train_02334
005492.png,0.5813633,train_03022
005493.png,0.48279148,train_00047
005494.png,0.38041925,train_01050
005495.png,0.46194917,train_04638
005496.png,0.49030018,train_06242
005497.png,0.4347065,train_03351
005498.png,0.49631625,train_05377
005499.png,0.45195705,train_02520
005500.png,0.46072048,train_06375
005501.png,0.62777865,train_03402
005502.png,0.35536134,train_00046
005503.png,0.45104903,train_03512
005504.png,0.45994937,train_01754
005505.png,0.51833296,train_06809
005506.png,0.46478495,train_06882
005507.png,0.6076265,train_02765
005508.png,0.5863215,train_06875
005509.png,0.5757516,train_07715
005510.png,0.44940096,train_05251
005511.png,0.5051193,train_02435
005512.png,0.4624563,train_04890
005513.png,0.56411016,train_04810
005514.png,0.5028324,train_03169
005515.png,0.38150224,train_05011
005516.png,0.44715118,train_07227
005517.png,0.61221933,train_02669
005518.png,0.47486725,train_07041
005519.png,0.37507927,train_02415
005520.png,0.47127938,train_01505
005521.png,0.55178106,train_03271
005522.png,0.5215899,train_06157
005523.png,0.5036835,train_00822
005524.png,0.5164789,train_01278
005525.png,0.52323115,train_06610
005526.png,0.29028785,train_01692
005527.png,0.49256417,train_00298
005528.png,0.3571269,train_05682
005529.png,0.47254163,train_04158
005530.png,0.55026436,train_00588
005531.png,0.43496588,train_05421
005532.png,0.5382768,train_02943
005533.png,0.3963835,train_05205
005534.png,0.36124024,train_00566
005535.png,0.45994937,train_01754
005536.png,0.5127676,train_00007
005537.png,0.44447875,train_03096
005538.png,0.3404979,train_01837
005539.png,0.4030821,train_07408
005540.png,0.26696622,train_07726
005541.png,0.533641,train_07279
005542.png,0.5136955,train_06925
005543.png,0.5802674,train_06933
005544.png,0.590222,train_06505
005545.png,0.5439245,train_00939
005546.png,0.43177366,train_05871
005547.png,0.4921474,train_03190
005548.png,0.53861094,train_07646
005549.png,0.5703873,train_05166
005550.png,0.5827534,train_03263
005551.png,0.5278481,train_06980
005552.png,0.37722433,train_00919
005553.png,0.47495237,train_01435
005554.png,0.4642675,train_02172
005555.png,0.5186992,train_07761
005556.png,0.4604923,train_03252
005557.png,0.58573174,train_06590
005558.png,0.5844213,train_05177
005559.png,0.5620183,train_05220
005560.png,0.43591678,train_06326
005561.png,0.4526232,train_07738
005562.png,0.3715127,train_07568
005563.png,0.49643362,train_02364
005564.png,0.63195455,train_05693
005565.png,0.37140405,train_04042
005566.png,0.29090506,train_07544
005567.png,0.4663629,train_07622
005568.png,0.47086015,train_08023
005569.png,0.59925544,train_07410
005570.png,0.4416447,train_01092
005571.png,0.45721692,train_00180
005572.png,0.52576464,train_07084
005573.png,0.6510596,train_00147
005574.png,0.53100145,train_05907
005575.png,0.5519583,train_06062
005576.png,0.49807945,train_00201
005577.png,0.628217,train_02445
005578.png,0.3894729,train_04783
005579.png,0.5184014,train_01205
005580.png,0.5486241,train_01421
005581.png,0.53542674,train_03120
005582.png,0.51188236,train_05484
005583.png,0.4865297,train_03754
005584.png,0.42654407,train_00309
005585.png,0.4913174,train_06744
005586.png,0.41296247,train_04971
005587.png,0.57015806,train_06919
005588.png,0.5275427,train_06502
005589.png,0.47314572,train_00377
005590.png,0.61699164,train_01236
005591.png,0.4981739,train_07687
005592.png,0.5213585,train_00747
005593.png,0.43077213,train_07392
005594.png,0.5723038,train_01915
005595.png,0.5384425,train_07156
005596.png,0.46912295,train_00664
005597.png,0.47559574,train_03930
005598.png,0.50381976,train_04529
005599.png,0.48543063,train_07859
005600.png,0.51641697,train_00971
005601.png,0.5222801,train_04396
005602.png,0.4748727,train_02589
005603.png,0.42118198,train_06040
005604.png,0.4509613,train_07462
005605.png,0.48008394,train_03579
005606.png,0.58774245,train_01912
005607.png,0.4808792,train_01604
005608.png,0.56697524,train_06143
005609.png,0.3571269,train_05682
005610.png,0.44280368,train_05558
005611.png,0.5693437,train_05196
005612.png,0.50019884,train_01368
005613.png,0.42692935,train_05896
005614.png,0.42955962,train_07215
005615.png,0.49424273,train_01118
005616.png,0.4603037,train_02859
005617.png,0.47249484,train_04731
005618.png,0.46896827,train_00926
005619.png,0.4762863,train_00250
005620.png,0.4902383,train_00650
005621.png,0.45240498,train_07107
005622.png,0.5664574,train_01137
005623.png,0.4981739,train_07687
005624.png,0.5872699,train_01499
005625.png,0.48601884,train_04052
005626.png,0.565912,train_06685
005627.png,0.4935832,train_00714
005628.png,0.4868987,train_06735
005629.png,0.4116543,train_04514
005630.png,0.298253,train_03740
005631.png,0.55495346,train_02466
005632.png,0.6025517,train_05840
005633.png,0.50528705,train_07254
005634.png,0.49697304,train_05090
005635.png,0.51050526,train_05953
005636.png,0.53565025,train_06405
005637.png,0.6519237,train_06400
005638.png,0.5221634,train_07887
005639.png,0.52317613,train_07974
005640.png,0.374911,train_07856
005641.png,0.57155246,train_06004
005642.png,0.5379245,train_03389
005643.png,0.4699456,train_02395
005644.png,0.45571336,train_00415
005645.png,0.4614175,train_00994
005646.png,0.5013943,train_01005
005647.png,0.556973,train_00368
005648.png,0.539106,train_02846
005649.png,0.5757125,train_05609
005650.png,0.5689954,train_04513
005651.png,0.55617255,train_07813
005652.png,0.48070955,train_04740
005653.png,0.56353253,train_06981
005654.png,0.6331104,train_07142
005655.png,0.4382129,train_05194
005656.png,0.43271664,train_00918
005657.png,0.49256417,train_00298
005658.png,0.50801224,train_08141
005659.png,0.47405654,train_03624
005660.png,0.5541939,train_00937
005661.png,0.43546468,train_03280
005662.png,0.50443304,train_03728
005663.png,0.42692935,train_05896
005664.png,0.46347785,train_01383
005665.png,0.36853296,train_05764
005666.png,0.55433786,train_05773
005667.png,0.48839706,train_00043
005668.png,0.39489213,train_02069
005669.png,0.49991143,train_07753
005670.png,0.37839213,train_03430
005671.png,0.5370835,train_07659
005672.png,0.37115017,train_06096
005673.png,0.518189,train_00123
005674.png,0.5105823,train_01201
005675.png,0.2857167,train_04103
005676.png,0.485659,train_03295
005677.png,0.51641697,train_00971
005678.png,0.501889,train_07818
005679.png,0.40213788,train_00533
005680.png,0.57024014,train_05796
005681.png,0.59141636,train_04113
005682.png,0.43959427,train_01844
005683.png,0.45060465,train_03061
005684.png,0.3967198,train_06322
005685.png,0.45664424,train_05160
005686.png,0.36112735,train_03468
005687.png,0.54162806,train_02970
005688.png,0.39988625,train_07867
005689.png,0.45603746,train_07848
005690.png,0.44274914,train_08125
005691.png,0.49040592,train_03214
005692.png,0.5096523,train_04400
005693.png,0.48042032,train_07695
005694.png,0.40758374,train_02089
005695.png,0.5019362,train_07386
005696.png,0.50471747,train_02276
005697.png,0.45200235,train_03163
005698.png,0.3379298,train_02105
005699.png,0.43593162,train_05310
005700.png,0.6135501,train_04300
005701.png,0.37289357,train_05086
005702.png,0.3972116,train_02517
005703.png,0.3359371,train_04302
005704.png,0.56987274,train_04383
005705.png,0.650117,train_04214
005706.png,0.5422956,train_03971
005707.png,0.52385235,train_00255
005708.png,0.5111569,train_00158
005709.png,0.45182472,train_04958
005710.png,0.38768256,train_00420
005711.png,0.4045477,train_05938
005712.png,0.4945922,train_03154
005713.png,0.47518972,train_03552
005714.png,0.5299904,train_03178
005715.png,0.4869285,train_04279
005716.png,0.4358664,train_06301
005717.png,0.4387083,train_02849
005718.png,0.40204,train_02567
005719.png,0.43977034,train_05357
005720.png,0.5321559,train_03143
005721.png,0.5476341,train_00222
005722.png,0.5853188,train_06700
005723.png,0.49933296,train_01732
005724.png,0.49468756,train_06089
005725.png,0.56212926,train_04780
005726.png,0.5425157,train_01636
005727.png,0.47173464,train_00408
005728.png,0.44412297,train_00959
005729.png,0.50627005,train_03968
005730.png,0.5294315,train_00902
005731.png,0.42823756,train_04044
005732.png,0.55929947,train_00497
005733.png,0.5543231,train_01281
005734.png,0.40932873,train_06482
005735.png,0.5492122,train_05830
005736.png,0.5283682,train_05972
005737.png,0.41459495,train_03749
005738.png,0.39815181,train_00962
005739.png,0.38194245,train_01619
005740.png,0.48136315,train_07886
005741.png,0.52898246,train_02834
005742.png,0.35828197,train_00960
005743.png,0.5269052,train_03218
005744.png,0.4104413,train_06342
005745.png,0.5976578,train_07732
005746.png,0.5089026,train_05642
005747.png,0.49962828,train_04942
005748.png,0.5486478,train_07689
005749.png,0.5070233,train_07139
005750.png,0.5499731,train_06908
005751.png,0.581089,train_04407
005752.png,0.5806302,train_05486
005753.png,0.42202532,train_06738
005754.png,0.50519985,train_01371
005755.png,0.5380154,train_05040
005756.png,0.5871342,train_06793
005757.png,0.49967107,train_02150
005758.png,0.48247638,train_04406
005759.png,0.5427339,train_01517
005760.png,0.53394496,train_00056
005761.png,0.48678678,train_06101
005762.png,0.45643002,train_06151
005763.png,0.45434475,train_04878
005764.png,0.49369988,train_03713
005765.png,0.53388244,train_02056
005766.png,0.5186101,train_04269
005767.png,0.5108776,train_06798
005768.png,0.479932,train_04931
005769.png,0.51761025,train_02937
005770.png,0.54337937,train_03775
005771.png,0.45434624,train_03962
005772.png,0.36428005,train_01297
005773.png,0.58171546,train_06117
005774.png,0.43345994,train_00532
005775.png,0.5392361,train_04466
005776.png,0.5597102,train_04047
005777.png,0.5123998,train_06388
005778.png,0.5718323,train_07623
005779.png,0.49703366,train_06217
005780.png,0.441,train_00705
005781.png,0.5193466,train_00777
005782.png,0.49788684,train_00575
005783.png,0.39021987,train_02274
005784.png,0.48350462,train_06445
005785.png,0.5271515,train_05304
005786.png,0.58147645,train_04097
005787.png,0.4292213,train_00820
005788.png,0.5707438,train_05835
005789.png,0.37801778,train_04438
005790.png,0.5444796,train_02582
005791.png,0.43575788,train_07058
005792.png,0.43300754,train_02989
005793.png,0.49206388,train_06289
005794.png,0.4444092,train_00034
005795.png,0.5240385,train_01595
005796.png,0.49778476,train_02258
005797.png,0.43990287,train_00019
005798.png,0.4083617,train_03450
005799.png,0.42028505,train_05344
005800.png,0.45695046,train_05487
005801.png,0.4685545,train_03501
005802.png,0.503144,train_05479
005803.png,0.5216058,train_01450
005804.png,0.441353,train_03588
005805.png,0.5389301,train_07099
005806.png,0.554106,train_06891
005807.png,0.6247126,train_02259
005808.png,0.42246103,train_04035
005809.png,0.50501055,train_00481
005810.png,0.5229037,train_00692
005811.png,0.38651747,train_06036
005812.png,0.49653515,train_02986
005813.png,0.4145694,train_07438
005814.png,0.34610522,train_03929
005815.png,0.5952712,train_06410
005816.png,0.62384,train_00946
005817.png,0.42759138,train_00226
005818.png,0.4973873,train_00389
005819.png,0.46883243,train_07295
005820.png,0.50176156,train_07640
005821.png,0.3508178,train_05709
005822.png,0.37115017,train_06096
005823.png,0.49316287,train_05007
005824.png,0.5673114,train_07794
005825.png,0.46945018,train_01180
005826.png,0.46096742,train_06929
005827.png,0.45201904,train_04617
005828.png,0.46290174,train_03481
005829.png,0.55576515,train_01433
005830.png,0.51130563,train_02287
005831.png,0.46980783,train_05047
005832.png,0.49555564,train_00091
005833.png,0.44185677,train_06043
005834.png,0.50339454,train_06779
005835.png,0.36426482,train_05950
005836.png,0.46282512,train_00113
005837.png,0.5547871,train_02856
005838.png,0.4973265,train_04449
005839.png,0.567854,train_03128
005840.png,0.43941373,train_01629
005841.png,0.489345,train_01070
005842.png,0.502253,train_01795
005843.png,0.36751932,train_04751
005844.png,0.6807065,train_00823
005845.png,0.50943434,train_01060
005846.png,0.40571812,train_04988
005847.png,0.43132982,train_00544
005848.png,0.42223775,train_04747
005849.png,0.53159475,train_07446
005850.png,0.4638492,train_07212
005851.png,0.5255852,train_00970
005852.png,0.42972845,train_04031
005853.png,0.45339257,train_03147
005854.png,0.43830943,train_00331
005855.png,0.50089526,train_05075
005856.png,0.55156785,train_02912
005857.png,0.44783005,train_00985
005858.png,0.51185006,train_04019
005859.png,0.574196,train_00729
005860.png,0.47373307,train_05973
005861.png,0.5561523,train_00294
005862.png,0.4924867,train_07312
005863.png,0.5078775,train_00492
005864.png,0.48488677,train_04210
005865.png,0.37722433,train_00919
005866.png,0.43360436,train_03229
005867.png,0.42408532,train_06169
005868.png,0.47012645,train_05490
005869.png,0.37820244,train_04339
005870.png,0.4587716,train_00576
005871.png,0.5720372,train_06892
005872.png,0.5189127,train_04436
005873.png,0.4787606,train_02243
005874.png,0.59240395,train_00512
005875.png,0.49316525,train_04516
005876.png,0.46625298,train_07379
005877.png,0.5463234,train_06249
005878.png,0.49017695,train_03258
005879.png,0.47669327,train_06928
005880.png,0.48741573,train_01821
005881.png,0.54538095,train_04131
005882.png,0.43616182,train_05711
005883.png,0.54190254,train_05121
005884.png,0.4340348,train_03752
005885.png,0.52576464,train_07084
005886.png,0.5947869,train_05326
005887.png,0.6025517,train_05840
005888.png,0.54189515,train_07302
005889.png,0.48136315,train_07886
005890.png,0.42727226,train_06592
005891.png,0.3739602,train_06506
005892.png,0.5471355,train_00602
005893.png,0.46629456,train_07500
005894.png,0.5144311,train_01786
005895.png,0.36746085,train_01249
005896.png,0.4811679,train_04443
005897.png,0.45018494,train_07776
005898.png,0.5432705,train_01955
005899.png,0.43480772,train_08083
005900.png,0.3723616,train_04145
005901.png,0.5473087,train_05782
005902.png,0.5610874,train_03999
005903.png,0.431253,train_02331
005904.png,0.5142621,train_07064
005905.png,0.3775135,train_02037
005906.png,0.39603376,train_04114
005907.png,0.62391263,train_03911
005908.png,0.4404049,train_05303
005909.png,0.4664719,train_05902
005910.png,0.56971204,train_04050
005911.png,0.5492122,train_05830
005912.png,0.42394373,train_00074
005913.png,0.4741385,train_07170
005914.png,0.49561143,train_07802
005915.png,0.5341958,train_03809
005916.png,0.49213928,train_06497
005917.png,0.48891008,train_06832
005918.png,0.4051535,train_03241
005919.png,0.46276885,train_00851
005920.png,0.50173897,train_01693
005921.png,0.5017117,train_03799
005922.png,0.4748652,train_01895
005923.png,0.483921,train_00977
005924.png,0.51846516,train_00891
005925.png,0.47129083,train_04912
005926.png,0.37359625,train_05573
005927.png,0.38017437,train_00553
005928.png,0.5151052,train_07717
005929.png,0.5290345,train_00366
005930.png,0.4745554,train_07638
005931.png,0.64850706,train_08070
005932.png,0.5317554,train_04736
005933.png,0.4055159,train_08074
005934.png,0.42481518,train_06584
005935.png,0.47439307,train_01996
005936.png,0.48957497,train_00334
005937.png,0.57259876,train_03383
005938.png,0.3831193,train_02309
005939.png,0.58973926,train_04794
005940.png,0.45359412,train_03737
005941.png,0.5561851,train_05396
005942.png,0.56189466,train_02006
005943.png,0.5547401,train_02092
005944.png,0.36689824,train_08115
005945.png,0.47774374,train_02484
005946.png,0.48761845,train_04199
005947.png,0.36490718,train_04856
005948.png,0.5112102,train_03661
005949.png,0.46485502,train_03896
005950.png,0.48073974,train_07192
005951.png,0.44818676,train_03830
005952.png,0.4826895,train_07327
005953.png,0.47997078,train_06630
005954.png,0.427176,train_03748
005955.png,0.5909028,train_07594
005956.png,0.54162806,train_02970
005957.png,0.4450395,train_01397
005958.png,0.46066844,train_01322
005959.png,0.4953103,train_06741
005960.png,0.5142545,train_07918
005961.png,0.4695434,train_06075
005962.png,0.4050773,train_03788
005963.png,0.46950012,train_06316
005964.png,0.6121099,train_03927
005965.png,0.5078814,train_03500
005966.png,0.4619491,train_05849
005967.png,0.4738099,train_04962
005968.png,0.511177,train_02013
005969.png,0.4625664,train_05455
005970.png,0.4450395,train_01397
005971.png,0.50072336,train_00478
005972.png,0.30576763,train_07294
005973.png,0.581092,train_01220
005974.png,0.5633601,train_00500
005975.png,0.53172135,train_05795
005976.png,0.50626767,train_06543
005977.png,0.43092746,train_05058
005978.png,0.51215816,train_04578
005979.png,0.3385278,train_01377
005980.png,0.453731,train_08002
005981.png,0.5633601,train_00500
005982.png,0.53814995,train_03435
005983.png,0.48001796,train_00686
005984.png,0.4748727,train_02589
005985.png,0.39964277,train_04860
005986.png,0.4977236,train_03585
005987.png,0.46518925,train_05368
005988.png,0.45139652,train_07985
005989.png,0.52063745,train_02945
005990.png,0.4987669,train_06728
005991.png,0.5062355,train_01149
005992.png,0.5774191,train_02216
005993.png,0.5155385,train_03928
005994.png,0.5045977,train_02718
005995.png,0.5734765,train_02290
005996.png,0.49432656,train_06975
005997.png,0.42683238,train_05048
005998.png,0.5378662,train_04043
005999.png,0.43879223,train_07071
006000.png,0.44843364,train_03095
006001.png,0.56599075,train_02097
006002.png,0.4483871,train_01840
006003.png,0.37718055,train_00263
006004.png,0.53786874,train_00621
006005.png,0.4042951,train_05681
006006.png,0.57349825,train_08087
006007.png,0.5280489,train_06512
006008.png,0.5028909,train_04778
006009.png,0.4089729,train_07920
006010.png,0.53582716,train_01449
006011.png,0.48352322,train_01830
006012.png,0.4998384,train_03007
006013.png,0.42235285,train_02511
006014.png,0.5544855,train_08110
006015.png,0.5169844,train_02736
006016.png,0.47507912,train_05996
006017.png,0.40157863,train_06479
006018.png,0.4865694,train_05454
006019.png,0.4392411,train_06464
006020.png,0.46309495,train_05050
006021.png,0.4967628,train_07112
006022.png,0.5124663,train_03615
006023.png,0.4808792,train_01604
006024.png,0.5427058,train_00505
006025.png,0.58701646,train_06051
006026.png,0.43305278,train_06662
006027.png,0.5792136,train_03957
006028.png,0.45792437,train_03720
006029.png,0.57024014,train_05796
006030.png,0.44444948,train_05537
006031.png,0.49112803,train_04317
006032.png,0.4667524,train_00874
006033.png,0.46560574,train_06748
006034.png,0.55617255,train_07813
006035.png,0.42593879,train_06401
006036.png,0.54077053,train_00264
006037.png,0.5107527,train_01739
006038.png,0.50621,train_04530
006039.png,0.40694958,train_02114
006040.png,0.393483,train_04598
006041.png,0.5044517,train_06869
006042.png,0.53128064,train_01100
006043.png,0.6022183,train_02339
006044.png,0.43553382,train_04526
006045.png,0.4851806,train_00196
006046.png,0.48785347,train_07346
006047.png,0.58371747,train_05741
006048.png,0.5321559,train_03143
006049.png,0.4349809,train_04978
006050.png,0.49275023,train_02586
006051.png,0.47125918,train_06343
006052.png,0.48500848,train_06999
006053.png,0.54206204,train_05456
006054.png,0.5155016,train_01163
006055.png,0.5302279,train_03893
006056.png,0.48717457,train_00836
006057.png,0.5082197,train_08131
006058.png,0.46370888,train_06122
006059.png,0.5392649,train_02790
006060.png,0.44915432,train_02028
006061.png,0.3340199,train_06788
006062.png,0.44757557,train_04689
006063.png,0.45714515,train_02211
006064.png,0.5508954,train_06146
006065.png,0.42741302,train_02996
006066.png,0.3764749,train_00611
006067.png,0.5998352,train_05559
006068.png,0.45909953,train_00641
006069.png,0.49643937,train_06476
006070.png,0.5411804,train_03247
006071.png,0.5473087,train_05782
006072.png,0.5061492,train_03298
006073.png,0.40398037,train_06887
006074.png,0.5198295,train_01076
006075.png,0.5051193,train_02435
006076.png,0.5451267,train_04690
006077.png,0.5842015,train_06518
006078.png,0.41401476,train_02503
006079.png,0.49653515,train_02986
006080.png,0.4866494,train_00295
006081.png,0.61924344,train_05441
006082.png,0.4392891,train_04752
006083.png,0.5561523,train_00294
006084.png,0.5299149,train_04791
006085.png,0.61924344,train_05441
006086.png,0.43185514,train_01685
006087.png,0.45152092,train_06438
006088.png,0.48891008,train_06832
006089.png,0.51762414,train_05577
006090.png,0.56274354,train_06214
006091.png,0.4575063,train_02237
006092.png,0.516834,train_00771
006093.png,0.48250383,train_02425
006094.png,0.26810402,train_01632
006095.png,0.46816668,train_02353
006096.png,0.3813093,train_08112
006097.png,0.35378772,train_03264
006098.png,0.48598683,train_07382
006099.png,0.41190982,train_07645
006100.png,0.4143783,train_01108
006101.png,0.4271087,train_04292
006102.png,0.42601556,train_07326
006103.png,0.33476064,train_06993
006104.png,0.4733882,train_00546
006105.png,0.5193789,train_02491
006106.png,0.53637874,train_00317
006107.png,0.4711098,train_05516
006108.png,0.543345,train_01734
006109.png,0.52797633,train_06443
006110.png,0.4277415,train_00273
006111.png,0.44969168,train_03016
006112.png,0.49086142,train_00940
006113.png,0.4411446,train_07655
006114.png,0.5164481,train_04412
006115.png,0.5240084,train_02343
006116.png,0.51073396,train_00122
006117.png,0.5577793,train_00634
006118.png,0.49313658,train_06740
006119.png,0.39672226,train_01460
006120.png,0.5773946,train_07471
006121.png,0.3392207,train_02118
006122.png,0.52135444,train_07926
006123.png,0.54255694,train_06758
006124.png,0.5125208,train_06418
006125.png,0.55914986,train_03093
006126.png,0.5062198,train_06678
006127.png,0.6483892,train_06568
006128.png,0.56595075,train_06702
006129.png,0.40425962,train_01530
006130.png,0.5418794,train_05723
006131.png,0.47119772,train_01999
006132.png,0.35913095,train_00244
006133.png,0.5468102,train_02802
006134.png,0.54795885,train_03640
006135.png,0.4970036,train_02377
006136.png,0.4676635,train_05608
006137.png,0.5340695,train_06674
006138.png,0.4662374,train_07921
006139.png,0.4785723,train_07061
006140.png,0.37278557,train_00356
006141.png,0.42394373,train_00074
006142.png,0.57453644,train_00814
006143.png,0.43444103,train_04070
006144.png,0.36210033,train_05914
006145.png,0.41774827,train_01151
006146.png,0.41163796,train_04961
006147.png,0.47491896,train_01093
006148.png,0.5023295,train_06142
006149.png,0.5515146,train_01207
006150.png,0.5472459,train_03509
006151.png,0.49184722,train_03012
006152.png,0.54964054,train_04641
006153.png,0.47002906,train_00332
006154.png,0.4862152,train_05222
006155.png,0.33560938,train_07567
006156.png,0.32331133,train_04343
006157.png,0.52473605,train_05792
006158.png,0.22959483,train_00204
006159.png,0.55837834,train_07834
006160.png,0.5222801,train_04396
006161.png,0.44730377,train_07700
006162.png,0.4944335,train_04831
006163.png,0.4748727,train_02589
006164.png,0.50377405,train_03320
006165.png,0.6092916,train_04323
006166.png,0.5194244,train_05300
006167.png,0.6257218,train_07282
006168.png,0.59417355,train_07195
006169.png,0.5031494,train_00487
006170.png,0.45273253,train_01390
006171.png,0.45264745,train_06688
006172.png,0.4133945,train_05159
006173.png,0.5603338,train_06179
006174.png,0.5151052,train_07717
006175.png,0.43319178,train_04213
006176.png,0.537992,train_04985
006177.png,0.45187366,train_05288
006178.png,0.5159635,train_00559
006179.png,0.45269942,train_01366
006180.png,0.5153092,train_03650
006181.png,0.44060284,train_03705
006182.png,0.40924338,train_01843
006183.png,0.5985956,train_05332
006184.png,0.51189286,train_02935
006185.png,0.5566998,train_03736
006186.png,0.45386195,train_07945
006187.png,0.47178924,train_07010
006188.png,0.42028505,train_05344
006189.png,0.45793906,train_07792
006190.png,0.5370835,train_07659
006191.png,0.5016578,train_01463
006192.png,0.48323014,train_03623
006193.png,0.4624563,train_04890
006194.png,0.4597127,train_01605
006195.png,0.44811052,train_00637
006196.png,0.4979924,train_05094
006197.png,0.5723038,train_01915
006198.png,0.45674706,train_02318
006199.png,0.57529175,train_06821
006200.png,0.36038682,train_03185
006201.png,0.55141795,train_04299
006202.png,0.49722221,train_06115
006203.png,0.5163866,train_00623
006204.png,0.45081645,train_07883
006205.png,0.56551856,train_04733
006206.png,0.5039746,train_06565
006207.png,0.4773084,train_06306
006208.png,0.40068954,train_01541
006209.png,0.43667924,train_08067
006210.png,0.5229559,train_01209
006211.png,0.45904392,train_06022
006212.png,0.41155767,train_07589
006213.png,0.49681634,train_06467
006214.png,0.53081095,train_05740
006215.png,0.47121453,train_07712
006216.png,0.4218402,train_04818
006217.png,0.4250484,train_00230
006218.png,0.51177436,train_05508
006219.png,0.43597674,train_03203
006220.png,0.41985863,train_06189
006221.png,0.4021139,train_03398
006222.png,0.47704792,train_05089
006223.png,0.43915036,train_04039
006224.png,0.39873338,train_00655
006225.png,0.39809245,train_08081
006226.png,0.51050526,train_05953
006227.png,0.4231416,train_04642
006228.png,0.45299923,train_04481
006229.png,0.5583008,train_01907
006230.png,0.6447485,train_03667
006231.png,0.43141407,train_02862
006232.png,0.56974673,train_06647
006233.png,0.5073714,train_03979
006234.png,0.44366756,train_05156
006235.png,0.52771074,train_07516
006236.png,0.34383482,train_02634
006237.png,0.35510278,train_00131
006238.png,0.4706875,train_06633
006239.png,0.35591608,train_02730
006240.png,0.57670164,train_05139
006241.png,0.37952185,train_06318
006242.png,0.5278481,train_06980
006243.png,0.55316603,train_00300
006244.png,0.36417174,train_07613
006245.png,0.46309936,train_07977
006246.png,0.4925187,train_02789
006247.png,0.47761768,train_06078
006248.png,0.5501774,train_00452
006249.png,0.40761638,train_02472
006250.png,0.5455557,train_00467
006251.png,0.6227846,train_01940
006252.png,0.4333463,train_07482
006253.png,0.52310365,train_06462
006254.png,0.413261,train_01055
006255.png,0.44756925,train_04472
006256.png,0.43157005,train_06670
006257.png,0.5685774,train_00554
006258.png,0.6025113,train_04014
006259.png,0.36993003,train_05197
006260.png,0.42623198,train_07973
006261.png,0.44758815,train_07917
006262.png,0.38768256,train_00420
006263.png,0.6224699,train_03000
006264.png,0.50442433,train_02553
006265.png,0.4404031,train_03571
006266.png,0.5077642,train_02137
006267.png,0.4731741,train_08106
006268.png,0.4902383,train_00650
006269.png,0.5005561,train_02368
006270.png,0.40066814,train_05802
006271.png,0.46429908,train_01212
006272.png,0.4059425,train_02714
006273.png,0.49901018,train_06996
006274.png,0.4563716,train_07335
006275.png,0.43189743,train_05052
006276.png,0.46137488,train_07129
006277.png,0.55280685,train_06963
006278.png,0.5733752,train_07404
006279.png,0.52274024,train_05553
006280.png,0.46372968,train_04945
006281.png,0.48499238,train_02534
006282.png,0.5159635,train_00559
006283.png,0.45362943,train_04604
006284.png,0.36127806,train_04329
006285.png,0.6178266,train_02558
006286.png,0.5569007,train_00204
006287.png,0.46631253,train_06463
006288.png,0.43153602,train_03729
006289.png,0.39170408,train_04217
006290.png,0.52310365,train_06462
006291.png,0.43421817,train_01515
006292.png,0.47404623,train_05136
006293.png,0.5008445,train_07835
006294.png,0.5707438,train_05835
006295.png,0.5756199,train_03590
006296.png,0.5253792,train_00904
006297.png,0.526545,train_04659
006298.png,0.50428987,train_02585
006299.png,0.3427939,train_01809
006300.png,0.5411765,train_00867
006301.png,0.49656814,train_06888
006302.png,0.39794675,train_05518
006303.png,0.516834,train_00771
006304.png,0.47404492,train_02213
006305.png,0.502946,train_03299
006306.png,0.45286578,train_04353
006307.png,0.45016402,train_06310
006308.png,0.4471254,train_05913
006309.png,0.5427339,train_01517
006310.png,0.48891008,train_06832
006311.png,0.56064653,train_07263
006312.png,0.55454415,train_07426
006313.png,0.5467055,train_06173
006314.png,0.46851605,train_03582
006315.png,0.30678523,train_02920
006316.png,0.48572597,train_06488
006317.png,0.47951734,train_02193
006318.png,0.5928366,train_05028
006319.png,0.36959648,train_03259
006320.png,0.57318926,train_04212
006321.png,0.4850136,train_00529
006322.png,0.4604462,train_04437
006323.png,0.579565,train_00998
006324.png,0.57226264,train_01200
006325.png,0.39988625,train_07867
006326.png,0.558323,train_00609
006327.png,0.52130145,train_05002
006328.png,0.35983256,train_06566
006329.png,0.5499532,train_01453
006330.png,0.4096167,train_06948
006331.png,0.4865297,train_03754
006332.png,0.45312977,train_00978
006333.png,0.5589434,train_01614
006334.png,0.45349693,train_07875
006335.png,0.45911694,train_05081
006336.png,0.46290433,train_03034
006337.png,0.48482084,train_03387
006338.png,0.48001796,train_00686
006339.png,0.46458423,train_06496
006340.png,0.4802424,train_02999
006341.png,0.5287286,train_03586
006342.png,0.59966815,train_02053
006343.png,0.47486725,train_07041
006344.png,0.45304418,train_05201
006345.png,0.5114714,train_06131
006346.png,0.5891348,train_07150
006347.png,0.6031766,train_02299
006348.png,0.47163782,train_00951
006349.png,0.5044557,train_06772
006350.png,0.48239276,train_05425
006351.png,0.41840386,train_07555
006352.png,0.442069,train_06238
006353.png,0.5697672,train_03395
006354.png,0.59476006,train_04837
006355.png,0.50306606,train_04799
006356.png,0.44166362,train_07682
006357.png,0.49079448,train_00910
006358.png,0.47830504,train_07251
006359.png,0.40102366,train_03124
006360.png,0.5425688,train_06544
006361.png,0.31867746,train_03137
006362.png,0.5116087,train_06830
006363.png,0.5728452,train_03789
006364.png,0.40923798,train_06625
006365.png,0.5557347,train_02998
006366.png,0.540872,train_02044
006367.png,0.55429006,train_02060
006368.png,0.4794867,train_06351
006369.png,0.37779677,train_01143
006370.png,0.49701858,train_01259
006371.png,0.45794818,train_01456
006372.png,0.42223775,train_04747
006373.png,0.40767008,train_05034
006374.png,0.5682054,train_02000
006375.png,0.38382366,train_00384
006376.png,0.33759326,train_04261
006377.png,0.44847405,train_05218
006378.png,0.4983756,train_01978
006379.png,0.5728452,train_03789
006380.png,0.61580783,train_00812
006381.png,0.5354548,train_04899
006382.png,0.47836643,train_02124
006383.png,0.5884117,train_06554
006384.png,0.4449283,train_02207
006385.png,0.4869285,train_04279
006386.png,0.4110868,train_04186
006387.png,0.5310112,train_06441
006388.png,0.46112412,train_06205
006389.png,0.53500146,train_03860
006390.png,0.46362165,train_06707
006391.png,0.56910276,train_04392
006392.png,0.54287755,train_07271
006393.png,0.58700615,train_01679
006394.png,0.48009548,train_02352
006395.png,0.6014831,train_06992
006396.png,0.53710663,train_01975
006397.png,0.42823756,train_04044
006398.png,0.41948178,train_02944
006399.png,0.5265105,train_03405
006400.png,0.5092249,train_01901
006401.png,0.5047402,train_06759
006402.png,0.57702935,train_00742
006403.png,0.53798836,train_03235
006404.png,0.52251685,train_05963
006405.png,0.41190982,train_07645
006406.png,0.42259514,train_03792
006407.png,0.4437254,train_06168
006408.png,0.35826623,train_06356
006409.png,0.50197357,train_05137
006410.png,0.40748256,train_03716
006411.png,0.5067443,train_07817
006412.png,0.5947869,train_05326
006413.png,0.38292193,train_05246
006414.png,0.48277768,train_01575
006415.png,0.49110782,train_01704
006416.png,0.44967255,train_05891
006417.png,0.54935867,train_02547
006418.png,0.43593162,train_05310
006419.png,0.43779492,train_01367
006420.png,0.49822915,train_01623
006421.png,0.47732127,train_02252
006422.png,0.4433078,train_01847
006423.png,0.4245152,train_07619
006424.png,0.5056789,train_01598
006425.png,0.4207736,train_04995
006426.png,0.4903264,train_07200
006427.png,0.4752207,train_01376
006428.png,0.54077554,train_00164
006429.png,0.44705275,train_05217
006430.png,0.4804225,train_02320
006431.png,0.5062796,train_04515
006432.png,0.57474166,train_02212
006433.png,0.32454365,train_05223
006434.png,0.45306244,train_05555
006435.png,0.51242965,train_02544
006436.png,0.3605482,train_04537
006437.png,0.5558412,train_00093
006438.png,0.46129608,train_02409
006439.png,0.43305278,train_06662
006440.png,0.44068104,train_02177
006441.png,0.5671092,train_01352
006442.png,0.49933296,train_01732
006443.png,0.43158913,train_02593
006444.png,0.4636054,train_02210
006445.png,0.46915442,train_06344
006446.png,0.38360932,train_07006
006447.png,0.5240099,train_03901
006448.png,0.38516378,train_06953
006449.png,0.47731608,train_05863
006450.png,0.5189471,train_01325
006451.png,0.4471254,train_05913
006452.png,0.523106,train_00852
006453.png,0.5813633,train_03022
006454.png,0.49402058,train_03384
006455.png,0.46599686,train_02335
006456.png,0.34117606,train_07551
006457.png,0.4219278,train_02753
006458.png,0.4569783,train_01431
006459.png,0.54958916,train_05025
006460.png,0.58921826,train_05956
006461.png,0.5732789,train_04432
006462.png,0.4571765,train_02208
006463.png,0.47513753,train_05854
006464.png,0.47655797,train_07314
006465.png,0.526431,train_07144
006466.png,0.458979,train_06132
006467.png,0.5384498,train_03685
006468.png,0.5569873,train_01927
006469.png,0.4804225,train_02320
006470.png,0.44997498,train_02049
006471.png,0.43512437,train_00868
006472.png,0.5518862,train_01547
006473.png,0.5739517,train_00540
006474.png,0.41413254,train_03157
006475.png,0.51863164,train_06736
006476.png,0.4496053,train_06571
006477.png,0.40552598,train_07564
006478.png,0.4082324,train_07585
006479.png,0.440679,train_00656
006480.png,0.47968632,train_05336
006481.png,0.47114053,train_00397
006482.png,0.3921767,train_01792
006483.png,0.53234726,train_00721
006484.png,0.39954102,train_07475
006485.png,0.6220051,train_02832
006486.png,0.45084447,train_04896
006487.png,0.48643845,train_04541
006488.png,0.5278481,train_06980
006489.png,0.47846892,train_07727
006490.png,0.49996114,train_00717
006491.png,0.38570392,train_00843
006492.png,0.6678915,train_00818
006493.png,0.44956952,train_00181
006494.png,0.48379245,train_01897
006495.png,0.5405983,train_06266
006496.png,0.5138985,train_01165
006497.png,0.4777655,train_06392
006498.png,0.45104903,train_03512
006499.png,0.4182747,train_05248
006500.png,0.50125533,train_01905
006501.png,0.44333318,train_05190
006502.png,0.46560574,train_06748
006503.png,0.40770316,train_05163
006504.png,0.39910495,train_03149
006505.png,0.5811608,train_01083
006506.png,0.50658166,train_04693
006507.png,0.48333514,train_06459
006508.png,0.5338588,train_01958
006509.png,0.55772275,train_03349
006510.png,0.43472707,train_01138
006511.png,0.45245522,train_05780
006512.png,0.49728543,train_07325
006513.png,0.36053497,train_03531
006514.png,0.48319855,train_05932
006515.png,0.4212858,train_00486
006516.png,0.6086211,train_03115
006517.png,0.49594063,train_05941
006518.png,0.7139424,train_01788
006519.png,0.44023025,train_03995
006520.png,0.475012,train_06909
006521.png,0.4576167,train_06163
006522.png,0.42202532,train_06738
006523.png,0.5884117,train_06554
006524.png,0.4449805,train_07631
006525.png,0.4784695,train_07123
006526.png,0.26810402,train_01632
006527.png,0.61430943,train_05393
006528.png,0.41985863,train_06189
006529.png,0.3853094,train_06527
006530.png,0.45281112,train_03418
006531.png,0.56936437,train_02405
006532.png,0.4104413,train_06342
006533.png,0.5375142,train_01144
006534.png,0.53865504,train_07372
006535.png,0.42566395,train_06373
006536.png,0.5008383,train_02817
006537.png,0.49088848,train_01406
006538.png,0.3552785,train_00082
006539.png,0.5210247,train_00515
006540.png,0.5205087,train_00651
006541.png,0.63835216,train_06894
006542.png,0.45832762,train_04704
006543.png,0.52869964,train_07233
006544.png,0.49459955,train_01861
006545.png,0.46308675,train_02711
006546.png,0.54143816,train_05535
006547.png,0.5557518,train_03626
006548.png,0.46546283,train_06679
006549.png,0.31660092,train_03267
006550.png,0.41992813,train_02242
006551.png,0.50693816,train_03314
006552.png,0.39085686,train_00314
006553.png,0.4818815,train_03023
006554.png,0.50319934,train_07742
006555.png,0.61982703,train_05733
006556.png,0.5716922,train_01744
006557.png,0.49862832,train_00698
006558.png,0.42009437,train_04533
006559.png,0.35921335,train_01941
006560.png,0.4874133,train_05317
006561.png,0.53189385,train_07789
006562.png,0.5468102,train_02802
006563.png,0.4143554,train_02546
006564.png,0.55707836,train_04262
006565.png,0.3980565,train_06580
006566.png,0.43950254,train_07269
006567.png,0.5680583,train_01757
006568.png,0.49857524,train_02047
006569.png,0.31875408,train_06525
006570.png,0.53920996,train_00538
006571.png,0.4324516,train_00290
006572.png,0.48114228,train_07299
006573.png,0.45028555,train_05771
006574.png,0.41459495,train_03749
006575.png,0.38390553,train_05330
006576.png,0.5685908,train_01539
006577.png,0.45581365,train_02411
006578.png,0.56067467,train_05240
006579.png,0.47699904,train_04016
006580.png,0.57318926,train_04212
006581.png,0.545997,train_01562
006582.png,0.5897267,train_06394
006583.png,0.44936562,train_05539
006584.png,0.4874133,train_05317
006585.png,0.43085706,train_06720
006586.png,0.51854914,train_03342
006587.png,0.3772685,train_00277
006588.png,0.39580524,train_00256
006589.png,0.50306606,train_04799
006590.png,0.5796139,train_01867
006591.png,0.51420414,train_01337
006592.png,0.5746164,train_00051
006593.png,0.59717906,train_05372
006594.png,0.5060039,train_02508
006595.png,0.55885935,train_00473
006596.png,0.5768351,train_03654
006597.png,0.5522807,train_03819
006598.png,0.47691482,train_02356
006599.png,0.48499238,train_02534
006600.png,0.5771761,train_05335
006601.png,0.3777095,train_02171
006602.png,0.46614623,train_02576
006603.png,0.5368115,train_04775
006604.png,0.5702615,train_07337
006605.png,0.53525424,train_04013
006606.png,0.3478365,train_01597
006607.png,0.4275283,train_04080
006608.png,0.5111803,train_05499
006609.png,0.3890853,train_00376
006610.png,0.4083617,train_03450
006611.png,0.624383,train_03240
006612.png,0.46203467,train_01013
006613.png,0.46282512,train_00113
006614.png,0.39511716,train_00584
006615.png,0.502113,train_05258
006616.png,0.45607233,train_03558
006617.png,0.35948926,train_05924
006618.png,0.40735197,train_07496
006619.png,0.47184148,train_07095
006620.png,0.58329386,train_02605
006621.png,0.4792388,train_00842
006622.png,0.4410383,train_00979
006623.png,0.41943073,train_07984
006624.png,0.5236269,train_05285
006625.png,0.48352724,train_05319
006626.png,0.39672023,train_02337
006627.png,0.47343445,train_04950
006628.png,0.55390435,train_05644
006629.png,0.44739133,train_04603
006630.png,0.48602873,train_05722
006631.png,0.4495678,train_01801
006632.png,0.40882346,train_01035
006633.png,0.45299923,train_04481
006634.png,0.598663,train_07556
006635.png,0.5324793,train_07361
006636.png,0.45104903,train_03512
006637.png,0.49496078,train_07828
006638.png,0.5530475,train_04829
006639.png,0.47020006,train_02702
006640.png,0.38778812,train_04716
006641.png,0.43380344,train_04552
006642.png,0.45440245,train_03645
006643.png,0.56277263,train_07076
006644.png,0.5730063,train_06357
006645.png,0.5654423,train_05473
006646.png,0.43331826,train_00633
006647.png,0.38147327,train_03085
006648.png,0.566134,train_03738
006649.png,0.33950582,train_07965
006650.png,0.52778983,train_04965
006651.png,0.5947181,train_03664
006652.png,0.50772345,train_00470
006653.png,0.41028848,train_03827
006654.png,0.5728278,train_02220
006655.png,0.50486594,train_00877
006656.png,0.36646816,train_05409
006657.png,0.48180342,train_07352
006658.png,0.53943455,train_07001
006659.png,0.5535859,train_05751
006660.png,0.4415909,train_05992
006661.png,0.5018668,train_05020
006662.png,0.4783638,train_04238
006663.png,0.3942774,train_00413
006664.png,0.5340695,train_06674
006665.png,0.5872699,train_01499
006666.png,0.4515007,train_06732
006667.png,0.48717457,train_00836
006668.png,0.49957302,train_04378
006669.png,0.54522717,train_02009
006670.png,0.6510596,train_00147
006671.png,0.5237777,train_05029
006672.png,0.39042395,train_04906
006673.png,0.4117438,train_07052
006674.png,0.5023295,train_06142
006675.png,0.38564792,train_04809
006676.png,0.4232331,train_07603
006677.png,0.43690783,train_03865
006678.png,0.517075,train_06458
006679.png,0.52114,train_01234
006680.png,0.4460282,train_01275
006681.png,0.47226134,train_07800
006682.png,0.50519985,train_01371
006683.png,0.4798077,train_00039
006684.png,0.5191834,train_07272
006685.png,0.45533562,train_07090
006686.png,0.50176156,train_07640
006687.png,0.47348273,train_01262
006688.png,0.55844945,train_07039
006689.png,0.4874133,train_05317
006690.png,0.4228902,train_02676
006691.png,0.45042068,train_05057
006692.png,0.47988227,train_02930
006693.png,0.6111543,train_00528
006694.png,0.44341588,train_00095
006695.png,0.48526037,train_00200
006696.png,0.39357427,train_01396
006697.png,0.41614598,train_04865
006698.png,0.51213676,train_01668
006699.png,0.4625664,train_05455
006700.png,0.41032916,train_00061
006701.png,0.41155767,train_07589
006702.png,0.44783005,train_00985
006703.png,0.5514945,train_00484
006704.png,0.39917213,train_03805
006705.png,0.45498276,train_07770
006706.png,0.49646646,train_05747
006707.png,0.5547401,train_02092
006708.png,0.38573962,train_07587
006709.png,0.4349987,train_00745
006710.png,0.45654625,train_06840
006711.png,0.4628188,train_04745
006712.png,0.41854465,train_01557
006713.png,0.42464942,train_03646
006714.png,0.5044484,train_01525
006715.png,0.54208213,train_06382
006716.png,0.4140438,train_02660
006717.png,0.36358637,train_06644
006718.png,0.4820665,train_07216
006719.png,0.4695434,train_06075
006720.png,0.5889002,train_02897
006721.png,0.43051583,train_04094
006722.png,0.3379832,train_05858
006723.png,0.4426329,train_02231
006724.png,0.4691015,train_04183
006725.png,0.43160322,train_01717
006726.png,0.57438195,train_05294
006727.png,0.42470318,train_01803
006728.png,0.4793979,train_04477
006729.png,0.44706744,train_07441
006730.png,0.5545694,train_07955
006731.png,0.42469966,train_00823
006732.png,0.46331215,train_01186
006733.png,0.56282973,train_07964
006734.png,0.5935855,train_01336
006735.png,0.5082765,train_05168
006736.png,0.4292213,train_00820
006737.png,0.45714515,train_02211
006738.png,0.45403016,train_04157
006739.png,0.5439245,train_00939
006740.png,0.31316,train_01633
006741.png,0.42601556,train_07326
006742.png,0.48139983,train_03821
006743.png,0.5008091,train_05507
006744.png,0.56697524,train_06143
006745.png,0.5760852,train_06338
006746.png,0.43286657,train_07427
006747.png,0.4447134,train_03394
006748.png,0.55495346,train_02466
006749.png,0.4620658,train_05688
006750.png,0.5108776,train_06798
006751.png,0.5453155,train_02303
006752.png,0.4452287,train_06846
006753.png,0.5518286,train_01951
006754.png,0.47304505,train_00412
006755.png,0.49089938,train_05001
006756.png,0.4762057,train_04266
006757.png,0.5469359,train_03476
006758.png,0.44320804,train_02147
006759.png,0.5549001,train_06066
006760.png,0.61899936,train_07391
006761.png,0.43950254,train_07269
006762.png,0.43704593,train_01479
006763.png,0.5111569,train_00158
006764.png,0.38834122,train_03905
006765.png,0.5271515,train_05304
006766.png,0.5114714,train_06131
006767.png,0.3346855,train_00561
006768.png,0.6147568,train_03679
006769.png,0.4748727,train_02589
006770.png,0.55617255,train_07813
006771.png,0.55712444,train_02906
006772.png,0.46896827,train_00926
006773.png,0.36127806,train_04329
006774.png,0.49807945,train_00201
006775.png,0.47411415,train_03753
006776.png,0.37867543,train_00160
006777.png,0.6014297,train_03392
006778.png,0.47988227,train_02930
006779.png,0.6207358,train_03220
006780.png,0.50019884,train_01368
006781.png,0.5414771,train_02350
006782.png,0.5404102,train_07297
006783.png,0.4812255,train_05951
006784.png,0.5332112,train_00349
006785.png,0.4378948,train_04086
006786.png,0.4397443,train_01711
006787.png,0.5082197,train_08131
006788.png,0.5603338,train_06179
006789.png,0.38140297,train_05031
006790.png,0.5365554,train_05476
006791.png,0.5247585,train_06676
006792.png,0.49556005,train_07949
006793.png,0.54153216,train_07250
006794.png,0.45695046,train_05487
006795.png,0.55490977,train_03221
006796.png,0.54257333,train_02428
006797.png,0.39533833,train_04096
006798.png,0.5247585,train_06676
006799.png,0.4860795,train_07768
006800.png,0.41079158,train_04729
006801.png,0.42586663,train_04165
006802.png,0.46862847,train_04876
006803.png,0.56138563,train_04459
006804.png,0.5891024,train_06739
006805.png,0.475012,train_06909
006806.png,0.4219278,train_02753
006807.png,0.47328076,train_00860
006808.png,0.58916414,train_02860
006809.png,0.53275216,train_02904
006810.png,0.43523628,train_02238
006811.png,0.5018668,train_05020
006812.png,0.49256358,train_00086
006813.png,0.33400995,train_04927
006814.png,0.49959916,train_02950
006815.png,0.41816685,train_04708
006816.png,0.5215899,train_06157
006817.png,0.4258867,train_06165
006818.png,0.5759064,train_04366
006819.png,0.6343044,train_03091
006820.png,0.58733475,train_07729
006821.png,0.50854063,train_04456
006822.png,0.40947703,train_01863
006823.png,0.42235285,train_02511
006824.png,0.39672497,train_07820
006825.png,0.4963472,train_04583
006826.png,0.409873,train_02011
006827.png,0.46724227,train_06105
006828.png,0.48602062,train_07468
006829.png,0.45373458,train_03451
006830.png,0.48323357,train_01150
006831.png,0.45006353,train_04701
006832.png,0.4551161,train_02527
006833.png,0.36799446,train_05032
006834.png,0.5494673,train_07946
006835.png,0.4089329,train_03572
006836.png,0.48819503,train_07636
006837.png,0.3359371,train_04302
006838.png,0.52430344,train_05824
006839.png,0.5541939,train_00937
006840.png,0.36957896,train_04660
006841.png,0.5132902,train_05511
006842.png,0.4959409,train_05702
006843.png,0.46406293,train_04320
006844.png,0.51122916,train_00421
006845.png,0.3851958,train_06913
006846.png,0.44688588,train_04853
006847.png,0.32521957,train_01291
006848.png,0.3922333,train_02565
006849.png,0.46366322,train_00342
006850.png,0.56213546,train_03744
006851.png,0.4044879,train_07114
006852.png,0.38958943,train_06152
006853.png,0.53076494,train_01374
006854.png,0.46834284,train_07102
006855.png,0.39238816,train_05023
006856.png,0.5818044,train_07464
006857.png,0.42341572,train_04758
006858.png,0.4583683,train_02522
006859.png,0.5800631,train_02046
006860.png,0.42481518,train_06584
006861.png,0.5395372,train_00212
006862.png,0.54102254,train_07369
006863.png,0.47624514,train_02017
006864.png,0.48187864,train_03429
006865.png,0.43778664,train_03555
006866.png,0.5580207,train_03201
006867.png,0.53356695,train_05759
006868.png,0.46347785,train_01383
006869.png,0.44417483,train_00688
006870.png,0.4935832,train_00714
006871.png,0.39215788,train_06329
006872.png,0.31030816,train_06558
006873.png,0.4349809,train_04978
006874.png,0.56226695,train_02891
006875.png,0.5236269,train_05285
006876.png,0.5508374,train_04229
006877.png,0.37724513,train_04399
006878.png,0.3352906,train_03599
006879.png,0.40468514,train_06733
006880.png,0.41175008,train_01673
006881.png,0.50351185,train_00390
006882.png,0.51213783,train_01319
006883.png,0.5716922,train_01744
006884.png,0.4127875,train_07591
006885.png,0.590271,train_05329
006886.png,0.5174656,train_07311
006887.png,0.5419619,train_07600
006888.png,0.44077998,train_07072
006889.png,0.49213377,train_01296
006890.png,0.42693537,train_07811
006891.png,0.4553239,train_03513
006892.png,0.5906658,train_06319
006893.png,0.49089938,train_05001
006894.png,0.49009627,train_00239
006895.png,0.42157564,train_01460
006896.png,0.49533948,train_00353
006897.png,0.4959869,train_02099
006898.png,0.5736284,train_02081
006899.png,0.5020015,train_01334
006900.png,0.43988973,train_08104
006901.png,0.44906893,train_02408
006902.png,0.41613328,train_06337
006903.png,0.4340348,train_03752
006904.png,0.50173897,train_01693
006905.png,0.4785723,train_07061
006906.png,0.3624892,train_06210
006907.png,0.52276766,train_06597
006908.png,0.6770166,train_00720
006909.png,0.38747787,train_06852
006910.png,0.61088383,train_05415
006911.png,0.5868279,train_03355
006912.png,0.49017695,train_03258
006913.png,0.4974517,train_01198
006914.png,0.503144,train_05479
006915.png,0.49891,train_01423
006916.png,0.4848543,train_04003
006917.png,0.37819493,train_03179
006918.png,0.438815,train_06308
006919.png,0.56125146,train_02719
006920.png,0.35943043,train_02744
006921.png,0.47260898,train_03100
006922.png,0.6038623,train_07255
006923.png,0.4410208,train_06983
006924.png,0.5818044,train_07464
006925.png,0.55521595,train_07243
006926.png,0.43012583,train_00395
006927.png,0.4759121,train_03340
006928.png,0.39917213,train_03805
006929.png,0.46406668,train_04823
006930.png,0.5508954,train_06146
006931.png,0.45312977,train_00978
006932.png,0.4959409,train_05702
006933.png,0.48277768,train_01575
006934.png,0.41606277,train_06607
006935.png,0.37721997,train_07777
006936.png,0.51638836,train_07318
006937.png,0.6167186,train_04414
006938.png,0.45570475,train_03217
006939.png,0.4749568,train_07741
006940.png,0.39030913,train_00632
006941.png,0.42975166,train_07851
006942.png,0.39722168,train_00601
006943.png,0.48624706,train_00133
006944.png,0.4747842,train_07854
006945.png,0.4956839,train_06144
006946.png,0.35877502,train_06585
006947.png,0.49121785,train_01766
006948.png,0.53636765,train_00085
006949.png,0.46416575,train_00724
006950.png,0.41832834,train_04492
006951.png,0.4460282,train_01275
006952.png,0.38573962,train_07587
006953.png,0.61254966,train_07711
006954.png,0.55596566,train_07055
006955.png,0.47776383,train_06345
006956.png,0.41056257,train_02093
006957.png,0.4048226,train_05807
006958.png,0.489635,train_02800
006959.png,0.63279146,train_00468
006960.png,0.43173397,train_04163
006961.png,0.44625592,train_02981
006962.png,0.47179255,train_04898
006963.png,0.58329386,train_02605
006964.png,0.39576703,train_05769
006965.png,0.46698743,train_01785
006966.png,0.5743495,train_02111
006967.png,0.6149084,train_03951
006968.png,0.50115275,train_06118
006969.png,0.6016123,train_00348
006970.png,0.61614,train_01653
006971.png,0.6055934,train_07070
006972.png,0.49863625,train_07515
006973.png,0.5727049,train_02661
006974.png,0.5658331,train_06553
006975.png,0.4284889,train_01154
006976.png,0.31505913,train_03868
006977.png,0.41308597,train_00289
006978.png,0.40571812,train_04988
006979.png,0.40825382,train_01176
006980.png,0.5760392,train_02938
006981.png,0.6051968,train_07960
006982.png,0.38838,train_07076
006983.png,0.5531304,train_00172
006984.png,0.513994,train_04566
006985.png,0.5439245,train_00939
006986.png,0.49293,train_07824
006987.png,0.59925544,train_07410
006988.png,0.4229347,train_05412
006989.png,0.48920757,train_07652
006990.png,0.47442898,train_03424
006991.png,0.5673595,train_00001
006992.png,0.44940352,train_03697
006993.png,0.40186736,train_04992
006994.png,0.52352977,train_08065
006995.png,0.5536021,train_04524
006996.png,0.56965005,train_05446
006997.png,0.40374964,train_04796
006998.png,0.4404031,train_03571
006999.png,0.48323357,train_01150
007000.png,0.39603376,train_04114
007001.png,0.4119774,train_05787
007002.png,0.49604124,train_07692
007003.png,0.51048684,train_04550
007004.png,0.38292193,train_05246
007005.png,0.4010359,train_02513
007006.png,0.6220051,train_02832
007007.png,0.43485594,train_06896
007008.png,0.5499731,train_06908
007009.png,0.5008408,train_01600
007010.png,0.42045224,train_04167
007011.png,0.2816622,train_05019
007012.png,0.39676607,train_06619
007013.png,0.47531235,train_05350
007014.png,0.6215303,train_05384
007015.png,0.5137033,train_01270
007016.png,0.41878626,train_04545
007017.png,0.28608873,train_05374
007018.png,0.3941338,train_07494
007019.png,0.48729372,train_01596
007020.png,0.27754867,train_05364
007021.png,0.4884977,train_01184
007022.png,0.50076896,train_07364
007023.png,0.41881704,train_01341
007024.png,0.4747753,train_07421
007025.png,0.33172184,train_03141
007026.png,0.56522334,train_05800
007027.png,0.49232474,train_06160
007028.png,0.3333329,train_00732
007029.png,0.44033992,train_02839
007030.png,0.40331897,train_04817
007031.png,0.47951734,train_02193
007032.png,0.55613077,train_05812
007033.png,0.5562301,train_03432
007034.png,0.44678968,train_03547
007035.png,0.5319497,train_07823
007036.png,0.43980637,train_02448
007037.png,0.36671117,train_03622
007038.png,0.5169844,train_02736
007039.png,0.38834122,train_03905
007040.png,0.53802973,train_00920
007041.png,0.49182734,train_03464
007042.png,0.4693102,train_08085
007043.png,0.26810402,train_01632
007044.png,0.36346698,train_06397
007045.png,0.5608156,train_02170
007046.png,0.40221372,train_06295
007047.png,0.42285138,train_03027
007048.png,0.46924692,train_00434
007049.png,0.5501774,train_00452
007050.png,0.48210412,train_00517
007051.png,0.4229347,train_05412
007052.png,0.4998384,train_03007
007053.png,0.35532108,train_01077
007054.png,0.5389301,train_07099
007055.png,0.52226746,train_05704
007056.png,0.5231197,train_01730
007057.png,0.5328623,train_07417
007058.png,0.36713672,train_01460
007059.png,0.4956214,train_02119
007060.png,0.48215273,train_03215
007061.png,0.58111,train_03356
007062.png,0.4133945,train_05159
007063.png,0.52854776,train_02654
007064.png,0.42688233,train_03503
007065.png,0.48890066,train_06348
007066.png,0.5667583,train_01169
007067.png,0.6092916,train_04323
007068.png,0.2937156,train_01020
007069.png,0.351778,train_07855
007070.png,0.49538147,train_05214
007071.png,0.459356,train_07211
007072.png,0.4676635,train_05608
007073.png,0.4197222,train_07456
007074.png,0.548988,train_06182
007075.png,0.5030802,train_02181
007076.png,0.5405983,train_06266
007077.png,0.41401476,train_02503
007078.png,0.5477796,train_00301
007079.png,0.54928106,train_00530
007080.png,0.56068194,train_01408
007081.png,0.48058587,train_04360
007082.png,0.42397866,train_06916
007083.png,0.39676607,train_06619
007084.png,0.35826623,train_06356
007085.png,0.44358942,train_02334
007086.png,0.5429499,train_03925
007087.png,0.5296554,train_04111
007088.png,0.46834284,train_07102
007089.png,0.5197189,train_07750
007090.png,0.4187643,train_04452
007091.png,0.46208543,train_06460
007092.png,0.47031897,train_00302
007093.png,0.41078693,train_07662
007094.png,0.37740833,train_00914
007095.png,0.4761334,train_02907
007096.png,0.4533473,train_02132
007097.png,0.56598264,train_03420
007098.png,0.38666776,train_05975
007099.png,0.40805095,train_07476
007100.png,0.5008383,train_02817
007101.png,0.5476259,train_01387
007102.png,0.6410103,train_01727
007103.png,0.49161315,train_04146
007104.png,0.5760852,train_06338
007105.png,0.6038337,train_00211
007106.png,0.57664096,train_06130
007107.png,0.4920784,train_01903
007108.png,0.4497139,train_08024
007109.png,0.3512696,train_02725
007110.png,0.49131078,train_00265
007111.png,0.49701858,train_01259
007112.png,0.64618146,train_00360
007113.png,0.3330391,train_03567
007114.png,0.3313818,train_03411
007115.png,0.48171484,train_00684
007116.png,0.5180882,train_07552
007117.png,0.5608156,train_02170
007118.png,0.3130418,train_04085
007119.png,0.44481778,train_00112
007120.png,0.4404265,train_01263
007121.png,0.41679567,train_00351
007122.png,0.40935385,train_05784
007123.png,0.48800135,train_01399
007124.png,0.53039515,train_04997
007125.png,0.521165,train_01012
007126.png,0.5215542,train_02685
007127.png,0.5179637,train_02084
007128.png,0.46674052,train_02716
007129.png,0.5591265,train_01627
007130.png,0.571391,train_04812
007131.png,0.45259064,train_00231
007132.png,0.45754522,train_06268
007133.png,0.37788492,train_06333
007134.png,0.5142229,train_00247
007135.png,0.43201405,train_00573
007136.png,0.45603,train_05825
007137.png,0.5125208,train_06418
007138.png,0.43421817,train_01515
007139.png,0.38958943,train_06152
007140.png,0.5268074,train_02431
007141.png,0.56207323,train_06790
007142.png,0.43953335,train_06555
007143.png,0.39650005,train_03587
007144.png,0.53884935,train_08092
007145.png,0.58382505,train_08105
007146.png,0.5380154,train_05040
007147.png,0.3678106,train_04587
007148.png,0.6519237,train_06400
007149.png,0.4328692,train_01091
007150.png,0.46862847,train_04876
007151.png,0.38791674,train_07357
007152.png,0.5970827,train_02728
007153.png,0.39013064,train_01687
007154.png,0.5566998,train_03736
007155.png,0.4293099,train_05991
007156.png,0.4933848,train_05388
007157.png,0.4179464,train_03832
007158.png,0.3497517,train_02993
007159.png,0.4638492,train_07212
007160.png,0.55837834,train_07834
007161.png,0.51133054,train_05041
007162.png,0.5137076,train_01637
007163.png,0.48058587,train_04360
007164.png,0.44112515,train_01768
007165.png,0.388242,train_07360
007166.png,0.47776383,train_06345
007167.png,0.5702939,train_08142
007168.png,0.26050618,train_01592
007169.png,0.42744768,train_07661
007170.png,0.45310867,train_06383
007171.png,0.5324793,train_07361
007172.png,0.6655314,train_01918
007173.png,0.453582,train_01250
007174.png,0.48551655,train_06202
007175.png,0.47638035,train_00327
007176.png,0.33850706,train_04010
007177.png,0.35458457,train_03671
007178.png,0.36242753,train_06672
007179.png,0.47774374,train_02484
007180.png,0.5483177,train_00916
007181.png,0.4685545,train_03501
007182.png,0.5267938,train_00357
007183.png,0.558972,train_01973
007184.png,0.48998868,train_03859
007185.png,0.593228,train_01409
007186.png,0.35828197,train_00960
007187.png,0.518254,train_07178
007188.png,0.5267938,train_00357
007189.png,0.47002906,train_00332
007190.png,0.5674404,train_07943
007191.png,0.42633334,train_04754
007192.png,0.48441446,train_00252
007193.png,0.5555428,train_04894
007194.png,0.46272805,train_02499
007195.png,0.51762414,train_05577
007196.png,0.4824543,train_00663
007197.png,0.34638774,train_05101
007198.png,0.5103803,train_07258
007199.png,0.43160322,train_01717
007200.png,0.48013127,train_07167
007201.png,0.45664424,train_05160
007202.png,0.5231155,train_01666
007203.png,0.48371345,train_01353
007204.png,0.40705547,train_04177
007205.png,0.46674365,train_02033
007206.png,0.43977034,train_05357
007207.png,0.43543154,train_02637
007208.png,0.5113067,train_06185
007209.png,0.5952712,train_06410
007210.png,0.49996114,train_00717
007211.png,0.5985869,train_08042
007212.png,0.6218198,train_01920
007213.png,0.48591918,train_07991
007214.png,0.52248114,train_08102
007215.png,0.5237386,train_02007
007216.png,0.5804485,train_04685
007217.png,0.37819493,train_03179
007218.png,0.44709527,train_06649
007219.png,0.50346273,train_02642
007220.png,0.5310112,train_06441
007221.png,0.4880038,train_02058
007222.png,0.6124277,train_04483
007223.png,0.5387813,train_03681
007224.png,0.4982781,train_00865
007225.png,0.43742347,train_01960
007226.png,0.4419547,train_01761
007227.png,0.54206204,train_05456
007228.png,0.5354548,train_04899
007229.png,0.61742973,train_04184
007230.png,0.576175,train_02555
007231.png,0.59336126,train_07628
007232.png,0.45274347,train_06358
007233.png,0.44412297,train_00959
007234.png,0.50300497,train_05884
007235.png,0.4533473,train_02132
007236.png,0.43157005,train_06670
007237.png,0.37550092,train_03932
007238.png,0.50831246,train_00495
007239.png,0.5216303,train_05231
007240.png,0.4204811,train_06139
007241.png,0.5441305,train_01764
007242.png,0.4978552,train_01004
007243.png,0.5451267,train_04690
007244.png,0.49120092,train_05541
007245.png,0.42679974,train_04207
007246.png,0.42805263,train_05184
007247.png,0.4863633,train_03103
007248.png,0.532871,train_06513
007249.png,0.5224083,train_00855
007250.png,0.5186992,train_07761
007251.png,0.4466173,train_01817
007252.png,0.49952877,train_02787
007253.png,0.461217,train_02821
007254.png,0.46560574,train_06748
007255.png,0.39817005,train_07922
007256.png,0.49101323,train_02686
007257.png,0.5018668,train_05020
007258.png,0.44906893,train_02408
007259.png,0.45839047,train_05576
007260.png,0.5168203,train_07915
007261.png,0.39093456,train_00135
007262.png,0.5129123,train_01267
007263.png,0.5221634,train_07887
007264.png,0.4604923,train_03252
007265.png,0.4761619,train_07530
007266.png,0.5000416,train_03607
007267.png,0.3880691,train_04297
007268.png,0.47824323,train_01382
007269.png,0.56367606,train_07507
007270.png,0.48111653,train_03499
007271.png,0.49064898,train_02003
007272.png,0.48663288,train_06302
007273.png,0.46950644,train_03914
007274.png,0.35349768,train_07049
007275.png,0.51854914,train_03342
007276.png,0.3818115,train_02756
007277.png,0.3304023,train_04189
007278.png,0.44165218,train_05529
007279.png,0.48480585,train_05842
007280.png,0.39961112,train_00873
007281.png,0.43847436,train_06406
007282.png,0.46542776,train_07319
007283.png,0.44485277,train_03404
007284.png,0.4851842,train_05637
007285.png,0.3787033,train_05532
007286.png,0.48817396,train_01191
007287.png,0.51769745,train_06084
007288.png,0.4865297,train_03754
007289.png,0.50339454,train_06779
007290.png,0.31316,train_01633
007291.png,0.5317353,train_06007
007292.png,0.58857524,train_07553
007293.png,0.4629842,train_04711
007294.png,0.43638968,train_03211
007295.png,0.33658016,train_04648
007296.png,0.5564003,train_03891
007297.png,0.48500684,train_03537
007298.png,0.46315333,train_03184
007299.png,0.3699199,train_05296
007300.png,0.56687963,train_06695
007301.png,0.51406085,train_02903
007302.png,0.4923672,train_04663
007303.png,0.42112926,train_02659
007304.png,0.5243025,train_07025
007305.png,0.5693965,train_02249
007306.png,0.45954433,train_00942
007307.png,0.4232331,train_07603
007308.png,0.45440897,train_05254
007309.png,0.44966677,train_04706
007310.png,0.48323357,train_01150
007311.png,0.57589614,train_00634
007312.png,0.5741097,train_00674
007313.png,0.4911759,train_00313
007314.png,0.44130534,train_05453
007315.png,0.5038739,train_05436
007316.png,0.53074765,train_05737
007317.png,0.41353494,train_05551
007318.png,0.4218402,train_04818
007319.png,0.3575328,train_03670
007320.png,0.48710316,train_00930
007321.png,0.38292193,train_05246
007322.png,0.54216635,train_05273
007323.png,0.45215774,train_05422
007324.png,0.53593147,train_00280
007325.png,0.45780772,train_04282
007326.png,0.3808422,train_06190
007327.png,0.5907158,train_03443
007328.png,0.43534446,train_01009
007329.png,0.48609138,train_07941
007330.png,0.4386796,train_01682
007331.png,0.52438617,train_07976
007332.png,0.41392362,train_02201
007333.png,0.48319855,train_05932
007334.png,0.40735197,train_07496
007335.png,0.53782,train_05439
007336.png,0.39837968,train_01852
007337.png,0.50745577,train_02923
007338.png,0.46496907,train_00983
007339.png,0.34242547,train_02030
007340.png,0.5525019,train_05690
007341.png,0.48890844,train_06956
007342.png,0.44004747,train_02406
007343.png,0.44280368,train_05558
007344.png,0.41706324,train_03360
007345.png,0.46110824,train_04585
007346.png,0.5283715,train_04518
007347.png,0.47568828,train_04423
007348.png,0.36127114,train_06530
007349.png,0.48534042,train_02707
007350.png,0.51007724,train_05803
007351.png,0.48748994,train_00088
007352.png,0.47447613,train_00117
007353.png,0.4499848,train_08073
007354.png,0.509367,train_07315
007355.png,0.40331897,train_04817
007356.png,0.398378,train_02851
007357.png,0.4549653,train_05423
007358.png,0.3871293,train_03798
007359.png,0.5408629,train_05378
007360.png,0.5799266,train_05730
007361.png,0.5494673,train_07946
007362.png,0.4448254,train_05988
007363.png,0.5928366,train_05028
007364.png,0.46546283,train_06679
007365.png,0.46229035,train_00508
007366.png,0.6220051,train_02832
007367.png,0.4874133,train_05317
007368.png,0.5340695,train_06674
007369.png,0.5724428,train_05917
007370.png,0.36985564,train_06746
007371.png,0.42015338,train_06807
007372.png,0.4779268,train_04175
007373.png,0.49863625,train_07515
007374.png,0.49646646,train_05747
007375.png,0.42692935,train_05896
007376.png,0.46576643,train_06016
007377.png,0.42035997,train_07452
007378.png,0.49643362,train_02364
007379.png,0.5569873,train_01927
007380.png,0.43319178,train_04213
007381.png,0.5382768,train_02943
007382.png,0.4536745,train_02082
007383.png,0.5400965,train_01608
007384.png,0.43512437,train_00868
007385.png,0.4043211,train_01363
007386.png,0.48042032,train_07695
007387.png,0.5472459,train_03509
007388.png,0.5461556,train_01071
007389.png,0.37429714,train_07461
007390.png,0.5027453,train_07826
007391.png,0.47367057,train_01737
007392.png,0.46024734,train_05985
007393.png,0.5050949,train_00963
007394.png,0.55108327,train_06706
007395.png,0.45578122,train_04732
007396.png,0.47239286,train_04625
007397.png,0.49526063,train_03768
007398.png,0.47645652,train_04889
007399.png,0.4700359,train_03161
007400.png,0.55093116,train_00173
007401.png,0.4596451,train_04737
007402.png,0.40770316,train_05163
007403.png,0.5112102,train_03661
007404.png,0.55335927,train_03850
007405.png,0.53156376,train_04144
007406.png,0.45570123,train_06829
007407.png,0.4933803,train_03227
007408.png,0.51846516,train_00891
007409.png,0.52063745,train_02945
007410.png,0.4583683,train_02522
007411.png,0.4344812,train_01248
007412.png,0.47491896,train_01093
007413.png,0.44068104,train_02177
007414.png,0.51641786,train_01494
007415.png,0.5460638,train_01728
007416.png,0.4179464,train_03832
007417.png,0.40221372,train_06295
007418.png,0.3910238,train_03763
007419.png,0.5452025,train_07827
007420.png,0.46755135,train_04621
007421.png,0.5199834,train_02650
007422.png,0.6639277,train_04450
007423.png,0.47121453,train_07712
007424.png,0.55817133,train_03065
007425.png,0.52438617,train_07976
007426.png,0.55839264,train_07286
007427.png,0.35080177,train_01086
007428.png,0.3971423,train_03049
007429.png,0.506087,train_05099
007430.png,0.4745918,train_00005
007431.png,0.38659632,train_06535
007432.png,0.3736957,train_03148
007433.png,0.5874784,train_00444
007434.png,0.30861956,train_07934
007435.png,0.3938324,train_00233
007436.png,0.4870171,train_07030
007437.png,0.52460396,train_04112
007438.png,0.5613494,train_01159
007439.png,0.61300856,train_05657
007440.png,0.46406293,train_04320
007441.png,0.58653337,train_03961
007442.png,0.5707438,train_05835
007443.png,0.39661738,train_01674
007444.png,0.4655096,train_03672
007445.png,0.35380888,train_01418
007446.png,0.44559458,train_07240
007447.png,0.47136047,train_04225
007448.png,0.47774374,train_02484
007449.png,0.45225582,train_05493
007450.png,0.4612854,train_05049
007451.png,0.4149099,train_01634
007452.png,0.44942552,train_01488
007453.png,0.61504155,train_04061
007454.png,0.4450395,train_01397
007455.png,0.41028848,train_03827
007456.png,0.58650625,train_03801
007457.png,0.46800932,train_06140
007458.png,0.3133018,train_08093
007459.png,0.4334794,train_00699
007460.png,0.50632787,train_01876
007461.png,0.55707836,train_04262
007462.png,0.53117865,train_02596
007463.png,0.54878116,train_01310
007464.png,0.55904126,train_02283
007465.png,0.40201616,train_05739
007466.png,0.38757578,train_05626
007467.png,0.5186676,train_01053
007468.png,0.4572905,train_06800
007469.png,0.62612665,train_06563
007470.png,0.39443162,train_00690
007471.png,0.46683455,train_00706
007472.png,0.6254102,train_01460
007473.png,0.4496211,train_05856
007474.png,0.34100756,train_00878
007475.png,0.42955962,train_07215
007476.png,0.58873373,train_05622
007477.png,0.46984196,train_03542
007478.png,0.4826895,train_07327
007479.png,0.44564566,train_00944
007480.png,0.4275283,train_04080
007481.png,0.43634623,train_03663
007482.png,0.53672945,train_00098
007483.png,0.5985869,train_08042
007484.png,0.44753703,train_06519
007485.png,0.43833336,train_02693
007486.png,0.41324505,train_06294
007487.png,0.47963268,train_02842
007488.png,0.3313058,train_00861
007489.png,0.46740997,train_04538
007490.png,0.43879223,train_07071
007491.png,0.5124663,train_03615
007492.png,0.66197705,train_06026
007493.png,0.41155767,train_07589
007494.png,0.40420347,train_01461
007495.png,0.4387083,train_02849
007496.png,0.47209698,train_02766
007497.png,0.5183228,train_06236
007498.png,0.4273535,train_06974
007499.png,0.50081575,train_03025
007500.png,0.4784909,train_00854
007501.png,0.42035997,train_07452
007502.png,0.43887085,train_05495
007503.png,0.4807055,train_07334
007504.png,0.5017469,train_01227
007505.png,0.4314932,train_01816
007506.png,0.5581088,train_04771
007507.png,0.4449805,train_07631
007508.png,0.4142571,train_01247
007509.png,0.4897921,train_06598
007510.png,0.54043007,train_03772
007511.png,0.47980535,train_00682
007512.png,0.39030913,train_00632
007513.png,0.53152645,train_02375
007514.png,0.50650954,train_03155
007515.png,0.4759121,train_03340
007516.png,0.5581253,train_07677
007517.png,0.5040665,train_01590
007518.png,0.504171,train_08003
007519.png,0.39004123,train_06831
007520.png,0.4769811,train_01082
007521.png,0.5559852,train_05864
007522.png,0.50627005,train_03968
007523.png,0.54584694,train_00932
007524.png,0.48524493,train_06439
007525.png,0.42000878,train_02994
007526.png,0.4631281,train_03361
007527.png,0.50866497,train_00203
007528.png,0.49315864,train_07344
007529.png,0.382277,train_03707
007530.png,0.40579215,train_00562
007531.png,0.5121519,train_02164
007532.png,0.56072915,train_05636
007533.png,0.5170846,train_01462
007534.png,0.5408629,train_05378
007535.png,0.48656318,train_03632
007536.png,0.4289649,train_06361
007537.png,0.3768318,train_07115
007538.png,0.5102825,train_01925
007539.png,0.51461256,train_02775
007540.png,0.5239171,train_07627
007541.png,0.62838465,train_04828
007542.png,0.46579212,train_00838
007543.png,0.5569007,train_00204
007544.png,0.52294815,train_07394
007545.png,0.31665325,train_07459
007546.png,0.59013367,train_04134
007547.png,0.5697794,train_00469
007548.png,0.4237151,train_03470
007549.png,0.52226746,train_05704
007550.png,0.54795885,train_03640
007551.png,0.4748652,train_01895
007552.png,0.50361484,train_06498
007553.png,0.5385193,train_01245
007554.png,0.43444103,train_04070
007555.png,0.53575134,train_04723
007556.png,0.4888236,train_01756
007557.png,0.49773163,train_00835
007558.png,0.44818676,train_03830
007559.png,0.58593315,train_01380
007560.png,0.54879427,train_02796
007561.png,0.3634138,train_02390
007562.png,0.5504664,train_01875
007563.png,0.48741573,train_01821
007564.png,0.49089938,train_05001
007565.png,0.49461275,train_07625
007566.png,0.5209348,train_00825
007567.png,0.656788,train_06255
007568.png,0.3830385,train_04160
007569.png,0.5159198,train_07884
007570.png,0.47601843,train_00597
007571.png,0.539842,train_06856
007572.png,0.5304827,train_05024
007573.png,0.47982168,train_00267
007574.png,0.6398693,train_06802
007575.png,0.63835216,train_06894
007576.png,0.3807366,train_06402
007577.png,0.58770394,train_07927
007578.png,0.35453212,train_07832
007579.png,0.33658016,train_04648
007580.png,0.50811565,train_02550
007581.png,0.5697672,train_03395
007582.png,0.48674512,train_00162
007583.png,0.53374326,train_06229
007584.png,0.47308773,train_02639
007585.png,0.46984303,train_01659
007586.png,0.41830885,train_07665
007587.png,0.46809918,train_04728
007588.png,0.52063745,train_02945
007589.png,0.5191703,train_02638
007590.png,0.5923319,train_00328
007591.png,0.46885842,train_05915
007592.png,0.4464711,train_04242
007593.png,0.49701858,train_01259
007594.png,0.44027397,train_00249
007595.png,0.44118667,train_05625
007596.png,0.50550425,train_07989
007597.png,0.34377104,train_07837
007598.png,0.5871342,train_06793
007599.png,0.49883983,train_04618
007600.png,0.39248204,train_05546
007601.png,0.4130013,train_05819
007602.png,0.4237151,train_03470
007603.png,0.5813297,train_06470
007604.png,0.5556798,train_07358
007605.png,0.43762583,train_02316
007606.png,0.44941342,train_05806
007607.png,0.43518186,train_06749
007608.png,0.48674512,train_00162
007609.png,0.46787408,train_01765
007610.png,0.4212858,train_00486
007611.png,0.46585828,train_01968
007612.png,0.52307427,train_00736
007613.png,0.6003095,train_00075
007614.png,0.39080507,train_07906
007615.png,0.4796694,train_01745
007616.png,0.48841873,train_05590
007617.png,0.45225582,train_05493
007618.png,0.5482749,train_01760
007619.png,0.52628183,train_04367
007620.png,0.43331826,train_00633
007621.png,0.6070446,train_07513
007622.png,0.45727602,train_05852
007623.png,0.45648244,train_04410
007624.png,0.421749,train_06998
007625.png,0.42601556,train_07326
007626.png,0.5544855,train_08110
007627.png,0.6247126,train_02259
007628.png,0.38872242,train_05387
007629.png,0.4822553,train_03631
007630.png,0.4026988,train_06133
007631.png,0.45776886,train_05012
007632.png,0.374785,train_07291
007633.png,0.5447532,train_07280
007634.png,0.5429271,train_06771
007635.png,0.4429252,train_04188
007636.png,0.53542674,train_03120
007637.png,0.45397967,train_04671
007638.png,0.42764086,train_01609
007639.png,0.6058627,train_01612
007640.png,0.4846238,train_02792
007641.png,0.53407884,train_01818
007642.png,0.4847252,train_03238
007643.png,0.49670076,train_05948
007644.png,0.48196742,train_05906
007645.png,0.47761846,train_06521
007646.png,0.44709527,train_06649
007647.png,0.36685556,train_02194
007648.png,0.4762863,train_00250
007649.png,0.543345,train_01734
007650.png,0.6094767,train_07118
007651.png,0.47544444,train_04335
007652.png,0.47068614,train_02130
007653.png,0.5169616,train_03388
007654.png,0.6058627,train_01612
007655.png,0.4997252,train_04066
007656.png,0.54459655,train_01472
007657.png,0.46926713,train_07288
007658.png,0.5581253,train_07677
007659.png,0.3505002,train_04276
007660.png,0.26050618,train_01592
007661.png,0.53388613,train_05171
007662.png,0.5116087,train_06830
007663.png,0.48941153,train_03862
007664.png,0.4048226,train_05807
007665.png,0.54928756,train_07059
007666.png,0.46894687,train_03151
007667.png,0.5254512,train_07590
007668.png,0.47212055,train_04463
007669.png,0.50986886,train_04095
007670.png,0.37979826,train_03592
007671.png,0.50658166,train_04693
007672.png,0.5233146,train_04377
007673.png,0.5462441,train_00539
007674.png,0.3826203,train_01485
007675.png,0.298253,train_03740
007676.png,0.47809094,train_04490
007677.png,0.39085686,train_00314
007678.png,0.4593038,train_02643
007679.png,0.32767648,train_03947
007680.png,0.48624253,train_06385
007681.png,0.44060284,train_03705
007682.png,0.38516378,train_06953
007683.png,0.5248673,train_07434
007684.png,0.5024676,train_03662
007685.png,0.4104413,train_06342
007686.png,0.5705899,train_05013
007687.png,0.46799403,train_05397
007688.png,0.44966677,train_04706
007689.png,0.5310696,train_00188
007690.png,0.48793977,train_00702
007691.png,0.3863597,train_00753
007692.png,0.4601076,train_04173
007693.png,0.52499664,train_07120
007694.png,0.48711142,train_07465
007695.png,0.49294946,train_08028
007696.png,0.41906315,train_07602
007697.png,0.429343,train_01624
007698.png,0.2810673,train_02918
007699.png,0.36503813,train_05876
007700.png,0.49890977,train_06307
007701.png,0.50290936,train_02450
007702.png,0.4541058,train_06327
007703.png,0.5033457,train_01124
007704.png,0.48748994,train_00088
007705.png,0.5409403,train_02410
007706.png,0.4467036,train_07401
007707.png,0.33361712,train_05461
007708.png,0.45299923,train_04481
007709.png,0.3945478,train_07842
007710.png,0.4672879,train_02286
007711.png,0.55885935,train_00473
007712.png,0.6057627,train_07914
007713.png,0.4543274,train_07485
007714.png,0.4437254,train_06168
007715.png,0.39412126,train_02233
007716.png,0.5863215,train_06875
007717.png,0.45084345,train_06635
007718.png,0.43616182,train_05711
007719.png,0.46381852,train_01089
007720.png,0.54522026,train_01147
007721.png,0.4981404,train_03836
007722.png,0.47145605,train_06715
007723.png,0.5723038,train_01915
007724.png,0.59336126,train_07628
007725.png,0.3498924,train_01866
007726.png,0.47308773,train_02639
007727.png,0.4747021,train_06209
007728.png,0.42612493,train_04684
007729.png,0.54348373,train_02959
007730.png,0.49643937,train_06476
007731.png,0.5128619,train_05912
007732.png,0.5716745,train_04376
007733.png,0.40147814,train_00029
007734.png,0.41847473,train_06276
007735.png,0.5240385,train_01595
007736.png,0.5504664,train_01875
007737.png,0.5008383,train_02817
007738.png,0.49631625,train_05377
007739.png,0.5186676,train_01053
007740.png,0.53287244,train_02780
007741.png,0.4911759,train_00313
007742.png,0.62991476,train_01535
007743.png,0.4525262,train_03011
007744.png,0.46466088,train_00552
007745.png,0.4315722,train_04798
007746.png,0.44715118,train_07227
007747.png,0.5073719,train_05253
007748.png,0.45016402,train_06310
007749.png,0.5545694,train_07955
007750.png,0.56910276,train_04392
007751.png,0.5601469,train_01156
007752.png,0.4804741,train_04387
007753.png,0.5299149,train_04791
007754.png,0.4891181,train_03822
007755.png,0.42764086,train_01609
007756.png,0.52067876,train_06587
007757.png,0.49737236,train_05259
007758.png,0.4684863,train_00026
007759.png,0.47672454,train_01850
007760.png,0.48037654,train_08068
007761.png,0.51883686,train_06944
007762.png,0.5730063,train_06357
007763.png,0.42518157,train_03740
007764.png,0.5585672,train_01879
007765.png,0.54208213,train_06382
007766.png,0.4941784,train_02487
007767.png,0.51639676,train_03077
007768.png,0.438815,train_06308
007769.png,0.46094972,train_06399
007770.png,0.54239094,train_00358
007771.png,0.40556046,train_07647
007772.png,0.47334164,train_04862
007773.png,0.52447104,train_02403
007774.png,0.5021363,train_06186
007775.png,0.45644346,train_05624
007776.png,0.6139012,train_07825
007777.png,0.38041925,train_01050
007778.png,0.44546264,train_05369
007779.png,0.51863164,train_06736
007780.png,0.56370926,train_03617
007781.png,0.34242547,train_02030
007782.png,0.65491164,train_01857
007783.png,0.58685523,train_06761
007784.png,0.43819776,train_01713
007785.png,0.40685517,train_05635
007786.png,0.35957932,train_02174
007787.png,0.44060284,train_03705
007788.png,0.33076724,train_05691
007789.png,0.5224592,train_02913
007790.png,0.26974306,train_04218
007791.png,0.4917183,train_00152
007792.png,0.5358351,train_06602
007793.png,0.47071534,train_07641
007794.png,0.55694795,train_08077
007795.png,0.46501726,train_00206
007796.png,0.42831126,train_04882
007797.png,0.5363802,train_07999
007798.png,0.3135425,train_04253
007799.png,0.5508951,train_00052
007800.png,0.48139983,train_03821
007801.png,0.45911527,train_04990
007802.png,0.53814995,train_03435
007803.png,0.5645839,train_07082
007804.png,0.46671224,train_02658
007805.png,0.30564427,train_06404
007806.png,0.6094903,train_04305
007807.png,0.494758,train_03181
007808.png,0.4802457,train_04195
007809.png,0.5341958,train_03809
007810.png,0.4917183,train_00152
007811.png,0.59336126,train_07628
007812.png,0.5455356,train_05202
007813.png,0.4366442,train_04511
007814.png,0.41190982,train_07645
007815.png,0.36205655,train_02903
007816.png,0.37792397,train_01078
007817.png,0.35944504,train_07487
007818.png,0.5323143,train_07259
007819.png,0.49533948,train_00353
007820.png,0.47094795,train_03406
007821.png,0.54102254,train_07369
007822.png,0.5566789,train_04291
007823.png,0.43704593,train_01479
007824.png,0.5017103,train_04348
007825.png,0.51763856,train_00337
007826.png,0.5486241,train_01421
007827.png,0.48814076,train_03843
007828.png,0.45607233,train_03558
007829.png,0.5428552,train_05808
007830.png,0.5863215,train_06875
007831.png,0.5730838,train_04358
007832.png,0.4333463,train_07482
007833.png,0.3698969,train_01099
007834.png,0.51660776,train_02894
007835.png,0.47060326,train_00722
007836.png,0.4257527,train_03847
007837.png,0.51811767,train_01202
007838.png,0.5263045,train_00490
007839.png,0.4773084,train_06306
007840.png,0.5162523,train_00591
007841.png,0.4923672,train_04663
007842.png,0.4911759,train_00313
007843.png,0.6436013,train_02674
007844.png,0.592128,train_03812
007845.png,0.49180672,train_03333
007846.png,0.4492595,train_07290
007847.png,0.5121946,train_08090
007848.png,0.3952595,train_04215
007849.png,0.54673666,train_05221
007850.png,0.3777212,train_01841
007851.png,0.47500378,train_01037
007852.png,0.38311148,train_02982
007853.png,0.5645697,train_00955
007854.png,0.5383266,train_02633
007855.png,0.60552144,train_00907
007856.png,0.43253565,train_06193
007857.png,0.443138,train_05236
007858.png,0.4644458,train_00442
007859.png,0.5161176,train_03013
007860.png,0.5569873,train_01927
007861.png,0.46905017,train_03181
007862.png,0.5096843,train_05233
007863.png,0.48663288,train_06302
007864.png,0.44561678,train_00407
007865.png,0.47378188,train_00053
007866.png,0.421256,train_07861
007867.png,0.48300013,train_06560
007868.png,0.46110824,train_04585
007869.png,0.44257414,train_02156
007870.png,0.50242174,train_02397
007871.png,0.4250484,train_00230
007872.png,0.45954433,train_00942
007873.png,0.4187643,train_04452
007874.png,0.5728408,train_01113
007875.png,0.4596451,train_04737
007876.png,0.45330498,train_01665
007877.png,0.45673123,train_01308
007878.png,0.43305278,train_06662
007879.png,0.41985863,train_06189
007880.png,0.43512437,train_00868
007881.png,0.3922333,train_02565
007882.png,0.49561143,train_07802
007883.png,0.4197067,train_00232
007884.png,0.4812614,train_04363
007885.png,0.5755818,train_04012
007886.png,0.4456184,train_07004
007887.png,0.37577766,train_01678
007888.png,0.5547871,train_02856
007889.png,0.5243552,train_02135
007890.png,0.46330318,train_06864
007891.png,0.59329075,train_02564
007892.png,0.4257527,train_03847
007893.png,0.44166362,train_07682
007894.png,0.41099975,train_02878
007895.png,0.47873777,train_05481
007896.png,0.40399498,train_05361
007897.png,0.3418042,train_02571
007898.png,0.48793977,train_00702
007899.png,0.45824468,train_04535
007900.png,0.4127875,train_07591
007901.png,0.5453155,train_02303
007902.png,0.52665234,train_05678
007903.png,0.5900893,train_01482
007904.png,0.48366684,train_03121
007905.png,0.4752207,train_01376
007906.png,0.49206388,train_06289
007907.png,0.60383403,train_03731
007908.png,0.502102,train_07550
007909.png,0.45528167,train_01638
007910.png,0.44533736,train_00782
007911.png,0.45359248,train_07650
007912.png,0.610863,train_08063
007913.png,0.5082874,train_03857
007914.png,0.43427506,train_03382
007915.png,0.50125575,train_01333
007916.png,0.4867341,train_04340
007917.png,0.55324197,train_01061
007918.png,0.46362165,train_06707
007919.png,0.5862732,train_03912
007920.png,0.4142571,train_01247
007921.png,0.46232593,train_00449
007922.png,0.51242965,train_02544
007923.png,0.64828324,train_07876
007924.png,0.51073456,train_00984
007925.png,0.51762474,train_00097
007926.png,0.43739796,train_06792
007927.png,0.5844213,train_05177
007928.png,0.5908817,train_06817
007929.png,0.4516348,train_05095
007930.png,0.38298997,train_05449
007931.png,0.5203227,train_02251
007932.png,0.55048907,train_05429
007933.png,0.62384,train_00946
007934.png,0.52368504,train_03675
007935.png,0.5549001,train_06066
007936.png,0.5582415,train_02974
007937.png,0.37942833,train_07493
007938.png,0.56242466,train_04527
007939.png,0.49019903,train_00650
